anio,mes,clave_siinah,recinto,visitantes_nacionales,visitantes_extranjeros,visitantes_total,fecha
1996,1,3220013,Zona Arqueológica El Zapotal,0.0,0.0,0.0,1996-01-01
1996,1,3120011,Zona Arqueológica de Castillo de Teayo con museo de sitio,78.0,17.0,95.0,1996-01-01
1996,1,3120012,Zona Arqueológica de Cempoala con museo de sitio,1284.0,813.0,2097.0,1996-01-01
1996,1,3120024,Zona Arqueológica de Cuajilote,0.0,0.0,0.0,1996-01-01
1996,1,3220012,Zona Arqueológica de Cuauhtochco,0.0,0.0,0.0,1996-01-01
1996,1,3120030,Zona Arqueológica de Cuyuxquihui,60.0,0.0,60.0,1996-01-01
1996,1,3110016,Zona Arqueológica de El Tajín,6637.0,3091.0,9728.0,1996-01-01
1996,1,3120068,Zona Arqueológica de Las Higueras con museo de sitio,834.0,209.0,1043.0,1996-01-01
1996,1,3220014,Zona Arqueológica de Las Limas,4.0,0.0,4.0,1996-01-01
1996,1,3220015,Zona Arqueológica de Palmillas,0.0,0.0,0.0,1996-01-01
1996,1,3120088,Zona Arqueológica de Quiahuitztlán,0.0,0.0,0.0,1996-01-01
1996,1,3120093,Zona Arqueológica de San Lorenzo Tenochtitlan con museo de sitio,116.0,18.0,134.0,1996-01-01
1996,1,3120123,Zona Arqueológica de Vega de la Peña,0.0,0.0,0.0,1996-01-01
1996,2,3220013,Zona Arqueológica El Zapotal,0.0,0.0,0.0,1996-02-01
1996,2,3120011,Zona Arqueológica de Castillo de Teayo con museo de sitio,179.0,40.0,219.0,1996-02-01
1996,2,3120012,Zona Arqueológica de Cempoala con museo de sitio,2372.0,125.0,2497.0,1996-02-01
1996,2,3120024,Zona Arqueológica de Cuajilote,0.0,0.0,0.0,1996-02-01
1996,2,3220012,Zona Arqueológica de Cuauhtochco,106.0,0.0,106.0,1996-02-01
1996,2,3120030,Zona Arqueológica de Cuyuxquihui,42.0,0.0,42.0,1996-02-01
1996,2,3110016,Zona Arqueológica de El Tajín,7432.0,2352.0,9784.0,1996-02-01
1996,2,3120068,Zona Arqueológica de Las Higueras con museo de sitio,1071.0,68.0,1139.0,1996-02-01
1996,2,3220014,Zona Arqueológica de Las Limas,5.0,0.0,5.0,1996-02-01
1996,2,3220015,Zona Arqueológica de Palmillas,0.0,0.0,0.0,1996-02-01
1996,2,3120088,Zona Arqueológica de Quiahuitztlán,1074.0,86.0,1160.0,1996-02-01
1996,2,3120093,Zona Arqueológica de San Lorenzo Tenochtitlan con museo de sitio,151.0,6.0,157.0,1996-02-01
1996,2,3120123,Zona Arqueológica de Vega de la Peña,0.0,0.0,0.0,1996-02-01
1996,3,3220013,Zona Arqueológica El Zapotal,0.0,0.0,0.0,1996-03-01
1996,3,3120011,Zona Arqueológica de Castillo de Teayo con museo de sitio,97.0,5.0,102.0,1996-03-01
1996,3,3120012,Zona Arqueológica de Cempoala con museo de sitio,3170.0,96.0,3266.0,1996-03-01
1996,3,3120024,Zona Arqueológica de Cuajilote,0.0,0.0,0.0,1996-03-01
1996,3,3220012,Zona Arqueológica de Cuauhtochco,76.0,0.0,76.0,1996-03-01
1996,3,3120030,Zona Arqueológica de Cuyuxquihui,100.0,0.0,100.0,1996-03-01
1996,3,3110016,Zona Arqueológica de El Tajín,11433.0,2966.0,14399.0,1996-03-01
1996,3,3120068,Zona Arqueológica de Las Higueras con museo de sitio,1218.0,84.0,1302.0,1996-03-01
1996,3,3220014,Zona Arqueológica de Las Limas,0.0,0.0,0.0,1996-03-01
1996,3,3220015,Zona Arqueológica de Palmillas,0.0,0.0,0.0,1996-03-01
1996,3,3120088,Zona Arqueológica de Quiahuitztlán,1426.0,54.0,1480.0,1996-03-01
1996,3,3120093,Zona Arqueológica de San Lorenzo Tenochtitlan con museo de sitio,142.0,0.0,142.0,1996-03-01
1996,3,3120123,Zona Arqueológica de Vega de la Peña,0.0,0.0,0.0,1996-03-01
1996,4,3220013,Zona Arqueológica El Zapotal,0.0,0.0,0.0,1996-04-01
1996,4,3120011,Zona Arqueológica de Castillo de Teayo con museo de sitio,228.0,6.0,234.0,1996-04-01
1996,4,3120012,Zona Arqueológica de Cempoala con museo de sitio,7524.0,112.0,7636.0,1996-04-01
1996,4,3120024,Zona Arqueológica de Cuajilote,0.0,0.0,0.0,1996-04-01
1996,4,3220012,Zona Arqueológica de Cuauhtochco,40.0,3.0,43.0,1996-04-01
1996,4,3120030,Zona Arqueológica de Cuyuxquihui,371.0,0.0,371.0,1996-04-01
1996,4,3110016,Zona Arqueológica de El Tajín,25304.0,8527.0,33831.0,1996-04-01
1996,4,3120068,Zona Arqueológica de Las Higueras con museo de sitio,3198.0,96.0,3294.0,1996-04-01
1996,4,3220014,Zona Arqueológica de Las Limas,0.0,0.0,0.0,1996-04-01
1996,4,3220015,Zona Arqueológica de Palmillas,0.0,0.0,0.0,1996-04-01
1996,4,3120088,Zona Arqueológica de Quiahuitztlán,0.0,0.0,0.0,1996-04-01
1996,4,3120093,Zona Arqueológica de San Lorenzo Tenochtitlan con museo de sitio,545.0,2.0,547.0,1996-04-01
1996,4,3120123,Zona Arqueológica de Vega de la Peña,0.0,0.0,0.0,1996-04-01
1996,5,3220013,Zona Arqueológica El Zapotal,0.0,0.0,0.0,1996-05-01
1996,5,3120011,Zona Arqueológica de Castillo de Teayo con museo de sitio,110.0,2.0,112.0,1996-05-01
1996,5,3120012,Zona Arqueológica de Cempoala con museo de sitio,3704.0,108.0,3812.0,1996-05-01
1996,5,3120024,Zona Arqueológica de Cuajilote,0.0,0.0,0.0,1996-05-01
1996,5,3220012,Zona Arqueológica de Cuauhtochco,45.0,0.0,45.0,1996-05-01
1996,5,3120030,Zona Arqueológica de Cuyuxquihui,364.0,0.0,364.0,1996-05-01
1996,5,3110016,Zona Arqueológica de El Tajín,10461.0,3141.0,13602.0,1996-05-01
1996,5,3120068,Zona Arqueológica de Las Higueras con museo de sitio,1415.0,63.0,1478.0,1996-05-01
1996,5,3220014,Zona Arqueológica de Las Limas,4.0,0.0,4.0,1996-05-01
1996,5,3220015,Zona Arqueológica de Palmillas,0.0,0.0,0.0,1996-05-01
1996,5,3120088,Zona Arqueológica de Quiahuitztlán,0.0,0.0,0.0,1996-05-01
1996,5,3120093,Zona Arqueológica de San Lorenzo Tenochtitlan con museo de sitio,375.0,0.0,375.0,1996-05-01
1996,5,3120123,Zona Arqueológica de Vega de la Peña,0.0,0.0,0.0,1996-05-01
1996,6,3220013,Zona Arqueológica El Zapotal,0.0,0.0,0.0,1996-06-01
1996,6,3120011,Zona Arqueológica de Castillo de Teayo con museo de sitio,235.0,8.0,243.0,1996-06-01
1996,6,3120012,Zona Arqueológica de Cempoala con museo de sitio,6049.0,139.0,6188.0,1996-06-01
1996,6,3120024,Zona Arqueológica de Cuajilote,0.0,0.0,0.0,1996-06-01
1996,6,3220012,Zona Arqueológica de Cuauhtochco,0.0,0.0,0.0,1996-06-01
1996,6,3120030,Zona Arqueológica de Cuyuxquihui,181.0,0.0,181.0,1996-06-01
1996,6,3110016,Zona Arqueológica de El Tajín,11495.0,2152.0,13647.0,1996-06-01
1996,6,3120068,Zona Arqueológica de Las Higueras con museo de sitio,870.0,58.0,928.0,1996-06-01
1996,6,3220014,Zona Arqueológica de Las Limas,0.0,0.0,0.0,1996-06-01
1996,6,3220015,Zona Arqueológica de Palmillas,0.0,0.0,0.0,1996-06-01
1996,6,3120088,Zona Arqueológica de Quiahuitztlán,808.0,53.0,861.0,1996-06-01
1996,6,3120093,Zona Arqueológica de San Lorenzo Tenochtitlan con museo de sitio,123.0,5.0,128.0,1996-06-01
1996,6,3120123,Zona Arqueológica de Vega de la Peña,0.0,0.0,0.0,1996-06-01
1996,7,3220013,Zona Arqueológica El Zapotal,0.0,0.0,0.0,1996-07-01
1996,7,3120011,Zona Arqueológica de Castillo de Teayo con museo de sitio,209.0,2.0,211.0,1996-07-01
1996,7,3120012,Zona Arqueológica de Cempoala con museo de sitio,6083.0,152.0,6235.0,1996-07-01
1996,7,3120024,Zona Arqueológica de Cuajilote,0.0,0.0,0.0,1996-07-01
1996,7,3220012,Zona Arqueológica de Cuauhtochco,36.0,0.0,36.0,1996-07-01
1996,7,3120030,Zona Arqueológica de Cuyuxquihui,107.0,1.0,108.0,1996-07-01
1996,7,3110016,Zona Arqueológica de El Tajín,15542.0,5596.0,21138.0,1996-07-01
1996,7,3120068,Zona Arqueológica de Las Higueras con museo de sitio,1722.0,107.0,1829.0,1996-07-01
1996,7,3220014,Zona Arqueológica de Las Limas,5.0,0.0,5.0,1996-07-01
1996,7,3220015,Zona Arqueológica de Palmillas,0.0,0.0,0.0,1996-07-01
1996,7,3120088,Zona Arqueológica de Quiahuitztlán,1330.0,95.0,1425.0,1996-07-01
1996,7,3120093,Zona Arqueológica de San Lorenzo Tenochtitlan con museo de sitio,179.0,5.0,184.0,1996-07-01
1996,7,3120123,Zona Arqueológica de Vega de la Peña,0.0,0.0,0.0,1996-07-01
1996,8,3220013,Zona Arqueológica El Zapotal,0.0,0.0,0.0,1996-08-01
1996,8,3120011,Zona Arqueológica de Castillo de Teayo con museo de sitio,172.0,8.0,180.0,1996-08-01
1996,8,3120012,Zona Arqueológica de Cempoala con museo de sitio,3327.0,82.0,3409.0,1996-08-01
1996,8,3120024,Zona Arqueológica de Cuajilote,0.0,0.0,0.0,1996-08-01
1996,8,3220012,Zona Arqueológica de Cuauhtochco,0.0,0.0,0.0,1996-08-01
1996,8,3120030,Zona Arqueológica de Cuyuxquihui,40.0,0.0,40.0,1996-08-01
1996,8,3110016,Zona Arqueológica de El Tajín,11381.0,3488.0,14869.0,1996-08-01
1996,8,3120068,Zona Arqueológica de Las Higueras con museo de sitio,1259.0,68.0,1327.0,1996-08-01
1996,8,3220014,Zona Arqueológica de Las Limas,4.0,0.0,4.0,1996-08-01
1996,8,3220015,Zona Arqueológica de Palmillas,0.0,0.0,0.0,1996-08-01
1996,8,3120088,Zona Arqueológica de Quiahuitztlán,1003.0,55.0,1058.0,1996-08-01
1996,8,3120093,Zona Arqueológica de San Lorenzo Tenochtitlan con museo de sitio,181.0,11.0,192.0,1996-08-01
1996,8,3120123,Zona Arqueológica de Vega de la Peña,0.0,0.0,0.0,1996-08-01
1996,9,3220013,Zona Arqueológica El Zapotal,0.0,0.0,0.0,1996-09-01
1996,9,3120011,Zona Arqueológica de Castillo de Teayo con museo de sitio,77.0,18.0,95.0,1996-09-01
1996,9,3120012,Zona Arqueológica de Cempoala con museo de sitio,1840.0,125.0,1965.0,1996-09-01
1996,9,3120024,Zona Arqueológica de Cuajilote,0.0,0.0,0.0,1996-09-01
1996,9,3220012,Zona Arqueológica de Cuauhtochco,0.0,0.0,0.0,1996-09-01
1996,9,3120030,Zona Arqueológica de Cuyuxquihui,163.0,0.0,163.0,1996-09-01
1996,9,3110016,Zona Arqueológica de El Tajín,6137.0,2800.0,8937.0,1996-09-01
1996,9,3120068,Zona Arqueológica de Las Higueras con museo de sitio,1880.0,168.0,2048.0,1996-09-01
1996,9,3220014,Zona Arqueológica de Las Limas,0.0,0.0,0.0,1996-09-01
1996,9,3220015,Zona Arqueológica de Palmillas,0.0,0.0,0.0,1996-09-01
1996,9,3120088,Zona Arqueológica de Quiahuitztlán,846.0,58.0,904.0,1996-09-01
1996,9,3120093,Zona Arqueológica de San Lorenzo Tenochtitlan con museo de sitio,141.0,1.0,142.0,1996-09-01
1996,9,3120123,Zona Arqueológica de Vega de la Peña,0.0,0.0,0.0,1996-09-01
1996,10,3220013,Zona Arqueológica El Zapotal,0.0,0.0,0.0,1996-10-01
1996,10,3120011,Zona Arqueológica de Castillo de Teayo con museo de sitio,222.0,0.0,222.0,1996-10-01
1996,10,3120012,Zona Arqueológica de Cempoala con museo de sitio,1671.0,62.0,1733.0,1996-10-01
1996,10,3120024,Zona Arqueológica de Cuajilote,0.0,0.0,0.0,1996-10-01
1996,10,3220012,Zona Arqueológica de Cuauhtochco,98.0,0.0,98.0,1996-10-01
1996,10,3120030,Zona Arqueológica de Cuyuxquihui,44.0,0.0,44.0,1996-10-01
1996,10,3110016,Zona Arqueológica de El Tajín,5834.0,3992.0,9826.0,1996-10-01
1996,10,3120068,Zona Arqueológica de Las Higueras con museo de sitio,827.0,43.0,870.0,1996-10-01
1996,10,3220014,Zona Arqueológica de Las Limas,0.0,0.0,0.0,1996-10-01
1996,10,3220015,Zona Arqueológica de Palmillas,0.0,0.0,0.0,1996-10-01
1996,10,3120088,Zona Arqueológica de Quiahuitztlán,697.0,76.0,773.0,1996-10-01
1996,10,3120093,Zona Arqueológica de San Lorenzo Tenochtitlan con museo de sitio,196.0,4.0,200.0,1996-10-01
1996,10,3120123,Zona Arqueológica de Vega de la Peña,0.0,0.0,0.0,1996-10-01
1996,11,3220013,Zona Arqueológica El Zapotal,0.0,0.0,0.0,1996-11-01
1996,11,3120011,Zona Arqueológica de Castillo de Teayo con museo de sitio,154.0,2.0,156.0,1996-11-01
1996,11,3120012,Zona Arqueológica de Cempoala con museo de sitio,3172.0,125.0,3297.0,1996-11-01
1996,11,3120024,Zona Arqueológica de Cuajilote,0.0,0.0,0.0,1996-11-01
1996,11,3220012,Zona Arqueológica de Cuauhtochco,0.0,0.0,0.0,1996-11-01
1996,11,3120030,Zona Arqueológica de Cuyuxquihui,50.0,0.0,50.0,1996-11-01
1996,11,3110016,Zona Arqueológica de El Tajín,10502.0,2305.0,12807.0,1996-11-01
1996,11,3120068,Zona Arqueológica de Las Higueras con museo de sitio,1227.0,131.0,1358.0,1996-11-01
1996,11,3220014,Zona Arqueológica de Las Limas,5.0,0.0,5.0,1996-11-01
1996,11,3220015,Zona Arqueológica de Palmillas,0.0,0.0,0.0,1996-11-01
1996,11,3120088,Zona Arqueológica de Quiahuitztlán,1286.0,74.0,1360.0,1996-11-01
1996,11,3120093,Zona Arqueológica de San Lorenzo Tenochtitlan con museo de sitio,108.0,5.0,113.0,1996-11-01
1996,11,3120123,Zona Arqueológica de Vega de la Peña,0.0,0.0,0.0,1996-11-01
1996,12,3220013,Zona Arqueológica El Zapotal,0.0,0.0,0.0,1996-12-01
1996,12,3120011,Zona Arqueológica de Castillo de Teayo con museo de sitio,140.0,12.0,152.0,1996-12-01
1996,12,3120012,Zona Arqueológica de Cempoala con museo de sitio,4136.0,325.0,4461.0,1996-12-01
1996,12,3120024,Zona Arqueológica de Cuajilote,0.0,0.0,0.0,1996-12-01
1996,12,3220012,Zona Arqueológica de Cuauhtochco,0.0,0.0,0.0,1996-12-01
1996,12,3120030,Zona Arqueológica de Cuyuxquihui,150.0,0.0,150.0,1996-12-01
1996,12,3110016,Zona Arqueológica de El Tajín,15338.0,3465.0,18803.0,1996-12-01
1996,12,3120068,Zona Arqueológica de Las Higueras con museo de sitio,2053.0,224.0,2277.0,1996-12-01
1996,12,3220014,Zona Arqueológica de Las Limas,5.0,0.0,5.0,1996-12-01
1996,12,3220015,Zona Arqueológica de Palmillas,0.0,0.0,0.0,1996-12-01
1996,12,3120088,Zona Arqueológica de Quiahuitztlán,1027.0,78.0,1105.0,1996-12-01
1996,12,3120093,Zona Arqueológica de San Lorenzo Tenochtitlan con museo de sitio,114.0,15.0,129.0,1996-12-01
1996,12,3120123,Zona Arqueológica de Vega de la Peña,0.0,0.0,0.0,1996-12-01
1997,1,3220013,Zona Arqueológica El Zapotal,0.0,0.0,0.0,1997-01-01
1997,1,3120011,Zona Arqueológica de Castillo de Teayo con museo de sitio,202.0,5.0,207.0,1997-01-01
1997,1,3120012,Zona Arqueológica de Cempoala con museo de sitio,1803.0,115.0,1918.0,1997-01-01
1997,1,3120024,Zona Arqueológica de Cuajilote,0.0,0.0,0.0,1997-01-01
1997,1,3220012,Zona Arqueológica de Cuauhtochco,144.0,0.0,144.0,1997-01-01
1997,1,3120030,Zona Arqueológica de Cuyuxquihui,40.0,0.0,40.0,1997-01-01
1997,1,3110016,Zona Arqueológica de El Tajín,8107.0,3651.0,11758.0,1997-01-01
1997,1,3120068,Zona Arqueológica de Las Higueras con museo de sitio,981.0,213.0,1194.0,1997-01-01
1997,1,3220014,Zona Arqueológica de Las Limas,5.0,0.0,5.0,1997-01-01
1997,1,3220015,Zona Arqueológica de Palmillas,0.0,0.0,0.0,1997-01-01
1997,1,3120088,Zona Arqueológica de Quiahuitztlán,795.0,222.0,1017.0,1997-01-01
1997,1,3120093,Zona Arqueológica de San Lorenzo Tenochtitlan con museo de sitio,149.0,4.0,153.0,1997-01-01
1997,1,3120123,Zona Arqueológica de Vega de la Peña,0.0,0.0,0.0,1997-01-01
1997,2,3220013,Zona Arqueológica El Zapotal,0.0,0.0,0.0,1997-02-01
1997,2,3120011,Zona Arqueológica de Castillo de Teayo con museo de sitio,188.0,3.0,191.0,1997-02-01
1997,2,3120012,Zona Arqueológica de Cempoala con museo de sitio,3805.0,121.0,3926.0,1997-02-01
1997,2,3120024,Zona Arqueológica de Cuajilote,0.0,0.0,0.0,1997-02-01
1997,2,3220012,Zona Arqueológica de Cuauhtochco,133.0,0.0,133.0,1997-02-01
1997,2,3120030,Zona Arqueológica de Cuyuxquihui,62.0,0.0,62.0,1997-02-01
1997,2,3110016,Zona Arqueológica de El Tajín,10061.0,3213.0,13274.0,1997-02-01
1997,2,3120068,Zona Arqueológica de Las Higueras con museo de sitio,522.0,19.0,541.0,1997-02-01
1997,2,3220014,Zona Arqueológica de Las Limas,8.0,0.0,8.0,1997-02-01
1997,2,3220015,Zona Arqueológica de Palmillas,0.0,0.0,0.0,1997-02-01
1997,2,3120088,Zona Arqueológica de Quiahuitztlán,582.0,201.0,783.0,1997-02-01
1997,2,3120093,Zona Arqueológica de San Lorenzo Tenochtitlan con museo de sitio,109.0,7.0,116.0,1997-02-01
1997,2,3120123,Zona Arqueológica de Vega de la Peña,0.0,0.0,0.0,1997-02-01
1997,3,3220013,Zona Arqueológica El Zapotal,0.0,0.0,0.0,1997-03-01
1997,3,3120011,Zona Arqueológica de Castillo de Teayo con museo de sitio,1171.0,69.0,1240.0,1997-03-01
1997,3,3120012,Zona Arqueológica de Cempoala con museo de sitio,5801.0,135.0,5936.0,1997-03-01
1997,3,3120024,Zona Arqueológica de Cuajilote,0.0,0.0,0.0,1997-03-01
1997,3,3220012,Zona Arqueológica de Cuauhtochco,0.0,0.0,0.0,1997-03-01
1997,3,3120030,Zona Arqueológica de Cuyuxquihui,300.0,0.0,300.0,1997-03-01
1997,3,3110016,Zona Arqueológica de El Tajín,28096.0,12441.0,40537.0,1997-03-01
1997,3,3120068,Zona Arqueológica de Las Higueras con museo de sitio,3081.0,102.0,3183.0,1997-03-01
1997,3,3220014,Zona Arqueológica de Las Limas,17.0,0.0,17.0,1997-03-01
1997,3,3220015,Zona Arqueológica de Palmillas,0.0,0.0,0.0,1997-03-01
1997,3,3120088,Zona Arqueológica de Quiahuitztlán,3227.0,125.0,3352.0,1997-03-01
1997,3,3120093,Zona Arqueológica de San Lorenzo Tenochtitlan con museo de sitio,615.0,8.0,623.0,1997-03-01
1997,3,3120123,Zona Arqueológica de Vega de la Peña,0.0,0.0,0.0,1997-03-01
1997,4,3220013,Zona Arqueológica El Zapotal,0.0,0.0,0.0,1997-04-01
1997,4,3120011,Zona Arqueológica de Castillo de Teayo con museo de sitio,151.0,7.0,158.0,1997-04-01
1997,4,3120012,Zona Arqueológica de Cempoala con museo de sitio,8359.0,230.0,8589.0,1997-04-01
1997,4,3120024,Zona Arqueológica de Cuajilote,0.0,0.0,0.0,1997-04-01
1997,4,3220012,Zona Arqueológica de Cuauhtochco,67.0,1.0,68.0,1997-04-01
1997,4,3120030,Zona Arqueológica de Cuyuxquihui,50.0,0.0,50.0,1997-04-01
1997,4,3110016,Zona Arqueológica de El Tajín,15360.0,3784.0,19144.0,1997-04-01
1997,4,3120068,Zona Arqueológica de Las Higueras con museo de sitio,1324.0,127.0,1451.0,1997-04-01
1997,4,3220014,Zona Arqueológica de Las Limas,0.0,0.0,0.0,1997-04-01
1997,4,3220015,Zona Arqueológica de Palmillas,0.0,0.0,0.0,1997-04-01
1997,4,3120088,Zona Arqueológica de Quiahuitztlán,2191.0,60.0,2251.0,1997-04-01
1997,4,3120093,Zona Arqueológica de San Lorenzo Tenochtitlan con museo de sitio,492.0,1.0,493.0,1997-04-01
1997,4,3120123,Zona Arqueológica de Vega de la Peña,0.0,0.0,0.0,1997-04-01
1997,5,3220013,Zona Arqueológica El Zapotal,0.0,0.0,0.0,1997-05-01
1997,5,3120011,Zona Arqueológica de Castillo de Teayo con museo de sitio,299.0,11.0,310.0,1997-05-01
1997,5,3120012,Zona Arqueológica de Cempoala con museo de sitio,5594.0,115.0,5709.0,1997-05-01
1997,5,3120024,Zona Arqueológica de Cuajilote,0.0,0.0,0.0,1997-05-01
1997,5,3220012,Zona Arqueológica de Cuauhtochco,122.0,0.0,122.0,1997-05-01
1997,5,3120030,Zona Arqueológica de Cuyuxquihui,130.0,0.0,130.0,1997-05-01
1997,5,3110016,Zona Arqueológica de El Tajín,12023.0,3689.0,15712.0,1997-05-01
1997,5,3120068,Zona Arqueológica de Las Higueras con museo de sitio,2133.0,108.0,2241.0,1997-05-01
1997,5,3220014,Zona Arqueológica de Las Limas,2.0,0.0,2.0,1997-05-01
1997,5,3220015,Zona Arqueológica de Palmillas,0.0,0.0,0.0,1997-05-01
1997,5,3120088,Zona Arqueológica de Quiahuitztlán,1261.0,33.0,1294.0,1997-05-01
1997,5,3120093,Zona Arqueológica de San Lorenzo Tenochtitlan con museo de sitio,245.0,3.0,248.0,1997-05-01
1997,5,3120123,Zona Arqueológica de Vega de la Peña,0.0,0.0,0.0,1997-05-01
1997,6,3220013,Zona Arqueológica El Zapotal,0.0,0.0,0.0,1997-06-01
1997,6,3120011,Zona Arqueológica de Castillo de Teayo con museo de sitio,0.0,0.0,0.0,1997-06-01
1997,6,3120012,Zona Arqueológica de Cempoala con museo de sitio,0.0,0.0,0.0,1997-06-01
1997,6,3120024,Zona Arqueológica de Cuajilote,0.0,0.0,0.0,1997-06-01
1997,6,3220012,Zona Arqueológica de Cuauhtochco,0.0,0.0,0.0,1997-06-01
1997,6,3120030,Zona Arqueológica de Cuyuxquihui,0.0,0.0,0.0,1997-06-01
1997,6,3110016,Zona Arqueológica de El Tajín,0.0,0.0,0.0,1997-06-01
1997,6,3120068,Zona Arqueológica de Las Higueras con museo de sitio,0.0,0.0,0.0,1997-06-01
1997,6,3220014,Zona Arqueológica de Las Limas,0.0,0.0,0.0,1997-06-01
1997,6,3220015,Zona Arqueológica de Palmillas,0.0,0.0,0.0,1997-06-01
1997,6,3120088,Zona Arqueológica de Quiahuitztlán,0.0,0.0,0.0,1997-06-01
1997,6,3120093,Zona Arqueológica de San Lorenzo Tenochtitlan con museo de sitio,0.0,0.0,0.0,1997-06-01
1997,6,3120123,Zona Arqueológica de Vega de la Peña,0.0,0.0,0.0,1997-06-01
1997,7,3220013,Zona Arqueológica El Zapotal,0.0,0.0,0.0,1997-07-01
1997,7,3120011,Zona Arqueológica de Castillo de Teayo con museo de sitio,354.0,22.0,376.0,1997-07-01
1997,7,3120012,Zona Arqueológica de Cempoala con museo de sitio,41858.0,326.0,42184.0,1997-07-01
1997,7,3120024,Zona Arqueológica de Cuajilote,0.0,0.0,0.0,1997-07-01
1997,7,3220012,Zona Arqueológica de Cuauhtochco,118.0,0.0,118.0,1997-07-01
1997,7,3120030,Zona Arqueológica de Cuyuxquihui,80.0,0.0,80.0,1997-07-01
1997,7,3110016,Zona Arqueológica de El Tajín,29682.0,10447.0,40129.0,1997-07-01
1997,7,3120068,Zona Arqueológica de Las Higueras con museo de sitio,4005.0,176.0,4181.0,1997-07-01
1997,7,3220014,Zona Arqueológica de Las Limas,10.0,0.0,10.0,1997-07-01
1997,7,3220015,Zona Arqueológica de Palmillas,0.0,0.0,0.0,1997-07-01
1997,7,3120088,Zona Arqueológica de Quiahuitztlán,2202.0,111.0,2313.0,1997-07-01
1997,7,3120093,Zona Arqueológica de San Lorenzo Tenochtitlan con museo de sitio,255.0,6.0,261.0,1997-07-01
1997,7,3120123,Zona Arqueológica de Vega de la Peña,0.0,0.0,0.0,1997-07-01
1997,8,3220013,Zona Arqueológica El Zapotal,0.0,0.0,0.0,1997-08-01
1997,8,3120011,Zona Arqueológica de Castillo de Teayo con museo de sitio,138.0,67.0,205.0,1997-08-01
1997,8,3120012,Zona Arqueológica de Cempoala con museo de sitio,3884.0,121.0,4005.0,1997-08-01
1997,8,3120024,Zona Arqueológica de Cuajilote,0.0,0.0,0.0,1997-08-01
1997,8,3220012,Zona Arqueológica de Cuauhtochco,0.0,0.0,0.0,1997-08-01
1997,8,3120030,Zona Arqueológica de Cuyuxquihui,80.0,4.0,84.0,1997-08-01
1997,8,3110016,Zona Arqueológica de El Tajín,12433.0,5978.0,18411.0,1997-08-01
1997,8,3120068,Zona Arqueológica de Las Higueras con museo de sitio,1981.0,128.0,2109.0,1997-08-01
1997,8,3220014,Zona Arqueológica de Las Limas,6.0,0.0,6.0,1997-08-01
1997,8,3220015,Zona Arqueológica de Palmillas,0.0,0.0,0.0,1997-08-01
1997,8,3120088,Zona Arqueológica de Quiahuitztlán,2031.0,56.0,2087.0,1997-08-01
1997,8,3120093,Zona Arqueológica de San Lorenzo Tenochtitlan con museo de sitio,148.0,5.0,153.0,1997-08-01
1997,8,3120123,Zona Arqueológica de Vega de la Peña,0.0,0.0,0.0,1997-08-01
1997,9,3220013,Zona Arqueológica El Zapotal,0.0,0.0,0.0,1997-09-01
1997,9,3120011,Zona Arqueológica de Castillo de Teayo con museo de sitio,125.0,9.0,134.0,1997-09-01
1997,9,3120012,Zona Arqueológica de Cempoala con museo de sitio,2836.0,132.0,2968.0,1997-09-01
1997,9,3120024,Zona Arqueológica de Cuajilote,0.0,0.0,0.0,1997-09-01
1997,9,3220012,Zona Arqueológica de Cuauhtochco,17.0,0.0,17.0,1997-09-01
1997,9,3120030,Zona Arqueológica de Cuyuxquihui,14.0,1.0,15.0,1997-09-01
1997,9,3110016,Zona Arqueológica de El Tajín,8682.0,2819.0,11501.0,1997-09-01
1997,9,3120068,Zona Arqueológica de Las Higueras con museo de sitio,1725.0,63.0,1788.0,1997-09-01
1997,9,3220014,Zona Arqueológica de Las Limas,0.0,0.0,0.0,1997-09-01
1997,9,3220015,Zona Arqueológica de Palmillas,0.0,0.0,0.0,1997-09-01
1997,9,3120088,Zona Arqueológica de Quiahuitztlán,625.0,59.0,684.0,1997-09-01
1997,9,3120093,Zona Arqueológica de San Lorenzo Tenochtitlan con museo de sitio,46.0,5.0,51.0,1997-09-01
1997,9,3120123,Zona Arqueológica de Vega de la Peña,0.0,0.0,0.0,1997-09-01
1997,10,3220013,Zona Arqueológica El Zapotal,0.0,0.0,0.0,1997-10-01
1997,10,3120011,Zona Arqueológica de Castillo de Teayo con museo de sitio,167.0,5.0,172.0,1997-10-01
1997,10,3120012,Zona Arqueológica de Cempoala con museo de sitio,3077.0,115.0,3192.0,1997-10-01
1997,10,3120024,Zona Arqueológica de Cuajilote,0.0,0.0,0.0,1997-10-01
1997,10,3220012,Zona Arqueológica de Cuauhtochco,6.0,0.0,6.0,1997-10-01
1997,10,3120030,Zona Arqueológica de Cuyuxquihui,30.0,0.0,30.0,1997-10-01
1997,10,3110016,Zona Arqueológica de El Tajín,6139.0,3261.0,9400.0,1997-10-01
1997,10,3120068,Zona Arqueológica de Las Higueras con museo de sitio,832.0,388.0,1220.0,1997-10-01
1997,10,3220014,Zona Arqueológica de Las Limas,6.0,0.0,6.0,1997-10-01
1997,10,3220015,Zona Arqueológica de Palmillas,0.0,0.0,0.0,1997-10-01
1997,10,3120088,Zona Arqueológica de Quiahuitztlán,557.0,86.0,643.0,1997-10-01
1997,10,3120093,Zona Arqueológica de San Lorenzo Tenochtitlan con museo de sitio,127.0,1.0,128.0,1997-10-01
1997,10,3120123,Zona Arqueológica de Vega de la Peña,0.0,0.0,0.0,1997-10-01
1997,11,3220013,Zona Arqueológica El Zapotal,0.0,0.0,0.0,1997-11-01
1997,11,3120011,Zona Arqueológica de Castillo de Teayo con museo de sitio,194.0,2.0,196.0,1997-11-01
1997,11,3120012,Zona Arqueológica de Cempoala con museo de sitio,5255.0,231.0,5486.0,1997-11-01
1997,11,3120024,Zona Arqueológica de Cuajilote,0.0,0.0,0.0,1997-11-01
1997,11,3220012,Zona Arqueológica de Cuauhtochco,32.0,19.0,51.0,1997-11-01
1997,11,3120030,Zona Arqueológica de Cuyuxquihui,118.0,0.0,118.0,1997-11-01
1997,11,3110016,Zona Arqueológica de El Tajín,15572.0,2468.0,18040.0,1997-11-01
1997,11,3120068,Zona Arqueológica de Las Higueras con museo de sitio,1039.0,86.0,1125.0,1997-11-01
1997,11,3220014,Zona Arqueológica de Las Limas,3.0,0.0,3.0,1997-11-01
1997,11,3220015,Zona Arqueológica de Palmillas,0.0,0.0,0.0,1997-11-01
1997,11,3120088,Zona Arqueológica de Quiahuitztlán,973.0,89.0,1062.0,1997-11-01
1997,11,3120093,Zona Arqueológica de San Lorenzo Tenochtitlan con museo de sitio,79.0,4.0,83.0,1997-11-01
1997,11,3120123,Zona Arqueológica de Vega de la Peña,0.0,0.0,0.0,1997-11-01
1997,12,3220013,Zona Arqueológica El Zapotal,0.0,0.0,0.0,1997-12-01
1997,12,3120011,Zona Arqueológica de Castillo de Teayo con museo de sitio,210.0,4.0,214.0,1997-12-01
1997,12,3120012,Zona Arqueológica de Cempoala con museo de sitio,7072.0,325.0,7397.0,1997-12-01
1997,12,3120024,Zona Arqueológica de Cuajilote,0.0,0.0,0.0,1997-12-01
1997,12,3220012,Zona Arqueológica de Cuauhtochco,12.0,8.0,20.0,1997-12-01
1997,12,3120030,Zona Arqueológica de Cuyuxquihui,50.0,0.0,50.0,1997-12-01
1997,12,3110016,Zona Arqueológica de El Tajín,18518.0,6124.0,24642.0,1997-12-01
1997,12,3120068,Zona Arqueológica de Las Higueras con museo de sitio,2164.0,110.0,2274.0,1997-12-01
1997,12,3220014,Zona Arqueológica de Las Limas,8.0,0.0,8.0,1997-12-01
1997,12,3220015,Zona Arqueológica de Palmillas,0.0,0.0,0.0,1997-12-01
1997,12,3120088,Zona Arqueológica de Quiahuitztlán,1235.0,112.0,1347.0,1997-12-01
1997,12,3120093,Zona Arqueológica de San Lorenzo Tenochtitlan con museo de sitio,217.0,2.0,219.0,1997-12-01
1997,12,3120123,Zona Arqueológica de Vega de la Peña,0.0,0.0,0.0,1997-12-01
1998,1,3220013,Zona Arqueológica El Zapotal,0.0,0.0,0.0,1998-01-01
1998,1,3120011,Zona Arqueológica de Castillo de Teayo con museo de sitio,97.0,4.0,101.0,1998-01-01
1998,1,3120012,Zona Arqueológica de Cempoala con museo de sitio,3912.0,231.0,4143.0,1998-01-01
1998,1,3120024,Zona Arqueológica de Cuajilote,0.0,0.0,0.0,1998-01-01
1998,1,3220012,Zona Arqueológica de Cuauhtochco,33.0,0.0,33.0,1998-01-01
1998,1,3120030,Zona Arqueológica de Cuyuxquihui,150.0,0.0,150.0,1998-01-01
1998,1,3110016,Zona Arqueológica de El Tajín,15432.0,2818.0,18250.0,1998-01-01
1998,1,3120068,Zona Arqueológica de Las Higueras con museo de sitio,1297.0,66.0,1363.0,1998-01-01
1998,1,3220014,Zona Arqueológica de Las Limas,4.0,0.0,4.0,1998-01-01
1998,1,3220015,Zona Arqueológica de Palmillas,0.0,0.0,0.0,1998-01-01
1998,1,3120088,Zona Arqueológica de Quiahuitztlán,1200.0,86.0,1286.0,1998-01-01
1998,1,3120093,Zona Arqueológica de San Lorenzo Tenochtitlan con museo de sitio,117.0,5.0,122.0,1998-01-01
1998,1,3120123,Zona Arqueológica de Vega de la Peña,0.0,0.0,0.0,1998-01-01
1998,2,3220013,Zona Arqueológica El Zapotal,0.0,0.0,0.0,1998-02-01
1998,2,3120011,Zona Arqueológica de Castillo de Teayo con museo de sitio,112.0,8.0,120.0,1998-02-01
1998,2,3120012,Zona Arqueológica de Cempoala con museo de sitio,3459.0,312.0,3771.0,1998-02-01
1998,2,3120024,Zona Arqueológica de Cuajilote,0.0,0.0,0.0,1998-02-01
1998,2,3220012,Zona Arqueológica de Cuauhtochco,20.0,0.0,20.0,1998-02-01
1998,2,3120030,Zona Arqueológica de Cuyuxquihui,71.0,0.0,71.0,1998-02-01
1998,2,3110016,Zona Arqueológica de El Tajín,11839.0,5142.0,16981.0,1998-02-01
1998,2,3120068,Zona Arqueológica de Las Higueras con museo de sitio,938.0,122.0,1060.0,1998-02-01
1998,2,3220014,Zona Arqueológica de Las Limas,2.0,0.0,2.0,1998-02-01
1998,2,3220015,Zona Arqueológica de Palmillas,0.0,0.0,0.0,1998-02-01
1998,2,3120088,Zona Arqueológica de Quiahuitztlán,801.0,155.0,956.0,1998-02-01
1998,2,3120093,Zona Arqueológica de San Lorenzo Tenochtitlan con museo de sitio,207.0,6.0,213.0,1998-02-01
1998,2,3120123,Zona Arqueológica de Vega de la Peña,0.0,0.0,0.0,1998-02-01
1998,3,3220013,Zona Arqueológica El Zapotal,0.0,0.0,0.0,1998-03-01
1998,3,3120011,Zona Arqueológica de Castillo de Teayo con museo de sitio,107.0,6.0,113.0,1998-03-01
1998,3,3120012,Zona Arqueológica de Cempoala con museo de sitio,6164.0,345.0,6509.0,1998-03-01
1998,3,3120024,Zona Arqueológica de Cuajilote,0.0,0.0,0.0,1998-03-01
1998,3,3220012,Zona Arqueológica de Cuauhtochco,79.0,0.0,79.0,1998-03-01
1998,3,3120030,Zona Arqueológica de Cuyuxquihui,850.0,0.0,850.0,1998-03-01
1998,3,3110016,Zona Arqueológica de El Tajín,19910.0,7951.0,27861.0,1998-03-01
1998,3,3120068,Zona Arqueológica de Las Higueras con museo de sitio,1033.0,125.0,1158.0,1998-03-01
1998,3,3220014,Zona Arqueológica de Las Limas,7.0,0.0,7.0,1998-03-01
1998,3,3220015,Zona Arqueológica de Palmillas,0.0,0.0,0.0,1998-03-01
1998,3,3120088,Zona Arqueológica de Quiahuitztlán,1314.0,132.0,1446.0,1998-03-01
1998,3,3120093,Zona Arqueológica de San Lorenzo Tenochtitlan con museo de sitio,136.0,9.0,145.0,1998-03-01
1998,3,3120123,Zona Arqueológica de Vega de la Peña,0.0,0.0,0.0,1998-03-01
1998,4,3220013,Zona Arqueológica El Zapotal,0.0,0.0,0.0,1998-04-01
1998,4,3120011,Zona Arqueológica de Castillo de Teayo con museo de sitio,305.0,4.0,309.0,1998-04-01
1998,4,3120012,Zona Arqueológica de Cempoala con museo de sitio,5942.0,230.0,6172.0,1998-04-01
1998,4,3120024,Zona Arqueológica de Cuajilote,0.0,0.0,0.0,1998-04-01
1998,4,3220012,Zona Arqueológica de Cuauhtochco,153.0,4.0,157.0,1998-04-01
1998,4,3120030,Zona Arqueológica de Cuyuxquihui,402.0,0.0,402.0,1998-04-01
1998,4,3110016,Zona Arqueológica de El Tajín,30504.0,12780.0,43284.0,1998-04-01
1998,4,3120068,Zona Arqueológica de Las Higueras con museo de sitio,4372.0,105.0,4477.0,1998-04-01
1998,4,3220014,Zona Arqueológica de Las Limas,4.0,0.0,4.0,1998-04-01
1998,4,3220015,Zona Arqueológica de Palmillas,0.0,0.0,0.0,1998-04-01
1998,4,3120088,Zona Arqueológica de Quiahuitztlán,3290.0,52.0,3342.0,1998-04-01
1998,4,3120093,Zona Arqueológica de San Lorenzo Tenochtitlan con museo de sitio,380.0,2.0,382.0,1998-04-01
1998,4,3120123,Zona Arqueológica de Vega de la Peña,0.0,0.0,0.0,1998-04-01
1998,5,3220013,Zona Arqueológica El Zapotal,0.0,0.0,0.0,1998-05-01
1998,5,3120011,Zona Arqueológica de Castillo de Teayo con museo de sitio,245.0,0.0,245.0,1998-05-01
1998,5,3120012,Zona Arqueológica de Cempoala con museo de sitio,9946.0,168.0,10114.0,1998-05-01
1998,5,3120024,Zona Arqueológica de Cuajilote,0.0,0.0,0.0,1998-05-01
1998,5,3220012,Zona Arqueológica de Cuauhtochco,124.0,2.0,126.0,1998-05-01
1998,5,3120030,Zona Arqueológica de Cuyuxquihui,117.0,0.0,117.0,1998-05-01
1998,5,3110016,Zona Arqueológica de El Tajín,18523.0,12120.0,30643.0,1998-05-01
1998,5,3120068,Zona Arqueológica de Las Higueras con museo de sitio,2548.0,96.0,2644.0,1998-05-01
1998,5,3220014,Zona Arqueológica de Las Limas,5.0,0.0,5.0,1998-05-01
1998,5,3220015,Zona Arqueológica de Palmillas,0.0,0.0,0.0,1998-05-01
1998,5,3120088,Zona Arqueológica de Quiahuitztlán,1738.0,94.0,1832.0,1998-05-01
1998,5,3120093,Zona Arqueológica de San Lorenzo Tenochtitlan con museo de sitio,206.0,3.0,209.0,1998-05-01
1998,5,3120123,Zona Arqueológica de Vega de la Peña,0.0,0.0,0.0,1998-05-01
1998,6,3220013,Zona Arqueológica El Zapotal,0.0,0.0,0.0,1998-06-01
1998,6,3120011,Zona Arqueológica de Castillo de Teayo con museo de sitio,269.0,4.0,273.0,1998-06-01
1998,6,3120012,Zona Arqueológica de Cempoala con museo de sitio,8445.0,235.0,8680.0,1998-06-01
1998,6,3120024,Zona Arqueológica de Cuajilote,0.0,0.0,0.0,1998-06-01
1998,6,3220012,Zona Arqueológica de Cuauhtochco,88.0,6.0,94.0,1998-06-01
1998,6,3120030,Zona Arqueológica de Cuyuxquihui,92.0,2.0,94.0,1998-06-01
1998,6,3110016,Zona Arqueológica de El Tajín,11896.0,5742.0,17638.0,1998-06-01
1998,6,3120068,Zona Arqueológica de Las Higueras con museo de sitio,1391.0,20.0,1411.0,1998-06-01
1998,6,3220014,Zona Arqueológica de Las Limas,4.0,2.0,6.0,1998-06-01
1998,6,3220015,Zona Arqueológica de Palmillas,0.0,0.0,0.0,1998-06-01
1998,6,3120088,Zona Arqueológica de Quiahuitztlán,749.0,101.0,850.0,1998-06-01
1998,6,3120093,Zona Arqueológica de San Lorenzo Tenochtitlan con museo de sitio,142.0,3.0,145.0,1998-06-01
1998,6,3120123,Zona Arqueológica de Vega de la Peña,0.0,0.0,0.0,1998-06-01
1998,7,3220013,Zona Arqueológica El Zapotal,0.0,0.0,0.0,1998-07-01
1998,7,3120011,Zona Arqueológica de Castillo de Teayo con museo de sitio,208.0,13.0,221.0,1998-07-01
1998,7,3120012,Zona Arqueológica de Cempoala con museo de sitio,5494.0,293.0,5787.0,1998-07-01
1998,7,3120024,Zona Arqueológica de Cuajilote,0.0,0.0,0.0,1998-07-01
1998,7,3220012,Zona Arqueológica de Cuauhtochco,8.0,0.0,8.0,1998-07-01
1998,7,3120030,Zona Arqueológica de Cuyuxquihui,66.0,0.0,66.0,1998-07-01
1998,7,3110016,Zona Arqueológica de El Tajín,24516.0,14336.0,38852.0,1998-07-01
1998,7,3120068,Zona Arqueológica de Las Higueras con museo de sitio,1835.0,61.0,1896.0,1998-07-01
1998,7,3220014,Zona Arqueológica de Las Limas,3.0,0.0,3.0,1998-07-01
1998,7,3220015,Zona Arqueológica de Palmillas,0.0,0.0,0.0,1998-07-01
1998,7,3120088,Zona Arqueológica de Quiahuitztlán,1455.0,130.0,1585.0,1998-07-01
1998,7,3120093,Zona Arqueológica de San Lorenzo Tenochtitlan con museo de sitio,134.0,13.0,147.0,1998-07-01
1998,7,3120123,Zona Arqueológica de Vega de la Peña,0.0,0.0,0.0,1998-07-01
1998,8,3220013,Zona Arqueológica El Zapotal,0.0,0.0,0.0,1998-08-01
1998,8,3120011,Zona Arqueológica de Castillo de Teayo con museo de sitio,243.0,0.0,243.0,1998-08-01
1998,8,3120012,Zona Arqueológica de Cempoala con museo de sitio,3592.0,115.0,3707.0,1998-08-01
1998,8,3120024,Zona Arqueológica de Cuajilote,0.0,0.0,0.0,1998-08-01
1998,8,3220012,Zona Arqueológica de Cuauhtochco,13.0,0.0,13.0,1998-08-01
1998,8,3120030,Zona Arqueológica de Cuyuxquihui,146.0,2.0,148.0,1998-08-01
1998,8,3110016,Zona Arqueológica de El Tajín,24210.0,16290.0,40500.0,1998-08-01
1998,8,3120068,Zona Arqueológica de Las Higueras con museo de sitio,2465.0,100.0,2565.0,1998-08-01
1998,8,3220014,Zona Arqueológica de Las Limas,4.0,0.0,4.0,1998-08-01
1998,8,3220015,Zona Arqueológica de Palmillas,0.0,0.0,0.0,1998-08-01
1998,8,3120088,Zona Arqueológica de Quiahuitztlán,1406.0,94.0,1500.0,1998-08-01
1998,8,3120093,Zona Arqueológica de San Lorenzo Tenochtitlan con museo de sitio,120.0,8.0,128.0,1998-08-01
1998,8,3120123,Zona Arqueológica de Vega de la Peña,0.0,0.0,0.0,1998-08-01
1998,9,3220013,Zona Arqueológica El Zapotal,0.0,0.0,0.0,1998-09-01
1998,9,3120011,Zona Arqueológica de Castillo de Teayo con museo de sitio,121.0,0.0,121.0,1998-09-01
1998,9,3120012,Zona Arqueológica de Cempoala con museo de sitio,3577.0,175.0,3752.0,1998-09-01
1998,9,3120024,Zona Arqueológica de Cuajilote,0.0,0.0,0.0,1998-09-01
1998,9,3220012,Zona Arqueológica de Cuauhtochco,0.0,0.0,0.0,1998-09-01
1998,9,3120030,Zona Arqueológica de Cuyuxquihui,62.0,0.0,62.0,1998-09-01
1998,9,3110016,Zona Arqueológica de El Tajín,9746.0,3218.0,12964.0,1998-09-01
1998,9,3120068,Zona Arqueológica de Las Higueras con museo de sitio,858.0,41.0,899.0,1998-09-01
1998,9,3220014,Zona Arqueológica de Las Limas,3.0,0.0,3.0,1998-09-01
1998,9,3220015,Zona Arqueológica de Palmillas,0.0,0.0,0.0,1998-09-01
1998,9,3120088,Zona Arqueológica de Quiahuitztlán,557.0,137.0,694.0,1998-09-01
1998,9,3120093,Zona Arqueológica de San Lorenzo Tenochtitlan con museo de sitio,159.0,1.0,160.0,1998-09-01
1998,9,3120123,Zona Arqueológica de Vega de la Peña,0.0,0.0,0.0,1998-09-01
1998,10,3220013,Zona Arqueológica El Zapotal,0.0,0.0,0.0,1998-10-01
1998,10,3120011,Zona Arqueológica de Castillo de Teayo con museo de sitio,83.0,0.0,83.0,1998-10-01
1998,10,3120012,Zona Arqueológica de Cempoala con museo de sitio,2381.0,121.0,2502.0,1998-10-01
1998,10,3120024,Zona Arqueológica de Cuajilote,0.0,0.0,0.0,1998-10-01
1998,10,3220012,Zona Arqueológica de Cuauhtochco,0.0,0.0,0.0,1998-10-01
1998,10,3120030,Zona Arqueológica de Cuyuxquihui,50.0,0.0,50.0,1998-10-01
1998,10,3110016,Zona Arqueológica de El Tajín,8170.0,3079.0,11249.0,1998-10-01
1998,10,3120068,Zona Arqueológica de Las Higueras con museo de sitio,622.0,37.0,659.0,1998-10-01
1998,10,3220014,Zona Arqueológica de Las Limas,9.0,0.0,9.0,1998-10-01
1998,10,3220015,Zona Arqueológica de Palmillas,0.0,0.0,0.0,1998-10-01
1998,10,3120088,Zona Arqueológica de Quiahuitztlán,890.0,44.0,934.0,1998-10-01
1998,10,3120093,Zona Arqueológica de San Lorenzo Tenochtitlan con museo de sitio,107.0,3.0,110.0,1998-10-01
1998,10,3120123,Zona Arqueológica de Vega de la Peña,0.0,0.0,0.0,1998-10-01
1998,11,3220013,Zona Arqueológica El Zapotal,0.0,0.0,0.0,1998-11-01
1998,11,3120011,Zona Arqueológica de Castillo de Teayo con museo de sitio,152.0,4.0,156.0,1998-11-01
1998,11,3120012,Zona Arqueológica de Cempoala con museo de sitio,3386.0,126.0,3512.0,1998-11-01
1998,11,3120024,Zona Arqueológica de Cuajilote,0.0,0.0,0.0,1998-11-01
1998,11,3220012,Zona Arqueológica de Cuauhtochco,0.0,0.0,0.0,1998-11-01
1998,11,3120030,Zona Arqueológica de Cuyuxquihui,50.0,0.0,50.0,1998-11-01
1998,11,3110016,Zona Arqueológica de El Tajín,8436.0,4241.0,12677.0,1998-11-01
1998,11,3120068,Zona Arqueológica de Las Higueras con museo de sitio,1146.0,85.0,1231.0,1998-11-01
1998,11,3220014,Zona Arqueológica de Las Limas,2.0,0.0,2.0,1998-11-01
1998,11,3220015,Zona Arqueológica de Palmillas,0.0,0.0,0.0,1998-11-01
1998,11,3120088,Zona Arqueológica de Quiahuitztlán,1019.0,107.0,1126.0,1998-11-01
1998,11,3120093,Zona Arqueológica de San Lorenzo Tenochtitlan con museo de sitio,148.0,30.0,178.0,1998-11-01
1998,11,3120123,Zona Arqueológica de Vega de la Peña,0.0,0.0,0.0,1998-11-01
1998,12,3220013,Zona Arqueológica El Zapotal,0.0,0.0,0.0,1998-12-01
1998,12,3120011,Zona Arqueológica de Castillo de Teayo con museo de sitio,351.0,2.0,353.0,1998-12-01
1998,12,3120012,Zona Arqueológica de Cempoala con museo de sitio,5687.0,223.0,5910.0,1998-12-01
1998,12,3120024,Zona Arqueológica de Cuajilote,0.0,0.0,0.0,1998-12-01
1998,12,3220012,Zona Arqueológica de Cuauhtochco,0.0,0.0,0.0,1998-12-01
1998,12,3120030,Zona Arqueológica de Cuyuxquihui,153.0,1.0,154.0,1998-12-01
1998,12,3110016,Zona Arqueológica de El Tajín,33408.0,19156.0,52564.0,1998-12-01
1998,12,3120068,Zona Arqueológica de Las Higueras con museo de sitio,1409.0,65.0,1474.0,1998-12-01
1998,12,3220014,Zona Arqueológica de Las Limas,7.0,0.0,7.0,1998-12-01
1998,12,3220015,Zona Arqueológica de Palmillas,0.0,0.0,0.0,1998-12-01
1998,12,3120088,Zona Arqueológica de Quiahuitztlán,1398.0,118.0,1516.0,1998-12-01
1998,12,3120093,Zona Arqueológica de San Lorenzo Tenochtitlan con museo de sitio,223.0,3.0,226.0,1998-12-01
1998,12,3120123,Zona Arqueológica de Vega de la Peña,0.0,0.0,0.0,1998-12-01
1999,1,3120011,Zona Arqueológica de Castillo de Teayo con museo de sitio,158.0,0.0,158.0,1999-01-01
1999,1,3120012,Zona Arqueológica de Cempoala con museo de sitio,2714.0,65.0,2779.0,1999-01-01
1999,1,3120024,Zona Arqueológica de Cuajilote,0.0,0.0,0.0,1999-01-01
1999,1,3220012,Zona Arqueológica de Cuauhtochco,0.0,0.0,0.0,1999-01-01
1999,1,3120030,Zona Arqueológica de Cuyuxquihui,307.0,2.0,309.0,1999-01-01
1999,1,3110016,Zona Arqueológica de El Tajín,8935.0,4813.0,13748.0,1999-01-01
1999,1,3120068,Zona Arqueológica de Las Higueras con museo de sitio,1072.0,37.0,1109.0,1999-01-01
1999,1,3220014,Zona Arqueológica de Las Limas,5.0,0.0,5.0,1999-01-01
1999,1,3220015,Zona Arqueológica de Palmillas,0.0,0.0,0.0,1999-01-01
1999,1,3120088,Zona Arqueológica de Quiahuitztlán,963.0,93.0,1056.0,1999-01-01
1999,1,3120093,Zona Arqueológica de San Lorenzo Tenochtitlan con museo de sitio,305.0,7.0,312.0,1999-01-01
1999,1,3120123,Zona Arqueológica de Vega de la Peña,0.0,0.0,0.0,1999-01-01
1999,2,3120011,Zona Arqueológica de Castillo de Teayo con museo de sitio,115.0,0.0,115.0,1999-02-01
1999,2,3120012,Zona Arqueológica de Cempoala con museo de sitio,3494.0,92.0,3586.0,1999-02-01
1999,2,3120024,Zona Arqueológica de Cuajilote,0.0,0.0,0.0,1999-02-01
1999,2,3220012,Zona Arqueológica de Cuauhtochco,0.0,0.0,0.0,1999-02-01
1999,2,3120030,Zona Arqueológica de Cuyuxquihui,133.0,3.0,136.0,1999-02-01
1999,2,3110016,Zona Arqueológica de El Tajín,7656.0,6302.0,13958.0,1999-02-01
1999,2,3120068,Zona Arqueológica de Las Higueras con museo de sitio,1773.0,120.0,1893.0,1999-02-01
1999,2,3220014,Zona Arqueológica de Las Limas,4.0,0.0,4.0,1999-02-01
1999,2,3220015,Zona Arqueológica de Palmillas,0.0,0.0,0.0,1999-02-01
1999,2,3120088,Zona Arqueológica de Quiahuitztlán,853.0,71.0,924.0,1999-02-01
1999,2,3120093,Zona Arqueológica de San Lorenzo Tenochtitlan con museo de sitio,207.0,11.0,218.0,1999-02-01
1999,2,3120123,Zona Arqueológica de Vega de la Peña,0.0,0.0,0.0,1999-02-01
1999,3,3120011,Zona Arqueológica de Castillo de Teayo con museo de sitio,200.0,0.0,200.0,1999-03-01
1999,3,3120012,Zona Arqueológica de Cempoala con museo de sitio,10083.0,346.0,10429.0,1999-03-01
1999,3,3120024,Zona Arqueológica de Cuajilote,0.0,0.0,0.0,1999-03-01
1999,3,3220012,Zona Arqueológica de Cuauhtochco,0.0,0.0,0.0,1999-03-01
1999,3,3120030,Zona Arqueológica de Cuyuxquihui,809.0,4.0,813.0,1999-03-01
1999,3,3110016,Zona Arqueológica de El Tajín,22002.0,12668.0,34670.0,1999-03-01
1999,3,3120068,Zona Arqueológica de Las Higueras con museo de sitio,1982.0,121.0,2103.0,1999-03-01
1999,3,3220014,Zona Arqueológica de Las Limas,6.0,0.0,6.0,1999-03-01
1999,3,3220015,Zona Arqueológica de Palmillas,0.0,0.0,0.0,1999-03-01
1999,3,3120088,Zona Arqueológica de Quiahuitztlán,1583.0,74.0,1657.0,1999-03-01
1999,3,3120093,Zona Arqueológica de San Lorenzo Tenochtitlan con museo de sitio,326.0,21.0,347.0,1999-03-01
1999,3,3120123,Zona Arqueológica de Vega de la Peña,0.0,0.0,0.0,1999-03-01
1999,4,3120011,Zona Arqueológica de Castillo de Teayo con museo de sitio,152.0,0.0,152.0,1999-04-01
1999,4,3120012,Zona Arqueológica de Cempoala con museo de sitio,8103.0,221.0,8324.0,1999-04-01
1999,4,3120024,Zona Arqueológica de Cuajilote,0.0,0.0,0.0,1999-04-01
1999,4,3220012,Zona Arqueológica de Cuauhtochco,0.0,0.0,0.0,1999-04-01
1999,4,3120030,Zona Arqueológica de Cuyuxquihui,491.0,9.0,500.0,1999-04-01
1999,4,3110016,Zona Arqueológica de El Tajín,25609.0,11285.0,36894.0,1999-04-01
1999,4,3120068,Zona Arqueológica de Las Higueras con museo de sitio,4558.0,133.0,4691.0,1999-04-01
1999,4,3220014,Zona Arqueológica de Las Limas,3.0,0.0,3.0,1999-04-01
1999,4,3220015,Zona Arqueológica de Palmillas,0.0,0.0,0.0,1999-04-01
1999,4,3120088,Zona Arqueológica de Quiahuitztlán,2539.0,98.0,2637.0,1999-04-01
1999,4,3120093,Zona Arqueológica de San Lorenzo Tenochtitlan con museo de sitio,566.0,2.0,568.0,1999-04-01
1999,4,3120123,Zona Arqueológica de Vega de la Peña,0.0,0.0,0.0,1999-04-01
1999,5,3120011,Zona Arqueológica de Castillo de Teayo con museo de sitio,139.0,15.0,154.0,1999-05-01
1999,5,3120012,Zona Arqueológica de Cempoala con museo de sitio,5455.0,221.0,5676.0,1999-05-01
1999,5,3120024,Zona Arqueológica de Cuajilote,0.0,0.0,0.0,1999-05-01
1999,5,3220012,Zona Arqueológica de Cuauhtochco,0.0,0.0,0.0,1999-05-01
1999,5,3120030,Zona Arqueológica de Cuyuxquihui,130.0,6.0,136.0,1999-05-01
1999,5,3110016,Zona Arqueológica de El Tajín,17652.0,1116.0,18768.0,1999-05-01
1999,5,3120068,Zona Arqueológica de Las Higueras con museo de sitio,1489.0,63.0,1552.0,1999-05-01
1999,5,3220014,Zona Arqueológica de Las Limas,2.0,0.0,2.0,1999-05-01
1999,5,3220015,Zona Arqueológica de Palmillas,0.0,0.0,0.0,1999-05-01
1999,5,3120088,Zona Arqueológica de Quiahuitztlán,1064.0,85.0,1149.0,1999-05-01
1999,5,3120093,Zona Arqueológica de San Lorenzo Tenochtitlan con museo de sitio,243.0,1.0,244.0,1999-05-01
1999,5,3120123,Zona Arqueológica de Vega de la Peña,0.0,0.0,0.0,1999-05-01
1999,6,3120011,Zona Arqueológica de Castillo de Teayo con museo de sitio,591.0,6.0,597.0,1999-06-01
1999,6,3120012,Zona Arqueológica de Cempoala con museo de sitio,6414.0,212.0,6626.0,1999-06-01
1999,6,3120024,Zona Arqueológica de Cuajilote,0.0,0.0,0.0,1999-06-01
1999,6,3220012,Zona Arqueológica de Cuauhtochco,0.0,0.0,0.0,1999-06-01
1999,6,3120030,Zona Arqueológica de Cuyuxquihui,102.0,0.0,102.0,1999-06-01
1999,6,3110016,Zona Arqueológica de El Tajín,15454.0,1045.0,16499.0,1999-06-01
1999,6,3120068,Zona Arqueológica de Las Higueras con museo de sitio,830.0,130.0,960.0,1999-06-01
1999,6,3220014,Zona Arqueológica de Las Limas,2.0,0.0,2.0,1999-06-01
1999,6,3220015,Zona Arqueológica de Palmillas,0.0,0.0,0.0,1999-06-01
1999,6,3120088,Zona Arqueológica de Quiahuitztlán,997.0,119.0,1116.0,1999-06-01
1999,6,3120093,Zona Arqueológica de San Lorenzo Tenochtitlan con museo de sitio,141.0,2.0,143.0,1999-06-01
1999,6,3120123,Zona Arqueológica de Vega de la Peña,0.0,0.0,0.0,1999-06-01
1999,7,3120011,Zona Arqueológica de Castillo de Teayo con museo de sitio,168.0,0.0,168.0,1999-07-01
1999,7,3120012,Zona Arqueológica de Cempoala con museo de sitio,4833.0,75.0,4908.0,1999-07-01
1999,7,3120024,Zona Arqueológica de Cuajilote,0.0,0.0,0.0,1999-07-01
1999,7,3220012,Zona Arqueológica de Cuauhtochco,0.0,0.0,0.0,1999-07-01
1999,7,3120030,Zona Arqueológica de Cuyuxquihui,157.0,4.0,161.0,1999-07-01
1999,7,3110016,Zona Arqueológica de El Tajín,29871.0,3239.0,33110.0,1999-07-01
1999,7,3120068,Zona Arqueológica de Las Higueras con museo de sitio,1583.0,163.0,1746.0,1999-07-01
1999,7,3220014,Zona Arqueológica de Las Limas,2.0,0.0,2.0,1999-07-01
1999,7,3220015,Zona Arqueológica de Palmillas,0.0,0.0,0.0,1999-07-01
1999,7,3120088,Zona Arqueológica de Quiahuitztlán,1271.0,142.0,1413.0,1999-07-01
1999,7,3120093,Zona Arqueológica de San Lorenzo Tenochtitlan con museo de sitio,263.0,4.0,267.0,1999-07-01
1999,7,3120123,Zona Arqueológica de Vega de la Peña,0.0,0.0,0.0,1999-07-01
1999,8,3120011,Zona Arqueológica de Castillo de Teayo con museo de sitio,73.0,70.0,143.0,1999-08-01
1999,8,3120012,Zona Arqueológica de Cempoala con museo de sitio,4077.0,92.0,4169.0,1999-08-01
1999,8,3120024,Zona Arqueológica de Cuajilote,0.0,0.0,0.0,1999-08-01
1999,8,3220012,Zona Arqueológica de Cuauhtochco,0.0,0.0,0.0,1999-08-01
1999,8,3120030,Zona Arqueológica de Cuyuxquihui,85.0,0.0,85.0,1999-08-01
1999,8,3110016,Zona Arqueológica de El Tajín,21155.0,7437.0,28592.0,1999-08-01
1999,8,3120068,Zona Arqueológica de Las Higueras con museo de sitio,1537.0,127.0,1664.0,1999-08-01
1999,8,3220014,Zona Arqueológica de Las Limas,4.0,0.0,4.0,1999-08-01
1999,8,3220015,Zona Arqueológica de Palmillas,0.0,0.0,0.0,1999-08-01
1999,8,3120088,Zona Arqueológica de Quiahuitztlán,1129.0,89.0,1218.0,1999-08-01
1999,8,3120093,Zona Arqueológica de San Lorenzo Tenochtitlan con museo de sitio,305.0,6.0,311.0,1999-08-01
1999,8,3120123,Zona Arqueológica de Vega de la Peña,0.0,0.0,0.0,1999-08-01
1999,9,3120011,Zona Arqueológica de Castillo de Teayo con museo de sitio,187.0,0.0,187.0,1999-09-01
1999,9,3120012,Zona Arqueológica de Cempoala con museo de sitio,2721.0,235.0,2956.0,1999-09-01
1999,9,3120024,Zona Arqueológica de Cuajilote,0.0,0.0,0.0,1999-09-01
1999,9,3220012,Zona Arqueológica de Cuauhtochco,0.0,0.0,0.0,1999-09-01
1999,9,3120030,Zona Arqueológica de Cuyuxquihui,40.0,0.0,40.0,1999-09-01
1999,9,3110016,Zona Arqueológica de El Tajín,8335.0,190.0,8525.0,1999-09-01
1999,9,3120068,Zona Arqueológica de Las Higueras con museo de sitio,1027.0,71.0,1098.0,1999-09-01
1999,9,3220014,Zona Arqueológica de Las Limas,4.0,0.0,4.0,1999-09-01
1999,9,3220015,Zona Arqueológica de Palmillas,0.0,0.0,0.0,1999-09-01
1999,9,3120088,Zona Arqueológica de Quiahuitztlán,773.0,68.0,841.0,1999-09-01
1999,9,3120093,Zona Arqueológica de San Lorenzo Tenochtitlan con museo de sitio,52.0,2.0,54.0,1999-09-01
1999,9,3120123,Zona Arqueológica de Vega de la Peña,0.0,0.0,0.0,1999-09-01
1999,10,3120011,Zona Arqueológica de Castillo de Teayo con museo de sitio,32.0,0.0,32.0,1999-10-01
1999,10,3120012,Zona Arqueológica de Cempoala con museo de sitio,2729.0,215.0,2944.0,1999-10-01
1999,10,3120024,Zona Arqueológica de Cuajilote,0.0,226.0,226.0,1999-10-01
1999,10,3220012,Zona Arqueológica de Cuauhtochco,0.0,0.0,0.0,1999-10-01
1999,10,3120030,Zona Arqueológica de Cuyuxquihui,0.0,0.0,0.0,1999-10-01
1999,10,3110016,Zona Arqueológica de El Tajín,1634.0,71.0,1705.0,1999-10-01
1999,10,3120068,Zona Arqueológica de Las Higueras con museo de sitio,3.0,0.0,3.0,1999-10-01
1999,10,3220014,Zona Arqueológica de Las Limas,7.0,0.0,7.0,1999-10-01
1999,10,3220015,Zona Arqueológica de Palmillas,0.0,0.0,0.0,1999-10-01
1999,10,3120088,Zona Arqueológica de Quiahuitztlán,699.0,55.0,754.0,1999-10-01
1999,10,3120093,Zona Arqueológica de San Lorenzo Tenochtitlan con museo de sitio,39.0,0.0,39.0,1999-10-01
1999,10,3120123,Zona Arqueológica de Vega de la Peña,11.0,0.0,11.0,1999-10-01
1999,11,3120011,Zona Arqueológica de Castillo de Teayo con museo de sitio,224.0,0.0,224.0,1999-11-01
1999,11,3120012,Zona Arqueológica de Cempoala con museo de sitio,2801.0,172.0,2973.0,1999-11-01
1999,11,3120024,Zona Arqueológica de Cuajilote,173.0,104.0,277.0,1999-11-01
1999,11,3220012,Zona Arqueológica de Cuauhtochco,0.0,0.0,0.0,1999-11-01
1999,11,3120030,Zona Arqueológica de Cuyuxquihui,40.0,0.0,40.0,1999-11-01
1999,11,3110016,Zona Arqueológica de El Tajín,2969.0,672.0,3641.0,1999-11-01
1999,11,3120068,Zona Arqueológica de Las Higueras con museo de sitio,16.0,11.0,27.0,1999-11-01
1999,11,3220014,Zona Arqueológica de Las Limas,5.0,0.0,5.0,1999-11-01
1999,11,3220015,Zona Arqueológica de Palmillas,0.0,0.0,0.0,1999-11-01
1999,11,3120088,Zona Arqueológica de Quiahuitztlán,679.0,110.0,789.0,1999-11-01
1999,11,3120093,Zona Arqueológica de San Lorenzo Tenochtitlan con museo de sitio,69.0,33.0,102.0,1999-11-01
1999,11,3120123,Zona Arqueológica de Vega de la Peña,1.0,2.0,3.0,1999-11-01
1999,12,3120011,Zona Arqueológica de Castillo de Teayo con museo de sitio,422.0,16.0,438.0,1999-12-01
1999,12,3120012,Zona Arqueológica de Cempoala con museo de sitio,4846.0,425.0,5271.0,1999-12-01
1999,12,3120024,Zona Arqueológica de Cuajilote,372.0,89.0,461.0,1999-12-01
1999,12,3220012,Zona Arqueológica de Cuauhtochco,0.0,0.0,0.0,1999-12-01
1999,12,3120030,Zona Arqueológica de Cuyuxquihui,56.0,0.0,56.0,1999-12-01
1999,12,3110016,Zona Arqueológica de El Tajín,10662.0,1969.0,12631.0,1999-12-01
1999,12,3120068,Zona Arqueológica de Las Higueras con museo de sitio,43.0,39.0,82.0,1999-12-01
1999,12,3220014,Zona Arqueológica de Las Limas,3.0,0.0,3.0,1999-12-01
1999,12,3220015,Zona Arqueológica de Palmillas,0.0,0.0,0.0,1999-12-01
1999,12,3120088,Zona Arqueológica de Quiahuitztlán,1200.0,73.0,1273.0,1999-12-01
1999,12,3120093,Zona Arqueológica de San Lorenzo Tenochtitlan con museo de sitio,127.0,7.0,134.0,1999-12-01
1999,12,3120123,Zona Arqueológica de Vega de la Peña,82.0,30.0,112.0,1999-12-01
2000,1,3120012,Zona Arqueológica de Cempoala con museo de sitio,2359.0,322.0,2681.0,2000-01-01
2000,1,3120024,Zona Arqueológica de Cuajilote,497.0,63.0,560.0,2000-01-01
2000,1,3220012,Zona Arqueológica de Cuauhtochco,0.0,0.0,0.0,2000-01-01
2000,1,3120030,Zona Arqueológica de Cuyuxquihui,63.0,1.0,64.0,2000-01-01
2000,1,3110016,Zona Arqueológica de El Tajín,7508.0,3947.0,11455.0,2000-01-01
2000,1,3120068,Zona Arqueológica de Las Higueras con museo de sitio,37.0,11.0,48.0,2000-01-01
2000,1,3220014,Zona Arqueológica de Las Limas,3.0,0.0,3.0,2000-01-01
2000,1,3120088,Zona Arqueológica de Quiahuitztlán,1038.0,161.0,1199.0,2000-01-01
2000,1,3120093,Zona Arqueológica de San Lorenzo Tenochtitlan con museo de sitio,317.0,35.0,352.0,2000-01-01
2000,1,3120123,Zona Arqueológica de Vega de la Peña,28.0,30.0,58.0,2000-01-01
2000,2,3120012,Zona Arqueológica de Cempoala con museo de sitio,2965.0,282.0,3247.0,2000-02-01
2000,2,3120024,Zona Arqueológica de Cuajilote,230.0,7.0,237.0,2000-02-01
2000,2,3220012,Zona Arqueológica de Cuauhtochco,0.0,0.0,0.0,2000-02-01
2000,2,3120030,Zona Arqueológica de Cuyuxquihui,117.0,0.0,117.0,2000-02-01
2000,2,3110016,Zona Arqueológica de El Tajín,10889.0,4042.0,14931.0,2000-02-01
2000,2,3120068,Zona Arqueológica de Las Higueras con museo de sitio,50.0,18.0,68.0,2000-02-01
2000,2,3220014,Zona Arqueológica de Las Limas,4.0,0.0,4.0,2000-02-01
2000,2,3120088,Zona Arqueológica de Quiahuitztlán,906.0,102.0,1008.0,2000-02-01
2000,2,3120093,Zona Arqueológica de San Lorenzo Tenochtitlan con museo de sitio,367.0,6.0,373.0,2000-02-01
2000,2,3120123,Zona Arqueológica de Vega de la Peña,78.0,0.0,78.0,2000-02-01
2000,3,3120012,Zona Arqueológica de Cempoala con museo de sitio,11874.0,721.0,12595.0,2000-03-01
2000,3,3120024,Zona Arqueológica de Cuajilote,559.0,45.0,604.0,2000-03-01
2000,3,3220012,Zona Arqueológica de Cuauhtochco,27.0,0.0,27.0,2000-03-01
2000,3,3120030,Zona Arqueológica de Cuyuxquihui,1136.0,0.0,1136.0,2000-03-01
2000,3,3110016,Zona Arqueológica de El Tajín,33606.0,7380.0,40986.0,2000-03-01
2000,3,3120068,Zona Arqueológica de Las Higueras con museo de sitio,138.0,13.0,151.0,2000-03-01
2000,3,3220014,Zona Arqueológica de Las Limas,5.0,0.0,5.0,2000-03-01
2000,3,3120088,Zona Arqueológica de Quiahuitztlán,1691.0,159.0,1850.0,2000-03-01
2000,3,3120093,Zona Arqueológica de San Lorenzo Tenochtitlan con museo de sitio,511.0,0.0,511.0,2000-03-01
2000,3,3120123,Zona Arqueológica de Vega de la Peña,113.0,0.0,113.0,2000-03-01
2000,4,3120012,Zona Arqueológica de Cempoala con museo de sitio,8348.0,312.0,8660.0,2000-04-01
2000,4,3120024,Zona Arqueológica de Cuajilote,1242.0,31.0,1273.0,2000-04-01
2000,4,3220012,Zona Arqueológica de Cuauhtochco,137.0,0.0,137.0,2000-04-01
2000,4,3120030,Zona Arqueológica de Cuyuxquihui,360.0,0.0,360.0,2000-04-01
2000,4,3110016,Zona Arqueológica de El Tajín,39090.0,15365.0,54455.0,2000-04-01
2000,4,3120068,Zona Arqueológica de Las Higueras con museo de sitio,210.0,7.0,217.0,2000-04-01
2000,4,3220014,Zona Arqueológica de Las Limas,10.0,0.0,10.0,2000-04-01
2000,4,3120088,Zona Arqueológica de Quiahuitztlán,2099.0,97.0,2196.0,2000-04-01
2000,4,3120093,Zona Arqueológica de San Lorenzo Tenochtitlan con museo de sitio,1198.0,9.0,1207.0,2000-04-01
2000,4,3120123,Zona Arqueológica de Vega de la Peña,336.0,13.0,349.0,2000-04-01
2000,5,3120012,Zona Arqueológica de Cempoala con museo de sitio,5332.0,415.0,5747.0,2000-05-01
2000,5,3120024,Zona Arqueológica de Cuajilote,431.0,35.0,466.0,2000-05-01
2000,5,3220012,Zona Arqueológica de Cuauhtochco,56.0,0.0,56.0,2000-05-01
2000,5,3120030,Zona Arqueológica de Cuyuxquihui,304.0,6.0,310.0,2000-05-01
2000,5,3110016,Zona Arqueológica de El Tajín,17652.0,7147.0,24799.0,2000-05-01
2000,5,3120068,Zona Arqueológica de Las Higueras con museo de sitio,104.0,10.0,114.0,2000-05-01
2000,5,3220014,Zona Arqueológica de Las Limas,9.0,0.0,9.0,2000-05-01
2000,5,3120088,Zona Arqueológica de Quiahuitztlán,955.0,209.0,1164.0,2000-05-01
2000,5,3120093,Zona Arqueológica de San Lorenzo Tenochtitlan con museo de sitio,546.0,5.0,551.0,2000-05-01
2000,5,3120123,Zona Arqueológica de Vega de la Peña,130.0,0.0,130.0,2000-05-01
2000,6,3120012,Zona Arqueológica de Cempoala con museo de sitio,4700.0,385.0,5085.0,2000-06-01
2000,6,3120024,Zona Arqueológica de Cuajilote,235.0,14.0,249.0,2000-06-01
2000,6,3220012,Zona Arqueológica de Cuauhtochco,0.0,0.0,0.0,2000-06-01
2000,6,3120030,Zona Arqueológica de Cuyuxquihui,87.0,0.0,87.0,2000-06-01
2000,6,3110016,Zona Arqueológica de El Tajín,16972.0,6994.0,23966.0,2000-06-01
2000,6,3120068,Zona Arqueológica de Las Higueras con museo de sitio,26.0,5.0,31.0,2000-06-01
2000,6,3220014,Zona Arqueológica de Las Limas,13.0,0.0,13.0,2000-06-01
2000,6,3120088,Zona Arqueológica de Quiahuitztlán,972.0,336.0,1308.0,2000-06-01
2000,6,3120093,Zona Arqueológica de San Lorenzo Tenochtitlan con museo de sitio,250.0,20.0,270.0,2000-06-01
2000,6,3120123,Zona Arqueológica de Vega de la Peña,48.0,4.0,52.0,2000-06-01
2000,7,3120012,Zona Arqueológica de Cempoala con museo de sitio,5187.0,325.0,5512.0,2000-07-01
2000,7,3120024,Zona Arqueológica de Cuajilote,500.0,46.0,546.0,2000-07-01
2000,7,3220012,Zona Arqueológica de Cuauhtochco,35.0,0.0,35.0,2000-07-01
2000,7,3120030,Zona Arqueológica de Cuyuxquihui,113.0,0.0,113.0,2000-07-01
2000,7,3110016,Zona Arqueológica de El Tajín,28975.0,13149.0,42124.0,2000-07-01
2000,7,3120068,Zona Arqueológica de Las Higueras con museo de sitio,55.0,3.0,58.0,2000-07-01
2000,7,3220014,Zona Arqueológica de Las Limas,4.0,0.0,4.0,2000-07-01
2000,7,3120088,Zona Arqueológica de Quiahuitztlán,1585.0,358.0,1943.0,2000-07-01
2000,7,3120093,Zona Arqueológica de San Lorenzo Tenochtitlan con museo de sitio,324.0,15.0,339.0,2000-07-01
2000,7,3120123,Zona Arqueológica de Vega de la Peña,77.0,10.0,87.0,2000-07-01
2000,8,3120012,Zona Arqueológica de Cempoala con museo de sitio,3704.0,223.0,3927.0,2000-08-01
2000,8,3120024,Zona Arqueológica de Cuajilote,552.0,2.0,554.0,2000-08-01
2000,8,3220012,Zona Arqueológica de Cuauhtochco,25.0,0.0,25.0,2000-08-01
2000,8,3120030,Zona Arqueológica de Cuyuxquihui,20.0,1.0,21.0,2000-08-01
2000,8,3110016,Zona Arqueológica de El Tajín,26147.0,11890.0,38037.0,2000-08-01
2000,8,3120068,Zona Arqueológica de Las Higueras con museo de sitio,51.0,1.0,52.0,2000-08-01
2000,8,3220014,Zona Arqueológica de Las Limas,5.0,0.0,5.0,2000-08-01
2000,8,3120088,Zona Arqueológica de Quiahuitztlán,1132.0,311.0,1443.0,2000-08-01
2000,8,3120093,Zona Arqueológica de San Lorenzo Tenochtitlan con museo de sitio,209.0,11.0,220.0,2000-08-01
2000,8,3120123,Zona Arqueológica de Vega de la Peña,129.0,0.0,129.0,2000-08-01
2000,9,3120012,Zona Arqueológica de Cempoala con museo de sitio,2797.0,117.0,2914.0,2000-09-01
2000,9,3120024,Zona Arqueológica de Cuajilote,298.0,4.0,302.0,2000-09-01
2000,9,3220012,Zona Arqueológica de Cuauhtochco,23.0,0.0,23.0,2000-09-01
2000,9,3120030,Zona Arqueológica de Cuyuxquihui,38.0,0.0,38.0,2000-09-01
2000,9,3110016,Zona Arqueológica de El Tajín,12160.0,1420.0,13580.0,2000-09-01
2000,9,3120068,Zona Arqueológica de Las Higueras con museo de sitio,0.0,0.0,0.0,2000-09-01
2000,9,3220014,Zona Arqueológica de Las Limas,5.0,0.0,5.0,2000-09-01
2000,9,3120088,Zona Arqueológica de Quiahuitztlán,764.0,114.0,878.0,2000-09-01
2000,9,3120093,Zona Arqueológica de San Lorenzo Tenochtitlan con museo de sitio,60.0,0.0,60.0,2000-09-01
2000,9,3120123,Zona Arqueológica de Vega de la Peña,130.0,8.0,138.0,2000-09-01
2000,10,3120012,Zona Arqueológica de Cempoala con museo de sitio,3211.0,316.0,3527.0,2000-10-01
2000,10,3120024,Zona Arqueológica de Cuajilote,205.0,35.0,240.0,2000-10-01
2000,10,3220012,Zona Arqueológica de Cuauhtochco,26.0,0.0,26.0,2000-10-01
2000,10,3120030,Zona Arqueológica de Cuyuxquihui,27.0,4.0,31.0,2000-10-01
2000,10,3110016,Zona Arqueológica de El Tajín,10540.0,1631.0,12171.0,2000-10-01
2000,10,3120068,Zona Arqueológica de Las Higueras con museo de sitio,0.0,0.0,0.0,2000-10-01
2000,10,3220014,Zona Arqueológica de Las Limas,9.0,0.0,9.0,2000-10-01
2000,10,3120088,Zona Arqueológica de Quiahuitztlán,1019.0,58.0,1077.0,2000-10-01
2000,10,3120093,Zona Arqueológica de San Lorenzo Tenochtitlan con museo de sitio,63.0,2.0,65.0,2000-10-01
2000,10,3120123,Zona Arqueológica de Vega de la Peña,177.0,0.0,177.0,2000-10-01
2000,11,3120012,Zona Arqueológica de Cempoala con museo de sitio,3438.0,217.0,3655.0,2000-11-01
2000,11,3120024,Zona Arqueológica de Cuajilote,514.0,2.0,516.0,2000-11-01
2000,11,3220012,Zona Arqueológica de Cuauhtochco,0.0,0.0,0.0,2000-11-01
2000,11,3120030,Zona Arqueológica de Cuyuxquihui,75.0,0.0,75.0,2000-11-01
2000,11,3110016,Zona Arqueológica de El Tajín,16708.0,5198.0,21906.0,2000-11-01
2000,11,3120068,Zona Arqueológica de Las Higueras con museo de sitio,0.0,0.0,0.0,2000-11-01
2000,11,3220014,Zona Arqueológica de Las Limas,7.0,0.0,7.0,2000-11-01
2000,11,3120088,Zona Arqueológica de Quiahuitztlán,1378.0,74.0,1452.0,2000-11-01
2000,11,3120093,Zona Arqueológica de San Lorenzo Tenochtitlan con museo de sitio,183.0,0.0,183.0,2000-11-01
2000,11,3120123,Zona Arqueológica de Vega de la Peña,95.0,16.0,111.0,2000-11-01
2000,12,3120012,Zona Arqueológica de Cempoala con museo de sitio,4907.0,231.0,5138.0,2000-12-01
2000,12,3120024,Zona Arqueológica de Cuajilote,503.0,30.0,533.0,2000-12-01
2000,12,3220012,Zona Arqueológica de Cuauhtochco,0.0,0.0,0.0,2000-12-01
2000,12,3120030,Zona Arqueológica de Cuyuxquihui,210.0,0.0,210.0,2000-12-01
2000,12,3110016,Zona Arqueológica de El Tajín,26029.0,14216.0,40245.0,2000-12-01
2000,12,3120068,Zona Arqueológica de Las Higueras con museo de sitio,113.0,7.0,120.0,2000-12-01
2000,12,3220014,Zona Arqueológica de Las Limas,9.0,0.0,9.0,2000-12-01
2000,12,3120088,Zona Arqueológica de Quiahuitztlán,1044.0,142.0,1186.0,2000-12-01
2000,12,3120093,Zona Arqueológica de San Lorenzo Tenochtitlan con museo de sitio,216.0,6.0,222.0,2000-12-01
2000,12,3120123,Zona Arqueológica de Vega de la Peña,247.0,1.0,248.0,2000-12-01
2001,1,3120012,Zona Arqueológica de Cempoala con museo de sitio,3478.0,326.0,3804.0,2001-01-01
2001,1,3120024,Zona Arqueológica de Cuajilote,365.0,42.0,407.0,2001-01-01
2001,1,3220012,Zona Arqueológica de Cuauhtochco,0.0,0.0,0.0,2001-01-01
2001,1,3120030,Zona Arqueológica de Cuyuxquihui,117.0,3.0,120.0,2001-01-01
2001,1,3110016,Zona Arqueológica de El Tajín,17110.0,9357.0,26467.0,2001-01-01
2001,1,3120068,Zona Arqueológica de Las Higueras con museo de sitio,29.0,7.0,36.0,2001-01-01
2001,1,3220014,Zona Arqueológica de Las Limas,9.0,0.0,9.0,2001-01-01
2001,1,3120088,Zona Arqueológica de Quiahuitztlán,735.0,94.0,829.0,2001-01-01
2001,1,3120093,Zona Arqueológica de San Lorenzo Tenochtitlan con museo de sitio,159.0,37.0,196.0,2001-01-01
2001,1,3120123,Zona Arqueológica de Vega de la Peña,93.0,8.0,101.0,2001-01-01
2001,2,3120012,Zona Arqueológica de Cempoala con museo de sitio,2971.0,207.0,3178.0,2001-02-01
2001,2,3120024,Zona Arqueológica de Cuajilote,222.0,26.0,248.0,2001-02-01
2001,2,3220012,Zona Arqueológica de Cuauhtochco,0.0,0.0,0.0,2001-02-01
2001,2,3120030,Zona Arqueológica de Cuyuxquihui,116.0,0.0,116.0,2001-02-01
2001,2,3110016,Zona Arqueológica de El Tajín,16685.0,8378.0,25063.0,2001-02-01
2001,2,3120068,Zona Arqueológica de Las Higueras con museo de sitio,87.0,8.0,95.0,2001-02-01
2001,2,3220014,Zona Arqueológica de Las Limas,10.0,0.0,10.0,2001-02-01
2001,2,3120088,Zona Arqueológica de Quiahuitztlán,748.0,110.0,858.0,2001-02-01
2001,2,3120093,Zona Arqueológica de San Lorenzo Tenochtitlan con museo de sitio,219.0,5.0,224.0,2001-02-01
2001,2,3120123,Zona Arqueológica de Vega de la Peña,81.0,4.0,85.0,2001-02-01
2001,3,3120012,Zona Arqueológica de Cempoala con museo de sitio,11592.0,486.0,12078.0,2001-03-01
2001,3,3120024,Zona Arqueológica de Cuajilote,181.0,130.0,311.0,2001-03-01
2001,3,3220012,Zona Arqueológica de Cuauhtochco,37.0,17.0,54.0,2001-03-01
2001,3,3120030,Zona Arqueológica de Cuyuxquihui,364.0,0.0,364.0,2001-03-01
2001,3,3110016,Zona Arqueológica de El Tajín,52997.0,16116.0,69113.0,2001-03-01
2001,3,3120068,Zona Arqueológica de Las Higueras con museo de sitio,73.0,0.0,73.0,2001-03-01
2001,3,3220014,Zona Arqueológica de Las Limas,6.0,0.0,6.0,2001-03-01
2001,3,3120088,Zona Arqueológica de Quiahuitztlán,1698.0,180.0,1878.0,2001-03-01
2001,3,3120093,Zona Arqueológica de San Lorenzo Tenochtitlan con museo de sitio,380.0,9.0,389.0,2001-03-01
2001,3,3120123,Zona Arqueológica de Vega de la Peña,147.0,2.0,149.0,2001-03-01
2001,4,3120012,Zona Arqueológica de Cempoala con museo de sitio,8433.0,226.0,8659.0,2001-04-01
2001,4,3120024,Zona Arqueológica de Cuajilote,1151.0,155.0,1306.0,2001-04-01
2001,4,3220012,Zona Arqueológica de Cuauhtochco,0.0,0.0,0.0,2001-04-01
2001,4,3120030,Zona Arqueológica de Cuyuxquihui,337.0,0.0,337.0,2001-04-01
2001,4,3110016,Zona Arqueológica de El Tajín,63606.0,34764.0,98370.0,2001-04-01
2001,4,3120068,Zona Arqueológica de Las Higueras con museo de sitio,98.0,13.0,111.0,2001-04-01
2001,4,3220014,Zona Arqueológica de Las Limas,0.0,0.0,0.0,2001-04-01
2001,4,3120088,Zona Arqueológica de Quiahuitztlán,2334.0,134.0,2468.0,2001-04-01
2001,4,3120093,Zona Arqueológica de San Lorenzo Tenochtitlan con museo de sitio,926.0,3.0,929.0,2001-04-01
2001,4,3120123,Zona Arqueológica de Vega de la Peña,588.0,8.0,596.0,2001-04-01
2001,5,3120012,Zona Arqueológica de Cempoala con museo de sitio,4332.0,215.0,4547.0,2001-05-01
2001,5,3120024,Zona Arqueológica de Cuajilote,411.0,3.0,414.0,2001-05-01
2001,5,3220012,Zona Arqueológica de Cuauhtochco,17.0,0.0,17.0,2001-05-01
2001,5,3120030,Zona Arqueológica de Cuyuxquihui,35.0,0.0,35.0,2001-05-01
2001,5,3110016,Zona Arqueológica de El Tajín,21786.0,6432.0,28218.0,2001-05-01
2001,5,3120068,Zona Arqueológica de Las Higueras con museo de sitio,15.0,10.0,25.0,2001-05-01
2001,5,3220014,Zona Arqueológica de Las Limas,7.0,0.0,7.0,2001-05-01
2001,5,3120088,Zona Arqueológica de Quiahuitztlán,961.0,73.0,1034.0,2001-05-01
2001,5,3120093,Zona Arqueológica de San Lorenzo Tenochtitlan con museo de sitio,329.0,14.0,343.0,2001-05-01
2001,5,3120123,Zona Arqueológica de Vega de la Peña,208.0,16.0,224.0,2001-05-01
2001,6,3120012,Zona Arqueológica de Cempoala con museo de sitio,8463.0,186.0,8649.0,2001-06-01
2001,6,3120024,Zona Arqueológica de Cuajilote,357.0,12.0,369.0,2001-06-01
2001,6,3220012,Zona Arqueológica de Cuauhtochco,0.0,0.0,0.0,2001-06-01
2001,6,3120030,Zona Arqueológica de Cuyuxquihui,173.0,2.0,175.0,2001-06-01
2001,6,3110016,Zona Arqueológica de El Tajín,20923.0,6471.0,27394.0,2001-06-01
2001,6,3120068,Zona Arqueológica de Las Higueras con museo de sitio,47.0,10.0,57.0,2001-06-01
2001,6,3220014,Zona Arqueológica de Las Limas,8.0,0.0,8.0,2001-06-01
2001,6,3120088,Zona Arqueológica de Quiahuitztlán,1108.0,164.0,1272.0,2001-06-01
2001,6,3120093,Zona Arqueológica de San Lorenzo Tenochtitlan con museo de sitio,263.0,4.0,267.0,2001-06-01
2001,6,3120123,Zona Arqueológica de Vega de la Peña,53.0,2.0,55.0,2001-06-01
2001,7,3120012,Zona Arqueológica de Cempoala con museo de sitio,6905.0,236.0,7141.0,2001-07-01
2001,7,3120024,Zona Arqueológica de Cuajilote,702.0,12.0,714.0,2001-07-01
2001,7,3220012,Zona Arqueológica de Cuauhtochco,47.0,0.0,47.0,2001-07-01
2001,7,3120030,Zona Arqueológica de Cuyuxquihui,208.0,0.0,208.0,2001-07-01
2001,7,3110016,Zona Arqueológica de El Tajín,47666.0,4810.0,52476.0,2001-07-01
2001,7,3120068,Zona Arqueológica de Las Higueras con museo de sitio,109.0,8.0,117.0,2001-07-01
2001,7,3220014,Zona Arqueológica de Las Limas,5.0,0.0,5.0,2001-07-01
2001,7,3120088,Zona Arqueológica de Quiahuitztlán,1476.0,132.0,1608.0,2001-07-01
2001,7,3120093,Zona Arqueológica de San Lorenzo Tenochtitlan con museo de sitio,288.0,6.0,294.0,2001-07-01
2001,7,3120123,Zona Arqueológica de Vega de la Peña,89.0,5.0,94.0,2001-07-01
2001,8,3120012,Zona Arqueológica de Cempoala con museo de sitio,5658.0,125.0,5783.0,2001-08-01
2001,8,3120024,Zona Arqueológica de Cuajilote,691.0,11.0,702.0,2001-08-01
2001,8,3220012,Zona Arqueológica de Cuauhtochco,0.0,0.0,0.0,2001-08-01
2001,8,3120030,Zona Arqueológica de Cuyuxquihui,69.0,1.0,70.0,2001-08-01
2001,8,3110016,Zona Arqueológica de El Tajín,43040.0,5698.0,48738.0,2001-08-01
2001,8,3120068,Zona Arqueológica de Las Higueras con museo de sitio,62.0,9.0,71.0,2001-08-01
2001,8,3220014,Zona Arqueológica de Las Limas,6.0,0.0,6.0,2001-08-01
2001,8,3120088,Zona Arqueológica de Quiahuitztlán,939.0,22.0,961.0,2001-08-01
2001,8,3120093,Zona Arqueológica de San Lorenzo Tenochtitlan con museo de sitio,247.0,10.0,257.0,2001-08-01
2001,8,3120123,Zona Arqueológica de Vega de la Peña,102.0,2.0,104.0,2001-08-01
2001,9,3120012,Zona Arqueológica de Cempoala con museo de sitio,3837.0,132.0,3969.0,2001-09-01
2001,9,3120024,Zona Arqueológica de Cuajilote,153.0,20.0,173.0,2001-09-01
2001,9,3220012,Zona Arqueológica de Cuauhtochco,0.0,0.0,0.0,2001-09-01
2001,9,3120030,Zona Arqueológica de Cuyuxquihui,0.0,0.0,0.0,2001-09-01
2001,9,3110016,Zona Arqueológica de El Tajín,15202.0,1110.0,16312.0,2001-09-01
2001,9,3120068,Zona Arqueológica de Las Higueras con museo de sitio,12.0,0.0,12.0,2001-09-01
2001,9,3220014,Zona Arqueológica de Las Limas,4.0,0.0,4.0,2001-09-01
2001,9,3120088,Zona Arqueológica de Quiahuitztlán,355.0,66.0,421.0,2001-09-01
2001,9,3120093,Zona Arqueológica de San Lorenzo Tenochtitlan con museo de sitio,207.0,2.0,209.0,2001-09-01
2001,9,3120123,Zona Arqueológica de Vega de la Peña,112.0,0.0,112.0,2001-09-01
2001,10,3120012,Zona Arqueológica de Cempoala con museo de sitio,3711.0,215.0,3926.0,2001-10-01
2001,10,3120024,Zona Arqueológica de Cuajilote,9.0,149.0,158.0,2001-10-01
2001,10,3220012,Zona Arqueológica de Cuauhtochco,0.0,0.0,0.0,2001-10-01
2001,10,3120030,Zona Arqueológica de Cuyuxquihui,0.0,0.0,0.0,2001-10-01
2001,10,3110016,Zona Arqueológica de El Tajín,12787.0,1360.0,14147.0,2001-10-01
2001,10,3120068,Zona Arqueológica de Las Higueras con museo de sitio,11.0,1.0,12.0,2001-10-01
2001,10,3220014,Zona Arqueológica de Las Limas,7.0,0.0,7.0,2001-10-01
2001,10,3120088,Zona Arqueológica de Quiahuitztlán,690.0,109.0,799.0,2001-10-01
2001,10,3120093,Zona Arqueológica de San Lorenzo Tenochtitlan con museo de sitio,95.0,0.0,95.0,2001-10-01
2001,10,3120123,Zona Arqueológica de Vega de la Peña,54.0,5.0,59.0,2001-10-01
2001,11,3120012,Zona Arqueológica de Cempoala con museo de sitio,6423.0,235.0,6658.0,2001-11-01
2001,11,3120024,Zona Arqueológica de Cuajilote,631.0,0.0,631.0,2001-11-01
2001,11,3220012,Zona Arqueológica de Cuauhtochco,0.0,0.0,0.0,2001-11-01
2001,11,3120030,Zona Arqueológica de Cuyuxquihui,0.0,0.0,0.0,2001-11-01
2001,11,3110016,Zona Arqueológica de El Tajín,25600.0,5325.0,30925.0,2001-11-01
2001,11,3120068,Zona Arqueológica de Las Higueras con museo de sitio,4.0,1.0,5.0,2001-11-01
2001,11,3220014,Zona Arqueológica de Las Limas,4.0,0.0,4.0,2001-11-01
2001,11,3120088,Zona Arqueológica de Quiahuitztlán,1062.0,40.0,1102.0,2001-11-01
2001,11,3120093,Zona Arqueológica de San Lorenzo Tenochtitlan con museo de sitio,132.0,5.0,137.0,2001-11-01
2001,11,3120123,Zona Arqueológica de Vega de la Peña,134.0,0.0,134.0,2001-11-01
2001,12,3120012,Zona Arqueológica de Cempoala con museo de sitio,5768.0,483.0,6251.0,2001-12-01
2001,12,3120024,Zona Arqueológica de Cuajilote,347.0,5.0,352.0,2001-12-01
2001,12,3220012,Zona Arqueológica de Cuauhtochco,0.0,0.0,0.0,2001-12-01
2001,12,3120030,Zona Arqueológica de Cuyuxquihui,100.0,0.0,100.0,2001-12-01
2001,12,3110016,Zona Arqueológica de El Tajín,30115.0,9397.0,39512.0,2001-12-01
2001,12,3120068,Zona Arqueológica de Las Higueras con museo de sitio,59.0,12.0,71.0,2001-12-01
2001,12,3220014,Zona Arqueológica de Las Limas,7.0,0.0,7.0,2001-12-01
2001,12,3120088,Zona Arqueológica de Quiahuitztlán,1164.0,52.0,1216.0,2001-12-01
2001,12,3120093,Zona Arqueológica de San Lorenzo Tenochtitlan con museo de sitio,260.0,8.0,268.0,2001-12-01
2001,12,3120123,Zona Arqueológica de Vega de la Peña,105.0,6.0,111.0,2001-12-01
2002,1,3120011,Zona Arqueológica de Castillo de Teayo con museo de sitio,252.0,1.0,253.0,2002-01-01
2002,1,3120012,Zona Arqueológica de Cempoala con museo de sitio,3619.0,323.0,3942.0,2002-01-01
2002,1,3120024,Zona Arqueológica de Cuajilote,95.0,2.0,97.0,2002-01-01
2002,1,3220012,Zona Arqueológica de Cuauhtochco,24.0,0.0,24.0,2002-01-01
2002,1,3120030,Zona Arqueológica de Cuyuxquihui,92.0,0.0,92.0,2002-01-01
2002,1,3110016,Zona Arqueológica de El Tajín,25734.0,4101.0,29835.0,2002-01-01
2002,1,3120068,Zona Arqueológica de Las Higueras con museo de sitio,24.0,0.0,24.0,2002-01-01
2002,1,3120088,Zona Arqueológica de Quiahuitztlán,884.0,100.0,984.0,2002-01-01
2002,1,3120093,Zona Arqueológica de San Lorenzo Tenochtitlan con museo de sitio,223.0,5.0,228.0,2002-01-01
2002,1,3120123,Zona Arqueológica de Vega de la Peña,39.0,0.0,39.0,2002-01-01
2002,2,3120011,Zona Arqueológica de Castillo de Teayo con museo de sitio,205.0,38.0,243.0,2002-02-01
2002,2,3120012,Zona Arqueológica de Cempoala con museo de sitio,4230.0,345.0,4575.0,2002-02-01
2002,2,3120024,Zona Arqueológica de Cuajilote,135.0,10.0,145.0,2002-02-01
2002,2,3220012,Zona Arqueológica de Cuauhtochco,32.0,0.0,32.0,2002-02-01
2002,2,3120030,Zona Arqueológica de Cuyuxquihui,60.0,0.0,60.0,2002-02-01
2002,2,3110016,Zona Arqueológica de El Tajín,17797.0,3454.0,21251.0,2002-02-01
2002,2,3120068,Zona Arqueológica de Las Higueras con museo de sitio,9.0,6.0,15.0,2002-02-01
2002,2,3120088,Zona Arqueológica de Quiahuitztlán,925.0,143.0,1068.0,2002-02-01
2002,2,3120093,Zona Arqueológica de San Lorenzo Tenochtitlan con museo de sitio,320.0,165.0,485.0,2002-02-01
2002,2,3120123,Zona Arqueológica de Vega de la Peña,28.0,1.0,29.0,2002-02-01
2002,3,3120011,Zona Arqueológica de Castillo de Teayo con museo de sitio,494.0,11.0,505.0,2002-03-01
2002,3,3120012,Zona Arqueológica de Cempoala con museo de sitio,14236.0,1112.0,15348.0,2002-03-01
2002,3,3120024,Zona Arqueológica de Cuajilote,813.0,42.0,855.0,2002-03-01
2002,3,3220012,Zona Arqueológica de Cuauhtochco,125.0,0.0,125.0,2002-03-01
2002,3,3120030,Zona Arqueológica de Cuyuxquihui,1212.0,0.0,1212.0,2002-03-01
2002,3,3110016,Zona Arqueológica de El Tajín,196051.0,18507.0,214558.0,2002-03-01
2002,3,3120068,Zona Arqueológica de Las Higueras con museo de sitio,112.0,33.0,145.0,2002-03-01
2002,3,3120088,Zona Arqueológica de Quiahuitztlán,2802.0,124.0,2926.0,2002-03-01
2002,3,3120093,Zona Arqueológica de San Lorenzo Tenochtitlan con museo de sitio,836.0,6.0,842.0,2002-03-01
2002,3,3120123,Zona Arqueológica de Vega de la Peña,345.0,8.0,353.0,2002-03-01
2002,4,3120011,Zona Arqueológica de Castillo de Teayo con museo de sitio,274.0,1.0,275.0,2002-04-01
2002,4,3120012,Zona Arqueológica de Cempoala con museo de sitio,6896.0,322.0,7218.0,2002-04-01
2002,4,3120024,Zona Arqueológica de Cuajilote,613.0,0.0,613.0,2002-04-01
2002,4,3220012,Zona Arqueológica de Cuauhtochco,30.0,0.0,30.0,2002-04-01
2002,4,3120030,Zona Arqueológica de Cuyuxquihui,142.0,0.0,142.0,2002-04-01
2002,4,3110016,Zona Arqueológica de El Tajín,34073.0,4492.0,38565.0,2002-04-01
2002,4,3120068,Zona Arqueológica de Las Higueras con museo de sitio,62.0,0.0,62.0,2002-04-01
2002,4,3120088,Zona Arqueológica de Quiahuitztlán,1437.0,77.0,1514.0,2002-04-01
2002,4,3120093,Zona Arqueológica de San Lorenzo Tenochtitlan con museo de sitio,687.0,7.0,694.0,2002-04-01
2002,4,3120123,Zona Arqueológica de Vega de la Peña,128.0,0.0,128.0,2002-04-01
2002,5,3120011,Zona Arqueológica de Castillo de Teayo con museo de sitio,105.0,2.0,107.0,2002-05-01
2002,5,3120012,Zona Arqueológica de Cempoala con museo de sitio,7164.0,316.0,7480.0,2002-05-01
2002,5,3120024,Zona Arqueológica de Cuajilote,158.0,3.0,161.0,2002-05-01
2002,5,3220012,Zona Arqueológica de Cuauhtochco,35.0,0.0,35.0,2002-05-01
2002,5,3120030,Zona Arqueológica de Cuyuxquihui,182.0,0.0,182.0,2002-05-01
2002,5,3110016,Zona Arqueológica de El Tajín,57000.0,4300.0,61300.0,2002-05-01
2002,5,3120068,Zona Arqueológica de Las Higueras con museo de sitio,19.0,0.0,19.0,2002-05-01
2002,5,3120088,Zona Arqueológica de Quiahuitztlán,1109.0,117.0,1226.0,2002-05-01
2002,5,3120093,Zona Arqueológica de San Lorenzo Tenochtitlan con museo de sitio,281.0,0.0,281.0,2002-05-01
2002,5,3120123,Zona Arqueológica de Vega de la Peña,51.0,4.0,55.0,2002-05-01
2002,6,3120011,Zona Arqueológica de Castillo de Teayo con museo de sitio,195.0,4.0,199.0,2002-06-01
2002,6,3120012,Zona Arqueológica de Cempoala con museo de sitio,8152.0,223.0,8375.0,2002-06-01
2002,6,3120024,Zona Arqueológica de Cuajilote,171.0,17.0,188.0,2002-06-01
2002,6,3220012,Zona Arqueológica de Cuauhtochco,15.0,0.0,15.0,2002-06-01
2002,6,3120030,Zona Arqueológica de Cuyuxquihui,30.0,0.0,30.0,2002-06-01
2002,6,3110016,Zona Arqueológica de El Tajín,21571.0,2117.0,23688.0,2002-06-01
2002,6,3120068,Zona Arqueológica de Las Higueras con museo de sitio,30.0,4.0,34.0,2002-06-01
2002,6,3120088,Zona Arqueológica de Quiahuitztlán,1197.0,195.0,1392.0,2002-06-01
2002,6,3120093,Zona Arqueológica de San Lorenzo Tenochtitlan con museo de sitio,174.0,2.0,176.0,2002-06-01
2002,6,3120123,Zona Arqueológica de Vega de la Peña,75.0,25.0,100.0,2002-06-01
2002,7,3120011,Zona Arqueológica de Castillo de Teayo con museo de sitio,348.0,2.0,350.0,2002-07-01
2002,7,3120012,Zona Arqueológica de Cempoala con museo de sitio,6237.0,315.0,6552.0,2002-07-01
2002,7,3120024,Zona Arqueológica de Cuajilote,647.0,12.0,659.0,2002-07-01
2002,7,3220012,Zona Arqueológica de Cuauhtochco,17.0,0.0,17.0,2002-07-01
2002,7,3120030,Zona Arqueológica de Cuyuxquihui,70.0,0.0,70.0,2002-07-01
2002,7,3110016,Zona Arqueológica de El Tajín,67622.0,10742.0,78364.0,2002-07-01
2002,7,3120068,Zona Arqueológica de Las Higueras con museo de sitio,47.0,17.0,64.0,2002-07-01
2002,7,3120088,Zona Arqueológica de Quiahuitztlán,1668.0,66.0,1734.0,2002-07-01
2002,7,3120093,Zona Arqueológica de San Lorenzo Tenochtitlan con museo de sitio,303.0,3.0,306.0,2002-07-01
2002,7,3120123,Zona Arqueológica de Vega de la Peña,192.0,3.0,195.0,2002-07-01
2002,8,3120011,Zona Arqueológica de Castillo de Teayo con museo de sitio,290.0,1.0,291.0,2002-08-01
2002,8,3120012,Zona Arqueológica de Cempoala con museo de sitio,4951.0,212.0,5163.0,2002-08-01
2002,8,3120024,Zona Arqueológica de Cuajilote,340.0,0.0,340.0,2002-08-01
2002,8,3220012,Zona Arqueológica de Cuauhtochco,26.0,0.0,26.0,2002-08-01
2002,8,3120030,Zona Arqueológica de Cuyuxquihui,50.0,0.0,50.0,2002-08-01
2002,8,3110016,Zona Arqueológica de El Tajín,37444.0,3842.0,41286.0,2002-08-01
2002,8,3120068,Zona Arqueológica de Las Higueras con museo de sitio,78.0,0.0,78.0,2002-08-01
2002,8,3120088,Zona Arqueológica de Quiahuitztlán,1709.0,53.0,1762.0,2002-08-01
2002,8,3120093,Zona Arqueológica de San Lorenzo Tenochtitlan con museo de sitio,273.0,0.0,273.0,2002-08-01
2002,8,3120123,Zona Arqueológica de Vega de la Peña,65.0,2.0,67.0,2002-08-01
2002,9,3120011,Zona Arqueológica de Castillo de Teayo con museo de sitio,119.0,0.0,119.0,2002-09-01
2002,9,3120012,Zona Arqueológica de Cempoala con museo de sitio,4003.0,186.0,4189.0,2002-09-01
2002,9,3120024,Zona Arqueológica de Cuajilote,274.0,7.0,281.0,2002-09-01
2002,9,3220012,Zona Arqueológica de Cuauhtochco,35.0,0.0,35.0,2002-09-01
2002,9,3120030,Zona Arqueológica de Cuyuxquihui,18.0,0.0,18.0,2002-09-01
2002,9,3110016,Zona Arqueológica de El Tajín,18485.0,1832.0,20317.0,2002-09-01
2002,9,3120068,Zona Arqueológica de Las Higueras con museo de sitio,8.0,1.0,9.0,2002-09-01
2002,9,3120088,Zona Arqueológica de Quiahuitztlán,809.0,22.0,831.0,2002-09-01
2002,9,3120093,Zona Arqueológica de San Lorenzo Tenochtitlan con museo de sitio,125.0,38.0,163.0,2002-09-01
2002,9,3120123,Zona Arqueológica de Vega de la Peña,144.0,1.0,145.0,2002-09-01
2002,10,3120011,Zona Arqueológica de Castillo de Teayo con museo de sitio,272.0,1.0,273.0,2002-10-01
2002,10,3120012,Zona Arqueológica de Cempoala con museo de sitio,3802.0,132.0,3934.0,2002-10-01
2002,10,3120024,Zona Arqueológica de Cuajilote,224.0,26.0,250.0,2002-10-01
2002,10,3220012,Zona Arqueológica de Cuauhtochco,4.0,0.0,4.0,2002-10-01
2002,10,3120030,Zona Arqueológica de Cuyuxquihui,83.0,0.0,83.0,2002-10-01
2002,10,3110016,Zona Arqueológica de El Tajín,17271.0,1852.0,19123.0,2002-10-01
2002,10,3120068,Zona Arqueológica de Las Higueras con museo de sitio,49.0,5.0,54.0,2002-10-01
2002,10,3120088,Zona Arqueológica de Quiahuitztlán,878.0,60.0,938.0,2002-10-01
2002,10,3120093,Zona Arqueológica de San Lorenzo Tenochtitlan con museo de sitio,223.0,0.0,223.0,2002-10-01
2002,10,3120123,Zona Arqueológica de Vega de la Peña,68.0,16.0,84.0,2002-10-01
2002,11,3120011,Zona Arqueológica de Castillo de Teayo con museo de sitio,190.0,5.0,195.0,2002-11-01
2002,11,3120012,Zona Arqueológica de Cempoala con museo de sitio,4651.0,218.0,4869.0,2002-11-01
2002,11,3120024,Zona Arqueológica de Cuajilote,220.0,5.0,225.0,2002-11-01
2002,11,3220012,Zona Arqueológica de Cuauhtochco,0.0,0.0,0.0,2002-11-01
2002,11,3120030,Zona Arqueológica de Cuyuxquihui,20.0,0.0,20.0,2002-11-01
2002,11,3110016,Zona Arqueológica de El Tajín,19221.0,1722.0,20943.0,2002-11-01
2002,11,3120068,Zona Arqueológica de Las Higueras con museo de sitio,62.0,3.0,65.0,2002-11-01
2002,11,3120088,Zona Arqueológica de Quiahuitztlán,1328.0,146.0,1474.0,2002-11-01
2002,11,3120093,Zona Arqueológica de San Lorenzo Tenochtitlan con museo de sitio,233.0,2.0,235.0,2002-11-01
2002,11,3120123,Zona Arqueológica de Vega de la Peña,60.0,2.0,62.0,2002-11-01
2002,12,3120011,Zona Arqueológica de Castillo de Teayo con museo de sitio,188.0,7.0,195.0,2002-12-01
2002,12,3120012,Zona Arqueológica de Cempoala con museo de sitio,6503.0,436.0,6939.0,2002-12-01
2002,12,3120024,Zona Arqueológica de Cuajilote,386.0,4.0,390.0,2002-12-01
2002,12,3220012,Zona Arqueológica de Cuauhtochco,9.0,0.0,9.0,2002-12-01
2002,12,3120030,Zona Arqueológica de Cuyuxquihui,50.0,0.0,50.0,2002-12-01
2002,12,3110016,Zona Arqueológica de El Tajín,56145.0,4533.0,60678.0,2002-12-01
2002,12,3120068,Zona Arqueológica de Las Higueras con museo de sitio,153.0,3.0,156.0,2002-12-01
2002,12,3120088,Zona Arqueológica de Quiahuitztlán,1517.0,80.0,1597.0,2002-12-01
2002,12,3120093,Zona Arqueológica de San Lorenzo Tenochtitlan con museo de sitio,295.0,9.0,304.0,2002-12-01
2002,12,3120123,Zona Arqueológica de Vega de la Peña,58.0,2.0,60.0,2002-12-01
2003,1,3120012,Zona Arqueológica de Cempoala con museo de sitio,3473.0,586.0,4059.0,2003-01-01
2003,1,3120024,Zona Arqueológica de Cuajilote,286.0,10.0,296.0,2003-01-01
2003,1,3220012,Zona Arqueológica de Cuauhtochco,59.0,0.0,59.0,2003-01-01
2003,1,3120030,Zona Arqueológica de Cuyuxquihui,132.0,0.0,132.0,2003-01-01
2003,1,3110016,Zona Arqueológica de El Tajín,50655.0,3425.0,54080.0,2003-01-01
2003,1,3120068,Zona Arqueológica de Las Higueras con museo de sitio,62.0,4.0,66.0,2003-01-01
2003,1,3120088,Zona Arqueológica de Quiahuitztlán,1126.0,155.0,1281.0,2003-01-01
2003,1,3120093,Zona Arqueológica de San Lorenzo Tenochtitlan con museo de sitio,189.0,7.0,196.0,2003-01-01
2003,1,3120123,Zona Arqueológica de Vega de la Peña,61.0,0.0,61.0,2003-01-01
2003,2,3120012,Zona Arqueológica de Cempoala con museo de sitio,3560.0,324.0,3884.0,2003-02-01
2003,2,3120024,Zona Arqueológica de Cuajilote,111.0,0.0,111.0,2003-02-01
2003,2,3220012,Zona Arqueológica de Cuauhtochco,45.0,0.0,45.0,2003-02-01
2003,2,3120030,Zona Arqueológica de Cuyuxquihui,95.0,0.0,95.0,2003-02-01
2003,2,3110016,Zona Arqueológica de El Tajín,19697.0,2298.0,21995.0,2003-02-01
2003,2,3120068,Zona Arqueológica de Las Higueras con museo de sitio,34.0,6.0,40.0,2003-02-01
2003,2,3120088,Zona Arqueológica de Quiahuitztlán,1141.0,130.0,1271.0,2003-02-01
2003,2,3120093,Zona Arqueológica de San Lorenzo Tenochtitlan con museo de sitio,315.0,15.0,330.0,2003-02-01
2003,2,3120123,Zona Arqueológica de Vega de la Peña,35.0,5.0,40.0,2003-02-01
2003,3,3120012,Zona Arqueológica de Cempoala con museo de sitio,11431.0,723.0,12154.0,2003-03-01
2003,3,3120024,Zona Arqueológica de Cuajilote,508.0,4.0,512.0,2003-03-01
2003,3,3220012,Zona Arqueológica de Cuauhtochco,54.0,0.0,54.0,2003-03-01
2003,3,3120030,Zona Arqueológica de Cuyuxquihui,470.0,0.0,470.0,2003-03-01
2003,3,3110016,Zona Arqueológica de El Tajín,77088.0,3946.0,81034.0,2003-03-01
2003,3,3120068,Zona Arqueológica de Las Higueras con museo de sitio,148.0,0.0,148.0,2003-03-01
2003,3,3120088,Zona Arqueológica de Quiahuitztlán,1631.0,87.0,1718.0,2003-03-01
2003,3,3120093,Zona Arqueológica de San Lorenzo Tenochtitlan con museo de sitio,404.0,6.0,410.0,2003-03-01
2003,3,3120123,Zona Arqueológica de Vega de la Peña,98.0,0.0,98.0,2003-03-01
2003,4,3120012,Zona Arqueológica de Cempoala con museo de sitio,9051.0,643.0,9694.0,2003-04-01
2003,4,3120024,Zona Arqueológica de Cuajilote,1397.0,4.0,1401.0,2003-04-01
2003,4,3220012,Zona Arqueológica de Cuauhtochco,37.0,0.0,37.0,2003-04-01
2003,4,3120030,Zona Arqueológica de Cuyuxquihui,354.0,0.0,354.0,2003-04-01
2003,4,3110016,Zona Arqueológica de El Tajín,106977.0,5683.0,112660.0,2003-04-01
2003,4,3120068,Zona Arqueológica de Las Higueras con museo de sitio,135.0,12.0,147.0,2003-04-01
2003,4,3120088,Zona Arqueológica de Quiahuitztlán,2356.0,42.0,2398.0,2003-04-01
2003,4,3120093,Zona Arqueológica de San Lorenzo Tenochtitlan con museo de sitio,629.0,3.0,632.0,2003-04-01
2003,4,3120123,Zona Arqueológica de Vega de la Peña,270.0,4.0,274.0,2003-04-01
2003,5,3120012,Zona Arqueológica de Cempoala con museo de sitio,5840.0,285.0,6125.0,2003-05-01
2003,5,3120024,Zona Arqueológica de Cuajilote,286.0,5.0,291.0,2003-05-01
2003,5,3220012,Zona Arqueológica de Cuauhtochco,44.0,0.0,44.0,2003-05-01
2003,5,3120030,Zona Arqueológica de Cuyuxquihui,56.0,2.0,58.0,2003-05-01
2003,5,3110016,Zona Arqueológica de El Tajín,44370.0,3212.0,47582.0,2003-05-01
2003,5,3120068,Zona Arqueológica de Las Higueras con museo de sitio,38.0,0.0,38.0,2003-05-01
2003,5,3120088,Zona Arqueológica de Quiahuitztlán,1598.0,53.0,1651.0,2003-05-01
2003,5,3120093,Zona Arqueológica de San Lorenzo Tenochtitlan con museo de sitio,412.0,6.0,418.0,2003-05-01
2003,5,3120123,Zona Arqueológica de Vega de la Peña,68.0,2.0,70.0,2003-05-01
2003,6,3120012,Zona Arqueológica de Cempoala con museo de sitio,6997.0,263.0,7260.0,2003-06-01
2003,6,3120024,Zona Arqueológica de Cuajilote,124.0,14.0,138.0,2003-06-01
2003,6,3220012,Zona Arqueológica de Cuauhtochco,19.0,0.0,19.0,2003-06-01
2003,6,3120030,Zona Arqueológica de Cuyuxquihui,100.0,0.0,100.0,2003-06-01
2003,6,3110016,Zona Arqueológica de El Tajín,23574.0,1749.0,25323.0,2003-06-01
2003,6,3120068,Zona Arqueológica de Las Higueras con museo de sitio,107.0,8.0,115.0,2003-06-01
2003,6,3120088,Zona Arqueológica de Quiahuitztlán,1454.0,163.0,1617.0,2003-06-01
2003,6,3120093,Zona Arqueológica de San Lorenzo Tenochtitlan con museo de sitio,310.0,11.0,321.0,2003-06-01
2003,6,3120123,Zona Arqueológica de Vega de la Peña,97.0,5.0,102.0,2003-06-01
2003,7,3120012,Zona Arqueológica de Cempoala con museo de sitio,5687.0,323.0,6010.0,2003-07-01
2003,7,3120024,Zona Arqueológica de Cuajilote,146.0,3.0,149.0,2003-07-01
2003,7,3220012,Zona Arqueológica de Cuauhtochco,6.0,0.0,6.0,2003-07-01
2003,7,3120030,Zona Arqueológica de Cuyuxquihui,100.0,0.0,100.0,2003-07-01
2003,7,3110016,Zona Arqueológica de El Tajín,90237.0,4865.0,95102.0,2003-07-01
2003,7,3120068,Zona Arqueológica de Las Higueras con museo de sitio,50.0,4.0,54.0,2003-07-01
2003,7,3120088,Zona Arqueológica de Quiahuitztlán,2420.0,146.0,2566.0,2003-07-01
2003,7,3120093,Zona Arqueológica de San Lorenzo Tenochtitlan con museo de sitio,254.0,20.0,274.0,2003-07-01
2003,7,3120123,Zona Arqueológica de Vega de la Peña,65.0,25.0,90.0,2003-07-01
2003,8,3120012,Zona Arqueológica de Cempoala con museo de sitio,3669.0,312.0,3981.0,2003-08-01
2003,8,3120024,Zona Arqueológica de Cuajilote,112.0,0.0,112.0,2003-08-01
2003,8,3220012,Zona Arqueológica de Cuauhtochco,0.0,0.0,0.0,2003-08-01
2003,8,3120030,Zona Arqueológica de Cuyuxquihui,85.0,0.0,85.0,2003-08-01
2003,8,3110016,Zona Arqueológica de El Tajín,59407.0,2685.0,62092.0,2003-08-01
2003,8,3120068,Zona Arqueológica de Las Higueras con museo de sitio,100.0,2.0,102.0,2003-08-01
2003,8,3120088,Zona Arqueológica de Quiahuitztlán,1396.0,94.0,1490.0,2003-08-01
2003,8,3120093,Zona Arqueológica de San Lorenzo Tenochtitlan con museo de sitio,202.0,10.0,212.0,2003-08-01
2003,8,3120123,Zona Arqueológica de Vega de la Peña,105.0,20.0,125.0,2003-08-01
2003,9,3120012,Zona Arqueológica de Cempoala con museo de sitio,2140.0,118.0,2258.0,2003-09-01
2003,9,3120024,Zona Arqueológica de Cuajilote,65.0,9.0,74.0,2003-09-01
2003,9,3220012,Zona Arqueológica de Cuauhtochco,0.0,0.0,0.0,2003-09-01
2003,9,3120030,Zona Arqueológica de Cuyuxquihui,100.0,0.0,100.0,2003-09-01
2003,9,3110016,Zona Arqueológica de El Tajín,27666.0,998.0,28664.0,2003-09-01
2003,9,3120068,Zona Arqueológica de Las Higueras con museo de sitio,24.0,0.0,24.0,2003-09-01
2003,9,3120088,Zona Arqueológica de Quiahuitztlán,1114.0,34.0,1148.0,2003-09-01
2003,9,3120093,Zona Arqueológica de San Lorenzo Tenochtitlan con museo de sitio,98.0,2.0,100.0,2003-09-01
2003,9,3120123,Zona Arqueológica de Vega de la Peña,64.0,0.0,64.0,2003-09-01
2003,10,3120012,Zona Arqueológica de Cempoala con museo de sitio,2150.0,112.0,2262.0,2003-10-01
2003,10,3120024,Zona Arqueológica de Cuajilote,62.0,8.0,70.0,2003-10-01
2003,10,3220012,Zona Arqueológica de Cuauhtochco,13.0,0.0,13.0,2003-10-01
2003,10,3120030,Zona Arqueológica de Cuyuxquihui,85.0,0.0,85.0,2003-10-01
2003,10,3110016,Zona Arqueológica de El Tajín,21945.0,400.0,22345.0,2003-10-01
2003,10,3120068,Zona Arqueológica de Las Higueras con museo de sitio,30.0,0.0,30.0,2003-10-01
2003,10,3120088,Zona Arqueológica de Quiahuitztlán,1224.0,177.0,1401.0,2003-10-01
2003,10,3120093,Zona Arqueológica de San Lorenzo Tenochtitlan con museo de sitio,99.0,1.0,100.0,2003-10-01
2003,10,3120123,Zona Arqueológica de Vega de la Peña,115.0,12.0,127.0,2003-10-01
2003,11,3120012,Zona Arqueológica de Cempoala con museo de sitio,3309.0,190.0,3499.0,2003-11-01
2003,11,3120024,Zona Arqueológica de Cuajilote,293.0,43.0,336.0,2003-11-01
2003,11,3220012,Zona Arqueológica de Cuauhtochco,16.0,0.0,16.0,2003-11-01
2003,11,3120030,Zona Arqueológica de Cuyuxquihui,60.0,0.0,60.0,2003-11-01
2003,11,3110016,Zona Arqueológica de El Tajín,35005.0,795.0,35800.0,2003-11-01
2003,11,3120068,Zona Arqueológica de Las Higueras con museo de sitio,104.0,8.0,112.0,2003-11-01
2003,11,3120088,Zona Arqueológica de Quiahuitztlán,1701.0,118.0,1819.0,2003-11-01
2003,11,3120093,Zona Arqueológica de San Lorenzo Tenochtitlan con museo de sitio,100.0,2.0,102.0,2003-11-01
2003,11,3120123,Zona Arqueológica de Vega de la Peña,188.0,8.0,196.0,2003-11-01
2003,12,3120012,Zona Arqueológica de Cempoala con museo de sitio,4961.0,225.0,5186.0,2003-12-01
2003,12,3120024,Zona Arqueológica de Cuajilote,238.0,17.0,255.0,2003-12-01
2003,12,3220012,Zona Arqueológica de Cuauhtochco,0.0,0.0,0.0,2003-12-01
2003,12,3120030,Zona Arqueológica de Cuyuxquihui,250.0,0.0,250.0,2003-12-01
2003,12,3110016,Zona Arqueológica de El Tajín,95599.0,2848.0,98447.0,2003-12-01
2003,12,3120068,Zona Arqueológica de Las Higueras con museo de sitio,12.0,0.0,12.0,2003-12-01
2003,12,3120088,Zona Arqueológica de Quiahuitztlán,1846.0,120.0,1966.0,2003-12-01
2003,12,3120093,Zona Arqueológica de San Lorenzo Tenochtitlan con museo de sitio,196.0,24.0,220.0,2003-12-01
2003,12,3120123,Zona Arqueológica de Vega de la Peña,94.0,0.0,94.0,2003-12-01
2004,1,3120012,Zona Arqueológica de Cempoala con museo de sitio,3845.0,175.0,4020.0,2004-01-01
2004,1,3120024,Zona Arqueológica de Cuajilote,400.0,18.0,418.0,2004-01-01
2004,1,3220012,Zona Arqueológica de Cuauhtochco,0.0,0.0,0.0,2004-01-01
2004,1,3120030,Zona Arqueológica de Cuyuxquihui,430.0,0.0,430.0,2004-01-01
2004,1,3110016,Zona Arqueológica de El Tajín,16600.0,1788.0,18388.0,2004-01-01
2004,1,3120068,Zona Arqueológica de Las Higueras con museo de sitio,16.0,0.0,16.0,2004-01-01
2004,1,3120088,Zona Arqueológica de Quiahuitztlán,1267.0,164.0,1431.0,2004-01-01
2004,1,3120093,Zona Arqueológica de San Lorenzo Tenochtitlan con museo de sitio,242.0,5.0,247.0,2004-01-01
2004,1,3120123,Zona Arqueológica de Vega de la Peña,54.0,0.0,54.0,2004-01-01
2004,2,3120012,Zona Arqueológica de Cempoala con museo de sitio,4404.0,263.0,4667.0,2004-02-01
2004,2,3120024,Zona Arqueológica de Cuajilote,127.0,15.0,142.0,2004-02-01
2004,2,3220012,Zona Arqueológica de Cuauhtochco,8.0,0.0,8.0,2004-02-01
2004,2,3120030,Zona Arqueológica de Cuyuxquihui,100.0,0.0,100.0,2004-02-01
2004,2,3110016,Zona Arqueológica de El Tajín,26641.0,1342.0,27983.0,2004-02-01
2004,2,3120068,Zona Arqueológica de Las Higueras con museo de sitio,38.0,0.0,38.0,2004-02-01
2004,2,3120088,Zona Arqueológica de Quiahuitztlán,1084.0,80.0,1164.0,2004-02-01
2004,2,3120093,Zona Arqueológica de San Lorenzo Tenochtitlan con museo de sitio,169.0,4.0,173.0,2004-02-01
2004,2,3120123,Zona Arqueológica de Vega de la Peña,36.0,11.0,47.0,2004-02-01
2004,3,3120012,Zona Arqueológica de Cempoala con museo de sitio,11762.0,423.0,12185.0,2004-03-01
2004,3,3120024,Zona Arqueológica de Cuajilote,425.0,14.0,439.0,2004-03-01
2004,3,3220012,Zona Arqueológica de Cuauhtochco,10.0,0.0,10.0,2004-03-01
2004,3,3120030,Zona Arqueológica de Cuyuxquihui,228.0,2.0,230.0,2004-03-01
2004,3,3110016,Zona Arqueológica de El Tajín,90371.0,6334.0,96705.0,2004-03-01
2004,3,3120068,Zona Arqueológica de Las Higueras con museo de sitio,40.0,2.0,42.0,2004-03-01
2004,3,3120088,Zona Arqueológica de Quiahuitztlán,1627.0,91.0,1718.0,2004-03-01
2004,3,3120093,Zona Arqueológica de San Lorenzo Tenochtitlan con museo de sitio,336.0,16.0,352.0,2004-03-01
2004,3,3120123,Zona Arqueológica de Vega de la Peña,58.0,15.0,73.0,2004-03-01
2004,4,3120012,Zona Arqueológica de Cempoala con museo de sitio,8584.0,523.0,9107.0,2004-04-01
2004,4,3120024,Zona Arqueológica de Cuajilote,731.0,1.0,732.0,2004-04-01
2004,4,3220012,Zona Arqueológica de Cuauhtochco,111.0,0.0,111.0,2004-04-01
2004,4,3120030,Zona Arqueológica de Cuyuxquihui,364.0,6.0,370.0,2004-04-01
2004,4,3110016,Zona Arqueológica de El Tajín,117721.0,2983.0,120704.0,2004-04-01
2004,4,3120068,Zona Arqueológica de Las Higueras con museo de sitio,113.0,1.0,114.0,2004-04-01
2004,4,3120088,Zona Arqueológica de Quiahuitztlán,1610.0,88.0,1698.0,2004-04-01
2004,4,3120093,Zona Arqueológica de San Lorenzo Tenochtitlan con museo de sitio,1079.0,8.0,1087.0,2004-04-01
2004,4,3120123,Zona Arqueológica de Vega de la Peña,264.0,2.0,266.0,2004-04-01
2004,5,3120012,Zona Arqueológica de Cempoala con museo de sitio,6904.0,368.0,7272.0,2004-05-01
2004,5,3120024,Zona Arqueológica de Cuajilote,88.0,0.0,88.0,2004-05-01
2004,5,3220012,Zona Arqueológica de Cuauhtochco,89.0,0.0,89.0,2004-05-01
2004,5,3120030,Zona Arqueológica de Cuyuxquihui,190.0,0.0,190.0,2004-05-01
2004,5,3110016,Zona Arqueológica de El Tajín,34210.0,636.0,34846.0,2004-05-01
2004,5,3120068,Zona Arqueológica de Las Higueras con museo de sitio,106.0,0.0,106.0,2004-05-01
2004,5,3120088,Zona Arqueológica de Quiahuitztlán,1823.0,137.0,1960.0,2004-05-01
2004,5,3120093,Zona Arqueológica de San Lorenzo Tenochtitlan con museo de sitio,471.0,6.0,477.0,2004-05-01
2004,5,3120123,Zona Arqueológica de Vega de la Peña,50.0,0.0,50.0,2004-05-01
2004,6,3120012,Zona Arqueológica de Cempoala con museo de sitio,7228.0,235.0,7463.0,2004-06-01
2004,6,3120024,Zona Arqueológica de Cuajilote,156.0,10.0,166.0,2004-06-01
2004,6,3220012,Zona Arqueológica de Cuauhtochco,6.0,0.0,6.0,2004-06-01
2004,6,3120030,Zona Arqueológica de Cuyuxquihui,120.0,0.0,120.0,2004-06-01
2004,6,3110016,Zona Arqueológica de El Tajín,35069.0,1744.0,36813.0,2004-06-01
2004,6,3120068,Zona Arqueológica de Las Higueras con museo de sitio,98.0,1.0,99.0,2004-06-01
2004,6,3120088,Zona Arqueológica de Quiahuitztlán,1784.0,275.0,2059.0,2004-06-01
2004,6,3120093,Zona Arqueológica de San Lorenzo Tenochtitlan con museo de sitio,163.0,2.0,165.0,2004-06-01
2004,6,3120123,Zona Arqueológica de Vega de la Peña,56.0,10.0,66.0,2004-06-01
2004,7,3120012,Zona Arqueológica de Cempoala con museo de sitio,7327.0,310.0,7637.0,2004-07-01
2004,7,3120024,Zona Arqueológica de Cuajilote,181.0,42.0,223.0,2004-07-01
2004,7,3220012,Zona Arqueológica de Cuauhtochco,6.0,0.0,6.0,2004-07-01
2004,7,3120030,Zona Arqueológica de Cuyuxquihui,300.0,0.0,300.0,2004-07-01
2004,7,3110016,Zona Arqueológica de El Tajín,140864.0,2622.0,143486.0,2004-07-01
2004,7,3120068,Zona Arqueológica de Las Higueras con museo de sitio,38.0,0.0,38.0,2004-07-01
2004,7,3120088,Zona Arqueológica de Quiahuitztlán,3715.0,126.0,3841.0,2004-07-01
2004,7,3120093,Zona Arqueológica de San Lorenzo Tenochtitlan con museo de sitio,305.0,1.0,306.0,2004-07-01
2004,7,3120123,Zona Arqueológica de Vega de la Peña,68.0,35.0,103.0,2004-07-01
2004,8,3120012,Zona Arqueológica de Cempoala con museo de sitio,3917.0,125.0,4042.0,2004-08-01
2004,8,3120024,Zona Arqueológica de Cuajilote,323.0,28.0,351.0,2004-08-01
2004,8,3220012,Zona Arqueológica de Cuauhtochco,16.0,0.0,16.0,2004-08-01
2004,8,3120030,Zona Arqueológica de Cuyuxquihui,250.0,0.0,250.0,2004-08-01
2004,8,3110016,Zona Arqueológica de El Tajín,142560.0,5313.0,147873.0,2004-08-01
2004,8,3120068,Zona Arqueológica de Las Higueras con museo de sitio,90.0,90.0,180.0,2004-08-01
2004,8,3120088,Zona Arqueológica de Quiahuitztlán,2108.0,134.0,2242.0,2004-08-01
2004,8,3120093,Zona Arqueológica de San Lorenzo Tenochtitlan con museo de sitio,194.0,2.0,196.0,2004-08-01
2004,8,3120123,Zona Arqueológica de Vega de la Peña,35.0,20.0,55.0,2004-08-01
2004,9,3120012,Zona Arqueológica de Cempoala con museo de sitio,3374.0,123.0,3497.0,2004-09-01
2004,9,3120024,Zona Arqueológica de Cuajilote,145.0,15.0,160.0,2004-09-01
2004,9,3220012,Zona Arqueológica de Cuauhtochco,11.0,0.0,11.0,2004-09-01
2004,9,3120030,Zona Arqueológica de Cuyuxquihui,150.0,0.0,150.0,2004-09-01
2004,9,3110016,Zona Arqueológica de El Tajín,114217.0,0.0,114217.0,2004-09-01
2004,9,3120068,Zona Arqueológica de Las Higueras con museo de sitio,34.0,0.0,34.0,2004-09-01
2004,9,3120088,Zona Arqueológica de Quiahuitztlán,1192.0,51.0,1243.0,2004-09-01
2004,9,3120093,Zona Arqueológica de San Lorenzo Tenochtitlan con museo de sitio,294.0,0.0,294.0,2004-09-01
2004,9,3120123,Zona Arqueológica de Vega de la Peña,64.0,0.0,64.0,2004-09-01
2004,10,3120012,Zona Arqueológica de Cempoala con museo de sitio,5146.0,138.0,5284.0,2004-10-01
2004,10,3120024,Zona Arqueológica de Cuajilote,37.0,6.0,43.0,2004-10-01
2004,10,3220012,Zona Arqueológica de Cuauhtochco,12.0,0.0,12.0,2004-10-01
2004,10,3120030,Zona Arqueológica de Cuyuxquihui,90.0,0.0,90.0,2004-10-01
2004,10,3110016,Zona Arqueológica de El Tajín,32889.0,565.0,33454.0,2004-10-01
2004,10,3120068,Zona Arqueológica de Las Higueras con museo de sitio,150.0,0.0,150.0,2004-10-01
2004,10,3120088,Zona Arqueológica de Quiahuitztlán,2238.0,86.0,2324.0,2004-10-01
2004,10,3120093,Zona Arqueológica de San Lorenzo Tenochtitlan con museo de sitio,113.0,4.0,117.0,2004-10-01
2004,10,3120123,Zona Arqueológica de Vega de la Peña,35.0,5.0,40.0,2004-10-01
2004,11,3120012,Zona Arqueológica de Cempoala con museo de sitio,4551.0,152.0,4703.0,2004-11-01
2004,11,3120024,Zona Arqueológica de Cuajilote,257.0,10.0,267.0,2004-11-01
2004,11,3220012,Zona Arqueológica de Cuauhtochco,1.0,0.0,1.0,2004-11-01
2004,11,3120030,Zona Arqueológica de Cuyuxquihui,150.0,0.0,150.0,2004-11-01
2004,11,3110016,Zona Arqueológica de El Tajín,39063.0,895.0,39958.0,2004-11-01
2004,11,3120068,Zona Arqueológica de Las Higueras con museo de sitio,23.0,7.0,30.0,2004-11-01
2004,11,3120088,Zona Arqueológica de Quiahuitztlán,1351.0,644.0,1995.0,2004-11-01
2004,11,3120093,Zona Arqueológica de San Lorenzo Tenochtitlan con museo de sitio,185.0,4.0,189.0,2004-11-01
2004,11,3120123,Zona Arqueológica de Vega de la Peña,21.0,1.0,22.0,2004-11-01
2004,12,3120012,Zona Arqueológica de Cempoala con museo de sitio,4664.0,421.0,5085.0,2004-12-01
2004,12,3120024,Zona Arqueológica de Cuajilote,137.0,12.0,149.0,2004-12-01
2004,12,3220012,Zona Arqueológica de Cuauhtochco,15.0,0.0,15.0,2004-12-01
2004,12,3120030,Zona Arqueológica de Cuyuxquihui,100.0,0.0,100.0,2004-12-01
2004,12,3110016,Zona Arqueológica de El Tajín,68385.0,5825.0,74210.0,2004-12-01
2004,12,3120068,Zona Arqueológica de Las Higueras con museo de sitio,82.0,0.0,82.0,2004-12-01
2004,12,3120088,Zona Arqueológica de Quiahuitztlán,1336.0,70.0,1406.0,2004-12-01
2004,12,3120093,Zona Arqueológica de San Lorenzo Tenochtitlan con museo de sitio,269.0,4.0,273.0,2004-12-01
2004,12,3120123,Zona Arqueológica de Vega de la Peña,18.0,4.0,22.0,2004-12-01
2005,1,3120011,Zona Arqueológica de Castillo de Teayo con museo de sitio,291.0,39.0,330.0,2005-01-01
2005,1,3120012,Zona Arqueológica de Cempoala con museo de sitio,3137.0,225.0,3362.0,2005-01-01
2005,1,3120024,Zona Arqueológica de Cuajilote,364.0,1.0,365.0,2005-01-01
2005,1,3220012,Zona Arqueológica de Cuauhtochco,11.0,0.0,11.0,2005-01-01
2005,1,3120030,Zona Arqueológica de Cuyuxquihui,380.0,0.0,380.0,2005-01-01
2005,1,3110016,Zona Arqueológica de El Tajín,23700.0,325.0,24025.0,2005-01-01
2005,1,3120068,Zona Arqueológica de Las Higueras con museo de sitio,23.0,2.0,25.0,2005-01-01
2005,1,3220014,Zona Arqueológica de Las Limas,0.0,0.0,0.0,2005-01-01
2005,1,3120088,Zona Arqueológica de Quiahuitztlán,1056.0,159.0,1215.0,2005-01-01
2005,1,3120093,Zona Arqueológica de San Lorenzo Tenochtitlan con museo de sitio,145.0,38.0,183.0,2005-01-01
2005,1,3120123,Zona Arqueológica de Vega de la Peña,44.0,6.0,50.0,2005-01-01
2005,2,3120011,Zona Arqueológica de Castillo de Teayo con museo de sitio,309.0,8.0,317.0,2005-02-01
2005,2,3120012,Zona Arqueológica de Cempoala con museo de sitio,3326.0,308.0,3634.0,2005-02-01
2005,2,3120024,Zona Arqueológica de Cuajilote,71.0,8.0,79.0,2005-02-01
2005,2,3220012,Zona Arqueológica de Cuauhtochco,11.0,0.0,11.0,2005-02-01
2005,2,3120030,Zona Arqueológica de Cuyuxquihui,50.0,0.0,50.0,2005-02-01
2005,2,3110016,Zona Arqueológica de El Tajín,13350.0,800.0,14150.0,2005-02-01
2005,2,3120068,Zona Arqueológica de Las Higueras con museo de sitio,8.0,3.0,11.0,2005-02-01
2005,2,3220014,Zona Arqueológica de Las Limas,296.0,2.0,298.0,2005-02-01
2005,2,3120088,Zona Arqueológica de Quiahuitztlán,1036.0,123.0,1159.0,2005-02-01
2005,2,3120093,Zona Arqueológica de San Lorenzo Tenochtitlan con museo de sitio,163.0,17.0,180.0,2005-02-01
2005,2,3120123,Zona Arqueológica de Vega de la Peña,74.0,15.0,89.0,2005-02-01
2005,3,3120011,Zona Arqueológica de Castillo de Teayo con museo de sitio,552.0,15.0,567.0,2005-03-01
2005,3,3120012,Zona Arqueológica de Cempoala con museo de sitio,15858.0,316.0,16174.0,2005-03-01
2005,3,3120024,Zona Arqueológica de Cuajilote,1468.0,7.0,1475.0,2005-03-01
2005,3,3220012,Zona Arqueológica de Cuauhtochco,94.0,2.0,96.0,2005-03-01
2005,3,3120030,Zona Arqueológica de Cuyuxquihui,967.0,0.0,967.0,2005-03-01
2005,3,3110016,Zona Arqueológica de El Tajín,135999.0,1393.0,137392.0,2005-03-01
2005,3,3120068,Zona Arqueológica de Las Higueras con museo de sitio,89.0,0.0,89.0,2005-03-01
2005,3,3220014,Zona Arqueológica de Las Limas,527.0,9.0,536.0,2005-03-01
2005,3,3120088,Zona Arqueológica de Quiahuitztlán,2043.0,56.0,2099.0,2005-03-01
2005,3,3120093,Zona Arqueológica de San Lorenzo Tenochtitlan con museo de sitio,541.0,4.0,545.0,2005-03-01
2005,3,3120123,Zona Arqueológica de Vega de la Peña,168.0,2.0,170.0,2005-03-01
2005,4,3120011,Zona Arqueológica de Castillo de Teayo con museo de sitio,181.0,3.0,184.0,2005-04-01
2005,4,3120012,Zona Arqueológica de Cempoala con museo de sitio,5959.0,225.0,6184.0,2005-04-01
2005,4,3120024,Zona Arqueológica de Cuajilote,470.0,2.0,472.0,2005-04-01
2005,4,3220012,Zona Arqueológica de Cuauhtochco,36.0,0.0,36.0,2005-04-01
2005,4,3120030,Zona Arqueológica de Cuyuxquihui,750.0,0.0,750.0,2005-04-01
2005,4,3110016,Zona Arqueológica de El Tajín,15842.0,880.0,16722.0,2005-04-01
2005,4,3120068,Zona Arqueológica de Las Higueras con museo de sitio,36.0,0.0,36.0,2005-04-01
2005,4,3220014,Zona Arqueológica de Las Limas,326.0,4.0,330.0,2005-04-01
2005,4,3120088,Zona Arqueológica de Quiahuitztlán,2284.0,0.0,2284.0,2005-04-01
2005,4,3120093,Zona Arqueológica de San Lorenzo Tenochtitlan con museo de sitio,643.0,23.0,666.0,2005-04-01
2005,4,3120123,Zona Arqueológica de Vega de la Peña,144.0,9.0,153.0,2005-04-01
2005,5,3120011,Zona Arqueológica de Castillo de Teayo con museo de sitio,326.0,0.0,326.0,2005-05-01
2005,5,3120012,Zona Arqueológica de Cempoala con museo de sitio,7645.0,312.0,7957.0,2005-05-01
2005,5,3120024,Zona Arqueológica de Cuajilote,323.0,0.0,323.0,2005-05-01
2005,5,3220012,Zona Arqueológica de Cuauhtochco,61.0,0.0,61.0,2005-05-01
2005,5,3120030,Zona Arqueológica de Cuyuxquihui,208.0,171.0,379.0,2005-05-01
2005,5,3110016,Zona Arqueológica de El Tajín,13828.0,400.0,14228.0,2005-05-01
2005,5,3120068,Zona Arqueológica de Las Higueras con museo de sitio,83.0,0.0,83.0,2005-05-01
2005,5,3220014,Zona Arqueológica de Las Limas,209.0,1.0,210.0,2005-05-01
2005,5,3120088,Zona Arqueológica de Quiahuitztlán,1363.0,126.0,1489.0,2005-05-01
2005,5,3120093,Zona Arqueológica de San Lorenzo Tenochtitlan con museo de sitio,338.0,5.0,343.0,2005-05-01
2005,5,3120123,Zona Arqueológica de Vega de la Peña,49.0,0.0,49.0,2005-05-01
2005,6,3120011,Zona Arqueológica de Castillo de Teayo con museo de sitio,306.0,9.0,315.0,2005-06-01
2005,6,3120012,Zona Arqueológica de Cempoala con museo de sitio,7140.0,123.0,7263.0,2005-06-01
2005,6,3120024,Zona Arqueológica de Cuajilote,80.0,0.0,80.0,2005-06-01
2005,6,3220012,Zona Arqueológica de Cuauhtochco,16.0,0.0,16.0,2005-06-01
2005,6,3120030,Zona Arqueológica de Cuyuxquihui,182.0,0.0,182.0,2005-06-01
2005,6,3110016,Zona Arqueológica de El Tajín,20519.0,309.0,20828.0,2005-06-01
2005,6,3120068,Zona Arqueológica de Las Higueras con museo de sitio,93.0,1.0,94.0,2005-06-01
2005,6,3220014,Zona Arqueológica de Las Limas,201.0,0.0,201.0,2005-06-01
2005,6,3120088,Zona Arqueológica de Quiahuitztlán,1456.0,82.0,1538.0,2005-06-01
2005,6,3120093,Zona Arqueológica de San Lorenzo Tenochtitlan con museo de sitio,145.0,6.0,151.0,2005-06-01
2005,6,3120123,Zona Arqueológica de Vega de la Peña,90.0,0.0,90.0,2005-06-01
2005,7,3120011,Zona Arqueológica de Castillo de Teayo con museo de sitio,382.0,1.0,383.0,2005-07-01
2005,7,3120012,Zona Arqueológica de Cempoala con museo de sitio,6038.0,215.0,6253.0,2005-07-01
2005,7,3120024,Zona Arqueológica de Cuajilote,203.0,0.0,203.0,2005-07-01
2005,7,3220012,Zona Arqueológica de Cuauhtochco,11.0,0.0,11.0,2005-07-01
2005,7,3120030,Zona Arqueológica de Cuyuxquihui,400.0,0.0,400.0,2005-07-01
2005,7,3110016,Zona Arqueológica de El Tajín,28624.0,233.0,28857.0,2005-07-01
2005,7,3120068,Zona Arqueológica de Las Higueras con museo de sitio,30.0,1.0,31.0,2005-07-01
2005,7,3220014,Zona Arqueológica de Las Limas,267.0,16.0,283.0,2005-07-01
2005,7,3120088,Zona Arqueológica de Quiahuitztlán,1797.0,0.0,1797.0,2005-07-01
2005,7,3120093,Zona Arqueológica de San Lorenzo Tenochtitlan con museo de sitio,206.0,6.0,212.0,2005-07-01
2005,7,3120123,Zona Arqueológica de Vega de la Peña,37.0,7.0,44.0,2005-07-01
2005,8,3120011,Zona Arqueológica de Castillo de Teayo con museo de sitio,446.0,5.0,451.0,2005-08-01
2005,8,3120012,Zona Arqueológica de Cempoala con museo de sitio,4437.0,198.0,4635.0,2005-08-01
2005,8,3120024,Zona Arqueológica de Cuajilote,148.0,19.0,167.0,2005-08-01
2005,8,3220012,Zona Arqueológica de Cuauhtochco,0.0,0.0,0.0,2005-08-01
2005,8,3120030,Zona Arqueológica de Cuyuxquihui,220.0,0.0,220.0,2005-08-01
2005,8,3110016,Zona Arqueológica de El Tajín,24021.0,571.0,24592.0,2005-08-01
2005,8,3120068,Zona Arqueológica de Las Higueras con museo de sitio,113.0,11.0,124.0,2005-08-01
2005,8,3220014,Zona Arqueológica de Las Limas,277.0,9.0,286.0,2005-08-01
2005,8,3120088,Zona Arqueológica de Quiahuitztlán,1741.0,134.0,1875.0,2005-08-01
2005,8,3120093,Zona Arqueológica de San Lorenzo Tenochtitlan con museo de sitio,179.0,1.0,180.0,2005-08-01
2005,8,3120123,Zona Arqueológica de Vega de la Peña,26.0,10.0,36.0,2005-08-01
2005,9,3120011,Zona Arqueológica de Castillo de Teayo con museo de sitio,60.0,1.0,61.0,2005-09-01
2005,9,3120012,Zona Arqueológica de Cempoala con museo de sitio,3487.0,185.0,3672.0,2005-09-01
2005,9,3120024,Zona Arqueológica de Cuajilote,39.0,8.0,47.0,2005-09-01
2005,9,3220012,Zona Arqueológica de Cuauhtochco,12.0,0.0,12.0,2005-09-01
2005,9,3120030,Zona Arqueológica de Cuyuxquihui,40.0,0.0,40.0,2005-09-01
2005,9,3110016,Zona Arqueológica de El Tajín,12650.0,312.0,12962.0,2005-09-01
2005,9,3120068,Zona Arqueológica de Las Higueras con museo de sitio,10.0,0.0,10.0,2005-09-01
2005,9,3220014,Zona Arqueológica de Las Limas,179.0,0.0,179.0,2005-09-01
2005,9,3120088,Zona Arqueológica de Quiahuitztlán,1180.0,71.0,1251.0,2005-09-01
2005,9,3120093,Zona Arqueológica de San Lorenzo Tenochtitlan con museo de sitio,178.0,0.0,178.0,2005-09-01
2005,9,3120123,Zona Arqueológica de Vega de la Peña,33.0,8.0,41.0,2005-09-01
2005,10,3120011,Zona Arqueológica de Castillo de Teayo con museo de sitio,141.0,0.0,141.0,2005-10-01
2005,10,3120012,Zona Arqueológica de Cempoala con museo de sitio,2990.0,316.0,3306.0,2005-10-01
2005,10,3120024,Zona Arqueológica de Cuajilote,74.0,0.0,74.0,2005-10-01
2005,10,3220012,Zona Arqueológica de Cuauhtochco,11.0,0.0,11.0,2005-10-01
2005,10,3120030,Zona Arqueológica de Cuyuxquihui,80.0,0.0,80.0,2005-10-01
2005,10,3110016,Zona Arqueológica de El Tajín,9863.0,582.0,10445.0,2005-10-01
2005,10,3120068,Zona Arqueológica de Las Higueras con museo de sitio,163.0,0.0,163.0,2005-10-01
2005,10,3220014,Zona Arqueológica de Las Limas,291.0,0.0,291.0,2005-10-01
2005,10,3120088,Zona Arqueológica de Quiahuitztlán,460.0,108.0,568.0,2005-10-01
2005,10,3120093,Zona Arqueológica de San Lorenzo Tenochtitlan con museo de sitio,184.0,0.0,184.0,2005-10-01
2005,10,3120123,Zona Arqueológica de Vega de la Peña,30.0,0.0,30.0,2005-10-01
2005,11,3120011,Zona Arqueológica de Castillo de Teayo con museo de sitio,174.0,2.0,176.0,2005-11-01
2005,11,3120012,Zona Arqueológica de Cempoala con museo de sitio,9887.0,421.0,10308.0,2005-11-01
2005,11,3120024,Zona Arqueológica de Cuajilote,357.0,8.0,365.0,2005-11-01
2005,11,3220012,Zona Arqueológica de Cuauhtochco,7.0,0.0,7.0,2005-11-01
2005,11,3120030,Zona Arqueológica de Cuyuxquihui,25.0,0.0,25.0,2005-11-01
2005,11,3110016,Zona Arqueológica de El Tajín,18537.0,1179.0,19716.0,2005-11-01
2005,11,3120068,Zona Arqueológica de Las Higueras con museo de sitio,105.0,0.0,105.0,2005-11-01
2005,11,3220014,Zona Arqueológica de Las Limas,235.0,2.0,237.0,2005-11-01
2005,11,3120088,Zona Arqueológica de Quiahuitztlán,1266.0,96.0,1362.0,2005-11-01
2005,11,3120093,Zona Arqueológica de San Lorenzo Tenochtitlan con museo de sitio,75.0,7.0,82.0,2005-11-01
2005,11,3120123,Zona Arqueológica de Vega de la Peña,25.0,0.0,25.0,2005-11-01
2005,12,3120011,Zona Arqueológica de Castillo de Teayo con museo de sitio,220.0,7.0,227.0,2005-12-01
2005,12,3120012,Zona Arqueológica de Cempoala con museo de sitio,4945.0,375.0,5320.0,2005-12-01
2005,12,3120024,Zona Arqueológica de Cuajilote,46.0,22.0,68.0,2005-12-01
2005,12,3220012,Zona Arqueológica de Cuauhtochco,8.0,0.0,8.0,2005-12-01
2005,12,3120030,Zona Arqueológica de Cuyuxquihui,50.0,0.0,50.0,2005-12-01
2005,12,3110016,Zona Arqueológica de El Tajín,53493.0,2854.0,56347.0,2005-12-01
2005,12,3120068,Zona Arqueológica de Las Higueras con museo de sitio,42.0,0.0,42.0,2005-12-01
2005,12,3220014,Zona Arqueológica de Las Limas,339.0,3.0,342.0,2005-12-01
2005,12,3120088,Zona Arqueológica de Quiahuitztlán,2021.0,154.0,2175.0,2005-12-01
2005,12,3120093,Zona Arqueológica de San Lorenzo Tenochtitlan con museo de sitio,289.0,0.0,289.0,2005-12-01
2005,12,3120123,Zona Arqueológica de Vega de la Peña,30.0,5.0,35.0,2005-12-01
2006,1,3120011,Zona Arqueológica de Castillo de Teayo con museo de sitio,634.0,13.0,647.0,2006-01-01
2006,1,3120012,Zona Arqueológica de Cempoala con museo de sitio,3157.0,216.0,3373.0,2006-01-01
2006,1,3120024,Zona Arqueológica de Cuajilote,221.0,0.0,221.0,2006-01-01
2006,1,3220012,Zona Arqueológica de Cuauhtochco,141.0,0.0,141.0,2006-01-01
2006,1,3120030,Zona Arqueológica de Cuyuxquihui,600.0,0.0,600.0,2006-01-01
2006,1,3110016,Zona Arqueológica de El Tajín,18989.0,1800.0,20789.0,2006-01-01
2006,1,3120068,Zona Arqueológica de Las Higueras con museo de sitio,193.0,2.0,195.0,2006-01-01
2006,1,3220014,Zona Arqueológica de Las Limas,266.0,4.0,270.0,2006-01-01
2006,1,3120088,Zona Arqueológica de Quiahuitztlán,1174.0,81.0,1255.0,2006-01-01
2006,1,3120093,Zona Arqueológica de San Lorenzo Tenochtitlan con museo de sitio,312.0,44.0,356.0,2006-01-01
2006,1,3120123,Zona Arqueológica de Vega de la Peña,45.0,0.0,45.0,2006-01-01
2006,2,3120011,Zona Arqueológica de Castillo de Teayo con museo de sitio,296.0,4.0,300.0,2006-02-01
2006,2,3120012,Zona Arqueológica de Cempoala con museo de sitio,2715.0,174.0,2889.0,2006-02-01
2006,2,3120024,Zona Arqueológica de Cuajilote,132.0,6.0,138.0,2006-02-01
2006,2,3220012,Zona Arqueológica de Cuauhtochco,117.0,0.0,117.0,2006-02-01
2006,2,3120030,Zona Arqueológica de Cuyuxquihui,150.0,0.0,150.0,2006-02-01
2006,2,3110016,Zona Arqueológica de El Tajín,19485.0,4034.0,23519.0,2006-02-01
2006,2,3120068,Zona Arqueológica de Las Higueras con museo de sitio,92.0,0.0,92.0,2006-02-01
2006,2,3220014,Zona Arqueológica de Las Limas,338.0,8.0,346.0,2006-02-01
2006,2,3120088,Zona Arqueológica de Quiahuitztlán,1293.0,196.0,1489.0,2006-02-01
2006,2,3120093,Zona Arqueológica de San Lorenzo Tenochtitlan con museo de sitio,219.0,0.0,219.0,2006-02-01
2006,2,3120123,Zona Arqueológica de Vega de la Peña,105.0,4.0,109.0,2006-02-01
2006,3,3120011,Zona Arqueológica de Castillo de Teayo con museo de sitio,692.0,18.0,710.0,2006-03-01
2006,3,3120012,Zona Arqueológica de Cempoala con museo de sitio,13106.0,320.0,13426.0,2006-03-01
2006,3,3120024,Zona Arqueológica de Cuajilote,716.0,8.0,724.0,2006-03-01
2006,3,3220012,Zona Arqueológica de Cuauhtochco,409.0,45.0,454.0,2006-03-01
2006,3,3120030,Zona Arqueológica de Cuyuxquihui,518.0,0.0,518.0,2006-03-01
2006,3,3110016,Zona Arqueológica de El Tajín,74351.0,2117.0,76468.0,2006-03-01
2006,3,3120068,Zona Arqueológica de Las Higueras con museo de sitio,12.0,0.0,12.0,2006-03-01
2006,3,3220014,Zona Arqueológica de Las Limas,306.0,12.0,318.0,2006-03-01
2006,3,3120088,Zona Arqueológica de Quiahuitztlán,1913.0,171.0,2084.0,2006-03-01
2006,3,3120093,Zona Arqueológica de San Lorenzo Tenochtitlan con museo de sitio,188.0,3.0,191.0,2006-03-01
2006,3,3120123,Zona Arqueológica de Vega de la Peña,82.0,7.0,89.0,2006-03-01
2006,4,3120011,Zona Arqueológica de Castillo de Teayo con museo de sitio,600.0,3.0,603.0,2006-04-01
2006,4,3120012,Zona Arqueológica de Cempoala con museo de sitio,8086.0,285.0,8371.0,2006-04-01
2006,4,3120024,Zona Arqueológica de Cuajilote,1839.0,25.0,1864.0,2006-04-01
2006,4,3220012,Zona Arqueológica de Cuauhtochco,239.0,0.0,239.0,2006-04-01
2006,4,3120030,Zona Arqueológica de Cuyuxquihui,810.0,10.0,820.0,2006-04-01
2006,4,3110016,Zona Arqueológica de El Tajín,91395.0,2399.0,93794.0,2006-04-01
2006,4,3120068,Zona Arqueológica de Las Higueras con museo de sitio,141.0,0.0,141.0,2006-04-01
2006,4,3220014,Zona Arqueológica de Las Limas,403.0,0.0,403.0,2006-04-01
2006,4,3120088,Zona Arqueológica de Quiahuitztlán,3804.0,58.0,3862.0,2006-04-01
2006,4,3120093,Zona Arqueológica de San Lorenzo Tenochtitlan con museo de sitio,730.0,4.0,734.0,2006-04-01
2006,4,3120123,Zona Arqueológica de Vega de la Peña,87.0,8.0,95.0,2006-04-01
2006,5,3120011,Zona Arqueológica de Castillo de Teayo con museo de sitio,210.0,0.0,210.0,2006-05-01
2006,5,3120012,Zona Arqueológica de Cempoala con museo de sitio,7321.0,230.0,7551.0,2006-05-01
2006,5,3120024,Zona Arqueológica de Cuajilote,312.0,0.0,312.0,2006-05-01
2006,5,3220012,Zona Arqueológica de Cuauhtochco,112.0,0.0,112.0,2006-05-01
2006,5,3120030,Zona Arqueológica de Cuyuxquihui,350.0,0.0,350.0,2006-05-01
2006,5,3110016,Zona Arqueológica de El Tajín,35443.0,2680.0,38123.0,2006-05-01
2006,5,3120068,Zona Arqueológica de Las Higueras con museo de sitio,13.0,0.0,13.0,2006-05-01
2006,5,3220014,Zona Arqueológica de Las Limas,277.0,7.0,284.0,2006-05-01
2006,5,3120088,Zona Arqueológica de Quiahuitztlán,1834.0,49.0,1883.0,2006-05-01
2006,5,3120093,Zona Arqueológica de San Lorenzo Tenochtitlan con museo de sitio,429.0,30.0,459.0,2006-05-01
2006,5,3120123,Zona Arqueológica de Vega de la Peña,155.0,0.0,155.0,2006-05-01
2006,6,3120011,Zona Arqueológica de Castillo de Teayo con museo de sitio,73.0,8.0,81.0,2006-06-01
2006,6,3120012,Zona Arqueológica de Cempoala con museo de sitio,5108.0,315.0,5423.0,2006-06-01
2006,6,3120024,Zona Arqueológica de Cuajilote,386.0,0.0,386.0,2006-06-01
2006,6,3220012,Zona Arqueológica de Cuauhtochco,121.0,2.0,123.0,2006-06-01
2006,6,3120030,Zona Arqueológica de Cuyuxquihui,138.0,0.0,138.0,2006-06-01
2006,6,3110016,Zona Arqueológica de El Tajín,25614.0,688.0,26302.0,2006-06-01
2006,6,3120068,Zona Arqueológica de Las Higueras con museo de sitio,102.0,0.0,102.0,2006-06-01
2006,6,3220014,Zona Arqueológica de Las Limas,316.0,4.0,320.0,2006-06-01
2006,6,3120088,Zona Arqueológica de Quiahuitztlán,1723.0,0.0,1723.0,2006-06-01
2006,6,3120093,Zona Arqueológica de San Lorenzo Tenochtitlan con museo de sitio,94.0,4.0,98.0,2006-06-01
2006,6,3120123,Zona Arqueológica de Vega de la Peña,107.0,5.0,112.0,2006-06-01
2006,7,3120011,Zona Arqueológica de Castillo de Teayo con museo de sitio,204.0,6.0,210.0,2006-07-01
2006,7,3120012,Zona Arqueológica de Cempoala con museo de sitio,4524.0,216.0,4740.0,2006-07-01
2006,7,3120024,Zona Arqueológica de Cuajilote,148.0,0.0,148.0,2006-07-01
2006,7,3220012,Zona Arqueológica de Cuauhtochco,121.0,5.0,126.0,2006-07-01
2006,7,3120030,Zona Arqueológica de Cuyuxquihui,90.0,0.0,90.0,2006-07-01
2006,7,3110016,Zona Arqueológica de El Tajín,48021.0,1630.0,49651.0,2006-07-01
2006,7,3120068,Zona Arqueológica de Las Higueras con museo de sitio,27.0,1.0,28.0,2006-07-01
2006,7,3220014,Zona Arqueológica de Las Limas,263.0,5.0,268.0,2006-07-01
2006,7,3120088,Zona Arqueológica de Quiahuitztlán,1413.0,77.0,1490.0,2006-07-01
2006,7,3120093,Zona Arqueológica de San Lorenzo Tenochtitlan con museo de sitio,99.0,3.0,102.0,2006-07-01
2006,7,3120123,Zona Arqueológica de Vega de la Peña,35.0,5.0,40.0,2006-07-01
2006,8,3120011,Zona Arqueológica de Castillo de Teayo con museo de sitio,288.0,6.0,294.0,2006-08-01
2006,8,3120012,Zona Arqueológica de Cempoala con museo de sitio,3953.0,221.0,4174.0,2006-08-01
2006,8,3120024,Zona Arqueológica de Cuajilote,207.0,5.0,212.0,2006-08-01
2006,8,3220012,Zona Arqueológica de Cuauhtochco,103.0,3.0,106.0,2006-08-01
2006,8,3120030,Zona Arqueológica de Cuyuxquihui,200.0,0.0,200.0,2006-08-01
2006,8,3110016,Zona Arqueológica de El Tajín,45402.0,900.0,46302.0,2006-08-01
2006,8,3120068,Zona Arqueológica de Las Higueras con museo de sitio,59.0,0.0,59.0,2006-08-01
2006,8,3220014,Zona Arqueológica de Las Limas,238.0,61.0,299.0,2006-08-01
2006,8,3120088,Zona Arqueológica de Quiahuitztlán,1833.0,91.0,1924.0,2006-08-01
2006,8,3120093,Zona Arqueológica de San Lorenzo Tenochtitlan con museo de sitio,297.0,0.0,297.0,2006-08-01
2006,8,3120123,Zona Arqueológica de Vega de la Peña,14.0,23.0,37.0,2006-08-01
2006,9,3120011,Zona Arqueológica de Castillo de Teayo con museo de sitio,107.0,0.0,107.0,2006-09-01
2006,9,3120012,Zona Arqueológica de Cempoala con museo de sitio,2282.0,123.0,2405.0,2006-09-01
2006,9,3120024,Zona Arqueológica de Cuajilote,96.0,0.0,96.0,2006-09-01
2006,9,3220012,Zona Arqueológica de Cuauhtochco,152.0,1.0,153.0,2006-09-01
2006,9,3120030,Zona Arqueológica de Cuyuxquihui,100.0,0.0,100.0,2006-09-01
2006,9,3110016,Zona Arqueológica de El Tajín,14266.0,256.0,14522.0,2006-09-01
2006,9,3120068,Zona Arqueológica de Las Higueras con museo de sitio,11.0,3.0,14.0,2006-09-01
2006,9,3220014,Zona Arqueológica de Las Limas,123.0,1.0,124.0,2006-09-01
2006,9,3120088,Zona Arqueológica de Quiahuitztlán,1013.0,42.0,1055.0,2006-09-01
2006,9,3120093,Zona Arqueológica de San Lorenzo Tenochtitlan con museo de sitio,284.0,0.0,284.0,2006-09-01
2006,9,3120123,Zona Arqueológica de Vega de la Peña,15.0,0.0,15.0,2006-09-01
2006,10,3120011,Zona Arqueológica de Castillo de Teayo con museo de sitio,152.0,0.0,152.0,2006-10-01
2006,10,3120012,Zona Arqueológica de Cempoala con museo de sitio,2822.0,510.0,3332.0,2006-10-01
2006,10,3120024,Zona Arqueológica de Cuajilote,137.0,2.0,139.0,2006-10-01
2006,10,3220012,Zona Arqueológica de Cuauhtochco,160.0,2.0,162.0,2006-10-01
2006,10,3120030,Zona Arqueológica de Cuyuxquihui,100.0,0.0,100.0,2006-10-01
2006,10,3110016,Zona Arqueológica de El Tajín,14414.0,82.0,14496.0,2006-10-01
2006,10,3120068,Zona Arqueológica de Las Higueras con museo de sitio,10.0,2.0,12.0,2006-10-01
2006,10,3220014,Zona Arqueológica de Las Limas,242.0,5.0,247.0,2006-10-01
2006,10,3120088,Zona Arqueológica de Quiahuitztlán,1533.0,228.0,1761.0,2006-10-01
2006,10,3120093,Zona Arqueológica de San Lorenzo Tenochtitlan con museo de sitio,555.0,5.0,560.0,2006-10-01
2006,10,3120123,Zona Arqueológica de Vega de la Peña,30.0,0.0,30.0,2006-10-01
2006,11,3120011,Zona Arqueológica de Castillo de Teayo con museo de sitio,108.0,9.0,117.0,2006-11-01
2006,11,3120012,Zona Arqueológica de Cempoala con museo de sitio,8752.0,321.0,9073.0,2006-11-01
2006,11,3120024,Zona Arqueológica de Cuajilote,127.0,0.0,127.0,2006-11-01
2006,11,3220012,Zona Arqueológica de Cuauhtochco,206.0,0.0,206.0,2006-11-01
2006,11,3120030,Zona Arqueológica de Cuyuxquihui,0.0,0.0,0.0,2006-11-01
2006,11,3110016,Zona Arqueológica de El Tajín,24946.0,800.0,25746.0,2006-11-01
2006,11,3120068,Zona Arqueológica de Las Higueras con museo de sitio,94.0,1.0,95.0,2006-11-01
2006,11,3220014,Zona Arqueológica de Las Limas,244.0,3.0,247.0,2006-11-01
2006,11,3120088,Zona Arqueológica de Quiahuitztlán,2609.0,121.0,2730.0,2006-11-01
2006,11,3120093,Zona Arqueológica de San Lorenzo Tenochtitlan con museo de sitio,131.0,0.0,131.0,2006-11-01
2006,11,3120123,Zona Arqueológica de Vega de la Peña,60.0,5.0,65.0,2006-11-01
2006,12,3120011,Zona Arqueológica de Castillo de Teayo con museo de sitio,177.0,3.0,180.0,2006-12-01
2006,12,3120012,Zona Arqueológica de Cempoala con museo de sitio,6798.0,572.0,7370.0,2006-12-01
2006,12,3120024,Zona Arqueológica de Cuajilote,132.0,1.0,133.0,2006-12-01
2006,12,3220012,Zona Arqueológica de Cuauhtochco,219.0,0.0,219.0,2006-12-01
2006,12,3120030,Zona Arqueológica de Cuyuxquihui,70.0,0.0,70.0,2006-12-01
2006,12,3110016,Zona Arqueológica de El Tajín,39688.0,911.0,40599.0,2006-12-01
2006,12,3120068,Zona Arqueológica de Las Higueras con museo de sitio,62.0,0.0,62.0,2006-12-01
2006,12,3220014,Zona Arqueológica de Las Limas,470.0,0.0,470.0,2006-12-01
2006,12,3120088,Zona Arqueológica de Quiahuitztlán,1322.0,93.0,1415.0,2006-12-01
2006,12,3120093,Zona Arqueológica de San Lorenzo Tenochtitlan con museo de sitio,339.0,5.0,344.0,2006-12-01
2006,12,3120123,Zona Arqueológica de Vega de la Peña,46.0,5.0,51.0,2006-12-01
2007,1,3120011,Zona Arqueológica de Castillo de Teayo con museo de sitio,312.0,3.0,315.0,2007-01-01
2007,1,3120012,Zona Arqueológica de Cempoala con museo de sitio,3709.0,288.0,3997.0,2007-01-01
2007,1,3120024,Zona Arqueológica de Cuajilote,222.0,2.0,224.0,2007-01-01
2007,1,3220012,Zona Arqueológica de Cuauhtochco,13.0,0.0,13.0,2007-01-01
2007,1,3120030,Zona Arqueológica de Cuyuxquihui,310.0,0.0,310.0,2007-01-01
2007,1,3110016,Zona Arqueológica de El Tajín,44988.0,1075.0,46063.0,2007-01-01
2007,1,3120068,Zona Arqueológica de Las Higueras con museo de sitio,49.0,0.0,49.0,2007-01-01
2007,1,3220014,Zona Arqueológica de Las Limas,0.0,0.0,0.0,2007-01-01
2007,1,3120088,Zona Arqueológica de Quiahuitztlán,1256.0,54.0,1310.0,2007-01-01
2007,1,3120093,Zona Arqueológica de San Lorenzo Tenochtitlan con museo de sitio,335.0,0.0,335.0,2007-01-01
2007,1,3120123,Zona Arqueológica de Vega de la Peña,27.0,0.0,27.0,2007-01-01
2007,2,3120011,Zona Arqueológica de Castillo de Teayo con museo de sitio,135.0,42.0,177.0,2007-02-01
2007,2,3120012,Zona Arqueológica de Cempoala con museo de sitio,4563.0,384.0,4947.0,2007-02-01
2007,2,3120024,Zona Arqueológica de Cuajilote,133.0,2.0,135.0,2007-02-01
2007,2,3220012,Zona Arqueológica de Cuauhtochco,13.0,0.0,13.0,2007-02-01
2007,2,3120030,Zona Arqueológica de Cuyuxquihui,194.0,0.0,194.0,2007-02-01
2007,2,3110016,Zona Arqueológica de El Tajín,13071.0,1043.0,14114.0,2007-02-01
2007,2,3120068,Zona Arqueológica de Las Higueras con museo de sitio,16.0,0.0,16.0,2007-02-01
2007,2,3220014,Zona Arqueológica de Las Limas,0.0,0.0,0.0,2007-02-01
2007,2,3120088,Zona Arqueológica de Quiahuitztlán,1006.0,105.0,1111.0,2007-02-01
2007,2,3120093,Zona Arqueológica de San Lorenzo Tenochtitlan con museo de sitio,212.0,2.0,214.0,2007-02-01
2007,2,3120123,Zona Arqueológica de Vega de la Peña,94.0,0.0,94.0,2007-02-01
2007,3,3120011,Zona Arqueológica de Castillo de Teayo con museo de sitio,160.0,27.0,187.0,2007-03-01
2007,3,3120012,Zona Arqueológica de Cempoala con museo de sitio,11375.0,492.0,11867.0,2007-03-01
2007,3,3120024,Zona Arqueológica de Cuajilote,223.0,0.0,223.0,2007-03-01
2007,3,3220012,Zona Arqueológica de Cuauhtochco,74.0,0.0,74.0,2007-03-01
2007,3,3120030,Zona Arqueológica de Cuyuxquihui,327.0,0.0,327.0,2007-03-01
2007,3,3110016,Zona Arqueológica de El Tajín,57233.0,3346.0,60579.0,2007-03-01
2007,3,3120068,Zona Arqueológica de Las Higueras con museo de sitio,73.0,0.0,73.0,2007-03-01
2007,3,3220014,Zona Arqueológica de Las Limas,0.0,0.0,0.0,2007-03-01
2007,3,3120088,Zona Arqueológica de Quiahuitztlán,2766.0,70.0,2836.0,2007-03-01
2007,3,3120093,Zona Arqueológica de San Lorenzo Tenochtitlan con museo de sitio,388.0,33.0,421.0,2007-03-01
2007,3,3120123,Zona Arqueológica de Vega de la Peña,59.0,0.0,59.0,2007-03-01
2007,4,3120011,Zona Arqueológica de Castillo de Teayo con museo de sitio,482.0,4.0,486.0,2007-04-01
2007,4,3120012,Zona Arqueológica de Cempoala con museo de sitio,10808.0,434.0,11242.0,2007-04-01
2007,4,3120024,Zona Arqueológica de Cuajilote,1085.0,95.0,1180.0,2007-04-01
2007,4,3220012,Zona Arqueológica de Cuauhtochco,281.0,0.0,281.0,2007-04-01
2007,4,3120030,Zona Arqueológica de Cuyuxquihui,700.0,0.0,700.0,2007-04-01
2007,4,3110016,Zona Arqueológica de El Tajín,87444.0,3183.0,90627.0,2007-04-01
2007,4,3120068,Zona Arqueológica de Las Higueras con museo de sitio,71.0,0.0,71.0,2007-04-01
2007,4,3220014,Zona Arqueológica de Las Limas,9.0,0.0,9.0,2007-04-01
2007,4,3120088,Zona Arqueológica de Quiahuitztlán,3820.0,47.0,3867.0,2007-04-01
2007,4,3120093,Zona Arqueológica de San Lorenzo Tenochtitlan con museo de sitio,886.0,16.0,902.0,2007-04-01
2007,4,3120123,Zona Arqueológica de Vega de la Peña,110.0,0.0,110.0,2007-04-01
2007,5,3120011,Zona Arqueológica de Castillo de Teayo con museo de sitio,118.0,0.0,118.0,2007-05-01
2007,5,3120012,Zona Arqueológica de Cempoala con museo de sitio,5078.0,236.0,5314.0,2007-05-01
2007,5,3120024,Zona Arqueológica de Cuajilote,162.0,1.0,163.0,2007-05-01
2007,5,3220012,Zona Arqueológica de Cuauhtochco,64.0,0.0,64.0,2007-05-01
2007,5,3120030,Zona Arqueológica de Cuyuxquihui,150.0,0.0,150.0,2007-05-01
2007,5,3110016,Zona Arqueológica de El Tajín,37572.0,1591.0,39163.0,2007-05-01
2007,5,3120068,Zona Arqueológica de Las Higueras con museo de sitio,28.0,0.0,28.0,2007-05-01
2007,5,3220014,Zona Arqueológica de Las Limas,4.0,0.0,4.0,2007-05-01
2007,5,3120088,Zona Arqueológica de Quiahuitztlán,276.0,43.0,319.0,2007-05-01
2007,5,3120093,Zona Arqueológica de San Lorenzo Tenochtitlan con museo de sitio,305.0,5.0,310.0,2007-05-01
2007,5,3120123,Zona Arqueológica de Vega de la Peña,110.0,10.0,120.0,2007-05-01
2007,6,3120011,Zona Arqueológica de Castillo de Teayo con museo de sitio,163.0,8.0,171.0,2007-06-01
2007,6,3120012,Zona Arqueológica de Cempoala con museo de sitio,5508.0,348.0,5856.0,2007-06-01
2007,6,3120024,Zona Arqueológica de Cuajilote,219.0,48.0,267.0,2007-06-01
2007,6,3220012,Zona Arqueológica de Cuauhtochco,24.0,0.0,24.0,2007-06-01
2007,6,3120030,Zona Arqueológica de Cuyuxquihui,200.0,0.0,200.0,2007-06-01
2007,6,3110016,Zona Arqueológica de El Tajín,29200.0,1898.0,31098.0,2007-06-01
2007,6,3120068,Zona Arqueológica de Las Higueras con museo de sitio,15.0,0.0,15.0,2007-06-01
2007,6,3220014,Zona Arqueológica de Las Limas,17.0,0.0,17.0,2007-06-01
2007,6,3120088,Zona Arqueológica de Quiahuitztlán,379.0,0.0,379.0,2007-06-01
2007,6,3120093,Zona Arqueológica de San Lorenzo Tenochtitlan con museo de sitio,352.0,16.0,368.0,2007-06-01
2007,6,3120123,Zona Arqueológica de Vega de la Peña,40.0,10.0,50.0,2007-06-01
2007,7,3120011,Zona Arqueológica de Castillo de Teayo con museo de sitio,415.0,7.0,422.0,2007-07-01
2007,7,3120012,Zona Arqueológica de Cempoala con museo de sitio,9078.0,318.0,9396.0,2007-07-01
2007,7,3120024,Zona Arqueológica de Cuajilote,313.0,2.0,315.0,2007-07-01
2007,7,3220012,Zona Arqueológica de Cuauhtochco,10.0,0.0,10.0,2007-07-01
2007,7,3120030,Zona Arqueológica de Cuyuxquihui,300.0,0.0,300.0,2007-07-01
2007,7,3110016,Zona Arqueológica de El Tajín,61193.0,2094.0,63287.0,2007-07-01
2007,7,3120068,Zona Arqueológica de Las Higueras con museo de sitio,35.0,0.0,35.0,2007-07-01
2007,7,3220014,Zona Arqueológica de Las Limas,7.0,0.0,7.0,2007-07-01
2007,7,3120088,Zona Arqueológica de Quiahuitztlán,1833.0,0.0,1833.0,2007-07-01
2007,7,3120093,Zona Arqueológica de San Lorenzo Tenochtitlan con museo de sitio,317.0,7.0,324.0,2007-07-01
2007,7,3120123,Zona Arqueológica de Vega de la Peña,27.0,10.0,37.0,2007-07-01
2007,8,3120011,Zona Arqueológica de Castillo de Teayo con museo de sitio,338.0,8.0,346.0,2007-08-01
2007,8,3120012,Zona Arqueológica de Cempoala con museo de sitio,5025.0,274.0,5299.0,2007-08-01
2007,8,3120024,Zona Arqueológica de Cuajilote,339.0,4.0,343.0,2007-08-01
2007,8,3220012,Zona Arqueológica de Cuauhtochco,13.0,0.0,13.0,2007-08-01
2007,8,3120030,Zona Arqueológica de Cuyuxquihui,435.0,0.0,435.0,2007-08-01
2007,8,3110016,Zona Arqueológica de El Tajín,30650.0,1442.0,32092.0,2007-08-01
2007,8,3120068,Zona Arqueológica de Las Higueras con museo de sitio,55.0,0.0,55.0,2007-08-01
2007,8,3220014,Zona Arqueológica de Las Limas,9.0,0.0,9.0,2007-08-01
2007,8,3120088,Zona Arqueológica de Quiahuitztlán,2255.0,50.0,2305.0,2007-08-01
2007,8,3120093,Zona Arqueológica de San Lorenzo Tenochtitlan con museo de sitio,168.0,1.0,169.0,2007-08-01
2007,8,3120123,Zona Arqueológica de Vega de la Peña,30.0,4.0,34.0,2007-08-01
2007,9,3120011,Zona Arqueológica de Castillo de Teayo con museo de sitio,103.0,2.0,105.0,2007-09-01
2007,9,3120012,Zona Arqueológica de Cempoala con museo de sitio,1953.0,149.0,2102.0,2007-09-01
2007,9,3120024,Zona Arqueológica de Cuajilote,71.0,1.0,72.0,2007-09-01
2007,9,3220012,Zona Arqueológica de Cuauhtochco,5.0,0.0,5.0,2007-09-01
2007,9,3120030,Zona Arqueológica de Cuyuxquihui,0.0,0.0,0.0,2007-09-01
2007,9,3110016,Zona Arqueológica de El Tajín,8490.0,509.0,8999.0,2007-09-01
2007,9,3120068,Zona Arqueológica de Las Higueras con museo de sitio,12.0,0.0,12.0,2007-09-01
2007,9,3220014,Zona Arqueológica de Las Limas,4.0,0.0,4.0,2007-09-01
2007,9,3120088,Zona Arqueológica de Quiahuitztlán,946.0,0.0,946.0,2007-09-01
2007,9,3120093,Zona Arqueológica de San Lorenzo Tenochtitlan con museo de sitio,144.0,5.0,149.0,2007-09-01
2007,9,3120123,Zona Arqueológica de Vega de la Peña,10.0,6.0,16.0,2007-09-01
2007,10,3120011,Zona Arqueológica de Castillo de Teayo con museo de sitio,112.0,60.0,172.0,2007-10-01
2007,10,3120012,Zona Arqueológica de Cempoala con museo de sitio,2414.0,351.0,2765.0,2007-10-01
2007,10,3120024,Zona Arqueológica de Cuajilote,81.0,0.0,81.0,2007-10-01
2007,10,3220012,Zona Arqueológica de Cuauhtochco,8.0,0.0,8.0,2007-10-01
2007,10,3120030,Zona Arqueológica de Cuyuxquihui,140.0,0.0,140.0,2007-10-01
2007,10,3110016,Zona Arqueológica de El Tajín,21820.0,1386.0,23206.0,2007-10-01
2007,10,3120068,Zona Arqueológica de Las Higueras con museo de sitio,15.0,1.0,16.0,2007-10-01
2007,10,3220014,Zona Arqueológica de Las Limas,8.0,0.0,8.0,2007-10-01
2007,10,3120088,Zona Arqueológica de Quiahuitztlán,1340.0,16.0,1356.0,2007-10-01
2007,10,3120093,Zona Arqueológica de San Lorenzo Tenochtitlan con museo de sitio,153.0,0.0,153.0,2007-10-01
2007,10,3120123,Zona Arqueológica de Vega de la Peña,14.0,6.0,20.0,2007-10-01
2007,11,3120011,Zona Arqueológica de Castillo de Teayo con museo de sitio,290.0,2.0,292.0,2007-11-01
2007,11,3120012,Zona Arqueológica de Cempoala con museo de sitio,4010.0,323.0,4333.0,2007-11-01
2007,11,3120024,Zona Arqueológica de Cuajilote,317.0,0.0,317.0,2007-11-01
2007,11,3220012,Zona Arqueológica de Cuauhtochco,0.0,0.0,0.0,2007-11-01
2007,11,3120030,Zona Arqueológica de Cuyuxquihui,140.0,0.0,140.0,2007-11-01
2007,11,3110016,Zona Arqueológica de El Tajín,17827.0,858.0,18685.0,2007-11-01
2007,11,3120068,Zona Arqueológica de Las Higueras con museo de sitio,9.0,0.0,9.0,2007-11-01
2007,11,3220014,Zona Arqueológica de Las Limas,11.0,0.0,11.0,2007-11-01
2007,11,3120088,Zona Arqueológica de Quiahuitztlán,1934.0,35.0,1969.0,2007-11-01
2007,11,3120093,Zona Arqueológica de San Lorenzo Tenochtitlan con museo de sitio,289.0,0.0,289.0,2007-11-01
2007,11,3120123,Zona Arqueológica de Vega de la Peña,55.0,11.0,66.0,2007-11-01
2007,12,3120011,Zona Arqueológica de Castillo de Teayo con museo de sitio,378.0,3.0,381.0,2007-12-01
2007,12,3120012,Zona Arqueológica de Cempoala con museo de sitio,5250.0,510.0,5760.0,2007-12-01
2007,12,3120024,Zona Arqueológica de Cuajilote,149.0,0.0,149.0,2007-12-01
2007,12,3220012,Zona Arqueológica de Cuauhtochco,0.0,0.0,0.0,2007-12-01
2007,12,3120030,Zona Arqueológica de Cuyuxquihui,466.0,0.0,466.0,2007-12-01
2007,12,3110016,Zona Arqueológica de El Tajín,43282.0,1441.0,44723.0,2007-12-01
2007,12,3120068,Zona Arqueológica de Las Higueras con museo de sitio,15.0,0.0,15.0,2007-12-01
2007,12,3220014,Zona Arqueológica de Las Limas,22.0,0.0,22.0,2007-12-01
2007,12,3120088,Zona Arqueológica de Quiahuitztlán,1662.0,46.0,1708.0,2007-12-01
2007,12,3120093,Zona Arqueológica de San Lorenzo Tenochtitlan con museo de sitio,433.0,7.0,440.0,2007-12-01
2007,12,3120123,Zona Arqueológica de Vega de la Peña,29.0,9.0,38.0,2007-12-01
2008,1,3120011,Zona Arqueológica de Castillo de Teayo con museo de sitio,197.0,62.0,259.0,2008-01-01
2008,1,3120012,Zona Arqueológica de Cempoala con museo de sitio,3152.0,265.0,3417.0,2008-01-01
2008,1,3120024,Zona Arqueológica de Cuajilote,58.0,0.0,58.0,2008-01-01
2008,1,3220012,Zona Arqueológica de Cuauhtochco,0.0,0.0,0.0,2008-01-01
2008,1,3120030,Zona Arqueológica de Cuyuxquihui,346.0,0.0,346.0,2008-01-01
2008,1,3110016,Zona Arqueológica de El Tajín,16382.0,1788.0,18170.0,2008-01-01
2008,1,3120068,Zona Arqueológica de Las Higueras con museo de sitio,49.0,0.0,49.0,2008-01-01
2008,1,3220014,Zona Arqueológica de Las Limas,18.0,0.0,18.0,2008-01-01
2008,1,3120088,Zona Arqueológica de Quiahuitztlán,1040.0,60.0,1100.0,2008-01-01
2008,1,3120093,Zona Arqueológica de San Lorenzo Tenochtitlan con museo de sitio,220.0,2.0,222.0,2008-01-01
2008,1,3120123,Zona Arqueológica de Vega de la Peña,34.0,4.0,38.0,2008-01-01
2008,2,3120011,Zona Arqueológica de Castillo de Teayo con museo de sitio,255.0,1.0,256.0,2008-02-01
2008,2,3120012,Zona Arqueológica de Cempoala con museo de sitio,4534.0,459.0,4993.0,2008-02-01
2008,2,3120024,Zona Arqueológica de Cuajilote,111.0,0.0,111.0,2008-02-01
2008,2,3220012,Zona Arqueológica de Cuauhtochco,6.0,0.0,6.0,2008-02-01
2008,2,3120030,Zona Arqueológica de Cuyuxquihui,250.0,0.0,250.0,2008-02-01
2008,2,3110016,Zona Arqueológica de El Tajín,24157.0,1478.0,25635.0,2008-02-01
2008,2,3120068,Zona Arqueológica de Las Higueras con museo de sitio,6.0,0.0,6.0,2008-02-01
2008,2,3220014,Zona Arqueológica de Las Limas,9.0,0.0,9.0,2008-02-01
2008,2,3120088,Zona Arqueológica de Quiahuitztlán,1493.0,34.0,1527.0,2008-02-01
2008,2,3120093,Zona Arqueológica de San Lorenzo Tenochtitlan con museo de sitio,176.0,4.0,180.0,2008-02-01
2008,2,3120123,Zona Arqueológica de Vega de la Peña,92.0,8.0,100.0,2008-02-01
2008,3,3120011,Zona Arqueológica de Castillo de Teayo con museo de sitio,966.0,4.0,970.0,2008-03-01
2008,3,3120012,Zona Arqueológica de Cempoala con museo de sitio,22539.0,646.0,23185.0,2008-03-01
2008,3,3120024,Zona Arqueológica de Cuajilote,868.0,0.0,868.0,2008-03-01
2008,3,3220012,Zona Arqueológica de Cuauhtochco,86.0,81.0,167.0,2008-03-01
2008,3,3120030,Zona Arqueológica de Cuyuxquihui,1345.0,0.0,1345.0,2008-03-01
2008,3,3110016,Zona Arqueológica de El Tajín,107596.0,3126.0,110722.0,2008-03-01
2008,3,3120068,Zona Arqueológica de Las Higueras con museo de sitio,73.0,0.0,73.0,2008-03-01
2008,3,3220014,Zona Arqueológica de Las Limas,0.0,0.0,0.0,2008-03-01
2008,3,3120088,Zona Arqueológica de Quiahuitztlán,3612.0,56.0,3668.0,2008-03-01
2008,3,3120093,Zona Arqueológica de San Lorenzo Tenochtitlan con museo de sitio,791.0,6.0,797.0,2008-03-01
2008,3,3120123,Zona Arqueológica de Vega de la Peña,128.0,7.0,135.0,2008-03-01
2008,4,3120011,Zona Arqueológica de Castillo de Teayo con museo de sitio,95.0,3.0,98.0,2008-04-01
2008,4,3120012,Zona Arqueológica de Cempoala con museo de sitio,4032.0,321.0,4353.0,2008-04-01
2008,4,3120024,Zona Arqueológica de Cuajilote,197.0,4.0,201.0,2008-04-01
2008,4,3220012,Zona Arqueológica de Cuauhtochco,23.0,0.0,23.0,2008-04-01
2008,4,3120030,Zona Arqueológica de Cuyuxquihui,247.0,3.0,250.0,2008-04-01
2008,4,3110016,Zona Arqueológica de El Tajín,29332.0,1356.0,30688.0,2008-04-01
2008,4,3120068,Zona Arqueológica de Las Higueras con museo de sitio,43.0,0.0,43.0,2008-04-01
2008,4,3220014,Zona Arqueológica de Las Limas,25.0,0.0,25.0,2008-04-01
2008,4,3120088,Zona Arqueológica de Quiahuitztlán,1499.0,16.0,1515.0,2008-04-01
2008,4,3120093,Zona Arqueológica de San Lorenzo Tenochtitlan con museo de sitio,394.0,6.0,400.0,2008-04-01
2008,4,3120123,Zona Arqueológica de Vega de la Peña,61.0,10.0,71.0,2008-04-01
2008,5,3120011,Zona Arqueológica de Castillo de Teayo con museo de sitio,177.0,0.0,177.0,2008-05-01
2008,5,3120012,Zona Arqueológica de Cempoala con museo de sitio,6753.0,133.0,6886.0,2008-05-01
2008,5,3120024,Zona Arqueológica de Cuajilote,139.0,0.0,139.0,2008-05-01
2008,5,3220012,Zona Arqueológica de Cuauhtochco,50.0,0.0,50.0,2008-05-01
2008,5,3120030,Zona Arqueológica de Cuyuxquihui,100.0,0.0,100.0,2008-05-01
2008,5,3110016,Zona Arqueológica de El Tajín,30462.0,1367.0,31829.0,2008-05-01
2008,5,3120068,Zona Arqueológica de Las Higueras con museo de sitio,49.0,0.0,49.0,2008-05-01
2008,5,3220014,Zona Arqueológica de Las Limas,7.0,0.0,7.0,2008-05-01
2008,5,3120088,Zona Arqueológica de Quiahuitztlán,1598.0,13.0,1611.0,2008-05-01
2008,5,3120093,Zona Arqueológica de San Lorenzo Tenochtitlan con museo de sitio,263.0,9.0,272.0,2008-05-01
2008,5,3120123,Zona Arqueológica de Vega de la Peña,63.0,9.0,72.0,2008-05-01
2008,6,3120011,Zona Arqueológica de Castillo de Teayo con museo de sitio,151.0,0.0,151.0,2008-06-01
2008,6,3120012,Zona Arqueológica de Cempoala con museo de sitio,2683.0,214.0,2897.0,2008-06-01
2008,6,3120024,Zona Arqueológica de Cuajilote,167.0,0.0,167.0,2008-06-01
2008,6,3220012,Zona Arqueológica de Cuauhtochco,6.0,0.0,6.0,2008-06-01
2008,6,3120030,Zona Arqueológica de Cuyuxquihui,250.0,0.0,250.0,2008-06-01
2008,6,3110016,Zona Arqueológica de El Tajín,23885.0,1223.0,25108.0,2008-06-01
2008,6,3120068,Zona Arqueológica de Las Higueras con museo de sitio,24.0,0.0,24.0,2008-06-01
2008,6,3220014,Zona Arqueológica de Las Limas,9.0,0.0,9.0,2008-06-01
2008,6,3120088,Zona Arqueológica de Quiahuitztlán,1281.0,127.0,1408.0,2008-06-01
2008,6,3120093,Zona Arqueológica de San Lorenzo Tenochtitlan con museo de sitio,267.0,1.0,268.0,2008-06-01
2008,6,3120123,Zona Arqueológica de Vega de la Peña,44.0,2.0,46.0,2008-06-01
2008,7,3120011,Zona Arqueológica de Castillo de Teayo con museo de sitio,246.0,3.0,249.0,2008-07-01
2008,7,3120012,Zona Arqueológica de Cempoala con museo de sitio,5421.0,401.0,5822.0,2008-07-01
2008,7,3120024,Zona Arqueológica de Cuajilote,172.0,0.0,172.0,2008-07-01
2008,7,3220012,Zona Arqueológica de Cuauhtochco,0.0,0.0,0.0,2008-07-01
2008,7,3120030,Zona Arqueológica de Cuyuxquihui,300.0,0.0,300.0,2008-07-01
2008,7,3110016,Zona Arqueológica de El Tajín,39541.0,2141.0,41682.0,2008-07-01
2008,7,3120068,Zona Arqueológica de Las Higueras con museo de sitio,27.0,0.0,27.0,2008-07-01
2008,7,3220014,Zona Arqueológica de Las Limas,14.0,0.0,14.0,2008-07-01
2008,7,3120088,Zona Arqueológica de Quiahuitztlán,1342.0,31.0,1373.0,2008-07-01
2008,7,3120093,Zona Arqueológica de San Lorenzo Tenochtitlan con museo de sitio,228.0,3.0,231.0,2008-07-01
2008,7,3120123,Zona Arqueológica de Vega de la Peña,49.0,8.0,57.0,2008-07-01
2008,8,3120011,Zona Arqueológica de Castillo de Teayo con museo de sitio,235.0,0.0,235.0,2008-08-01
2008,8,3120012,Zona Arqueológica de Cempoala con museo de sitio,4981.0,316.0,5297.0,2008-08-01
2008,8,3120024,Zona Arqueológica de Cuajilote,249.0,0.0,249.0,2008-08-01
2008,8,3220012,Zona Arqueológica de Cuauhtochco,0.0,0.0,0.0,2008-08-01
2008,8,3120030,Zona Arqueológica de Cuyuxquihui,280.0,0.0,280.0,2008-08-01
2008,8,3110016,Zona Arqueológica de El Tajín,35582.0,1791.0,37373.0,2008-08-01
2008,8,3120068,Zona Arqueológica de Las Higueras con museo de sitio,128.0,0.0,128.0,2008-08-01
2008,8,3220014,Zona Arqueológica de Las Limas,12.0,0.0,12.0,2008-08-01
2008,8,3120088,Zona Arqueológica de Quiahuitztlán,1699.0,45.0,1744.0,2008-08-01
2008,8,3120093,Zona Arqueológica de San Lorenzo Tenochtitlan con museo de sitio,385.0,2.0,387.0,2008-08-01
2008,8,3120123,Zona Arqueológica de Vega de la Peña,60.0,15.0,75.0,2008-08-01
2008,9,3120011,Zona Arqueológica de Castillo de Teayo con museo de sitio,120.0,0.0,120.0,2008-09-01
2008,9,3120012,Zona Arqueológica de Cempoala con museo de sitio,2800.0,251.0,3051.0,2008-09-01
2008,9,3120024,Zona Arqueológica de Cuajilote,847.0,0.0,847.0,2008-09-01
2008,9,3220012,Zona Arqueológica de Cuauhtochco,14.0,0.0,14.0,2008-09-01
2008,9,3120030,Zona Arqueológica de Cuyuxquihui,100.0,0.0,100.0,2008-09-01
2008,9,3110016,Zona Arqueológica de El Tajín,11946.0,715.0,12661.0,2008-09-01
2008,9,3120068,Zona Arqueológica de Las Higueras con museo de sitio,121.0,1.0,122.0,2008-09-01
2008,9,3220014,Zona Arqueológica de Las Limas,10.0,0.0,10.0,2008-09-01
2008,9,3120088,Zona Arqueológica de Quiahuitztlán,843.0,23.0,866.0,2008-09-01
2008,9,3120093,Zona Arqueológica de San Lorenzo Tenochtitlan con museo de sitio,154.0,4.0,158.0,2008-09-01
2008,9,3120123,Zona Arqueológica de Vega de la Peña,29.0,13.0,42.0,2008-09-01
2008,10,3120011,Zona Arqueológica de Castillo de Teayo con museo de sitio,76.0,1.0,77.0,2008-10-01
2008,10,3120012,Zona Arqueológica de Cempoala con museo de sitio,2971.0,254.0,3225.0,2008-10-01
2008,10,3120024,Zona Arqueológica de Cuajilote,110.0,2.0,112.0,2008-10-01
2008,10,3220012,Zona Arqueológica de Cuauhtochco,0.0,0.0,0.0,2008-10-01
2008,10,3120030,Zona Arqueológica de Cuyuxquihui,0.0,0.0,0.0,2008-10-01
2008,10,3110016,Zona Arqueológica de El Tajín,8642.0,641.0,9283.0,2008-10-01
2008,10,3120068,Zona Arqueológica de Las Higueras con museo de sitio,0.0,0.0,0.0,2008-10-01
2008,10,3220014,Zona Arqueológica de Las Limas,10.0,0.0,10.0,2008-10-01
2008,10,3120088,Zona Arqueológica de Quiahuitztlán,1201.0,19.0,1220.0,2008-10-01
2008,10,3120093,Zona Arqueológica de San Lorenzo Tenochtitlan con museo de sitio,138.0,2.0,140.0,2008-10-01
2008,10,3120123,Zona Arqueológica de Vega de la Peña,21.0,12.0,33.0,2008-10-01
2008,11,3120011,Zona Arqueológica de Castillo de Teayo con museo de sitio,151.0,0.0,151.0,2008-11-01
2008,11,3120012,Zona Arqueológica de Cempoala con museo de sitio,4034.0,262.0,4296.0,2008-11-01
2008,11,3120024,Zona Arqueológica de Cuajilote,322.0,0.0,322.0,2008-11-01
2008,11,3220012,Zona Arqueológica de Cuauhtochco,15.0,0.0,15.0,2008-11-01
2008,11,3120030,Zona Arqueológica de Cuyuxquihui,100.0,0.0,100.0,2008-11-01
2008,11,3110016,Zona Arqueológica de El Tajín,17943.0,1320.0,19263.0,2008-11-01
2008,11,3120068,Zona Arqueológica de Las Higueras con museo de sitio,11.0,6.0,17.0,2008-11-01
2008,11,3220014,Zona Arqueológica de Las Limas,13.0,0.0,13.0,2008-11-01
2008,11,3120088,Zona Arqueológica de Quiahuitztlán,1399.0,23.0,1422.0,2008-11-01
2008,11,3120093,Zona Arqueológica de San Lorenzo Tenochtitlan con museo de sitio,142.0,1.0,143.0,2008-11-01
2008,11,3120123,Zona Arqueológica de Vega de la Peña,36.0,38.0,74.0,2008-11-01
2008,12,3120011,Zona Arqueológica de Castillo de Teayo con museo de sitio,343.0,7.0,350.0,2008-12-01
2008,12,3120012,Zona Arqueológica de Cempoala con museo de sitio,14279.0,466.0,14745.0,2008-12-01
2008,12,3120024,Zona Arqueológica de Cuajilote,243.0,9.0,252.0,2008-12-01
2008,12,3220012,Zona Arqueológica de Cuauhtochco,0.0,0.0,0.0,2008-12-01
2008,12,3120030,Zona Arqueológica de Cuyuxquihui,0.0,0.0,0.0,2008-12-01
2008,12,3110016,Zona Arqueológica de El Tajín,18149.0,946.0,19095.0,2008-12-01
2008,12,3120068,Zona Arqueológica de Las Higueras con museo de sitio,62.0,0.0,62.0,2008-12-01
2008,12,3220014,Zona Arqueológica de Las Limas,33.0,0.0,33.0,2008-12-01
2008,12,3120088,Zona Arqueológica de Quiahuitztlán,1240.0,31.0,1271.0,2008-12-01
2008,12,3120093,Zona Arqueológica de San Lorenzo Tenochtitlan con museo de sitio,586.0,4.0,590.0,2008-12-01
2008,12,3120123,Zona Arqueológica de Vega de la Peña,18.0,7.0,25.0,2008-12-01
2009,1,3120011,Zona Arqueológica de Castillo de Teayo con museo de sitio,289.0,5.0,294.0,2009-01-01
2009,1,3120012,Zona Arqueológica de Cempoala con museo de sitio,4254.0,308.0,4562.0,2009-01-01
2009,1,3120024,Zona Arqueológica de Cuajilote,420.0,0.0,420.0,2009-01-01
2009,1,3220012,Zona Arqueológica de Cuauhtochco,182.0,0.0,182.0,2009-01-01
2009,1,3120030,Zona Arqueológica de Cuyuxquihui,876.0,0.0,876.0,2009-01-01
2009,1,3110016,Zona Arqueológica de El Tajín,34546.0,3044.0,37590.0,2009-01-01
2009,1,3120068,Zona Arqueológica de Las Higueras con museo de sitio,55.0,0.0,55.0,2009-01-01
2009,1,3220014,Zona Arqueológica de Las Limas,65.0,0.0,65.0,2009-01-01
2009,1,3120088,Zona Arqueológica de Quiahuitztlán,2399.0,97.0,2496.0,2009-01-01
2009,1,3120093,Zona Arqueológica de San Lorenzo Tenochtitlan con museo de sitio,406.0,2.0,408.0,2009-01-01
2009,1,3120123,Zona Arqueológica de Vega de la Peña,28.0,7.0,35.0,2009-01-01
2009,2,3120011,Zona Arqueológica de Castillo de Teayo con museo de sitio,302.0,4.0,306.0,2009-02-01
2009,2,3120012,Zona Arqueológica de Cempoala con museo de sitio,4319.0,383.0,4702.0,2009-02-01
2009,2,3120024,Zona Arqueológica de Cuajilote,141.0,0.0,141.0,2009-02-01
2009,2,3220012,Zona Arqueológica de Cuauhtochco,33.0,0.0,33.0,2009-02-01
2009,2,3120030,Zona Arqueológica de Cuyuxquihui,154.0,0.0,154.0,2009-02-01
2009,2,3110016,Zona Arqueológica de El Tajín,17367.0,1254.0,18621.0,2009-02-01
2009,2,3120068,Zona Arqueológica de Las Higueras con museo de sitio,72.0,13.0,85.0,2009-02-01
2009,2,3220014,Zona Arqueológica de Las Limas,23.0,0.0,23.0,2009-02-01
2009,2,3120088,Zona Arqueológica de Quiahuitztlán,1505.0,12.0,1517.0,2009-02-01
2009,2,3120093,Zona Arqueológica de San Lorenzo Tenochtitlan con museo de sitio,266.0,15.0,281.0,2009-02-01
2009,2,3120123,Zona Arqueológica de Vega de la Peña,16.0,0.0,16.0,2009-02-01
2009,3,3120011,Zona Arqueológica de Castillo de Teayo con museo de sitio,455.0,2.0,457.0,2009-03-01
2009,3,3120012,Zona Arqueológica de Cempoala con museo de sitio,13179.0,344.0,13523.0,2009-03-01
2009,3,3120024,Zona Arqueológica de Cuajilote,218.0,5.0,223.0,2009-03-01
2009,3,3220012,Zona Arqueológica de Cuauhtochco,23.0,0.0,23.0,2009-03-01
2009,3,3120030,Zona Arqueológica de Cuyuxquihui,0.0,0.0,0.0,2009-03-01
2009,3,3110016,Zona Arqueológica de El Tajín,58713.0,3298.0,62011.0,2009-03-01
2009,3,3120068,Zona Arqueológica de Las Higueras con museo de sitio,42.0,0.0,42.0,2009-03-01
2009,3,3220014,Zona Arqueológica de Las Limas,13.0,0.0,13.0,2009-03-01
2009,3,3120088,Zona Arqueológica de Quiahuitztlán,2375.0,74.0,2449.0,2009-03-01
2009,3,3120093,Zona Arqueológica de San Lorenzo Tenochtitlan con museo de sitio,456.0,2.0,458.0,2009-03-01
2009,3,3120123,Zona Arqueológica de Vega de la Peña,67.0,5.0,72.0,2009-03-01
2009,4,3120011,Zona Arqueológica de Castillo de Teayo con museo de sitio,345.0,0.0,345.0,2009-04-01
2009,4,3120012,Zona Arqueológica de Cempoala con museo de sitio,9344.0,571.0,9915.0,2009-04-01
2009,4,3120024,Zona Arqueológica de Cuajilote,989.0,0.0,989.0,2009-04-01
2009,4,3220012,Zona Arqueológica de Cuauhtochco,84.0,0.0,84.0,2009-04-01
2009,4,3120030,Zona Arqueológica de Cuyuxquihui,2116.0,0.0,2116.0,2009-04-01
2009,4,3110016,Zona Arqueológica de El Tajín,83419.0,2058.0,85477.0,2009-04-01
2009,4,3120068,Zona Arqueológica de Las Higueras con museo de sitio,95.0,0.0,95.0,2009-04-01
2009,4,3220014,Zona Arqueológica de Las Limas,18.0,0.0,18.0,2009-04-01
2009,4,3120088,Zona Arqueológica de Quiahuitztlán,0.0,0.0,0.0,2009-04-01
2009,4,3120093,Zona Arqueológica de San Lorenzo Tenochtitlan con museo de sitio,994.0,4.0,998.0,2009-04-01
2009,4,3120123,Zona Arqueológica de Vega de la Peña,71.0,17.0,88.0,2009-04-01
2009,5,3120011,Zona Arqueológica de Castillo de Teayo con museo de sitio,132.0,3.0,135.0,2009-05-01
2009,5,3120012,Zona Arqueológica de Cempoala con museo de sitio,2671.0,82.0,2753.0,2009-05-01
2009,5,3120024,Zona Arqueológica de Cuajilote,124.0,0.0,124.0,2009-05-01
2009,5,3220012,Zona Arqueológica de Cuauhtochco,42.0,0.0,42.0,2009-05-01
2009,5,3120030,Zona Arqueológica de Cuyuxquihui,150.0,0.0,150.0,2009-05-01
2009,5,3110016,Zona Arqueológica de El Tajín,12667.0,259.0,12926.0,2009-05-01
2009,5,3120068,Zona Arqueológica de Las Higueras con museo de sitio,14.0,0.0,14.0,2009-05-01
2009,5,3220014,Zona Arqueológica de Las Limas,12.0,0.0,12.0,2009-05-01
2009,5,3120088,Zona Arqueológica de Quiahuitztlán,4784.0,64.0,4848.0,2009-05-01
2009,5,3120093,Zona Arqueológica de San Lorenzo Tenochtitlan con museo de sitio,427.0,3.0,430.0,2009-05-01
2009,5,3120123,Zona Arqueológica de Vega de la Peña,21.0,5.0,26.0,2009-05-01
2009,6,3120011,Zona Arqueológica de Castillo de Teayo con museo de sitio,250.0,3.0,253.0,2009-06-01
2009,6,3120012,Zona Arqueológica de Cempoala con museo de sitio,4347.0,111.0,4458.0,2009-06-01
2009,6,3120024,Zona Arqueológica de Cuajilote,89.0,0.0,89.0,2009-06-01
2009,6,3220012,Zona Arqueológica de Cuauhtochco,19.0,0.0,19.0,2009-06-01
2009,6,3120030,Zona Arqueológica de Cuyuxquihui,200.0,0.0,200.0,2009-06-01
2009,6,3110016,Zona Arqueológica de El Tajín,20941.0,469.0,21410.0,2009-06-01
2009,6,3120068,Zona Arqueológica de Las Higueras con museo de sitio,43.0,0.0,43.0,2009-06-01
2009,6,3220014,Zona Arqueológica de Las Limas,10.0,0.0,10.0,2009-06-01
2009,6,3120088,Zona Arqueológica de Quiahuitztlán,2239.0,30.0,2269.0,2009-06-01
2009,6,3120093,Zona Arqueológica de San Lorenzo Tenochtitlan con museo de sitio,323.0,0.0,323.0,2009-06-01
2009,6,3120123,Zona Arqueológica de Vega de la Peña,16.0,5.0,21.0,2009-06-01
2009,7,3120011,Zona Arqueológica de Castillo de Teayo con museo de sitio,280.0,12.0,292.0,2009-07-01
2009,7,3120012,Zona Arqueológica de Cempoala con museo de sitio,6307.0,359.0,6666.0,2009-07-01
2009,7,3120024,Zona Arqueológica de Cuajilote,454.0,0.0,454.0,2009-07-01
2009,7,3220012,Zona Arqueológica de Cuauhtochco,32.0,0.0,32.0,2009-07-01
2009,7,3120030,Zona Arqueológica de Cuyuxquihui,0.0,0.0,0.0,2009-07-01
2009,7,3110016,Zona Arqueológica de El Tajín,53942.0,1354.0,55296.0,2009-07-01
2009,7,3120068,Zona Arqueológica de Las Higueras con museo de sitio,18.0,0.0,18.0,2009-07-01
2009,7,3220014,Zona Arqueológica de Las Limas,9.0,2.0,11.0,2009-07-01
2009,7,3120088,Zona Arqueológica de Quiahuitztlán,2129.0,53.0,2182.0,2009-07-01
2009,7,3120093,Zona Arqueológica de San Lorenzo Tenochtitlan con museo de sitio,193.0,0.0,193.0,2009-07-01
2009,7,3120123,Zona Arqueológica de Vega de la Peña,42.0,0.0,42.0,2009-07-01
2009,8,3120011,Zona Arqueológica de Castillo de Teayo con museo de sitio,376.0,0.0,376.0,2009-08-01
2009,8,3120012,Zona Arqueológica de Cempoala con museo de sitio,6519.0,262.0,6781.0,2009-08-01
2009,8,3120024,Zona Arqueológica de Cuajilote,250.0,0.0,250.0,2009-08-01
2009,8,3220012,Zona Arqueológica de Cuauhtochco,24.0,0.0,24.0,2009-08-01
2009,8,3120030,Zona Arqueológica de Cuyuxquihui,0.0,0.0,0.0,2009-08-01
2009,8,3110016,Zona Arqueológica de El Tajín,69624.0,958.0,70582.0,2009-08-01
2009,8,3120068,Zona Arqueológica de Las Higueras con museo de sitio,26.0,0.0,26.0,2009-08-01
2009,8,3220014,Zona Arqueológica de Las Limas,13.0,0.0,13.0,2009-08-01
2009,8,3120088,Zona Arqueológica de Quiahuitztlán,2360.0,89.0,2449.0,2009-08-01
2009,8,3120093,Zona Arqueológica de San Lorenzo Tenochtitlan con museo de sitio,329.0,4.0,333.0,2009-08-01
2009,8,3120123,Zona Arqueológica de Vega de la Peña,31.0,7.0,38.0,2009-08-01
2009,9,3120011,Zona Arqueológica de Castillo de Teayo con museo de sitio,85.0,0.0,85.0,2009-09-01
2009,9,3120012,Zona Arqueológica de Cempoala con museo de sitio,2350.0,132.0,2482.0,2009-09-01
2009,9,3120024,Zona Arqueológica de Cuajilote,887.0,0.0,887.0,2009-09-01
2009,9,3220012,Zona Arqueológica de Cuauhtochco,0.0,0.0,0.0,2009-09-01
2009,9,3120030,Zona Arqueológica de Cuyuxquihui,1000.0,0.0,1000.0,2009-09-01
2009,9,3110016,Zona Arqueológica de El Tajín,13798.0,457.0,14255.0,2009-09-01
2009,9,3120068,Zona Arqueológica de Las Higueras con museo de sitio,2.0,0.0,2.0,2009-09-01
2009,9,3220014,Zona Arqueológica de Las Limas,10.0,0.0,10.0,2009-09-01
2009,9,3120088,Zona Arqueológica de Quiahuitztlán,973.0,33.0,1006.0,2009-09-01
2009,9,3120093,Zona Arqueológica de San Lorenzo Tenochtitlan con museo de sitio,121.0,0.0,121.0,2009-09-01
2009,9,3120123,Zona Arqueológica de Vega de la Peña,13.0,6.0,19.0,2009-09-01
2009,10,3120011,Zona Arqueológica de Castillo de Teayo con museo de sitio,150.0,0.0,150.0,2009-10-01
2009,10,3120012,Zona Arqueológica de Cempoala con museo de sitio,3655.0,133.0,3788.0,2009-10-01
2009,10,3120024,Zona Arqueológica de Cuajilote,134.0,0.0,134.0,2009-10-01
2009,10,3220012,Zona Arqueológica de Cuauhtochco,0.0,0.0,0.0,2009-10-01
2009,10,3120030,Zona Arqueológica de Cuyuxquihui,136.0,0.0,136.0,2009-10-01
2009,10,3110016,Zona Arqueológica de El Tajín,12010.0,481.0,12491.0,2009-10-01
2009,10,3120068,Zona Arqueológica de Las Higueras con museo de sitio,9.0,0.0,9.0,2009-10-01
2009,10,3220014,Zona Arqueológica de Las Limas,12.0,0.0,12.0,2009-10-01
2009,10,3120088,Zona Arqueológica de Quiahuitztlán,1763.0,39.0,1802.0,2009-10-01
2009,10,3120093,Zona Arqueológica de San Lorenzo Tenochtitlan con museo de sitio,171.0,5.0,176.0,2009-10-01
2009,10,3120123,Zona Arqueológica de Vega de la Peña,14.0,3.0,17.0,2009-10-01
2009,11,3120011,Zona Arqueológica de Castillo de Teayo con museo de sitio,200.0,3.0,203.0,2009-11-01
2009,11,3120012,Zona Arqueológica de Cempoala con museo de sitio,4848.0,236.0,5084.0,2009-11-01
2009,11,3120024,Zona Arqueológica de Cuajilote,189.0,0.0,189.0,2009-11-01
2009,11,3220012,Zona Arqueológica de Cuauhtochco,0.0,0.0,0.0,2009-11-01
2009,11,3120030,Zona Arqueológica de Cuyuxquihui,140.0,0.0,140.0,2009-11-01
2009,11,3110016,Zona Arqueológica de El Tajín,24129.0,761.0,24890.0,2009-11-01
2009,11,3120068,Zona Arqueológica de Las Higueras con museo de sitio,46.0,0.0,46.0,2009-11-01
2009,11,3220014,Zona Arqueológica de Las Limas,15.0,0.0,15.0,2009-11-01
2009,11,3120088,Zona Arqueológica de Quiahuitztlán,1874.0,39.0,1913.0,2009-11-01
2009,11,3120093,Zona Arqueológica de San Lorenzo Tenochtitlan con museo de sitio,165.0,2.0,167.0,2009-11-01
2009,11,3120123,Zona Arqueológica de Vega de la Peña,19.0,2.0,21.0,2009-11-01
2009,12,3120011,Zona Arqueológica de Castillo de Teayo con museo de sitio,189.0,8.0,197.0,2009-12-01
2009,12,3120012,Zona Arqueológica de Cempoala con museo de sitio,9393.0,185.0,9578.0,2009-12-01
2009,12,3120024,Zona Arqueológica de Cuajilote,168.0,0.0,168.0,2009-12-01
2009,12,3220012,Zona Arqueológica de Cuauhtochco,34.0,0.0,34.0,2009-12-01
2009,12,3120030,Zona Arqueológica de Cuyuxquihui,176.0,0.0,176.0,2009-12-01
2009,12,3110016,Zona Arqueológica de El Tajín,15098.0,681.0,15779.0,2009-12-01
2009,12,3120068,Zona Arqueológica de Las Higueras con museo de sitio,28.0,0.0,28.0,2009-12-01
2009,12,3220014,Zona Arqueológica de Las Limas,33.0,0.0,33.0,2009-12-01
2009,12,3120088,Zona Arqueológica de Quiahuitztlán,1160.0,44.0,1204.0,2009-12-01
2009,12,3120093,Zona Arqueológica de San Lorenzo Tenochtitlan con museo de sitio,241.0,2.0,243.0,2009-12-01
2009,12,3120123,Zona Arqueológica de Vega de la Peña,26.0,5.0,31.0,2009-12-01
2010,1,3120011,Zona Arqueológica de Castillo de Teayo con museo de sitio,169.0,2.0,171.0,2010-01-01
2010,1,3120012,Zona Arqueológica de Cempoala con museo de sitio,3515.0,79.0,3594.0,2010-01-01
2010,1,3120024,Zona Arqueológica de Cuajilote,953.0,0.0,953.0,2010-01-01
2010,1,3220012,Zona Arqueológica de Cuauhtochco,0.0,0.0,0.0,2010-01-01
2010,1,3120030,Zona Arqueológica de Cuyuxquihui,200.0,0.0,200.0,2010-01-01
2010,1,3110016,Zona Arqueológica de El Tajín,43328.0,1299.0,44627.0,2010-01-01
2010,1,3120068,Zona Arqueológica de Las Higueras con museo de sitio,12.0,1.0,13.0,2010-01-01
2010,1,3220014,Zona Arqueológica de Las Limas,30.0,0.0,30.0,2010-01-01
2010,1,3120088,Zona Arqueológica de Quiahuitztlán,2141.0,53.0,2194.0,2010-01-01
2010,1,3120093,Zona Arqueológica de San Lorenzo Tenochtitlan con museo de sitio,240.0,181.0,421.0,2010-01-01
2010,1,3120123,Zona Arqueológica de Vega de la Peña,0.0,0.0,0.0,2010-01-01
2010,2,3120011,Zona Arqueológica de Castillo de Teayo con museo de sitio,102.0,0.0,102.0,2010-02-01
2010,2,3120012,Zona Arqueológica de Cempoala con museo de sitio,2904.0,137.0,3041.0,2010-02-01
2010,2,3120024,Zona Arqueológica de Cuajilote,133.0,0.0,133.0,2010-02-01
2010,2,3220012,Zona Arqueológica de Cuauhtochco,17.0,0.0,17.0,2010-02-01
2010,2,3120030,Zona Arqueológica de Cuyuxquihui,0.0,0.0,0.0,2010-02-01
2010,2,3110016,Zona Arqueológica de El Tajín,14670.0,862.0,15532.0,2010-02-01
2010,2,3120068,Zona Arqueológica de Las Higueras con museo de sitio,30.0,0.0,30.0,2010-02-01
2010,2,3220014,Zona Arqueológica de Las Limas,7.0,0.0,7.0,2010-02-01
2010,2,3120088,Zona Arqueológica de Quiahuitztlán,1029.0,54.0,1083.0,2010-02-01
2010,2,3120093,Zona Arqueológica de San Lorenzo Tenochtitlan con museo de sitio,235.0,7.0,242.0,2010-02-01
2010,2,3120123,Zona Arqueológica de Vega de la Peña,10.0,0.0,10.0,2010-02-01
2010,3,3120011,Zona Arqueológica de Castillo de Teayo con museo de sitio,337.0,4.0,341.0,2010-03-01
2010,3,3120012,Zona Arqueológica de Cempoala con museo de sitio,8825.0,142.0,8967.0,2010-03-01
2010,3,3120024,Zona Arqueológica de Cuajilote,755.0,0.0,755.0,2010-03-01
2010,3,3220012,Zona Arqueológica de Cuauhtochco,0.0,0.0,0.0,2010-03-01
2010,3,3120030,Zona Arqueológica de Cuyuxquihui,32.0,26.0,58.0,2010-03-01
2010,3,3110016,Zona Arqueológica de El Tajín,58309.0,1295.0,59604.0,2010-03-01
2010,3,3120068,Zona Arqueológica de Las Higueras con museo de sitio,26.0,0.0,26.0,2010-03-01
2010,3,3220014,Zona Arqueológica de Las Limas,5.0,0.0,5.0,2010-03-01
2010,3,3120088,Zona Arqueológica de Quiahuitztlán,1816.0,39.0,1855.0,2010-03-01
2010,3,3120093,Zona Arqueológica de San Lorenzo Tenochtitlan con museo de sitio,325.0,5.0,330.0,2010-03-01
2010,3,3120123,Zona Arqueológica de Vega de la Peña,30.0,12.0,42.0,2010-03-01
2010,4,3120011,Zona Arqueológica de Castillo de Teayo con museo de sitio,340.0,0.0,340.0,2010-04-01
2010,4,3120012,Zona Arqueológica de Cempoala con museo de sitio,8275.0,103.0,8378.0,2010-04-01
2010,4,3120024,Zona Arqueológica de Cuajilote,3465.0,0.0,3465.0,2010-04-01
2010,4,3220012,Zona Arqueológica de Cuauhtochco,85.0,0.0,85.0,2010-04-01
2010,4,3120030,Zona Arqueológica de Cuyuxquihui,1300.0,0.0,1300.0,2010-04-01
2010,4,3110016,Zona Arqueológica de El Tajín,72548.0,1934.0,74482.0,2010-04-01
2010,4,3120068,Zona Arqueológica de Las Higueras con museo de sitio,69.0,0.0,69.0,2010-04-01
2010,4,3220014,Zona Arqueológica de Las Limas,5.0,0.0,5.0,2010-04-01
2010,4,3120088,Zona Arqueológica de Quiahuitztlán,3202.0,62.0,3264.0,2010-04-01
2010,4,3120093,Zona Arqueológica de San Lorenzo Tenochtitlan con museo de sitio,669.0,4.0,673.0,2010-04-01
2010,4,3120123,Zona Arqueológica de Vega de la Peña,33.0,9.0,42.0,2010-04-01
2010,5,3120011,Zona Arqueológica de Castillo de Teayo con museo de sitio,193.0,8.0,201.0,2010-05-01
2010,5,3120012,Zona Arqueológica de Cempoala con museo de sitio,5354.0,152.0,5506.0,2010-05-01
2010,5,3120024,Zona Arqueológica de Cuajilote,780.0,0.0,780.0,2010-05-01
2010,5,3220012,Zona Arqueológica de Cuauhtochco,31.0,0.0,31.0,2010-05-01
2010,5,3120030,Zona Arqueológica de Cuyuxquihui,250.0,0.0,250.0,2010-05-01
2010,5,3110016,Zona Arqueológica de El Tajín,35059.0,924.0,35983.0,2010-05-01
2010,5,3120068,Zona Arqueológica de Las Higueras con museo de sitio,75.0,0.0,75.0,2010-05-01
2010,5,3220014,Zona Arqueológica de Las Limas,7.0,0.0,7.0,2010-05-01
2010,5,3120088,Zona Arqueológica de Quiahuitztlán,1706.0,36.0,1742.0,2010-05-01
2010,5,3120093,Zona Arqueológica de San Lorenzo Tenochtitlan con museo de sitio,378.0,6.0,384.0,2010-05-01
2010,5,3120123,Zona Arqueológica de Vega de la Peña,20.0,0.0,20.0,2010-05-01
2010,6,3120011,Zona Arqueológica de Castillo de Teayo con museo de sitio,62.0,0.0,62.0,2010-06-01
2010,6,3120012,Zona Arqueológica de Cempoala con museo de sitio,4416.0,327.0,4743.0,2010-06-01
2010,6,3120024,Zona Arqueológica de Cuajilote,143.0,0.0,143.0,2010-06-01
2010,6,3220012,Zona Arqueológica de Cuauhtochco,32.0,0.0,32.0,2010-06-01
2010,6,3120030,Zona Arqueológica de Cuyuxquihui,215.0,0.0,215.0,2010-06-01
2010,6,3110016,Zona Arqueológica de El Tajín,29370.0,1117.0,30487.0,2010-06-01
2010,6,3120068,Zona Arqueológica de Las Higueras con museo de sitio,66.0,0.0,66.0,2010-06-01
2010,6,3220014,Zona Arqueológica de Las Limas,3.0,0.0,3.0,2010-06-01
2010,6,3120088,Zona Arqueológica de Quiahuitztlán,557.0,6.0,563.0,2010-06-01
2010,6,3120093,Zona Arqueológica de San Lorenzo Tenochtitlan con museo de sitio,269.0,2.0,271.0,2010-06-01
2010,6,3120123,Zona Arqueológica de Vega de la Peña,29.0,6.0,35.0,2010-06-01
2010,7,3120011,Zona Arqueológica de Castillo de Teayo con museo de sitio,125.0,0.0,125.0,2010-07-01
2010,7,3120012,Zona Arqueológica de Cempoala con museo de sitio,5364.0,180.0,5544.0,2010-07-01
2010,7,3120024,Zona Arqueológica de Cuajilote,181.0,0.0,181.0,2010-07-01
2010,7,3220012,Zona Arqueológica de Cuauhtochco,0.0,0.0,0.0,2010-07-01
2010,7,3120030,Zona Arqueológica de Cuyuxquihui,250.0,0.0,250.0,2010-07-01
2010,7,3110016,Zona Arqueológica de El Tajín,33897.0,1219.0,35116.0,2010-07-01
2010,7,3120068,Zona Arqueológica de Las Higueras con museo de sitio,57.0,0.0,57.0,2010-07-01
2010,7,3220014,Zona Arqueológica de Las Limas,9.0,0.0,9.0,2010-07-01
2010,7,3120088,Zona Arqueológica de Quiahuitztlán,1748.0,18.0,1766.0,2010-07-01
2010,7,3120093,Zona Arqueológica de San Lorenzo Tenochtitlan con museo de sitio,186.0,6.0,192.0,2010-07-01
2010,7,3120123,Zona Arqueológica de Vega de la Peña,19.0,2.0,21.0,2010-07-01
2010,8,3120011,Zona Arqueológica de Castillo de Teayo con museo de sitio,114.0,0.0,114.0,2010-08-01
2010,8,3120012,Zona Arqueológica de Cempoala con museo de sitio,5536.0,136.0,5672.0,2010-08-01
2010,8,3120024,Zona Arqueológica de Cuajilote,1045.0,0.0,1045.0,2010-08-01
2010,8,3220012,Zona Arqueológica de Cuauhtochco,26.0,0.0,26.0,2010-08-01
2010,8,3120030,Zona Arqueológica de Cuyuxquihui,0.0,0.0,0.0,2010-08-01
2010,8,3110016,Zona Arqueológica de El Tajín,39272.0,832.0,40104.0,2010-08-01
2010,8,3120068,Zona Arqueológica de Las Higueras con museo de sitio,97.0,0.0,97.0,2010-08-01
2010,8,3220014,Zona Arqueológica de Las Limas,7.0,0.0,7.0,2010-08-01
2010,8,3120088,Zona Arqueológica de Quiahuitztlán,2620.0,50.0,2670.0,2010-08-01
2010,8,3120093,Zona Arqueológica de San Lorenzo Tenochtitlan con museo de sitio,162.0,2.0,164.0,2010-08-01
2010,8,3120123,Zona Arqueológica de Vega de la Peña,12.0,4.0,16.0,2010-08-01
2010,9,3120011,Zona Arqueológica de Castillo de Teayo con museo de sitio,69.0,0.0,69.0,2010-09-01
2010,9,3120012,Zona Arqueológica de Cempoala con museo de sitio,1787.0,191.0,1978.0,2010-09-01
2010,9,3120024,Zona Arqueológica de Cuajilote,228.0,0.0,228.0,2010-09-01
2010,9,3220012,Zona Arqueológica de Cuauhtochco,15.0,0.0,15.0,2010-09-01
2010,9,3120030,Zona Arqueológica de Cuyuxquihui,550.0,0.0,550.0,2010-09-01
2010,9,3110016,Zona Arqueológica de El Tajín,9846.0,272.0,10118.0,2010-09-01
2010,9,3120068,Zona Arqueológica de Las Higueras con museo de sitio,13.0,0.0,13.0,2010-09-01
2010,9,3220014,Zona Arqueológica de Las Limas,0.0,0.0,0.0,2010-09-01
2010,9,3120088,Zona Arqueológica de Quiahuitztlán,647.0,13.0,660.0,2010-09-01
2010,9,3120093,Zona Arqueológica de San Lorenzo Tenochtitlan con museo de sitio,43.0,1.0,44.0,2010-09-01
2010,9,3120123,Zona Arqueológica de Vega de la Peña,0.0,0.0,0.0,2010-09-01
2010,10,3120011,Zona Arqueológica de Castillo de Teayo con museo de sitio,86.0,2.0,88.0,2010-10-01
2010,10,3120012,Zona Arqueológica de Cempoala con museo de sitio,1733.0,58.0,1791.0,2010-10-01
2010,10,3120024,Zona Arqueológica de Cuajilote,68.0,0.0,68.0,2010-10-01
2010,10,3220012,Zona Arqueológica de Cuauhtochco,13.0,0.0,13.0,2010-10-01
2010,10,3120030,Zona Arqueológica de Cuyuxquihui,0.0,0.0,0.0,2010-10-01
2010,10,3110016,Zona Arqueológica de El Tajín,10052.0,245.0,10297.0,2010-10-01
2010,10,3120068,Zona Arqueológica de Las Higueras con museo de sitio,0.0,0.0,0.0,2010-10-01
2010,10,3220014,Zona Arqueológica de Las Limas,1.0,0.0,1.0,2010-10-01
2010,10,3120088,Zona Arqueológica de Quiahuitztlán,678.0,6.0,684.0,2010-10-01
2010,10,3120093,Zona Arqueológica de San Lorenzo Tenochtitlan con museo de sitio,39.0,0.0,39.0,2010-10-01
2010,10,3120123,Zona Arqueológica de Vega de la Peña,11.0,2.0,13.0,2010-10-01
2010,11,3120011,Zona Arqueológica de Castillo de Teayo con museo de sitio,138.0,2.0,140.0,2010-11-01
2010,11,3120012,Zona Arqueológica de Cempoala con museo de sitio,3631.0,136.0,3767.0,2010-11-01
2010,11,3120024,Zona Arqueológica de Cuajilote,579.0,28.0,607.0,2010-11-01
2010,11,3220012,Zona Arqueológica de Cuauhtochco,4.0,0.0,4.0,2010-11-01
2010,11,3120030,Zona Arqueológica de Cuyuxquihui,200.0,0.0,200.0,2010-11-01
2010,11,3110016,Zona Arqueológica de El Tajín,17318.0,680.0,17998.0,2010-11-01
2010,11,3120068,Zona Arqueológica de Las Higueras con museo de sitio,129.0,0.0,129.0,2010-11-01
2010,11,3220014,Zona Arqueológica de Las Limas,9.0,0.0,9.0,2010-11-01
2010,11,3120088,Zona Arqueológica de Quiahuitztlán,1498.0,9.0,1507.0,2010-11-01
2010,11,3120093,Zona Arqueológica de San Lorenzo Tenochtitlan con museo de sitio,169.0,0.0,169.0,2010-11-01
2010,11,3120123,Zona Arqueológica de Vega de la Peña,58.0,0.0,58.0,2010-11-01
2010,12,3120011,Zona Arqueológica de Castillo de Teayo con museo de sitio,213.0,0.0,213.0,2010-12-01
2010,12,3120012,Zona Arqueológica de Cempoala con museo de sitio,5677.0,303.0,5980.0,2010-12-01
2010,12,3120024,Zona Arqueológica de Cuajilote,71.0,5.0,76.0,2010-12-01
2010,12,3220012,Zona Arqueológica de Cuauhtochco,17.0,0.0,17.0,2010-12-01
2010,12,3120030,Zona Arqueológica de Cuyuxquihui,450.0,0.0,450.0,2010-12-01
2010,12,3110016,Zona Arqueológica de El Tajín,13607.0,448.0,14055.0,2010-12-01
2010,12,3120068,Zona Arqueológica de Las Higueras con museo de sitio,49.0,0.0,49.0,2010-12-01
2010,12,3220014,Zona Arqueológica de Las Limas,22.0,0.0,22.0,2010-12-01
2010,12,3120088,Zona Arqueológica de Quiahuitztlán,1121.0,30.0,1151.0,2010-12-01
2010,12,3120093,Zona Arqueológica de San Lorenzo Tenochtitlan con museo de sitio,393.0,5.0,398.0,2010-12-01
2010,12,3120123,Zona Arqueológica de Vega de la Peña,29.0,6.0,35.0,2010-12-01
2011,1,3120011,Zona Arqueológica de Castillo de Teayo con museo de sitio,148.0,1.0,149.0,2011-01-01
2011,1,3120012,Zona Arqueológica de Cempoala con museo de sitio,4622.0,105.0,4727.0,2011-01-01
2011,1,3120024,Zona Arqueológica de Cuajilote,1364.0,0.0,1364.0,2011-01-01
2011,1,3220012,Zona Arqueológica de Cuauhtochco,25.0,0.0,25.0,2011-01-01
2011,1,3120030,Zona Arqueológica de Cuyuxquihui,0.0,0.0,0.0,2011-01-01
2011,1,3110016,Zona Arqueológica de El Tajín,46578.0,1068.0,47646.0,2011-01-01
2011,1,3120068,Zona Arqueológica de Las Higueras con museo de sitio,22.0,0.0,22.0,2011-01-01
2011,1,3220014,Zona Arqueológica de Las Limas,0.0,0.0,0.0,2011-01-01
2011,1,3120088,Zona Arqueológica de Quiahuitztlán,2662.0,109.0,2771.0,2011-01-01
2011,1,3120093,Zona Arqueológica de San Lorenzo Tenochtitlan con museo de sitio,373.0,2.0,375.0,2011-01-01
2011,1,3120123,Zona Arqueológica de Vega de la Peña,21.0,6.0,27.0,2011-01-01
2011,2,3120011,Zona Arqueológica de Castillo de Teayo con museo de sitio,280.0,0.0,280.0,2011-02-01
2011,2,3120012,Zona Arqueológica de Cempoala con museo de sitio,4026.0,153.0,4179.0,2011-02-01
2011,2,3120024,Zona Arqueológica de Cuajilote,201.0,0.0,201.0,2011-02-01
2011,2,3220012,Zona Arqueológica de Cuauhtochco,56.0,0.0,56.0,2011-02-01
2011,2,3120030,Zona Arqueológica de Cuyuxquihui,600.0,0.0,600.0,2011-02-01
2011,2,3110016,Zona Arqueológica de El Tajín,14929.0,671.0,15600.0,2011-02-01
2011,2,3120068,Zona Arqueológica de Las Higueras con museo de sitio,43.0,0.0,43.0,2011-02-01
2011,2,3220014,Zona Arqueológica de Las Limas,48.0,0.0,48.0,2011-02-01
2011,2,3120088,Zona Arqueológica de Quiahuitztlán,1587.0,26.0,1613.0,2011-02-01
2011,2,3120093,Zona Arqueológica de San Lorenzo Tenochtitlan con museo de sitio,250.0,3.0,253.0,2011-02-01
2011,2,3120123,Zona Arqueológica de Vega de la Peña,37.0,0.0,37.0,2011-02-01
2011,3,3120011,Zona Arqueológica de Castillo de Teayo con museo de sitio,567.0,0.0,567.0,2011-03-01
2011,3,3120012,Zona Arqueológica de Cempoala con museo de sitio,17068.0,419.0,17487.0,2011-03-01
2011,3,3120024,Zona Arqueológica de Cuajilote,556.0,0.0,556.0,2011-03-01
2011,3,3220012,Zona Arqueológica de Cuauhtochco,20.0,0.0,20.0,2011-03-01
2011,3,3120030,Zona Arqueológica de Cuyuxquihui,200.0,0.0,200.0,2011-03-01
2011,3,3110016,Zona Arqueológica de El Tajín,78648.0,1132.0,79780.0,2011-03-01
2011,3,3120068,Zona Arqueológica de Las Higueras con museo de sitio,69.0,5.0,74.0,2011-03-01
2011,3,3220014,Zona Arqueológica de Las Limas,22.0,0.0,22.0,2011-03-01
2011,3,3120088,Zona Arqueológica de Quiahuitztlán,3525.0,115.0,3640.0,2011-03-01
2011,3,3120093,Zona Arqueológica de San Lorenzo Tenochtitlan con museo de sitio,325.0,0.0,325.0,2011-03-01
2011,3,3120123,Zona Arqueológica de Vega de la Peña,129.0,3.0,132.0,2011-03-01
2011,4,3120011,Zona Arqueológica de Castillo de Teayo con museo de sitio,207.0,0.0,207.0,2011-04-01
2011,4,3120012,Zona Arqueológica de Cempoala con museo de sitio,7474.0,281.0,7755.0,2011-04-01
2011,4,3120024,Zona Arqueológica de Cuajilote,1651.0,0.0,1651.0,2011-04-01
2011,4,3220012,Zona Arqueológica de Cuauhtochco,17.0,0.0,17.0,2011-04-01
2011,4,3120030,Zona Arqueológica de Cuyuxquihui,400.0,0.0,400.0,2011-04-01
2011,4,3110016,Zona Arqueológica de El Tajín,58027.0,686.0,58713.0,2011-04-01
2011,4,3120068,Zona Arqueológica de Las Higueras con museo de sitio,175.0,0.0,175.0,2011-04-01
2011,4,3220014,Zona Arqueológica de Las Limas,56.0,0.0,56.0,2011-04-01
2011,4,3120088,Zona Arqueológica de Quiahuitztlán,3681.0,160.0,3841.0,2011-04-01
2011,4,3120093,Zona Arqueológica de San Lorenzo Tenochtitlan con museo de sitio,751.0,2.0,753.0,2011-04-01
2011,4,3120123,Zona Arqueológica de Vega de la Peña,113.0,8.0,121.0,2011-04-01
2011,5,3120011,Zona Arqueológica de Castillo de Teayo con museo de sitio,160.0,6.0,166.0,2011-05-01
2011,5,3120012,Zona Arqueológica de Cempoala con museo de sitio,4927.0,176.0,5103.0,2011-05-01
2011,5,3120024,Zona Arqueológica de Cuajilote,446.0,0.0,446.0,2011-05-01
2011,5,3220012,Zona Arqueológica de Cuauhtochco,14.0,0.0,14.0,2011-05-01
2011,5,3120030,Zona Arqueológica de Cuyuxquihui,260.0,0.0,260.0,2011-05-01
2011,5,3110016,Zona Arqueológica de El Tajín,36851.0,979.0,37830.0,2011-05-01
2011,5,3120068,Zona Arqueológica de Las Higueras con museo de sitio,34.0,0.0,34.0,2011-05-01
2011,5,3220014,Zona Arqueológica de Las Limas,5.0,0.0,5.0,2011-05-01
2011,5,3120088,Zona Arqueológica de Quiahuitztlán,1942.0,16.0,1958.0,2011-05-01
2011,5,3120093,Zona Arqueológica de San Lorenzo Tenochtitlan con museo de sitio,516.0,15.0,531.0,2011-05-01
2011,5,3120123,Zona Arqueológica de Vega de la Peña,32.0,0.0,32.0,2011-05-01
2011,6,3120011,Zona Arqueológica de Castillo de Teayo con museo de sitio,88.0,0.0,88.0,2011-06-01
2011,6,3120012,Zona Arqueológica de Cempoala con museo de sitio,3785.0,90.0,3875.0,2011-06-01
2011,6,3120024,Zona Arqueológica de Cuajilote,299.0,0.0,299.0,2011-06-01
2011,6,3220012,Zona Arqueológica de Cuauhtochco,11.0,0.0,11.0,2011-06-01
2011,6,3120030,Zona Arqueológica de Cuyuxquihui,0.0,0.0,0.0,2011-06-01
2011,6,3110016,Zona Arqueológica de El Tajín,27188.0,609.0,27797.0,2011-06-01
2011,6,3120068,Zona Arqueológica de Las Higueras con museo de sitio,0.0,0.0,0.0,2011-06-01
2011,6,3220014,Zona Arqueológica de Las Limas,9.0,0.0,9.0,2011-06-01
2011,6,3120088,Zona Arqueológica de Quiahuitztlán,2440.0,33.0,2473.0,2011-06-01
2011,6,3120093,Zona Arqueológica de San Lorenzo Tenochtitlan con museo de sitio,182.0,16.0,198.0,2011-06-01
2011,6,3120123,Zona Arqueológica de Vega de la Peña,29.0,3.0,32.0,2011-06-01
2011,7,3120011,Zona Arqueológica de Castillo de Teayo con museo de sitio,209.0,0.0,209.0,2011-07-01
2011,7,3120012,Zona Arqueológica de Cempoala con museo de sitio,4024.0,327.0,4351.0,2011-07-01
2011,7,3120024,Zona Arqueológica de Cuajilote,473.0,0.0,473.0,2011-07-01
2011,7,3220012,Zona Arqueológica de Cuauhtochco,12.0,5.0,17.0,2011-07-01
2011,7,3120030,Zona Arqueológica de Cuyuxquihui,250.0,0.0,250.0,2011-07-01
2011,7,3110016,Zona Arqueológica de El Tajín,30637.0,677.0,31314.0,2011-07-01
2011,7,3120068,Zona Arqueológica de Las Higueras con museo de sitio,54.0,0.0,54.0,2011-07-01
2011,7,3220014,Zona Arqueológica de Las Limas,9.0,0.0,9.0,2011-07-01
2011,7,3120088,Zona Arqueológica de Quiahuitztlán,2119.0,59.0,2178.0,2011-07-01
2011,7,3120093,Zona Arqueológica de San Lorenzo Tenochtitlan con museo de sitio,215.0,5.0,220.0,2011-07-01
2011,7,3120123,Zona Arqueológica de Vega de la Peña,80.0,0.0,80.0,2011-07-01
2011,8,3120011,Zona Arqueológica de Castillo de Teayo con museo de sitio,112.0,8.0,120.0,2011-08-01
2011,8,3120012,Zona Arqueológica de Cempoala con museo de sitio,3824.0,135.0,3959.0,2011-08-01
2011,8,3120024,Zona Arqueológica de Cuajilote,672.0,0.0,672.0,2011-08-01
2011,8,3220012,Zona Arqueológica de Cuauhtochco,17.0,0.0,17.0,2011-08-01
2011,8,3120030,Zona Arqueológica de Cuyuxquihui,446.0,4.0,450.0,2011-08-01
2011,8,3110016,Zona Arqueológica de El Tajín,31640.0,509.0,32149.0,2011-08-01
2011,8,3120068,Zona Arqueológica de Las Higueras con museo de sitio,116.0,0.0,116.0,2011-08-01
2011,8,3220014,Zona Arqueológica de Las Limas,9.0,0.0,9.0,2011-08-01
2011,8,3120088,Zona Arqueológica de Quiahuitztlán,1995.0,26.0,2021.0,2011-08-01
2011,8,3120093,Zona Arqueológica de San Lorenzo Tenochtitlan con museo de sitio,190.0,0.0,190.0,2011-08-01
2011,8,3120123,Zona Arqueológica de Vega de la Peña,60.0,6.0,66.0,2011-08-01
2011,9,3120011,Zona Arqueológica de Castillo de Teayo con museo de sitio,181.0,0.0,181.0,2011-09-01
2011,9,3120012,Zona Arqueológica de Cempoala con museo de sitio,2101.0,79.0,2180.0,2011-09-01
2011,9,3120024,Zona Arqueológica de Cuajilote,360.0,0.0,360.0,2011-09-01
2011,9,3220012,Zona Arqueológica de Cuauhtochco,38.0,0.0,38.0,2011-09-01
2011,9,3120030,Zona Arqueológica de Cuyuxquihui,300.0,0.0,300.0,2011-09-01
2011,9,3110016,Zona Arqueológica de El Tajín,15440.0,397.0,15837.0,2011-09-01
2011,9,3120068,Zona Arqueológica de Las Higueras con museo de sitio,0.0,0.0,0.0,2011-09-01
2011,9,3220014,Zona Arqueológica de Las Limas,9.0,0.0,9.0,2011-09-01
2011,9,3120088,Zona Arqueológica de Quiahuitztlán,1006.0,6.0,1012.0,2011-09-01
2011,9,3120093,Zona Arqueológica de San Lorenzo Tenochtitlan con museo de sitio,123.0,0.0,123.0,2011-09-01
2011,9,3120123,Zona Arqueológica de Vega de la Peña,34.0,7.0,41.0,2011-09-01
2011,10,3120011,Zona Arqueológica de Castillo de Teayo con museo de sitio,158.0,0.0,158.0,2011-10-01
2011,10,3120012,Zona Arqueológica de Cempoala con museo de sitio,1967.0,13.0,1980.0,2011-10-01
2011,10,3120024,Zona Arqueológica de Cuajilote,427.0,0.0,427.0,2011-10-01
2011,10,3220012,Zona Arqueológica de Cuauhtochco,14.0,0.0,14.0,2011-10-01
2011,10,3120030,Zona Arqueológica de Cuyuxquihui,300.0,0.0,300.0,2011-10-01
2011,10,3110016,Zona Arqueológica de El Tajín,10974.0,168.0,11142.0,2011-10-01
2011,10,3120068,Zona Arqueológica de Las Higueras con museo de sitio,0.0,0.0,0.0,2011-10-01
2011,10,3220014,Zona Arqueológica de Las Limas,14.0,0.0,14.0,2011-10-01
2011,10,3120088,Zona Arqueológica de Quiahuitztlán,1018.0,16.0,1034.0,2011-10-01
2011,10,3120093,Zona Arqueológica de San Lorenzo Tenochtitlan con museo de sitio,94.0,2.0,96.0,2011-10-01
2011,10,3120123,Zona Arqueológica de Vega de la Peña,50.0,6.0,56.0,2011-10-01
2011,11,3120011,Zona Arqueológica de Castillo de Teayo con museo de sitio,149.0,0.0,149.0,2011-11-01
2011,11,3120012,Zona Arqueológica de Cempoala con museo de sitio,3177.0,88.0,3265.0,2011-11-01
2011,11,3120024,Zona Arqueológica de Cuajilote,217.0,163.0,380.0,2011-11-01
2011,11,3220012,Zona Arqueológica de Cuauhtochco,7.0,3.0,10.0,2011-11-01
2011,11,3120030,Zona Arqueológica de Cuyuxquihui,150.0,0.0,150.0,2011-11-01
2011,11,3110016,Zona Arqueológica de El Tajín,15018.0,451.0,15469.0,2011-11-01
2011,11,3120068,Zona Arqueológica de Las Higueras con museo de sitio,0.0,0.0,0.0,2011-11-01
2011,11,3220014,Zona Arqueológica de Las Limas,21.0,0.0,21.0,2011-11-01
2011,11,3120088,Zona Arqueológica de Quiahuitztlán,1598.0,18.0,1616.0,2011-11-01
2011,11,3120093,Zona Arqueológica de San Lorenzo Tenochtitlan con museo de sitio,94.0,2.0,96.0,2011-11-01
2011,11,3120123,Zona Arqueológica de Vega de la Peña,52.0,4.0,56.0,2011-11-01
2011,12,3120011,Zona Arqueológica de Castillo de Teayo con museo de sitio,244.0,6.0,250.0,2011-12-01
2011,12,3120012,Zona Arqueológica de Cempoala con museo de sitio,4364.0,172.0,4536.0,2011-12-01
2011,12,3120024,Zona Arqueológica de Cuajilote,543.0,0.0,543.0,2011-12-01
2011,12,3220012,Zona Arqueológica de Cuauhtochco,28.0,10.0,38.0,2011-12-01
2011,12,3120030,Zona Arqueológica de Cuyuxquihui,250.0,0.0,250.0,2011-12-01
2011,12,3110016,Zona Arqueológica de El Tajín,16847.0,707.0,17554.0,2011-12-01
2011,12,3120068,Zona Arqueológica de Las Higueras con museo de sitio,161.0,0.0,161.0,2011-12-01
2011,12,3220014,Zona Arqueológica de Las Limas,15.0,0.0,15.0,2011-12-01
2011,12,3120088,Zona Arqueológica de Quiahuitztlán,1019.0,26.0,1045.0,2011-12-01
2011,12,3120093,Zona Arqueológica de San Lorenzo Tenochtitlan con museo de sitio,214.0,0.0,214.0,2011-12-01
2011,12,3120123,Zona Arqueológica de Vega de la Peña,33.0,4.0,37.0,2011-12-01
2012,1,3120011,Zona Arqueológica de Castillo de Teayo con museo de sitio,327.0,9.0,336.0,2012-01-01
2012,1,3120012,Zona Arqueológica de Cempoala con museo de sitio,1826.0,62.0,1888.0,2012-01-01
2012,1,3120024,Zona Arqueológica de Cuajilote,583.0,0.0,583.0,2012-01-01
2012,1,3220012,Zona Arqueológica de Cuauhtochco,0.0,0.0,0.0,2012-01-01
2012,1,3120030,Zona Arqueológica de Cuyuxquihui,200.0,0.0,200.0,2012-01-01
2012,1,3110016,Zona Arqueológica de El Tajín,28052.0,700.0,28752.0,2012-01-01
2012,1,3120068,Zona Arqueológica de Las Higueras con museo de sitio,0.0,0.0,0.0,2012-01-01
2012,1,3220014,Zona Arqueológica de Las Limas,30.0,0.0,30.0,2012-01-01
2012,1,3120088,Zona Arqueológica de Quiahuitztlán,1873.0,19.0,1892.0,2012-01-01
2012,1,3120093,Zona Arqueológica de San Lorenzo Tenochtitlan con museo de sitio,99.0,0.0,99.0,2012-01-01
2012,1,3120123,Zona Arqueológica de Vega de la Peña,31.0,4.0,35.0,2012-01-01
2012,2,3120011,Zona Arqueológica de Castillo de Teayo con museo de sitio,148.0,0.0,148.0,2012-02-01
2012,2,3120012,Zona Arqueológica de Cempoala con museo de sitio,3644.0,127.0,3771.0,2012-02-01
2012,2,3120024,Zona Arqueológica de Cuajilote,430.0,0.0,430.0,2012-02-01
2012,2,3220012,Zona Arqueológica de Cuauhtochco,22.0,0.0,22.0,2012-02-01
2012,2,3120030,Zona Arqueológica de Cuyuxquihui,660.0,0.0,660.0,2012-02-01
2012,2,3110016,Zona Arqueológica de El Tajín,15458.0,601.0,16059.0,2012-02-01
2012,2,3120068,Zona Arqueológica de Las Higueras con museo de sitio,37.0,0.0,37.0,2012-02-01
2012,2,3220014,Zona Arqueológica de Las Limas,43.0,0.0,43.0,2012-02-01
2012,2,3120088,Zona Arqueológica de Quiahuitztlán,1524.0,96.0,1620.0,2012-02-01
2012,2,3120093,Zona Arqueológica de San Lorenzo Tenochtitlan con museo de sitio,173.0,3.0,176.0,2012-02-01
2012,2,3120123,Zona Arqueológica de Vega de la Peña,23.0,4.0,27.0,2012-02-01
2012,3,3120011,Zona Arqueológica de Castillo de Teayo con museo de sitio,319.0,3.0,322.0,2012-03-01
2012,3,3120012,Zona Arqueológica de Cempoala con museo de sitio,7183.0,120.0,7303.0,2012-03-01
2012,3,3120024,Zona Arqueológica de Cuajilote,518.0,0.0,518.0,2012-03-01
2012,3,3220012,Zona Arqueológica de Cuauhtochco,29.0,0.0,29.0,2012-03-01
2012,3,3120030,Zona Arqueológica de Cuyuxquihui,341.0,0.0,341.0,2012-03-01
2012,3,3110016,Zona Arqueológica de El Tajín,60236.0,3550.0,63786.0,2012-03-01
2012,3,3120068,Zona Arqueológica de Las Higueras con museo de sitio,13.0,0.0,13.0,2012-03-01
2012,3,3220014,Zona Arqueológica de Las Limas,14.0,0.0,14.0,2012-03-01
2012,3,3120088,Zona Arqueológica de Quiahuitztlán,2256.0,44.0,2300.0,2012-03-01
2012,3,3120093,Zona Arqueológica de San Lorenzo Tenochtitlan con museo de sitio,388.0,1.0,389.0,2012-03-01
2012,3,3120123,Zona Arqueológica de Vega de la Peña,99.0,0.0,99.0,2012-03-01
2012,4,3120011,Zona Arqueológica de Castillo de Teayo con museo de sitio,413.0,1.0,414.0,2012-04-01
2012,4,3120012,Zona Arqueológica de Cempoala con museo de sitio,6146.0,129.0,6275.0,2012-04-01
2012,4,3120024,Zona Arqueológica de Cuajilote,1174.0,0.0,1174.0,2012-04-01
2012,4,3220012,Zona Arqueológica de Cuauhtochco,28.0,0.0,28.0,2012-04-01
2012,4,3120030,Zona Arqueológica de Cuyuxquihui,200.0,0.0,200.0,2012-04-01
2012,4,3110016,Zona Arqueológica de El Tajín,66017.0,1360.0,67377.0,2012-04-01
2012,4,3120068,Zona Arqueológica de Las Higueras con museo de sitio,24.0,0.0,24.0,2012-04-01
2012,4,3220014,Zona Arqueológica de Las Limas,27.0,0.0,27.0,2012-04-01
2012,4,3120088,Zona Arqueológica de Quiahuitztlán,3727.0,36.0,3763.0,2012-04-01
2012,4,3120093,Zona Arqueológica de San Lorenzo Tenochtitlan con museo de sitio,801.0,14.0,815.0,2012-04-01
2012,4,3120123,Zona Arqueológica de Vega de la Peña,56.0,6.0,62.0,2012-04-01
2012,5,3120011,Zona Arqueológica de Castillo de Teayo con museo de sitio,144.0,0.0,144.0,2012-05-01
2012,5,3120012,Zona Arqueológica de Cempoala con museo de sitio,4218.0,37.0,4255.0,2012-05-01
2012,5,3120024,Zona Arqueológica de Cuajilote,323.0,0.0,323.0,2012-05-01
2012,5,3220012,Zona Arqueológica de Cuauhtochco,20.0,0.0,20.0,2012-05-01
2012,5,3120030,Zona Arqueológica de Cuyuxquihui,854.0,0.0,854.0,2012-05-01
2012,5,3110016,Zona Arqueológica de El Tajín,35066.0,406.0,35472.0,2012-05-01
2012,5,3120068,Zona Arqueológica de Las Higueras con museo de sitio,65.0,0.0,65.0,2012-05-01
2012,5,3220014,Zona Arqueológica de Las Limas,11.0,0.0,11.0,2012-05-01
2012,5,3120088,Zona Arqueológica de Quiahuitztlán,2463.0,29.0,2492.0,2012-05-01
2012,5,3120093,Zona Arqueológica de San Lorenzo Tenochtitlan con museo de sitio,267.0,8.0,275.0,2012-05-01
2012,5,3120123,Zona Arqueológica de Vega de la Peña,25.0,3.0,28.0,2012-05-01
2012,6,3120011,Zona Arqueológica de Castillo de Teayo con museo de sitio,80.0,0.0,80.0,2012-06-01
2012,6,3120012,Zona Arqueológica de Cempoala con museo de sitio,2907.0,38.0,2945.0,2012-06-01
2012,6,3120024,Zona Arqueológica de Cuajilote,232.0,0.0,232.0,2012-06-01
2012,6,3220012,Zona Arqueológica de Cuauhtochco,26.0,0.0,26.0,2012-06-01
2012,6,3120030,Zona Arqueológica de Cuyuxquihui,150.0,0.0,150.0,2012-06-01
2012,6,3110016,Zona Arqueológica de El Tajín,25912.0,176.0,26088.0,2012-06-01
2012,6,3120068,Zona Arqueológica de Las Higueras con museo de sitio,79.0,0.0,79.0,2012-06-01
2012,6,3220014,Zona Arqueológica de Las Limas,31.0,0.0,31.0,2012-06-01
2012,6,3120088,Zona Arqueológica de Quiahuitztlán,1728.0,13.0,1741.0,2012-06-01
2012,6,3120093,Zona Arqueológica de San Lorenzo Tenochtitlan con museo de sitio,147.0,0.0,147.0,2012-06-01
2012,6,3120123,Zona Arqueológica de Vega de la Peña,83.0,0.0,83.0,2012-06-01
2012,7,3120011,Zona Arqueológica de Castillo de Teayo con museo de sitio,250.0,0.0,250.0,2012-07-01
2012,7,3120012,Zona Arqueológica de Cempoala con museo de sitio,4018.0,101.0,4119.0,2012-07-01
2012,7,3120024,Zona Arqueológica de Cuajilote,586.0,0.0,586.0,2012-07-01
2012,7,3220012,Zona Arqueológica de Cuauhtochco,35.0,0.0,35.0,2012-07-01
2012,7,3120030,Zona Arqueológica de Cuyuxquihui,150.0,0.0,150.0,2012-07-01
2012,7,3110016,Zona Arqueológica de El Tajín,38582.0,283.0,38865.0,2012-07-01
2012,7,3120068,Zona Arqueológica de Las Higueras con museo de sitio,87.0,0.0,87.0,2012-07-01
2012,7,3220014,Zona Arqueológica de Las Limas,13.0,0.0,13.0,2012-07-01
2012,7,3120088,Zona Arqueológica de Quiahuitztlán,2238.0,11.0,2249.0,2012-07-01
2012,7,3120093,Zona Arqueológica de San Lorenzo Tenochtitlan con museo de sitio,192.0,0.0,192.0,2012-07-01
2012,7,3120123,Zona Arqueológica de Vega de la Peña,24.0,2.0,26.0,2012-07-01
2012,8,3120011,Zona Arqueológica de Castillo de Teayo con museo de sitio,187.0,0.0,187.0,2012-08-01
2012,8,3120012,Zona Arqueológica de Cempoala con museo de sitio,3433.0,50.0,3483.0,2012-08-01
2012,8,3120024,Zona Arqueológica de Cuajilote,462.0,0.0,462.0,2012-08-01
2012,8,3220012,Zona Arqueológica de Cuauhtochco,24.0,0.0,24.0,2012-08-01
2012,8,3120030,Zona Arqueológica de Cuyuxquihui,400.0,0.0,400.0,2012-08-01
2012,8,3110016,Zona Arqueológica de El Tajín,39413.0,437.0,39850.0,2012-08-01
2012,8,3120068,Zona Arqueológica de Las Higueras con museo de sitio,93.0,0.0,93.0,2012-08-01
2012,8,3220014,Zona Arqueológica de Las Limas,12.0,0.0,12.0,2012-08-01
2012,8,3120088,Zona Arqueológica de Quiahuitztlán,2058.0,40.0,2098.0,2012-08-01
2012,8,3120093,Zona Arqueológica de San Lorenzo Tenochtitlan con museo de sitio,169.0,0.0,169.0,2012-08-01
2012,8,3120123,Zona Arqueológica de Vega de la Peña,7.0,0.0,7.0,2012-08-01
2012,9,3120011,Zona Arqueológica de Castillo de Teayo con museo de sitio,0.0,0.0,0.0,2012-09-01
2012,9,3120012,Zona Arqueológica de Cempoala con museo de sitio,2335.0,21.0,2356.0,2012-09-01
2012,9,3120024,Zona Arqueológica de Cuajilote,220.0,0.0,220.0,2012-09-01
2012,9,3220012,Zona Arqueológica de Cuauhtochco,13.0,0.0,13.0,2012-09-01
2012,9,3120030,Zona Arqueológica de Cuyuxquihui,207.0,0.0,207.0,2012-09-01
2012,9,3110016,Zona Arqueológica de El Tajín,12260.0,240.0,12500.0,2012-09-01
2012,9,3120068,Zona Arqueológica de Las Higueras con museo de sitio,127.0,0.0,127.0,2012-09-01
2012,9,3220014,Zona Arqueológica de Las Limas,12.0,0.0,12.0,2012-09-01
2012,9,3120088,Zona Arqueológica de Quiahuitztlán,1788.0,27.0,1815.0,2012-09-01
2012,9,3120093,Zona Arqueológica de San Lorenzo Tenochtitlan con museo de sitio,157.0,0.0,157.0,2012-09-01
2012,9,3120123,Zona Arqueológica de Vega de la Peña,10.0,0.0,10.0,2012-09-01
2012,10,3120011,Zona Arqueológica de Castillo de Teayo con museo de sitio,88.0,0.0,88.0,2012-10-01
2012,10,3120012,Zona Arqueológica de Cempoala con museo de sitio,2528.0,194.0,2722.0,2012-10-01
2012,10,3120024,Zona Arqueológica de Cuajilote,206.0,0.0,206.0,2012-10-01
2012,10,3220012,Zona Arqueológica de Cuauhtochco,14.0,0.0,14.0,2012-10-01
2012,10,3120030,Zona Arqueológica de Cuyuxquihui,250.0,0.0,250.0,2012-10-01
2012,10,3110016,Zona Arqueológica de El Tajín,11743.0,257.0,12000.0,2012-10-01
2012,10,3120068,Zona Arqueológica de Las Higueras con museo de sitio,83.0,0.0,83.0,2012-10-01
2012,10,3220014,Zona Arqueológica de Las Limas,11.0,0.0,11.0,2012-10-01
2012,10,3120088,Zona Arqueológica de Quiahuitztlán,1420.0,15.0,1435.0,2012-10-01
2012,10,3120093,Zona Arqueológica de San Lorenzo Tenochtitlan con museo de sitio,249.0,0.0,249.0,2012-10-01
2012,10,3120123,Zona Arqueológica de Vega de la Peña,20.0,2.0,22.0,2012-10-01
2012,11,3120011,Zona Arqueológica de Castillo de Teayo con museo de sitio,106.0,0.0,106.0,2012-11-01
2012,11,3120012,Zona Arqueológica de Cempoala con museo de sitio,3768.0,68.0,3836.0,2012-11-01
2012,11,3120024,Zona Arqueológica de Cuajilote,296.0,0.0,296.0,2012-11-01
2012,11,3220012,Zona Arqueológica de Cuauhtochco,17.0,0.0,17.0,2012-11-01
2012,11,3120030,Zona Arqueológica de Cuyuxquihui,300.0,0.0,300.0,2012-11-01
2012,11,3110016,Zona Arqueológica de El Tajín,22744.0,512.0,23256.0,2012-11-01
2012,11,3120068,Zona Arqueológica de Las Higueras con museo de sitio,107.0,3.0,110.0,2012-11-01
2012,11,3220014,Zona Arqueológica de Las Limas,15.0,0.0,15.0,2012-11-01
2012,11,3120088,Zona Arqueológica de Quiahuitztlán,1746.0,8.0,1754.0,2012-11-01
2012,11,3120093,Zona Arqueológica de San Lorenzo Tenochtitlan con museo de sitio,378.0,0.0,378.0,2012-11-01
2012,11,3120123,Zona Arqueológica de Vega de la Peña,39.0,3.0,42.0,2012-11-01
2012,12,3120011,Zona Arqueológica de Castillo de Teayo con museo de sitio,0.0,0.0,0.0,2012-12-01
2012,12,3120012,Zona Arqueológica de Cempoala con museo de sitio,5080.0,182.0,5262.0,2012-12-01
2012,12,3120024,Zona Arqueológica de Cuajilote,561.0,0.0,561.0,2012-12-01
2012,12,3220012,Zona Arqueológica de Cuauhtochco,57.0,0.0,57.0,2012-12-01
2012,12,3120030,Zona Arqueológica de Cuyuxquihui,415.0,0.0,415.0,2012-12-01
2012,12,3110016,Zona Arqueológica de El Tajín,20339.0,353.0,20692.0,2012-12-01
2012,12,3120068,Zona Arqueológica de Las Higueras con museo de sitio,97.0,0.0,97.0,2012-12-01
2012,12,3220014,Zona Arqueológica de Las Limas,29.0,0.0,29.0,2012-12-01
2012,12,3120088,Zona Arqueológica de Quiahuitztlán,1598.0,34.0,1632.0,2012-12-01
2012,12,3120093,Zona Arqueológica de San Lorenzo Tenochtitlan con museo de sitio,405.0,0.0,405.0,2012-12-01
2012,12,3120123,Zona Arqueológica de Vega de la Peña,31.0,8.0,39.0,2012-12-01
2013,1,3120011,Zona Arqueológica de Castillo de Teayo con museo de sitio,0.0,0.0,0.0,2013-01-01
2013,1,3120012,Zona Arqueológica de Cempoala con museo de sitio,2976.0,115.0,3091.0,2013-01-01
2013,1,3120024,Zona Arqueológica de Cuajilote,736.0,0.0,736.0,2013-01-01
2013,1,3220012,Zona Arqueológica de Cuauhtochco,18.0,0.0,18.0,2013-01-01
2013,1,3120030,Zona Arqueológica de Cuyuxquihui,200.0,0.0,200.0,2013-01-01
2013,1,3110016,Zona Arqueológica de El Tajín,34324.0,769.0,35093.0,2013-01-01
2013,1,3120068,Zona Arqueológica de Las Higueras con museo de sitio,41.0,0.0,41.0,2013-01-01
2013,1,3220014,Zona Arqueológica de Las Limas,15.0,0.0,15.0,2013-01-01
2013,1,3120088,Zona Arqueológica de Quiahuitztlán,1892.0,45.0,1937.0,2013-01-01
2013,1,3120093,Zona Arqueológica de San Lorenzo Tenochtitlan con museo de sitio,203.0,0.0,203.0,2013-01-01
2013,1,3120123,Zona Arqueológica de Vega de la Peña,25.0,0.0,25.0,2013-01-01
2013,2,3120011,Zona Arqueológica de Castillo de Teayo con museo de sitio,0.0,0.0,0.0,2013-02-01
2013,2,3120012,Zona Arqueológica de Cempoala con museo de sitio,3098.0,99.0,3197.0,2013-02-01
2013,2,3120024,Zona Arqueológica de Cuajilote,476.0,0.0,476.0,2013-02-01
2013,2,3220012,Zona Arqueológica de Cuauhtochco,30.0,0.0,30.0,2013-02-01
2013,2,3120030,Zona Arqueológica de Cuyuxquihui,489.0,0.0,489.0,2013-02-01
2013,2,3110016,Zona Arqueológica de El Tajín,17602.0,329.0,17931.0,2013-02-01
2013,2,3120068,Zona Arqueológica de Las Higueras con museo de sitio,51.0,0.0,51.0,2013-02-01
2013,2,3220014,Zona Arqueológica de Las Limas,18.0,0.0,18.0,2013-02-01
2013,2,3120088,Zona Arqueológica de Quiahuitztlán,1226.0,10.0,1236.0,2013-02-01
2013,2,3120093,Zona Arqueológica de San Lorenzo Tenochtitlan con museo de sitio,292.0,0.0,292.0,2013-02-01
2013,2,3120123,Zona Arqueológica de Vega de la Peña,58.0,3.0,61.0,2013-02-01
2013,3,3120011,Zona Arqueológica de Castillo de Teayo con museo de sitio,136.0,0.0,136.0,2013-03-01
2013,3,3120012,Zona Arqueológica de Cempoala con museo de sitio,7859.0,66.0,7925.0,2013-03-01
2013,3,3120024,Zona Arqueológica de Cuajilote,387.0,0.0,387.0,2013-03-01
2013,3,3220012,Zona Arqueológica de Cuauhtochco,20.0,0.0,20.0,2013-03-01
2013,3,3120030,Zona Arqueológica de Cuyuxquihui,0.0,0.0,0.0,2013-03-01
2013,3,3110016,Zona Arqueológica de El Tajín,52367.0,916.0,53283.0,2013-03-01
2013,3,3120068,Zona Arqueológica de Las Higueras con museo de sitio,21.0,0.0,21.0,2013-03-01
2013,3,3220014,Zona Arqueológica de Las Limas,51.0,0.0,51.0,2013-03-01
2013,3,3120088,Zona Arqueológica de Quiahuitztlán,2284.0,5.0,2289.0,2013-03-01
2013,3,3120093,Zona Arqueológica de San Lorenzo Tenochtitlan con museo de sitio,656.0,0.0,656.0,2013-03-01
2013,3,3120123,Zona Arqueológica de Vega de la Peña,53.0,0.0,53.0,2013-03-01
2013,4,3120011,Zona Arqueológica de Castillo de Teayo con museo de sitio,0.0,0.0,0.0,2013-04-01
2013,4,3120012,Zona Arqueológica de Cempoala con museo de sitio,5993.0,79.0,6072.0,2013-04-01
2013,4,3120024,Zona Arqueológica de Cuajilote,624.0,0.0,624.0,2013-04-01
2013,4,3220012,Zona Arqueológica de Cuauhtochco,31.0,0.0,31.0,2013-04-01
2013,4,3120030,Zona Arqueológica de Cuyuxquihui,992.0,0.0,992.0,2013-04-01
2013,4,3110016,Zona Arqueológica de El Tajín,75392.0,601.0,75993.0,2013-04-01
2013,4,3120068,Zona Arqueológica de Las Higueras con museo de sitio,113.0,0.0,113.0,2013-04-01
2013,4,3220014,Zona Arqueológica de Las Limas,23.0,0.0,23.0,2013-04-01
2013,4,3120088,Zona Arqueológica de Quiahuitztlán,2983.0,21.0,3004.0,2013-04-01
2013,4,3120093,Zona Arqueológica de San Lorenzo Tenochtitlan con museo de sitio,705.0,0.0,705.0,2013-04-01
2013,4,3120123,Zona Arqueológica de Vega de la Peña,91.0,4.0,95.0,2013-04-01
2013,5,3120011,Zona Arqueológica de Castillo de Teayo con museo de sitio,0.0,0.0,0.0,2013-05-01
2013,5,3120012,Zona Arqueológica de Cempoala con museo de sitio,3830.0,68.0,3898.0,2013-05-01
2013,5,3120024,Zona Arqueológica de Cuajilote,284.0,0.0,284.0,2013-05-01
2013,5,3220012,Zona Arqueológica de Cuauhtochco,36.0,0.0,36.0,2013-05-01
2013,5,3120030,Zona Arqueológica de Cuyuxquihui,1376.0,0.0,1376.0,2013-05-01
2013,5,3110016,Zona Arqueológica de El Tajín,31442.0,389.0,31831.0,2013-05-01
2013,5,3120068,Zona Arqueológica de Las Higueras con museo de sitio,56.0,0.0,56.0,2013-05-01
2013,5,3220014,Zona Arqueológica de Las Limas,23.0,0.0,23.0,2013-05-01
2013,5,3120088,Zona Arqueológica de Quiahuitztlán,2369.0,0.0,2369.0,2013-05-01
2013,5,3120093,Zona Arqueológica de San Lorenzo Tenochtitlan con museo de sitio,269.0,0.0,269.0,2013-05-01
2013,5,3120123,Zona Arqueológica de Vega de la Peña,38.0,2.0,40.0,2013-05-01
2013,6,3120011,Zona Arqueológica de Castillo de Teayo con museo de sitio,0.0,0.0,0.0,2013-06-01
2013,6,3120012,Zona Arqueológica de Cempoala con museo de sitio,3487.0,72.0,3559.0,2013-06-01
2013,6,3120024,Zona Arqueológica de Cuajilote,284.0,0.0,284.0,2013-06-01
2013,6,3220012,Zona Arqueológica de Cuauhtochco,0.0,0.0,0.0,2013-06-01
2013,6,3120030,Zona Arqueológica de Cuyuxquihui,945.0,0.0,945.0,2013-06-01
2013,6,3110016,Zona Arqueológica de El Tajín,23883.0,302.0,24185.0,2013-06-01
2013,6,3120068,Zona Arqueológica de Las Higueras con museo de sitio,128.0,0.0,128.0,2013-06-01
2013,6,3220014,Zona Arqueológica de Las Limas,12.0,0.0,12.0,2013-06-01
2013,6,3120088,Zona Arqueológica de Quiahuitztlán,1500.0,38.0,1538.0,2013-06-01
2013,6,3120093,Zona Arqueológica de San Lorenzo Tenochtitlan con museo de sitio,258.0,0.0,258.0,2013-06-01
2013,6,3120123,Zona Arqueológica de Vega de la Peña,60.0,0.0,60.0,2013-06-01
2013,7,3120011,Zona Arqueológica de Castillo de Teayo con museo de sitio,0.0,0.0,0.0,2013-07-01
2013,7,3120012,Zona Arqueológica de Cempoala con museo de sitio,4832.0,100.0,4932.0,2013-07-01
2013,7,3120024,Zona Arqueológica de Cuajilote,323.0,0.0,323.0,2013-07-01
2013,7,3220012,Zona Arqueológica de Cuauhtochco,0.0,0.0,0.0,2013-07-01
2013,7,3120030,Zona Arqueológica de Cuyuxquihui,430.0,0.0,430.0,2013-07-01
2013,7,3110016,Zona Arqueológica de El Tajín,42570.0,491.0,43061.0,2013-07-01
2013,7,3120068,Zona Arqueológica de Las Higueras con museo de sitio,29.0,1.0,30.0,2013-07-01
2013,7,3220014,Zona Arqueológica de Las Limas,14.0,0.0,14.0,2013-07-01
2013,7,3120088,Zona Arqueológica de Quiahuitztlán,2907.0,48.0,2955.0,2013-07-01
2013,7,3120093,Zona Arqueológica de San Lorenzo Tenochtitlan con museo de sitio,187.0,0.0,187.0,2013-07-01
2013,7,3120123,Zona Arqueológica de Vega de la Peña,0.0,0.0,0.0,2013-07-01
2013,8,3120011,Zona Arqueológica de Castillo de Teayo con museo de sitio,0.0,0.0,0.0,2013-08-01
2013,8,3120012,Zona Arqueológica de Cempoala con museo de sitio,3575.0,103.0,3678.0,2013-08-01
2013,8,3120024,Zona Arqueológica de Cuajilote,357.0,0.0,357.0,2013-08-01
2013,8,3220012,Zona Arqueológica de Cuauhtochco,0.0,0.0,0.0,2013-08-01
2013,8,3120030,Zona Arqueológica de Cuyuxquihui,600.0,0.0,600.0,2013-08-01
2013,8,3110016,Zona Arqueológica de El Tajín,43038.0,1438.0,44476.0,2013-08-01
2013,8,3120068,Zona Arqueológica de Las Higueras con museo de sitio,0.0,0.0,0.0,2013-08-01
2013,8,3220014,Zona Arqueológica de Las Limas,46.0,0.0,46.0,2013-08-01
2013,8,3120088,Zona Arqueológica de Quiahuitztlán,2482.0,9.0,2491.0,2013-08-01
2013,8,3120093,Zona Arqueológica de San Lorenzo Tenochtitlan con museo de sitio,322.0,0.0,322.0,2013-08-01
2013,8,3120123,Zona Arqueológica de Vega de la Peña,54.0,3.0,57.0,2013-08-01
2013,9,3120011,Zona Arqueológica de Castillo de Teayo con museo de sitio,0.0,0.0,0.0,2013-09-01
2013,9,3120012,Zona Arqueológica de Cempoala con museo de sitio,1527.0,19.0,1546.0,2013-09-01
2013,9,3120024,Zona Arqueológica de Cuajilote,188.0,0.0,188.0,2013-09-01
2013,9,3220012,Zona Arqueológica de Cuauhtochco,0.0,0.0,0.0,2013-09-01
2013,9,3120030,Zona Arqueológica de Cuyuxquihui,450.0,0.0,450.0,2013-09-01
2013,9,3110016,Zona Arqueológica de El Tajín,43237.0,1438.0,44675.0,2013-09-01
2013,9,3120068,Zona Arqueológica de Las Higueras con museo de sitio,0.0,0.0,0.0,2013-09-01
2013,9,3220014,Zona Arqueológica de Las Limas,0.0,0.0,0.0,2013-09-01
2013,9,3120088,Zona Arqueológica de Quiahuitztlán,813.0,4.0,817.0,2013-09-01
2013,9,3120093,Zona Arqueológica de San Lorenzo Tenochtitlan con museo de sitio,111.0,0.0,111.0,2013-09-01
2013,9,3120123,Zona Arqueológica de Vega de la Peña,0.0,0.0,0.0,2013-09-01
2013,10,3120011,Zona Arqueológica de Castillo de Teayo con museo de sitio,0.0,0.0,0.0,2013-10-01
2013,10,3120012,Zona Arqueológica de Cempoala con museo de sitio,1799.0,50.0,1849.0,2013-10-01
2013,10,3120024,Zona Arqueológica de Cuajilote,181.0,0.0,181.0,2013-10-01
2013,10,3220012,Zona Arqueológica de Cuauhtochco,0.0,0.0,0.0,2013-10-01
2013,10,3120030,Zona Arqueológica de Cuyuxquihui,300.0,0.0,300.0,2013-10-01
2013,10,3110016,Zona Arqueológica de El Tajín,8924.0,208.0,9132.0,2013-10-01
2013,10,3120068,Zona Arqueológica de Las Higueras con museo de sitio,17.0,0.0,17.0,2013-10-01
2013,10,3220014,Zona Arqueológica de Las Limas,14.0,0.0,14.0,2013-10-01
2013,10,3120088,Zona Arqueológica de Quiahuitztlán,931.0,0.0,931.0,2013-10-01
2013,10,3120093,Zona Arqueológica de San Lorenzo Tenochtitlan con museo de sitio,122.0,0.0,122.0,2013-10-01
2013,10,3120123,Zona Arqueológica de Vega de la Peña,28.0,9.0,37.0,2013-10-01
2013,11,3120011,Zona Arqueológica de Castillo de Teayo con museo de sitio,0.0,0.0,0.0,2013-11-01
2013,11,3120012,Zona Arqueológica de Cempoala con museo de sitio,4008.0,65.0,4073.0,2013-11-01
2013,11,3120024,Zona Arqueológica de Cuajilote,200.0,0.0,200.0,2013-11-01
2013,11,3220012,Zona Arqueológica de Cuauhtochco,0.0,0.0,0.0,2013-11-01
2013,11,3120030,Zona Arqueológica de Cuyuxquihui,200.0,0.0,200.0,2013-11-01
2013,11,3110016,Zona Arqueológica de El Tajín,14509.0,403.0,14912.0,2013-11-01
2013,11,3120068,Zona Arqueológica de Las Higueras con museo de sitio,81.0,0.0,81.0,2013-11-01
2013,11,3220014,Zona Arqueológica de Las Limas,15.0,0.0,15.0,2013-11-01
2013,11,3120088,Zona Arqueológica de Quiahuitztlán,1819.0,20.0,1839.0,2013-11-01
2013,11,3120093,Zona Arqueológica de San Lorenzo Tenochtitlan con museo de sitio,142.0,0.0,142.0,2013-11-01
2013,11,3120123,Zona Arqueológica de Vega de la Peña,16.0,9.0,25.0,2013-11-01
2013,12,3120011,Zona Arqueológica de Castillo de Teayo con museo de sitio,0.0,0.0,0.0,2013-12-01
2013,12,3120012,Zona Arqueológica de Cempoala con museo de sitio,4413.0,104.0,4517.0,2013-12-01
2013,12,3120024,Zona Arqueológica de Cuajilote,220.0,0.0,220.0,2013-12-01
2013,12,3220012,Zona Arqueológica de Cuauhtochco,0.0,0.0,0.0,2013-12-01
2013,12,3120030,Zona Arqueológica de Cuyuxquihui,188.0,0.0,188.0,2013-12-01
2013,12,3110016,Zona Arqueológica de El Tajín,28587.0,442.0,29029.0,2013-12-01
2013,12,3120068,Zona Arqueológica de Las Higueras con museo de sitio,267.0,0.0,267.0,2013-12-01
2013,12,3220014,Zona Arqueológica de Las Limas,12.0,0.0,12.0,2013-12-01
2013,12,3120088,Zona Arqueológica de Quiahuitztlán,1985.0,65.0,2050.0,2013-12-01
2013,12,3120093,Zona Arqueológica de San Lorenzo Tenochtitlan con museo de sitio,341.0,0.0,341.0,2013-12-01
2013,12,3120123,Zona Arqueológica de Vega de la Peña,30.0,6.0,36.0,2013-12-01
2014,1,3120011,Zona Arqueológica de Castillo de Teayo con museo de sitio,0.0,0.0,0.0,2014-01-01
2014,1,3120012,Zona Arqueológica de Cempoala con museo de sitio,2126.0,78.0,2204.0,2014-01-01
2014,1,3120024,Zona Arqueológica de Cuajilote,651.0,0.0,651.0,2014-01-01
2014,1,3220012,Zona Arqueológica de Cuauhtochco,0.0,0.0,0.0,2014-01-01
2014,1,3120030,Zona Arqueológica de Cuyuxquihui,100.0,0.0,100.0,2014-01-01
2014,1,3110016,Zona Arqueológica de El Tajín,15521.0,427.0,15948.0,2014-01-01
2014,1,3120068,Zona Arqueológica de Las Higueras con museo de sitio,21.0,0.0,21.0,2014-01-01
2014,1,3220014,Zona Arqueológica de Las Limas,17.0,0.0,17.0,2014-01-01
2014,1,3120088,Zona Arqueológica de Quiahuitztlán,992.0,34.0,1026.0,2014-01-01
2014,1,3120093,Zona Arqueológica de San Lorenzo Tenochtitlan con museo de sitio,278.0,0.0,278.0,2014-01-01
2014,1,3120123,Zona Arqueológica de Vega de la Peña,16.0,4.0,20.0,2014-01-01
2014,2,3120011,Zona Arqueológica de Castillo de Teayo con museo de sitio,0.0,0.0,0.0,2014-02-01
2014,2,3120012,Zona Arqueológica de Cempoala con museo de sitio,2674.0,86.0,2760.0,2014-02-01
2014,2,3120024,Zona Arqueológica de Cuajilote,307.0,0.0,307.0,2014-02-01
2014,2,3220012,Zona Arqueológica de Cuauhtochco,0.0,0.0,0.0,2014-02-01
2014,2,3120030,Zona Arqueológica de Cuyuxquihui,100.0,0.0,100.0,2014-02-01
2014,2,3110016,Zona Arqueológica de El Tajín,18688.0,396.0,19084.0,2014-02-01
2014,2,3120068,Zona Arqueológica de Las Higueras con museo de sitio,36.0,0.0,36.0,2014-02-01
2014,2,3220014,Zona Arqueológica de Las Limas,0.0,0.0,0.0,2014-02-01
2014,2,3120088,Zona Arqueológica de Quiahuitztlán,1610.0,34.0,1644.0,2014-02-01
2014,2,3120093,Zona Arqueológica de San Lorenzo Tenochtitlan con museo de sitio,272.0,0.0,272.0,2014-02-01
2014,2,3120123,Zona Arqueológica de Vega de la Peña,16.0,4.0,20.0,2014-02-01
2014,3,3120011,Zona Arqueológica de Castillo de Teayo con museo de sitio,0.0,0.0,0.0,2014-03-01
2014,3,3120012,Zona Arqueológica de Cempoala con museo de sitio,5990.0,95.0,6085.0,2014-03-01
2014,3,3120024,Zona Arqueológica de Cuajilote,257.0,0.0,257.0,2014-03-01
2014,3,3220012,Zona Arqueológica de Cuauhtochco,16.0,0.0,16.0,2014-03-01
2014,3,3120030,Zona Arqueológica de Cuyuxquihui,835.0,0.0,835.0,2014-03-01
2014,3,3110016,Zona Arqueológica de El Tajín,52619.0,454.0,53073.0,2014-03-01
2014,3,3120068,Zona Arqueológica de Las Higueras con museo de sitio,43.0,0.0,43.0,2014-03-01
2014,3,3220014,Zona Arqueológica de Las Limas,0.0,0.0,0.0,2014-03-01
2014,3,3120088,Zona Arqueológica de Quiahuitztlán,2077.0,81.0,2158.0,2014-03-01
2014,3,3120093,Zona Arqueológica de San Lorenzo Tenochtitlan con museo de sitio,540.0,0.0,540.0,2014-03-01
2014,3,3120123,Zona Arqueológica de Vega de la Peña,34.0,6.0,40.0,2014-03-01
2014,4,3120011,Zona Arqueológica de Castillo de Teayo con museo de sitio,0.0,0.0,0.0,2014-04-01
2014,4,3120012,Zona Arqueológica de Cempoala con museo de sitio,5409.0,115.0,5524.0,2014-04-01
2014,4,3120024,Zona Arqueológica de Cuajilote,645.0,4.0,649.0,2014-04-01
2014,4,3220012,Zona Arqueológica de Cuauhtochco,0.0,0.0,0.0,2014-04-01
2014,4,3120030,Zona Arqueológica de Cuyuxquihui,1061.0,0.0,1061.0,2014-04-01
2014,4,3110016,Zona Arqueológica de El Tajín,61324.0,685.0,62009.0,2014-04-01
2014,4,3120068,Zona Arqueológica de Las Higueras con museo de sitio,75.0,0.0,75.0,2014-04-01
2014,4,3220014,Zona Arqueológica de Las Limas,18.0,0.0,18.0,2014-04-01
2014,4,3120088,Zona Arqueológica de Quiahuitztlán,4580.0,22.0,4602.0,2014-04-01
2014,4,3120093,Zona Arqueológica de San Lorenzo Tenochtitlan con museo de sitio,623.0,0.0,623.0,2014-04-01
2014,4,3120123,Zona Arqueológica de Vega de la Peña,60.0,10.0,70.0,2014-04-01
2014,5,3120011,Zona Arqueológica de Castillo de Teayo con museo de sitio,23.0,0.0,23.0,2014-05-01
2014,5,3120012,Zona Arqueológica de Cempoala con museo de sitio,4186.0,50.0,4236.0,2014-05-01
2014,5,3120024,Zona Arqueológica de Cuajilote,1042.0,0.0,1042.0,2014-05-01
2014,5,3220012,Zona Arqueológica de Cuauhtochco,0.0,0.0,0.0,2014-05-01
2014,5,3120030,Zona Arqueológica de Cuyuxquihui,430.0,0.0,430.0,2014-05-01
2014,5,3110016,Zona Arqueológica de El Tajín,32291.0,396.0,32687.0,2014-05-01
2014,5,3120068,Zona Arqueológica de Las Higueras con museo de sitio,38.0,0.0,38.0,2014-05-01
2014,5,3220014,Zona Arqueológica de Las Limas,15.0,0.0,15.0,2014-05-01
2014,5,3120088,Zona Arqueológica de Quiahuitztlán,2001.0,29.0,2030.0,2014-05-01
2014,5,3120093,Zona Arqueológica de San Lorenzo Tenochtitlan con museo de sitio,318.0,0.0,318.0,2014-05-01
2014,5,3120123,Zona Arqueológica de Vega de la Peña,28.0,5.0,33.0,2014-05-01
2014,6,3120011,Zona Arqueológica de Castillo de Teayo con museo de sitio,105.0,0.0,105.0,2014-06-01
2014,6,3120012,Zona Arqueológica de Cempoala con museo de sitio,2035.0,65.0,2100.0,2014-06-01
2014,6,3120024,Zona Arqueológica de Cuajilote,458.0,0.0,458.0,2014-06-01
2014,6,3220012,Zona Arqueológica de Cuauhtochco,0.0,0.0,0.0,2014-06-01
2014,6,3120030,Zona Arqueológica de Cuyuxquihui,260.0,0.0,260.0,2014-06-01
2014,6,3110016,Zona Arqueológica de El Tajín,18260.0,385.0,18645.0,2014-06-01
2014,6,3120068,Zona Arqueológica de Las Higueras con museo de sitio,92.0,0.0,92.0,2014-06-01
2014,6,3220014,Zona Arqueológica de Las Limas,14.0,0.0,14.0,2014-06-01
2014,6,3120088,Zona Arqueológica de Quiahuitztlán,1016.0,39.0,1055.0,2014-06-01
2014,6,3120093,Zona Arqueológica de San Lorenzo Tenochtitlan con museo de sitio,378.0,0.0,378.0,2014-06-01
2014,6,3120123,Zona Arqueológica de Vega de la Peña,21.0,0.0,21.0,2014-06-01
2014,7,3120011,Zona Arqueológica de Castillo de Teayo con museo de sitio,135.0,0.0,135.0,2014-07-01
2014,7,3120012,Zona Arqueológica de Cempoala con museo de sitio,2875.0,80.0,2955.0,2014-07-01
2014,7,3120024,Zona Arqueológica de Cuajilote,506.0,0.0,506.0,2014-07-01
2014,7,3220012,Zona Arqueológica de Cuauhtochco,0.0,0.0,0.0,2014-07-01
2014,7,3120030,Zona Arqueológica de Cuyuxquihui,380.0,0.0,380.0,2014-07-01
2014,7,3110016,Zona Arqueológica de El Tajín,25254.0,361.0,25615.0,2014-07-01
2014,7,3120068,Zona Arqueológica de Las Higueras con museo de sitio,38.0,0.0,38.0,2014-07-01
2014,7,3220014,Zona Arqueológica de Las Limas,16.0,0.0,16.0,2014-07-01
2014,7,3120088,Zona Arqueológica de Quiahuitztlán,2237.0,31.0,2268.0,2014-07-01
2014,7,3120093,Zona Arqueológica de San Lorenzo Tenochtitlan con museo de sitio,292.0,0.0,292.0,2014-07-01
2014,7,3120123,Zona Arqueológica de Vega de la Peña,36.0,5.0,41.0,2014-07-01
2014,8,3120011,Zona Arqueológica de Castillo de Teayo con museo de sitio,223.0,0.0,223.0,2014-08-01
2014,8,3120012,Zona Arqueológica de Cempoala con museo de sitio,3553.0,109.0,3662.0,2014-08-01
2014,8,3120024,Zona Arqueológica de Cuajilote,434.0,0.0,434.0,2014-08-01
2014,8,3220012,Zona Arqueológica de Cuauhtochco,0.0,0.0,0.0,2014-08-01
2014,8,3120030,Zona Arqueológica de Cuyuxquihui,555.0,0.0,555.0,2014-08-01
2014,8,3110016,Zona Arqueológica de El Tajín,42736.0,706.0,43442.0,2014-08-01
2014,8,3120068,Zona Arqueológica de Las Higueras con museo de sitio,26.0,0.0,26.0,2014-08-01
2014,8,3220014,Zona Arqueológica de Las Limas,14.0,0.0,14.0,2014-08-01
2014,8,3120088,Zona Arqueológica de Quiahuitztlán,2450.0,30.0,2480.0,2014-08-01
2014,8,3120093,Zona Arqueológica de San Lorenzo Tenochtitlan con museo de sitio,487.0,0.0,487.0,2014-08-01
2014,8,3120123,Zona Arqueológica de Vega de la Peña,33.0,4.0,37.0,2014-08-01
2014,9,3120011,Zona Arqueológica de Castillo de Teayo con museo de sitio,129.0,0.0,129.0,2014-09-01
2014,9,3120012,Zona Arqueológica de Cempoala con museo de sitio,1726.0,50.0,1776.0,2014-09-01
2014,9,3120024,Zona Arqueológica de Cuajilote,252.0,0.0,252.0,2014-09-01
2014,9,3220012,Zona Arqueológica de Cuauhtochco,0.0,0.0,0.0,2014-09-01
2014,9,3120030,Zona Arqueológica de Cuyuxquihui,100.0,0.0,100.0,2014-09-01
2014,9,3110016,Zona Arqueológica de El Tajín,9501.0,231.0,9732.0,2014-09-01
2014,9,3120068,Zona Arqueológica de Las Higueras con museo de sitio,20.0,0.0,20.0,2014-09-01
2014,9,3220014,Zona Arqueológica de Las Limas,14.0,0.0,14.0,2014-09-01
2014,9,3120088,Zona Arqueológica de Quiahuitztlán,1006.0,17.0,1023.0,2014-09-01
2014,9,3120093,Zona Arqueológica de San Lorenzo Tenochtitlan con museo de sitio,343.0,0.0,343.0,2014-09-01
2014,9,3120123,Zona Arqueológica de Vega de la Peña,0.0,0.0,0.0,2014-09-01
2014,10,3120011,Zona Arqueológica de Castillo de Teayo con museo de sitio,151.0,0.0,151.0,2014-10-01
2014,10,3120012,Zona Arqueológica de Cempoala con museo de sitio,1832.0,86.0,1918.0,2014-10-01
2014,10,3120024,Zona Arqueológica de Cuajilote,204.0,0.0,204.0,2014-10-01
2014,10,3220012,Zona Arqueológica de Cuauhtochco,0.0,0.0,0.0,2014-10-01
2014,10,3120030,Zona Arqueológica de Cuyuxquihui,260.0,0.0,260.0,2014-10-01
2014,10,3110016,Zona Arqueológica de El Tajín,11222.0,348.0,11570.0,2014-10-01
2014,10,3120068,Zona Arqueológica de Las Higueras con museo de sitio,58.0,0.0,58.0,2014-10-01
2014,10,3220014,Zona Arqueológica de Las Limas,14.0,0.0,14.0,2014-10-01
2014,10,3120088,Zona Arqueológica de Quiahuitztlán,1489.0,16.0,1505.0,2014-10-01
2014,10,3120093,Zona Arqueológica de San Lorenzo Tenochtitlan con museo de sitio,155.0,0.0,155.0,2014-10-01
2014,10,3120123,Zona Arqueológica de Vega de la Peña,10.0,0.0,10.0,2014-10-01
2014,11,3120011,Zona Arqueológica de Castillo de Teayo con museo de sitio,55.0,0.0,55.0,2014-11-01
2014,11,3120012,Zona Arqueológica de Cempoala con museo de sitio,2685.0,97.0,2782.0,2014-11-01
2014,11,3120024,Zona Arqueológica de Cuajilote,330.0,0.0,330.0,2014-11-01
2014,11,3220012,Zona Arqueológica de Cuauhtochco,0.0,0.0,0.0,2014-11-01
2014,11,3120030,Zona Arqueológica de Cuyuxquihui,270.0,0.0,270.0,2014-11-01
2014,11,3110016,Zona Arqueológica de El Tajín,18286.0,507.0,18793.0,2014-11-01
2014,11,3120068,Zona Arqueológica de Las Higueras con museo de sitio,48.0,0.0,48.0,2014-11-01
2014,11,3220014,Zona Arqueológica de Las Limas,19.0,0.0,19.0,2014-11-01
2014,11,3120088,Zona Arqueológica de Quiahuitztlán,1460.0,36.0,1496.0,2014-11-01
2014,11,3120093,Zona Arqueológica de San Lorenzo Tenochtitlan con museo de sitio,315.0,0.0,315.0,2014-11-01
2014,11,3120123,Zona Arqueológica de Vega de la Peña,0.0,0.0,0.0,2014-11-01
2014,12,3120011,Zona Arqueológica de Castillo de Teayo con museo de sitio,386.0,0.0,386.0,2014-12-01
2014,12,3120012,Zona Arqueológica de Cempoala con museo de sitio,4500.0,109.0,4609.0,2014-12-01
2014,12,3120024,Zona Arqueológica de Cuajilote,342.0,0.0,342.0,2014-12-01
2014,12,3220012,Zona Arqueológica de Cuauhtochco,0.0,0.0,0.0,2014-12-01
2014,12,3120030,Zona Arqueológica de Cuyuxquihui,300.0,0.0,300.0,2014-12-01
2014,12,3110016,Zona Arqueológica de El Tajín,19260.0,473.0,19733.0,2014-12-01
2014,12,3120068,Zona Arqueológica de Las Higueras con museo de sitio,40.0,2.0,42.0,2014-12-01
2014,12,3220014,Zona Arqueológica de Las Limas,32.0,0.0,32.0,2014-12-01
2014,12,3120088,Zona Arqueológica de Quiahuitztlán,1166.0,34.0,1200.0,2014-12-01
2014,12,3120093,Zona Arqueológica de San Lorenzo Tenochtitlan con museo de sitio,257.0,0.0,257.0,2014-12-01
2014,12,3120123,Zona Arqueológica de Vega de la Peña,35.0,12.0,47.0,2014-12-01
2015,1,3120011,Zona Arqueológica de Castillo de Teayo con museo de sitio,311.0,0.0,311.0,2015-01-01
2015,1,3120012,Zona Arqueológica de Cempoala con museo de sitio,2276.0,64.0,2340.0,2015-01-01
2015,1,3120024,Zona Arqueológica de Cuajilote,670.0,0.0,670.0,2015-01-01
2015,1,3220012,Zona Arqueológica de Cuauhtochco,0.0,0.0,0.0,2015-01-01
2015,1,3120030,Zona Arqueológica de Cuyuxquihui,500.0,0.0,500.0,2015-01-01
2015,1,3110016,Zona Arqueológica de El Tajín,21012.0,293.0,21305.0,2015-01-01
2015,1,3120068,Zona Arqueológica de Las Higueras con museo de sitio,43.0,1.0,44.0,2015-01-01
2015,1,3220014,Zona Arqueológica de Las Limas,23.0,0.0,23.0,2015-01-01
2015,1,3120088,Zona Arqueológica de Quiahuitztlán,2064.0,40.0,2104.0,2015-01-01
2015,1,3120093,Zona Arqueológica de San Lorenzo Tenochtitlan con museo de sitio,275.0,0.0,275.0,2015-01-01
2015,1,3120123,Zona Arqueológica de Vega de la Peña,0.0,0.0,0.0,2015-01-01
2015,2,3120011,Zona Arqueológica de Castillo de Teayo con museo de sitio,218.0,0.0,218.0,2015-02-01
2015,2,3120012,Zona Arqueológica de Cempoala con museo de sitio,2929.0,138.0,3067.0,2015-02-01
2015,2,3120024,Zona Arqueológica de Cuajilote,236.0,0.0,236.0,2015-02-01
2015,2,3220012,Zona Arqueológica de Cuauhtochco,0.0,0.0,0.0,2015-02-01
2015,2,3120030,Zona Arqueológica de Cuyuxquihui,142.0,0.0,142.0,2015-02-01
2015,2,3110016,Zona Arqueológica de El Tajín,21126.0,425.0,21551.0,2015-02-01
2015,2,3120068,Zona Arqueológica de Las Higueras con museo de sitio,47.0,0.0,47.0,2015-02-01
2015,2,3220014,Zona Arqueológica de Las Limas,11.0,0.0,11.0,2015-02-01
2015,2,3120088,Zona Arqueológica de Quiahuitztlán,1855.0,23.0,1878.0,2015-02-01
2015,2,3120093,Zona Arqueológica de San Lorenzo Tenochtitlan con museo de sitio,454.0,0.0,454.0,2015-02-01
2015,2,3120123,Zona Arqueológica de Vega de la Peña,25.0,3.0,28.0,2015-02-01
2015,3,3120011,Zona Arqueológica de Castillo de Teayo con museo de sitio,397.0,0.0,397.0,2015-03-01
2015,3,3120012,Zona Arqueológica de Cempoala con museo de sitio,7452.0,90.0,7542.0,2015-03-01
2015,3,3120024,Zona Arqueológica de Cuajilote,335.0,3.0,338.0,2015-03-01
2015,3,3220012,Zona Arqueológica de Cuauhtochco,0.0,0.0,0.0,2015-03-01
2015,3,3120030,Zona Arqueológica de Cuyuxquihui,515.0,0.0,515.0,2015-03-01
2015,3,3110016,Zona Arqueológica de El Tajín,49540.0,885.0,50425.0,2015-03-01
2015,3,3120068,Zona Arqueológica de Las Higueras con museo de sitio,4.0,3.0,7.0,2015-03-01
2015,3,3220014,Zona Arqueológica de Las Limas,95.0,0.0,95.0,2015-03-01
2015,3,3120088,Zona Arqueológica de Quiahuitztlán,2037.0,31.0,2068.0,2015-03-01
2015,3,3120093,Zona Arqueológica de San Lorenzo Tenochtitlan con museo de sitio,442.0,0.0,442.0,2015-03-01
2015,3,3120123,Zona Arqueológica de Vega de la Peña,46.0,3.0,49.0,2015-03-01
2015,4,3120011,Zona Arqueológica de Castillo de Teayo con museo de sitio,283.0,0.0,283.0,2015-04-01
2015,4,3120012,Zona Arqueológica de Cempoala con museo de sitio,5212.0,129.0,5341.0,2015-04-01
2015,4,3120024,Zona Arqueológica de Cuajilote,1325.0,0.0,1325.0,2015-04-01
2015,4,3220012,Zona Arqueológica de Cuauhtochco,0.0,0.0,0.0,2015-04-01
2015,4,3120030,Zona Arqueológica de Cuyuxquihui,900.0,0.0,900.0,2015-04-01
2015,4,3110016,Zona Arqueológica de El Tajín,67865.0,584.0,68449.0,2015-04-01
2015,4,3120068,Zona Arqueológica de Las Higueras con museo de sitio,52.0,1.0,53.0,2015-04-01
2015,4,3220014,Zona Arqueológica de Las Limas,60.0,0.0,60.0,2015-04-01
2015,4,3120088,Zona Arqueológica de Quiahuitztlán,3755.0,52.0,3807.0,2015-04-01
2015,4,3120093,Zona Arqueológica de San Lorenzo Tenochtitlan con museo de sitio,767.0,0.0,767.0,2015-04-01
2015,4,3120123,Zona Arqueológica de Vega de la Peña,77.0,4.0,81.0,2015-04-01
2015,5,3120011,Zona Arqueológica de Castillo de Teayo con museo de sitio,202.0,0.0,202.0,2015-05-01
2015,5,3120012,Zona Arqueológica de Cempoala con museo de sitio,3194.0,80.0,3274.0,2015-05-01
2015,5,3120024,Zona Arqueológica de Cuajilote,374.0,0.0,374.0,2015-05-01
2015,5,3220012,Zona Arqueológica de Cuauhtochco,0.0,0.0,0.0,2015-05-01
2015,5,3120030,Zona Arqueológica de Cuyuxquihui,470.0,0.0,470.0,2015-05-01
2015,5,3110016,Zona Arqueológica de El Tajín,37385.0,396.0,37781.0,2015-05-01
2015,5,3120068,Zona Arqueológica de Las Higueras con museo de sitio,20.0,0.0,20.0,2015-05-01
2015,5,3220014,Zona Arqueológica de Las Limas,5.0,0.0,5.0,2015-05-01
2015,5,3120088,Zona Arqueológica de Quiahuitztlán,2089.0,54.0,2143.0,2015-05-01
2015,5,3120093,Zona Arqueológica de San Lorenzo Tenochtitlan con museo de sitio,397.0,0.0,397.0,2015-05-01
2015,5,3120123,Zona Arqueológica de Vega de la Peña,0.0,0.0,0.0,2015-05-01
2015,6,3120011,Zona Arqueológica de Castillo de Teayo con museo de sitio,236.0,0.0,236.0,2015-06-01
2015,6,3120012,Zona Arqueológica de Cempoala con museo de sitio,3112.0,55.0,3167.0,2015-06-01
2015,6,3120024,Zona Arqueológica de Cuajilote,293.0,0.0,293.0,2015-06-01
2015,6,3220012,Zona Arqueológica de Cuauhtochco,0.0,0.0,0.0,2015-06-01
2015,6,3120030,Zona Arqueológica de Cuyuxquihui,137.0,0.0,137.0,2015-06-01
2015,6,3110016,Zona Arqueológica de El Tajín,23282.0,301.0,23583.0,2015-06-01
2015,6,3120068,Zona Arqueológica de Las Higueras con museo de sitio,13.0,0.0,13.0,2015-06-01
2015,6,3220014,Zona Arqueológica de Las Limas,31.0,0.0,31.0,2015-06-01
2015,6,3120088,Zona Arqueológica de Quiahuitztlán,2048.0,26.0,2074.0,2015-06-01
2015,6,3120093,Zona Arqueológica de San Lorenzo Tenochtitlan con museo de sitio,391.0,0.0,391.0,2015-06-01
2015,6,3120123,Zona Arqueológica de Vega de la Peña,0.0,0.0,0.0,2015-06-01
2015,7,3120011,Zona Arqueológica de Castillo de Teayo con museo de sitio,228.0,0.0,228.0,2015-07-01
2015,7,3120012,Zona Arqueológica de Cempoala con museo de sitio,3573.0,66.0,3639.0,2015-07-01
2015,7,3120024,Zona Arqueológica de Cuajilote,381.0,0.0,381.0,2015-07-01
2015,7,3220012,Zona Arqueológica de Cuauhtochco,0.0,0.0,0.0,2015-07-01
2015,7,3120030,Zona Arqueológica de Cuyuxquihui,500.0,0.0,500.0,2015-07-01
2015,7,3110016,Zona Arqueológica de El Tajín,40305.0,473.0,40778.0,2015-07-01
2015,7,3120068,Zona Arqueológica de Las Higueras con museo de sitio,134.0,0.0,134.0,2015-07-01
2015,7,3220014,Zona Arqueológica de Las Limas,58.0,0.0,58.0,2015-07-01
2015,7,3120088,Zona Arqueológica de Quiahuitztlán,2647.0,39.0,2686.0,2015-07-01
2015,7,3120093,Zona Arqueológica de San Lorenzo Tenochtitlan con museo de sitio,289.0,0.0,289.0,2015-07-01
2015,7,3120123,Zona Arqueológica de Vega de la Peña,41.0,2.0,43.0,2015-07-01
2015,8,3120011,Zona Arqueológica de Castillo de Teayo con museo de sitio,209.0,0.0,209.0,2015-08-01
2015,8,3120012,Zona Arqueológica de Cempoala con museo de sitio,4188.0,52.0,4240.0,2015-08-01
2015,8,3120024,Zona Arqueológica de Cuajilote,670.0,16.0,686.0,2015-08-01
2015,8,3220012,Zona Arqueológica de Cuauhtochco,0.0,0.0,0.0,2015-08-01
2015,8,3120030,Zona Arqueológica de Cuyuxquihui,750.0,0.0,750.0,2015-08-01
2015,8,3110016,Zona Arqueológica de El Tajín,63626.0,487.0,64113.0,2015-08-01
2015,8,3120068,Zona Arqueológica de Las Higueras con museo de sitio,19.0,0.0,19.0,2015-08-01
2015,8,3220014,Zona Arqueológica de Las Limas,36.0,0.0,36.0,2015-08-01
2015,8,3120088,Zona Arqueológica de Quiahuitztlán,3234.0,30.0,3264.0,2015-08-01
2015,8,3120093,Zona Arqueológica de San Lorenzo Tenochtitlan con museo de sitio,372.0,0.0,372.0,2015-08-01
2015,8,3120123,Zona Arqueológica de Vega de la Peña,83.0,0.0,83.0,2015-08-01
2015,9,3120011,Zona Arqueológica de Castillo de Teayo con museo de sitio,151.0,0.0,151.0,2015-09-01
2015,9,3120012,Zona Arqueológica de Cempoala con museo de sitio,1644.0,54.0,1698.0,2015-09-01
2015,9,3120024,Zona Arqueológica de Cuajilote,264.0,0.0,264.0,2015-09-01
2015,9,3220012,Zona Arqueológica de Cuauhtochco,0.0,0.0,0.0,2015-09-01
2015,9,3120030,Zona Arqueológica de Cuyuxquihui,300.0,0.0,300.0,2015-09-01
2015,9,3110016,Zona Arqueológica de El Tajín,14076.0,381.0,14457.0,2015-09-01
2015,9,3120068,Zona Arqueológica de Las Higueras con museo de sitio,9.0,0.0,9.0,2015-09-01
2015,9,3220014,Zona Arqueológica de Las Limas,35.0,0.0,35.0,2015-09-01
2015,9,3120088,Zona Arqueológica de Quiahuitztlán,1751.0,35.0,1786.0,2015-09-01
2015,9,3120093,Zona Arqueológica de San Lorenzo Tenochtitlan con museo de sitio,238.0,0.0,238.0,2015-09-01
2015,9,3120123,Zona Arqueológica de Vega de la Peña,83.0,0.0,83.0,2015-09-01
2015,10,3120011,Zona Arqueológica de Castillo de Teayo con museo de sitio,80.0,0.0,80.0,2015-10-01
2015,10,3120012,Zona Arqueológica de Cempoala con museo de sitio,1972.0,70.0,2042.0,2015-10-01
2015,10,3120024,Zona Arqueológica de Cuajilote,296.0,0.0,296.0,2015-10-01
2015,10,3220012,Zona Arqueológica de Cuauhtochco,0.0,0.0,0.0,2015-10-01
2015,10,3120030,Zona Arqueológica de Cuyuxquihui,200.0,0.0,200.0,2015-10-01
2015,10,3110016,Zona Arqueológica de El Tajín,15660.0,378.0,16038.0,2015-10-01
2015,10,3120068,Zona Arqueológica de Las Higueras con museo de sitio,17.0,0.0,17.0,2015-10-01
2015,10,3220014,Zona Arqueológica de Las Limas,8.0,0.0,8.0,2015-10-01
2015,10,3120088,Zona Arqueológica de Quiahuitztlán,1787.0,19.0,1806.0,2015-10-01
2015,10,3120093,Zona Arqueológica de San Lorenzo Tenochtitlan con museo de sitio,265.0,0.0,265.0,2015-10-01
2015,10,3120123,Zona Arqueológica de Vega de la Peña,0.0,0.0,0.0,2015-10-01
2015,11,3120011,Zona Arqueológica de Castillo de Teayo con museo de sitio,116.0,0.0,116.0,2015-11-01
2015,11,3120012,Zona Arqueológica de Cempoala con museo de sitio,2789.0,102.0,2891.0,2015-11-01
2015,11,3120024,Zona Arqueológica de Cuajilote,247.0,0.0,247.0,2015-11-01
2015,11,3220012,Zona Arqueológica de Cuauhtochco,0.0,0.0,0.0,2015-11-01
2015,11,3120030,Zona Arqueológica de Cuyuxquihui,160.0,0.0,160.0,2015-11-01
2015,11,3110016,Zona Arqueológica de El Tajín,19100.0,575.0,19675.0,2015-11-01
2015,11,3120068,Zona Arqueológica de Las Higueras con museo de sitio,33.0,0.0,33.0,2015-11-01
2015,11,3220014,Zona Arqueológica de Las Limas,23.0,0.0,23.0,2015-11-01
2015,11,3120088,Zona Arqueológica de Quiahuitztlán,1244.0,33.0,1277.0,2015-11-01
2015,11,3120093,Zona Arqueológica de San Lorenzo Tenochtitlan con museo de sitio,209.0,0.0,209.0,2015-11-01
2015,11,3120123,Zona Arqueológica de Vega de la Peña,13.0,9.0,22.0,2015-11-01
2015,12,3120011,Zona Arqueológica de Castillo de Teayo con museo de sitio,314.0,0.0,314.0,2015-12-01
2015,12,3120012,Zona Arqueológica de Cempoala con museo de sitio,4707.0,85.0,4792.0,2015-12-01
2015,12,3120024,Zona Arqueológica de Cuajilote,201.0,0.0,201.0,2015-12-01
2015,12,3220012,Zona Arqueológica de Cuauhtochco,0.0,0.0,0.0,2015-12-01
2015,12,3120030,Zona Arqueológica de Cuyuxquihui,100.0,0.0,100.0,2015-12-01
2015,12,3110016,Zona Arqueológica de El Tajín,63379.0,1227.0,64606.0,2015-12-01
2015,12,3120068,Zona Arqueológica de Las Higueras con museo de sitio,52.0,0.0,52.0,2015-12-01
2015,12,3220014,Zona Arqueológica de Las Limas,46.0,0.0,46.0,2015-12-01
2015,12,3120088,Zona Arqueológica de Quiahuitztlán,2993.0,87.0,3080.0,2015-12-01
2015,12,3120093,Zona Arqueológica de San Lorenzo Tenochtitlan con museo de sitio,468.0,0.0,468.0,2015-12-01
2015,12,3120123,Zona Arqueológica de Vega de la Peña,42.0,3.0,45.0,2015-12-01
2016,1,3120011,Zona Arqueológica de Castillo de Teayo con museo de sitio,165.0,0.0,165.0,2016-01-01
2016,1,3120012,Zona Arqueológica de Cempoala con museo de sitio,2959.0,75.0,3034.0,2016-01-01
2016,1,3120024,Zona Arqueológica de Cuajilote,330.0,0.0,330.0,2016-01-01
2016,1,3220012,Zona Arqueológica de Cuauhtochco,0.0,0.0,0.0,2016-01-01
2016,1,3120030,Zona Arqueológica de Cuyuxquihui,200.0,0.0,200.0,2016-01-01
2016,1,3110016,Zona Arqueológica de El Tajín,31235.0,589.0,31824.0,2016-01-01
2016,1,3120068,Zona Arqueológica de Las Higueras con museo de sitio,11.0,32.0,43.0,2016-01-01
2016,1,3220014,Zona Arqueológica de Las Limas,21.0,0.0,21.0,2016-01-01
2016,1,3120088,Zona Arqueológica de Quiahuitztlán,1696.0,21.0,1717.0,2016-01-01
2016,1,3120093,Zona Arqueológica de San Lorenzo Tenochtitlan con museo de sitio,431.0,0.0,431.0,2016-01-01
2016,1,3120123,Zona Arqueológica de Vega de la Peña,56.0,0.0,56.0,2016-01-01
2016,2,3120011,Zona Arqueológica de Castillo de Teayo con museo de sitio,143.0,0.0,143.0,2016-02-01
2016,2,3120012,Zona Arqueológica de Cempoala con museo de sitio,2513.0,91.0,2604.0,2016-02-01
2016,2,3120024,Zona Arqueológica de Cuajilote,404.0,0.0,404.0,2016-02-01
2016,2,3220012,Zona Arqueológica de Cuauhtochco,0.0,0.0,0.0,2016-02-01
2016,2,3120030,Zona Arqueológica de Cuyuxquihui,420.0,0.0,420.0,2016-02-01
2016,2,3110016,Zona Arqueológica de El Tajín,17375.0,319.0,17694.0,2016-02-01
2016,2,3120068,Zona Arqueológica de Las Higueras con museo de sitio,26.0,0.0,26.0,2016-02-01
2016,2,3220014,Zona Arqueológica de Las Limas,22.0,0.0,22.0,2016-02-01
2016,2,3120088,Zona Arqueológica de Quiahuitztlán,1541.0,72.0,1613.0,2016-02-01
2016,2,3120093,Zona Arqueológica de San Lorenzo Tenochtitlan con museo de sitio,295.0,0.0,295.0,2016-02-01
2016,2,3120123,Zona Arqueológica de Vega de la Peña,35.0,2.0,37.0,2016-02-01
2016,3,3120011,Zona Arqueológica de Castillo de Teayo con museo de sitio,219.0,0.0,219.0,2016-03-01
2016,3,3120012,Zona Arqueológica de Cempoala con museo de sitio,10218.0,148.0,10366.0,2016-03-01
2016,3,3120024,Zona Arqueológica de Cuajilote,525.0,0.0,525.0,2016-03-01
2016,3,3220012,Zona Arqueológica de Cuauhtochco,0.0,0.0,0.0,2016-03-01
2016,3,3120030,Zona Arqueológica de Cuyuxquihui,481.0,0.0,481.0,2016-03-01
2016,3,3110016,Zona Arqueológica de El Tajín,56582.0,514.0,57096.0,2016-03-01
2016,3,3120068,Zona Arqueológica de Las Higueras con museo de sitio,18.0,0.0,18.0,2016-03-01
2016,3,3220014,Zona Arqueológica de Las Limas,145.0,0.0,145.0,2016-03-01
2016,3,3120088,Zona Arqueológica de Quiahuitztlán,3706.0,37.0,3743.0,2016-03-01
2016,3,3120093,Zona Arqueológica de San Lorenzo Tenochtitlan con museo de sitio,506.0,0.0,506.0,2016-03-01
2016,3,3120123,Zona Arqueológica de Vega de la Peña,5.0,0.0,5.0,2016-03-01
2016,4,3120011,Zona Arqueológica de Castillo de Teayo con museo de sitio,64.0,0.0,64.0,2016-04-01
2016,4,3120012,Zona Arqueológica de Cempoala con museo de sitio,3893.0,67.0,3960.0,2016-04-01
2016,4,3120024,Zona Arqueológica de Cuajilote,719.0,0.0,719.0,2016-04-01
2016,4,3220012,Zona Arqueológica de Cuauhtochco,0.0,0.0,0.0,2016-04-01
2016,4,3120030,Zona Arqueológica de Cuyuxquihui,910.0,0.0,910.0,2016-04-01
2016,4,3110016,Zona Arqueológica de El Tajín,59249.0,427.0,59676.0,2016-04-01
2016,4,3120068,Zona Arqueológica de Las Higueras con museo de sitio,1.0,0.0,1.0,2016-04-01
2016,4,3220014,Zona Arqueológica de Las Limas,32.0,0.0,32.0,2016-04-01
2016,4,3120088,Zona Arqueológica de Quiahuitztlán,2963.0,27.0,2990.0,2016-04-01
2016,4,3120093,Zona Arqueológica de San Lorenzo Tenochtitlan con museo de sitio,763.0,0.0,763.0,2016-04-01
2016,4,3120123,Zona Arqueológica de Vega de la Peña,27.0,0.0,27.0,2016-04-01
2016,5,3120011,Zona Arqueológica de Castillo de Teayo con museo de sitio,96.0,0.0,96.0,2016-05-01
2016,5,3120012,Zona Arqueológica de Cempoala con museo de sitio,3066.0,57.0,3123.0,2016-05-01
2016,5,3120024,Zona Arqueológica de Cuajilote,437.0,0.0,437.0,2016-05-01
2016,5,3220012,Zona Arqueológica de Cuauhtochco,0.0,0.0,0.0,2016-05-01
2016,5,3120030,Zona Arqueológica de Cuyuxquihui,200.0,0.0,200.0,2016-05-01
2016,5,3110016,Zona Arqueológica de El Tajín,32722.0,315.0,33037.0,2016-05-01
2016,5,3120068,Zona Arqueológica de Las Higueras con museo de sitio,47.0,0.0,47.0,2016-05-01
2016,5,3220014,Zona Arqueológica de Las Limas,31.0,0.0,31.0,2016-05-01
2016,5,3120088,Zona Arqueológica de Quiahuitztlán,1688.0,42.0,1730.0,2016-05-01
2016,5,3120093,Zona Arqueológica de San Lorenzo Tenochtitlan con museo de sitio,995.0,0.0,995.0,2016-05-01
2016,5,3120123,Zona Arqueológica de Vega de la Peña,32.0,0.0,32.0,2016-05-01
2016,6,3120011,Zona Arqueológica de Castillo de Teayo con museo de sitio,73.0,0.0,73.0,2016-06-01
2016,6,3120012,Zona Arqueológica de Cempoala con museo de sitio,2622.0,44.0,2666.0,2016-06-01
2016,6,3120024,Zona Arqueológica de Cuajilote,395.0,0.0,395.0,2016-06-01
2016,6,3220012,Zona Arqueológica de Cuauhtochco,0.0,0.0,0.0,2016-06-01
2016,6,3120030,Zona Arqueológica de Cuyuxquihui,150.0,0.0,150.0,2016-06-01
2016,6,3110016,Zona Arqueológica de El Tajín,23724.0,431.0,24155.0,2016-06-01
2016,6,3120068,Zona Arqueológica de Las Higueras con museo de sitio,27.0,0.0,27.0,2016-06-01
2016,6,3220014,Zona Arqueológica de Las Limas,26.0,0.0,26.0,2016-06-01
2016,6,3120088,Zona Arqueológica de Quiahuitztlán,1307.0,28.0,1335.0,2016-06-01
2016,6,3120093,Zona Arqueológica de San Lorenzo Tenochtitlan con museo de sitio,617.0,0.0,617.0,2016-06-01
2016,6,3120123,Zona Arqueológica de Vega de la Peña,16.0,0.0,16.0,2016-06-01
2016,7,3120011,Zona Arqueológica de Castillo de Teayo con museo de sitio,213.0,0.0,213.0,2016-07-01
2016,7,3120012,Zona Arqueológica de Cempoala con museo de sitio,4191.0,97.0,4288.0,2016-07-01
2016,7,3120024,Zona Arqueológica de Cuajilote,491.0,0.0,491.0,2016-07-01
2016,7,3220012,Zona Arqueológica de Cuauhtochco,0.0,0.0,0.0,2016-07-01
2016,7,3120030,Zona Arqueológica de Cuyuxquihui,600.0,0.0,600.0,2016-07-01
2016,7,3110016,Zona Arqueológica de El Tajín,41017.0,570.0,41587.0,2016-07-01
2016,7,3120068,Zona Arqueológica de Las Higueras con museo de sitio,24.0,0.0,24.0,2016-07-01
2016,7,3220014,Zona Arqueológica de Las Limas,36.0,0.0,36.0,2016-07-01
2016,7,3120088,Zona Arqueológica de Quiahuitztlán,3103.0,45.0,3148.0,2016-07-01
2016,7,3120093,Zona Arqueológica de San Lorenzo Tenochtitlan con museo de sitio,508.0,0.0,508.0,2016-07-01
2016,7,3120123,Zona Arqueológica de Vega de la Peña,14.0,0.0,14.0,2016-07-01
2016,8,3120011,Zona Arqueológica de Castillo de Teayo con museo de sitio,227.0,0.0,227.0,2016-08-01
2016,8,3120012,Zona Arqueológica de Cempoala con museo de sitio,3594.0,101.0,3695.0,2016-08-01
2016,8,3120024,Zona Arqueológica de Cuajilote,536.0,4.0,540.0,2016-08-01
2016,8,3220012,Zona Arqueológica de Cuauhtochco,0.0,0.0,0.0,2016-08-01
2016,8,3120030,Zona Arqueológica de Cuyuxquihui,500.0,0.0,500.0,2016-08-01
2016,8,3110016,Zona Arqueológica de El Tajín,51772.0,587.0,52359.0,2016-08-01
2016,8,3120068,Zona Arqueológica de Las Higueras con museo de sitio,25.0,0.0,25.0,2016-08-01
2016,8,3220014,Zona Arqueológica de Las Limas,36.0,0.0,36.0,2016-08-01
2016,8,3120088,Zona Arqueológica de Quiahuitztlán,3310.0,85.0,3395.0,2016-08-01
2016,8,3120093,Zona Arqueológica de San Lorenzo Tenochtitlan con museo de sitio,598.0,0.0,598.0,2016-08-01
2016,8,3120123,Zona Arqueológica de Vega de la Peña,43.0,1.0,44.0,2016-08-01
2016,9,3120011,Zona Arqueológica de Castillo de Teayo con museo de sitio,61.0,0.0,61.0,2016-09-01
2016,9,3120012,Zona Arqueológica de Cempoala con museo de sitio,2231.0,50.0,2281.0,2016-09-01
2016,9,3120024,Zona Arqueológica de Cuajilote,356.0,0.0,356.0,2016-09-01
2016,9,3220012,Zona Arqueológica de Cuauhtochco,0.0,0.0,0.0,2016-09-01
2016,9,3120030,Zona Arqueológica de Cuyuxquihui,250.0,0.0,250.0,2016-09-01
2016,9,3110016,Zona Arqueológica de El Tajín,22055.0,377.0,22432.0,2016-09-01
2016,9,3120068,Zona Arqueológica de Las Higueras con museo de sitio,10.0,0.0,10.0,2016-09-01
2016,9,3220014,Zona Arqueológica de Las Limas,17.0,0.0,17.0,2016-09-01
2016,9,3120088,Zona Arqueológica de Quiahuitztlán,1597.0,31.0,1628.0,2016-09-01
2016,9,3120093,Zona Arqueológica de San Lorenzo Tenochtitlan con museo de sitio,462.0,0.0,462.0,2016-09-01
2016,9,3120123,Zona Arqueológica de Vega de la Peña,15.0,0.0,15.0,2016-09-01
2016,10,3120011,Zona Arqueológica de Castillo de Teayo con museo de sitio,85.0,0.0,85.0,2016-10-01
2016,10,3120012,Zona Arqueológica de Cempoala con museo de sitio,2067.0,87.0,2154.0,2016-10-01
2016,10,3120024,Zona Arqueológica de Cuajilote,312.0,0.0,312.0,2016-10-01
2016,10,3220012,Zona Arqueológica de Cuauhtochco,0.0,0.0,0.0,2016-10-01
2016,10,3120030,Zona Arqueológica de Cuyuxquihui,278.0,0.0,278.0,2016-10-01
2016,10,3110016,Zona Arqueológica de El Tajín,13037.0,278.0,13315.0,2016-10-01
2016,10,3120068,Zona Arqueológica de Las Higueras con museo de sitio,11.0,0.0,11.0,2016-10-01
2016,10,3220014,Zona Arqueológica de Las Limas,45.0,0.0,45.0,2016-10-01
2016,10,3120088,Zona Arqueológica de Quiahuitztlán,1918.0,75.0,1993.0,2016-10-01
2016,10,3120093,Zona Arqueológica de San Lorenzo Tenochtitlan con museo de sitio,304.0,0.0,304.0,2016-10-01
2016,10,3120123,Zona Arqueológica de Vega de la Peña,21.0,0.0,21.0,2016-10-01
2016,11,3120011,Zona Arqueológica de Castillo de Teayo con museo de sitio,46.0,0.0,46.0,2016-11-01
2016,11,3120012,Zona Arqueológica de Cempoala con museo de sitio,3134.0,90.0,3224.0,2016-11-01
2016,11,3120024,Zona Arqueológica de Cuajilote,414.0,0.0,414.0,2016-11-01
2016,11,3220012,Zona Arqueológica de Cuauhtochco,0.0,0.0,0.0,2016-11-01
2016,11,3120030,Zona Arqueológica de Cuyuxquihui,250.0,0.0,250.0,2016-11-01
2016,11,3110016,Zona Arqueológica de El Tajín,19751.0,336.0,20087.0,2016-11-01
2016,11,3120068,Zona Arqueológica de Las Higueras con museo de sitio,13.0,0.0,13.0,2016-11-01
2016,11,3220014,Zona Arqueológica de Las Limas,13.0,0.0,13.0,2016-11-01
2016,11,3120088,Zona Arqueológica de Quiahuitztlán,1718.0,52.0,1770.0,2016-11-01
2016,11,3120093,Zona Arqueológica de San Lorenzo Tenochtitlan con museo de sitio,366.0,0.0,366.0,2016-11-01
2016,11,3120123,Zona Arqueológica de Vega de la Peña,35.0,0.0,35.0,2016-11-01
2016,12,3120011,Zona Arqueológica de Castillo de Teayo con museo de sitio,73.0,0.0,73.0,2016-12-01
2016,12,3120012,Zona Arqueológica de Cempoala con museo de sitio,3922.0,93.0,4015.0,2016-12-01
2016,12,3120024,Zona Arqueológica de Cuajilote,567.0,0.0,567.0,2016-12-01
2016,12,3220012,Zona Arqueológica de Cuauhtochco,0.0,0.0,0.0,2016-12-01
2016,12,3120030,Zona Arqueológica de Cuyuxquihui,0.0,0.0,0.0,2016-12-01
2016,12,3110016,Zona Arqueológica de El Tajín,40764.0,575.0,41339.0,2016-12-01
2016,12,3120068,Zona Arqueológica de Las Higueras con museo de sitio,17.0,0.0,17.0,2016-12-01
2016,12,3220014,Zona Arqueológica de Las Limas,67.0,0.0,67.0,2016-12-01
2016,12,3120088,Zona Arqueológica de Quiahuitztlán,2652.0,61.0,2713.0,2016-12-01
2016,12,3120093,Zona Arqueológica de San Lorenzo Tenochtitlan con museo de sitio,525.0,0.0,525.0,2016-12-01
2016,12,3120123,Zona Arqueológica de Vega de la Peña,0.0,0.0,0.0,2016-12-01
2017,1,3120011,Zona Arqueológica de Castillo de Teayo con museo de sitio,153.0,0.0,153.0,2017-01-01
2017,1,3120012,Zona Arqueológica de Cempoala con museo de sitio,2198.0,63.0,2261.0,2017-01-01
2017,1,3120024,Zona Arqueológica de Cuajilote,408.0,0.0,408.0,2017-01-01
2017,1,3220012,Zona Arqueológica de Cuauhtochco,0.0,0.0,0.0,2017-01-01
2017,1,3120030,Zona Arqueológica de Cuyuxquihui,0.0,0.0,0.0,2017-01-01
2017,1,3110016,Zona Arqueológica de El Tajín,23453.0,343.0,23796.0,2017-01-01
2017,1,3120068,Zona Arqueológica de Las Higueras con museo de sitio,8.0,0.0,8.0,2017-01-01
2017,1,3220014,Zona Arqueológica de Las Limas,27.0,0.0,27.0,2017-01-01
2017,1,3120088,Zona Arqueológica de Quiahuitztlán,1482.0,54.0,1536.0,2017-01-01
2017,1,3120093,Zona Arqueológica de San Lorenzo Tenochtitlan con museo de sitio,410.0,0.0,410.0,2017-01-01
2017,1,3120123,Zona Arqueológica de Vega de la Peña,44.0,3.0,47.0,2017-01-01
2017,2,3120011,Zona Arqueológica de Castillo de Teayo con museo de sitio,91.0,0.0,91.0,2017-02-01
2017,2,3120012,Zona Arqueológica de Cempoala con museo de sitio,2902.0,94.0,2996.0,2017-02-01
2017,2,3120024,Zona Arqueológica de Cuajilote,367.0,0.0,367.0,2017-02-01
2017,2,3220012,Zona Arqueológica de Cuauhtochco,0.0,0.0,0.0,2017-02-01
2017,2,3120030,Zona Arqueológica de Cuyuxquihui,0.0,0.0,0.0,2017-02-01
2017,2,3110016,Zona Arqueológica de El Tajín,19477.0,387.0,19864.0,2017-02-01
2017,2,3120068,Zona Arqueológica de Las Higueras con museo de sitio,24.0,0.0,24.0,2017-02-01
2017,2,3220014,Zona Arqueológica de Las Limas,34.0,0.0,34.0,2017-02-01
2017,2,3120088,Zona Arqueológica de Quiahuitztlán,2019.0,63.0,2082.0,2017-02-01
2017,2,3120093,Zona Arqueológica de San Lorenzo Tenochtitlan con museo de sitio,430.0,0.0,430.0,2017-02-01
2017,2,3120123,Zona Arqueológica de Vega de la Peña,25.0,0.0,25.0,2017-02-01
2017,3,3120011,Zona Arqueológica de Castillo de Teayo con museo de sitio,247.0,0.0,247.0,2017-03-01
2017,3,3120012,Zona Arqueológica de Cempoala con museo de sitio,5415.0,93.0,5508.0,2017-03-01
2017,3,3120024,Zona Arqueológica de Cuajilote,398.0,0.0,398.0,2017-03-01
2017,3,3220012,Zona Arqueológica de Cuauhtochco,0.0,0.0,0.0,2017-03-01
2017,3,3120030,Zona Arqueológica de Cuyuxquihui,325.0,0.0,325.0,2017-03-01
2017,3,3110016,Zona Arqueológica de El Tajín,42652.0,489.0,43141.0,2017-03-01
2017,3,3120068,Zona Arqueológica de Las Higueras con museo de sitio,29.0,0.0,29.0,2017-03-01
2017,3,3220014,Zona Arqueológica de Las Limas,23.0,0.0,23.0,2017-03-01
2017,3,3120088,Zona Arqueológica de Quiahuitztlán,2105.0,21.0,2126.0,2017-03-01
2017,3,3120093,Zona Arqueológica de San Lorenzo Tenochtitlan con museo de sitio,493.0,0.0,493.0,2017-03-01
2017,3,3120123,Zona Arqueológica de Vega de la Peña,51.0,0.0,51.0,2017-03-01
2017,4,3120011,Zona Arqueológica de Castillo de Teayo con museo de sitio,239.0,0.0,239.0,2017-04-01
2017,4,3120012,Zona Arqueológica de Cempoala con museo de sitio,5737.0,99.0,5836.0,2017-04-01
2017,4,3120024,Zona Arqueológica de Cuajilote,750.0,0.0,750.0,2017-04-01
2017,4,3220012,Zona Arqueológica de Cuauhtochco,0.0,0.0,0.0,2017-04-01
2017,4,3120030,Zona Arqueológica de Cuyuxquihui,500.0,0.0,500.0,2017-04-01
2017,4,3110016,Zona Arqueológica de El Tajín,78972.0,388.0,79360.0,2017-04-01
2017,4,3120068,Zona Arqueológica de Las Higueras con museo de sitio,91.0,0.0,91.0,2017-04-01
2017,4,3220014,Zona Arqueológica de Las Limas,29.0,0.0,29.0,2017-04-01
2017,4,3120088,Zona Arqueológica de Quiahuitztlán,5416.0,23.0,5439.0,2017-04-01
2017,4,3120093,Zona Arqueológica de San Lorenzo Tenochtitlan con museo de sitio,570.0,0.0,570.0,2017-04-01
2017,4,3120123,Zona Arqueológica de Vega de la Peña,48.0,0.0,48.0,2017-04-01
2017,5,3120011,Zona Arqueológica de Castillo de Teayo con museo de sitio,63.0,0.0,63.0,2017-05-01
2017,5,3120012,Zona Arqueológica de Cempoala con museo de sitio,3231.0,61.0,3292.0,2017-05-01
2017,5,3120024,Zona Arqueológica de Cuajilote,319.0,0.0,319.0,2017-05-01
2017,5,3220012,Zona Arqueológica de Cuauhtochco,0.0,0.0,0.0,2017-05-01
2017,5,3120030,Zona Arqueológica de Cuyuxquihui,80.0,0.0,80.0,2017-05-01
2017,5,3110016,Zona Arqueológica de El Tajín,41411.0,275.0,41686.0,2017-05-01
2017,5,3120068,Zona Arqueológica de Las Higueras con museo de sitio,9.0,0.0,9.0,2017-05-01
2017,5,3220014,Zona Arqueológica de Las Limas,14.0,0.0,14.0,2017-05-01
2017,5,3120088,Zona Arqueológica de Quiahuitztlán,2529.0,36.0,2565.0,2017-05-01
2017,5,3120093,Zona Arqueológica de San Lorenzo Tenochtitlan con museo de sitio,874.0,0.0,874.0,2017-05-01
2017,5,3120123,Zona Arqueológica de Vega de la Peña,28.0,0.0,28.0,2017-05-01
2017,6,3120011,Zona Arqueológica de Castillo de Teayo con museo de sitio,73.0,0.0,73.0,2017-06-01
2017,6,3120012,Zona Arqueológica de Cempoala con museo de sitio,3071.0,15.0,3086.0,2017-06-01
2017,6,3120024,Zona Arqueológica de Cuajilote,386.0,0.0,386.0,2017-06-01
2017,6,3220012,Zona Arqueológica de Cuauhtochco,0.0,0.0,0.0,2017-06-01
2017,6,3120030,Zona Arqueológica de Cuyuxquihui,265.0,0.0,265.0,2017-06-01
2017,6,3110016,Zona Arqueológica de El Tajín,28983.0,246.0,29229.0,2017-06-01
2017,6,3120068,Zona Arqueológica de Las Higueras con museo de sitio,28.0,0.0,28.0,2017-06-01
2017,6,3220014,Zona Arqueológica de Las Limas,18.0,0.0,18.0,2017-06-01
2017,6,3120088,Zona Arqueológica de Quiahuitztlán,2745.0,22.0,2767.0,2017-06-01
2017,6,3120093,Zona Arqueológica de San Lorenzo Tenochtitlan con museo de sitio,409.0,0.0,409.0,2017-06-01
2017,6,3120123,Zona Arqueológica de Vega de la Peña,39.0,0.0,39.0,2017-06-01
2017,7,3120011,Zona Arqueológica de Castillo de Teayo con museo de sitio,158.0,0.0,158.0,2017-07-01
2017,7,3120012,Zona Arqueológica de Cempoala con museo de sitio,3273.0,93.0,3366.0,2017-07-01
2017,7,3120024,Zona Arqueológica de Cuajilote,448.0,0.0,448.0,2017-07-01
2017,7,3220012,Zona Arqueológica de Cuauhtochco,0.0,0.0,0.0,2017-07-01
2017,7,3120030,Zona Arqueológica de Cuyuxquihui,500.0,0.0,500.0,2017-07-01
2017,7,3110016,Zona Arqueológica de El Tajín,34996.0,414.0,35410.0,2017-07-01
2017,7,3120068,Zona Arqueológica de Las Higueras con museo de sitio,24.0,0.0,24.0,2017-07-01
2017,7,3220014,Zona Arqueológica de Las Limas,26.0,0.0,26.0,2017-07-01
2017,7,3120088,Zona Arqueológica de Quiahuitztlán,2896.0,30.0,2926.0,2017-07-01
2017,7,3120093,Zona Arqueológica de San Lorenzo Tenochtitlan con museo de sitio,288.0,0.0,288.0,2017-07-01
2017,7,3120123,Zona Arqueológica de Vega de la Peña,26.0,5.0,31.0,2017-07-01
2017,8,3120011,Zona Arqueológica de Castillo de Teayo con museo de sitio,268.0,0.0,268.0,2017-08-01
2017,8,3120012,Zona Arqueológica de Cempoala con museo de sitio,4079.0,52.0,4131.0,2017-08-01
2017,8,3120024,Zona Arqueológica de Cuajilote,501.0,0.0,501.0,2017-08-01
2017,8,3220012,Zona Arqueológica de Cuauhtochco,0.0,0.0,0.0,2017-08-01
2017,8,3120030,Zona Arqueológica de Cuyuxquihui,150.0,0.0,150.0,2017-08-01
2017,8,3110016,Zona Arqueológica de El Tajín,48050.0,330.0,48380.0,2017-08-01
2017,8,3120068,Zona Arqueológica de Las Higueras con museo de sitio,24.0,0.0,24.0,2017-08-01
2017,8,3220014,Zona Arqueológica de Las Limas,43.0,0.0,43.0,2017-08-01
2017,8,3120088,Zona Arqueológica de Quiahuitztlán,3498.0,37.0,3535.0,2017-08-01
2017,8,3120093,Zona Arqueológica de San Lorenzo Tenochtitlan con museo de sitio,403.0,0.0,403.0,2017-08-01
2017,8,3120123,Zona Arqueológica de Vega de la Peña,102.0,14.0,116.0,2017-08-01
2017,9,3120011,Zona Arqueológica de Castillo de Teayo con museo de sitio,89.0,0.0,89.0,2017-09-01
2017,9,3120012,Zona Arqueológica de Cempoala con museo de sitio,1465.0,40.0,1505.0,2017-09-01
2017,9,3120024,Zona Arqueológica de Cuajilote,220.0,0.0,220.0,2017-09-01
2017,9,3220012,Zona Arqueológica de Cuauhtochco,0.0,0.0,0.0,2017-09-01
2017,9,3120030,Zona Arqueológica de Cuyuxquihui,600.0,0.0,600.0,2017-09-01
2017,9,3110016,Zona Arqueológica de El Tajín,11419.0,158.0,11577.0,2017-09-01
2017,9,3120068,Zona Arqueológica de Las Higueras con museo de sitio,4.0,0.0,4.0,2017-09-01
2017,9,3220014,Zona Arqueológica de Las Limas,12.0,0.0,12.0,2017-09-01
2017,9,3120088,Zona Arqueológica de Quiahuitztlán,1703.0,6.0,1709.0,2017-09-01
2017,9,3120093,Zona Arqueológica de San Lorenzo Tenochtitlan con museo de sitio,263.0,0.0,263.0,2017-09-01
2017,9,3120123,Zona Arqueológica de Vega de la Peña,0.0,0.0,0.0,2017-09-01
2017,10,3120011,Zona Arqueológica de Castillo de Teayo con museo de sitio,73.0,0.0,73.0,2017-10-01
2017,10,3120012,Zona Arqueológica de Cempoala con museo de sitio,1291.0,108.0,1399.0,2017-10-01
2017,10,3120024,Zona Arqueológica de Cuajilote,397.0,0.0,397.0,2017-10-01
2017,10,3220012,Zona Arqueológica de Cuauhtochco,0.0,0.0,0.0,2017-10-01
2017,10,3120030,Zona Arqueológica de Cuyuxquihui,250.0,0.0,250.0,2017-10-01
2017,10,3110016,Zona Arqueológica de El Tajín,11223.0,135.0,11358.0,2017-10-01
2017,10,3120068,Zona Arqueológica de Las Higueras con museo de sitio,37.0,0.0,37.0,2017-10-01
2017,10,3220014,Zona Arqueológica de Las Limas,29.0,0.0,29.0,2017-10-01
2017,10,3120088,Zona Arqueológica de Quiahuitztlán,1074.0,58.0,1132.0,2017-10-01
2017,10,3120093,Zona Arqueológica de San Lorenzo Tenochtitlan con museo de sitio,300.0,0.0,300.0,2017-10-01
2017,10,3120123,Zona Arqueológica de Vega de la Peña,25.0,0.0,25.0,2017-10-01
2017,11,3120011,Zona Arqueológica de Castillo de Teayo con museo de sitio,89.0,0.0,89.0,2017-11-01
2017,11,3120012,Zona Arqueológica de Cempoala con museo de sitio,2941.0,61.0,3002.0,2017-11-01
2017,11,3120024,Zona Arqueológica de Cuajilote,344.0,0.0,344.0,2017-11-01
2017,11,3220012,Zona Arqueológica de Cuauhtochco,0.0,0.0,0.0,2017-11-01
2017,11,3120030,Zona Arqueológica de Cuyuxquihui,200.0,0.0,200.0,2017-11-01
2017,11,3110016,Zona Arqueológica de El Tajín,20379.0,249.0,20628.0,2017-11-01
2017,11,3120068,Zona Arqueológica de Las Higueras con museo de sitio,33.0,0.0,33.0,2017-11-01
2017,11,3220014,Zona Arqueológica de Las Limas,18.0,0.0,18.0,2017-11-01
2017,11,3120088,Zona Arqueológica de Quiahuitztlán,2131.0,47.0,2178.0,2017-11-01
2017,11,3120093,Zona Arqueológica de San Lorenzo Tenochtitlan con museo de sitio,315.0,0.0,315.0,2017-11-01
2017,11,3120123,Zona Arqueológica de Vega de la Peña,87.0,0.0,87.0,2017-11-01
2017,12,3120011,Zona Arqueológica de Castillo de Teayo con museo de sitio,396.0,0.0,396.0,2017-12-01
2017,12,3120012,Zona Arqueológica de Cempoala con museo de sitio,4468.0,83.0,4551.0,2017-12-01
2017,12,3120024,Zona Arqueológica de Cuajilote,342.0,0.0,342.0,2017-12-01
2017,12,3220012,Zona Arqueológica de Cuauhtochco,0.0,0.0,0.0,2017-12-01
2017,12,3120030,Zona Arqueológica de Cuyuxquihui,383.0,0.0,383.0,2017-12-01
2017,12,3110016,Zona Arqueológica de El Tajín,21797.0,180.0,21977.0,2017-12-01
2017,12,3120068,Zona Arqueológica de Las Higueras con museo de sitio,46.0,0.0,46.0,2017-12-01
2017,12,3220014,Zona Arqueológica de Las Limas,68.0,0.0,68.0,2017-12-01
2017,12,3120088,Zona Arqueológica de Quiahuitztlán,3494.0,57.0,3551.0,2017-12-01
2017,12,3120093,Zona Arqueológica de San Lorenzo Tenochtitlan con museo de sitio,309.0,0.0,309.0,2017-12-01
2017,12,3120123,Zona Arqueológica de Vega de la Peña,46.0,2.0,48.0,2017-12-01
2018,1,3120011,Zona Arqueológica de Castillo de Teayo con museo de sitio,191.0,0.0,191.0,2018-01-01
2018,1,3120012,Zona Arqueológica de Cempoala con museo de sitio,2550.0,98.0,2648.0,2018-01-01
2018,1,3120024,Zona Arqueológica de Cuajilote,355.0,0.0,355.0,2018-01-01
2018,1,3220012,Zona Arqueológica de Cuauhtochco,0.0,0.0,0.0,2018-01-01
2018,1,3120030,Zona Arqueológica de Cuyuxquihui,200.0,0.0,200.0,2018-01-01
2018,1,3110016,Zona Arqueológica de El Tajín,19860.0,245.0,20105.0,2018-01-01
2018,1,3120068,Zona Arqueológica de Las Higueras con museo de sitio,15.0,0.0,15.0,2018-01-01
2018,1,3220014,Zona Arqueológica de Las Limas,0.0,0.0,0.0,2018-01-01
2018,1,3120088,Zona Arqueológica de Quiahuitztlán,1297.0,61.0,1358.0,2018-01-01
2018,1,3120093,Zona Arqueológica de San Lorenzo Tenochtitlan con museo de sitio,269.0,0.0,269.0,2018-01-01
2018,1,3120123,Zona Arqueológica de Vega de la Peña,38.0,8.0,46.0,2018-01-01
2018,2,3120011,Zona Arqueológica de Castillo de Teayo con museo de sitio,159.0,0.0,159.0,2018-02-01
2018,2,3120012,Zona Arqueológica de Cempoala con museo de sitio,2692.0,137.0,2829.0,2018-02-01
2018,2,3120024,Zona Arqueológica de Cuajilote,349.0,2.0,351.0,2018-02-01
2018,2,3220012,Zona Arqueológica de Cuauhtochco,0.0,0.0,0.0,2018-02-01
2018,2,3120030,Zona Arqueológica de Cuyuxquihui,250.0,0.0,250.0,2018-02-01
2018,2,3110016,Zona Arqueológica de El Tajín,17193.0,310.0,17503.0,2018-02-01
2018,2,3120068,Zona Arqueológica de Las Higueras con museo de sitio,24.0,0.0,24.0,2018-02-01
2018,2,3220014,Zona Arqueológica de Las Limas,0.0,0.0,0.0,2018-02-01
2018,2,3120088,Zona Arqueológica de Quiahuitztlán,1938.0,41.0,1979.0,2018-02-01
2018,2,3120093,Zona Arqueológica de San Lorenzo Tenochtitlan con museo de sitio,317.0,0.0,317.0,2018-02-01
2018,2,3120123,Zona Arqueológica de Vega de la Peña,83.0,0.0,83.0,2018-02-01
2018,3,3120011,Zona Arqueológica de Castillo de Teayo con museo de sitio,333.0,0.0,333.0,2018-03-01
2018,3,3120012,Zona Arqueológica de Cempoala con museo de sitio,4865.0,90.0,4955.0,2018-03-01
2018,3,3120024,Zona Arqueológica de Cuajilote,235.0,0.0,235.0,2018-03-01
2018,3,3220012,Zona Arqueológica de Cuauhtochco,0.0,0.0,0.0,2018-03-01
2018,3,3120030,Zona Arqueológica de Cuyuxquihui,450.0,0.0,450.0,2018-03-01
2018,3,3110016,Zona Arqueológica de El Tajín,45818.0,254.0,46072.0,2018-03-01
2018,3,3120068,Zona Arqueológica de Las Higueras con museo de sitio,24.0,0.0,24.0,2018-03-01
2018,3,3220014,Zona Arqueológica de Las Limas,60.0,0.0,60.0,2018-03-01
2018,3,3120088,Zona Arqueológica de Quiahuitztlán,3303.0,43.0,3346.0,2018-03-01
2018,3,3120093,Zona Arqueológica de San Lorenzo Tenochtitlan con museo de sitio,616.0,0.0,616.0,2018-03-01
2018,3,3120123,Zona Arqueológica de Vega de la Peña,62.0,0.0,62.0,2018-03-01
2018,4,3120011,Zona Arqueológica de Castillo de Teayo con museo de sitio,520.0,0.0,520.0,2018-04-01
2018,4,3120012,Zona Arqueológica de Cempoala con museo de sitio,4757.0,119.0,4876.0,2018-04-01
2018,4,3120024,Zona Arqueológica de Cuajilote,751.0,0.0,751.0,2018-04-01
2018,4,3220012,Zona Arqueológica de Cuauhtochco,0.0,0.0,0.0,2018-04-01
2018,4,3120030,Zona Arqueológica de Cuyuxquihui,0.0,0.0,0.0,2018-04-01
2018,4,3110016,Zona Arqueológica de El Tajín,67845.0,337.0,68182.0,2018-04-01
2018,4,3120068,Zona Arqueológica de Las Higueras con museo de sitio,65.0,0.0,65.0,2018-04-01
2018,4,3220014,Zona Arqueológica de Las Limas,36.0,0.0,36.0,2018-04-01
2018,4,3120088,Zona Arqueológica de Quiahuitztlán,4911.0,39.0,4950.0,2018-04-01
2018,4,3120093,Zona Arqueológica de San Lorenzo Tenochtitlan con museo de sitio,938.0,0.0,938.0,2018-04-01
2018,4,3120123,Zona Arqueológica de Vega de la Peña,78.0,0.0,78.0,2018-04-01
2018,5,3120011,Zona Arqueológica de Castillo de Teayo con museo de sitio,117.0,0.0,117.0,2018-05-01
2018,5,3120012,Zona Arqueológica de Cempoala con museo de sitio,2744.0,78.0,2822.0,2018-05-01
2018,5,3120024,Zona Arqueológica de Cuajilote,522.0,0.0,522.0,2018-05-01
2018,5,3220012,Zona Arqueológica de Cuauhtochco,0.0,0.0,0.0,2018-05-01
2018,5,3120030,Zona Arqueológica de Cuyuxquihui,140.0,0.0,140.0,2018-05-01
2018,5,3110016,Zona Arqueológica de El Tajín,21588.0,125.0,21713.0,2018-05-01
2018,5,3120068,Zona Arqueológica de Las Higueras con museo de sitio,35.0,0.0,35.0,2018-05-01
2018,5,3220014,Zona Arqueológica de Las Limas,0.0,0.0,0.0,2018-05-01
2018,5,3120088,Zona Arqueológica de Quiahuitztlán,2448.0,39.0,2487.0,2018-05-01
2018,5,3120093,Zona Arqueológica de San Lorenzo Tenochtitlan con museo de sitio,662.0,0.0,662.0,2018-05-01
2018,5,3120123,Zona Arqueológica de Vega de la Peña,0.0,0.0,0.0,2018-05-01
2018,6,3120011,Zona Arqueológica de Castillo de Teayo con museo de sitio,144.0,0.0,144.0,2018-06-01
2018,6,3120012,Zona Arqueológica de Cempoala con museo de sitio,2936.0,61.0,2997.0,2018-06-01
2018,6,3120024,Zona Arqueológica de Cuajilote,264.0,0.0,264.0,2018-06-01
2018,6,3220012,Zona Arqueológica de Cuauhtochco,0.0,0.0,0.0,2018-06-01
2018,6,3120030,Zona Arqueológica de Cuyuxquihui,200.0,0.0,200.0,2018-06-01
2018,6,3110016,Zona Arqueológica de El Tajín,15077.0,148.0,15225.0,2018-06-01
2018,6,3120068,Zona Arqueológica de Las Higueras con museo de sitio,4.0,0.0,4.0,2018-06-01
2018,6,3220014,Zona Arqueológica de Las Limas,53.0,0.0,53.0,2018-06-01
2018,6,3120088,Zona Arqueológica de Quiahuitztlán,2530.0,37.0,2567.0,2018-06-01
2018,6,3120093,Zona Arqueológica de San Lorenzo Tenochtitlan con museo de sitio,329.0,0.0,329.0,2018-06-01
2018,6,3120123,Zona Arqueológica de Vega de la Peña,76.0,2.0,78.0,2018-06-01
2018,7,3120011,Zona Arqueológica de Castillo de Teayo con museo de sitio,245.0,0.0,245.0,2018-07-01
2018,7,3120012,Zona Arqueológica de Cempoala con museo de sitio,4367.0,50.0,4417.0,2018-07-01
2018,7,3120024,Zona Arqueológica de Cuajilote,282.0,26.0,308.0,2018-07-01
2018,7,3220012,Zona Arqueológica de Cuauhtochco,0.0,0.0,0.0,2018-07-01
2018,7,3120030,Zona Arqueológica de Cuyuxquihui,532.0,0.0,532.0,2018-07-01
2018,7,3110016,Zona Arqueológica de El Tajín,46363.0,222.0,46585.0,2018-07-01
2018,7,3120068,Zona Arqueológica de Las Higueras con museo de sitio,51.0,0.0,51.0,2018-07-01
2018,7,3220014,Zona Arqueológica de Las Limas,46.0,0.0,46.0,2018-07-01
2018,7,3120088,Zona Arqueológica de Quiahuitztlán,3905.0,61.0,3966.0,2018-07-01
2018,7,3120093,Zona Arqueológica de San Lorenzo Tenochtitlan con museo de sitio,450.0,0.0,450.0,2018-07-01
2018,7,3120123,Zona Arqueológica de Vega de la Peña,62.0,5.0,67.0,2018-07-01
2018,8,3120011,Zona Arqueológica de Castillo de Teayo con museo de sitio,329.0,0.0,329.0,2018-08-01
2018,8,3120012,Zona Arqueológica de Cempoala con museo de sitio,4352.0,64.0,4416.0,2018-08-01
2018,8,3120024,Zona Arqueológica de Cuajilote,450.0,0.0,450.0,2018-08-01
2018,8,3220012,Zona Arqueológica de Cuauhtochco,0.0,0.0,0.0,2018-08-01
2018,8,3120030,Zona Arqueológica de Cuyuxquihui,286.0,0.0,286.0,2018-08-01
2018,8,3110016,Zona Arqueológica de El Tajín,49057.0,229.0,49286.0,2018-08-01
2018,8,3120068,Zona Arqueológica de Las Higueras con museo de sitio,72.0,0.0,72.0,2018-08-01
2018,8,3220014,Zona Arqueológica de Las Limas,96.0,0.0,96.0,2018-08-01
2018,8,3120088,Zona Arqueológica de Quiahuitztlán,4096.0,38.0,4134.0,2018-08-01
2018,8,3120093,Zona Arqueológica de San Lorenzo Tenochtitlan con museo de sitio,709.0,0.0,709.0,2018-08-01
2018,8,3120123,Zona Arqueológica de Vega de la Peña,54.0,0.0,54.0,2018-08-01
2018,9,3120011,Zona Arqueológica de Castillo de Teayo con museo de sitio,113.0,0.0,113.0,2018-09-01
2018,9,3120012,Zona Arqueológica de Cempoala con museo de sitio,1546.0,42.0,1588.0,2018-09-01
2018,9,3120024,Zona Arqueológica de Cuajilote,285.0,0.0,285.0,2018-09-01
2018,9,3220012,Zona Arqueológica de Cuauhtochco,0.0,0.0,0.0,2018-09-01
2018,9,3120030,Zona Arqueológica de Cuyuxquihui,125.0,0.0,125.0,2018-09-01
2018,9,3110016,Zona Arqueológica de El Tajín,17892.0,183.0,18075.0,2018-09-01
2018,9,3120068,Zona Arqueológica de Las Higueras con museo de sitio,10.0,0.0,10.0,2018-09-01
2018,9,3220014,Zona Arqueológica de Las Limas,66.0,0.0,66.0,2018-09-01
2018,9,3120088,Zona Arqueológica de Quiahuitztlán,1522.0,26.0,1548.0,2018-09-01
2018,9,3120093,Zona Arqueológica de San Lorenzo Tenochtitlan con museo de sitio,321.0,0.0,321.0,2018-09-01
2018,9,3120123,Zona Arqueológica de Vega de la Peña,48.0,0.0,48.0,2018-09-01
2018,10,3120011,Zona Arqueológica de Castillo de Teayo con museo de sitio,67.0,0.0,67.0,2018-10-01
2018,10,3120012,Zona Arqueológica de Cempoala con museo de sitio,1855.0,48.0,1903.0,2018-10-01
2018,10,3120024,Zona Arqueológica de Cuajilote,154.0,0.0,154.0,2018-10-01
2018,10,3220012,Zona Arqueológica de Cuauhtochco,0.0,0.0,0.0,2018-10-01
2018,10,3120030,Zona Arqueológica de Cuyuxquihui,150.0,0.0,150.0,2018-10-01
2018,10,3110016,Zona Arqueológica de El Tajín,15803.0,217.0,16020.0,2018-10-01
2018,10,3120068,Zona Arqueológica de Las Higueras con museo de sitio,38.0,0.0,38.0,2018-10-01
2018,10,3220014,Zona Arqueológica de Las Limas,133.0,0.0,133.0,2018-10-01
2018,10,3120088,Zona Arqueológica de Quiahuitztlán,1624.0,41.0,1665.0,2018-10-01
2018,10,3120093,Zona Arqueológica de San Lorenzo Tenochtitlan con museo de sitio,318.0,0.0,318.0,2018-10-01
2018,10,3120123,Zona Arqueológica de Vega de la Peña,53.0,2.0,55.0,2018-10-01
2018,11,3120011,Zona Arqueológica de Castillo de Teayo con museo de sitio,78.0,0.0,78.0,2018-11-01
2018,11,3120012,Zona Arqueológica de Cempoala con museo de sitio,3393.0,109.0,3502.0,2018-11-01
2018,11,3120024,Zona Arqueológica de Cuajilote,243.0,0.0,243.0,2018-11-01
2018,11,3220012,Zona Arqueológica de Cuauhtochco,0.0,0.0,0.0,2018-11-01
2018,11,3120030,Zona Arqueológica de Cuyuxquihui,150.0,0.0,150.0,2018-11-01
2018,11,3110016,Zona Arqueológica de El Tajín,24304.0,392.0,24696.0,2018-11-01
2018,11,3120068,Zona Arqueológica de Las Higueras con museo de sitio,67.0,0.0,67.0,2018-11-01
2018,11,3220014,Zona Arqueológica de Las Limas,201.0,0.0,201.0,2018-11-01
2018,11,3120088,Zona Arqueológica de Quiahuitztlán,2740.0,101.0,2841.0,2018-11-01
2018,11,3120093,Zona Arqueológica de San Lorenzo Tenochtitlan con museo de sitio,285.0,0.0,285.0,2018-11-01
2018,11,3120123,Zona Arqueológica de Vega de la Peña,38.0,3.0,41.0,2018-11-01
2018,12,3120011,Zona Arqueológica de Castillo de Teayo con museo de sitio,108.0,0.0,108.0,2018-12-01
2018,12,3120012,Zona Arqueológica de Cempoala con museo de sitio,4412.0,96.0,4508.0,2018-12-01
2018,12,3120024,Zona Arqueológica de Cuajilote,581.0,0.0,581.0,2018-12-01
2018,12,3220012,Zona Arqueológica de Cuauhtochco,0.0,0.0,0.0,2018-12-01
2018,12,3120030,Zona Arqueológica de Cuyuxquihui,218.0,0.0,218.0,2018-12-01
2018,12,3110016,Zona Arqueológica de El Tajín,51833.0,403.0,52236.0,2018-12-01
2018,12,3120068,Zona Arqueológica de Las Higueras con museo de sitio,60.0,0.0,60.0,2018-12-01
2018,12,3220014,Zona Arqueológica de Las Limas,70.0,0.0,70.0,2018-12-01
2018,12,3120088,Zona Arqueológica de Quiahuitztlán,3465.0,36.0,3501.0,2018-12-01
2018,12,3120093,Zona Arqueológica de San Lorenzo Tenochtitlan con museo de sitio,565.0,0.0,565.0,2018-12-01
2018,12,3120123,Zona Arqueológica de Vega de la Peña,49.0,2.0,51.0,2018-12-01
2019,1,3120011,Zona Arqueológica de Castillo de Teayo con museo de sitio,160.0,0.0,160.0,2019-01-01
2019,1,3120012,Zona Arqueológica de Cempoala con museo de sitio,2416.0,73.0,2489.0,2019-01-01
2019,1,3120024,Zona Arqueológica de Cuajilote,462.0,0.0,462.0,2019-01-01
2019,1,3220012,Zona Arqueológica de Cuauhtochco,0.0,0.0,0.0,2019-01-01
2019,1,3120030,Zona Arqueológica de Cuyuxquihui,311.0,0.0,311.0,2019-01-01
2019,1,3110016,Zona Arqueológica de El Tajín,22514.0,268.0,22782.0,2019-01-01
2019,1,3120068,Zona Arqueológica de Las Higueras con museo de sitio,53.0,0.0,53.0,2019-01-01
2019,1,3220014,Zona Arqueológica de Las Limas,50.0,0.0,50.0,2019-01-01
2019,1,3120088,Zona Arqueológica de Quiahuitztlán,1635.0,91.0,1726.0,2019-01-01
2019,1,3120093,Zona Arqueológica de San Lorenzo Tenochtitlan con museo de sitio,361.0,0.0,361.0,2019-01-01
2019,1,3120123,Zona Arqueológica de Vega de la Peña,34.0,0.0,34.0,2019-01-01
2019,2,3120011,Zona Arqueológica de Castillo de Teayo con museo de sitio,429.0,0.0,429.0,2019-02-01
2019,2,3120012,Zona Arqueológica de Cempoala con museo de sitio,2901.0,109.0,3010.0,2019-02-01
2019,2,3120024,Zona Arqueológica de Cuajilote,550.0,0.0,550.0,2019-02-01
2019,2,3220012,Zona Arqueológica de Cuauhtochco,0.0,0.0,0.0,2019-02-01
2019,2,3120030,Zona Arqueológica de Cuyuxquihui,200.0,0.0,200.0,2019-02-01
2019,2,3110016,Zona Arqueológica de El Tajín,23966.0,350.0,24316.0,2019-02-01
2019,2,3120068,Zona Arqueológica de Las Higueras con museo de sitio,20.0,3.0,23.0,2019-02-01
2019,2,3220014,Zona Arqueológica de Las Limas,75.0,0.0,75.0,2019-02-01
2019,2,3120088,Zona Arqueológica de Quiahuitztlán,2657.0,69.0,2726.0,2019-02-01
2019,2,3120093,Zona Arqueológica de San Lorenzo Tenochtitlan con museo de sitio,398.0,0.0,398.0,2019-02-01
2019,2,3120123,Zona Arqueológica de Vega de la Peña,69.0,0.0,69.0,2019-02-01
2019,3,3120011,Zona Arqueológica de Castillo de Teayo con museo de sitio,126.0,0.0,126.0,2019-03-01
2019,3,3120012,Zona Arqueológica de Cempoala con museo de sitio,4659.0,101.0,4760.0,2019-03-01
2019,3,3120024,Zona Arqueológica de Cuajilote,374.0,0.0,374.0,2019-03-01
2019,3,3220012,Zona Arqueológica de Cuauhtochco,0.0,0.0,0.0,2019-03-01
2019,3,3120030,Zona Arqueológica de Cuyuxquihui,200.0,0.0,200.0,2019-03-01
2019,3,3110016,Zona Arqueológica de El Tajín,46118.0,387.0,46505.0,2019-03-01
2019,3,3120068,Zona Arqueológica de Las Higueras con museo de sitio,41.0,0.0,41.0,2019-03-01
2019,3,3220014,Zona Arqueológica de Las Limas,32.0,0.0,32.0,2019-03-01
2019,3,3120088,Zona Arqueológica de Quiahuitztlán,3217.0,52.0,3269.0,2019-03-01
2019,3,3120093,Zona Arqueológica de San Lorenzo Tenochtitlan con museo de sitio,746.0,0.0,746.0,2019-03-01
2019,3,3120123,Zona Arqueológica de Vega de la Peña,47.0,0.0,47.0,2019-03-01
2019,4,3120011,Zona Arqueológica de Castillo de Teayo con museo de sitio,118.0,0.0,118.0,2019-04-01
2019,4,3120012,Zona Arqueológica de Cempoala con museo de sitio,4927.0,100.0,5027.0,2019-04-01
2019,4,3120024,Zona Arqueológica de Cuajilote,588.0,0.0,588.0,2019-04-01
2019,4,3220012,Zona Arqueológica de Cuauhtochco,0.0,0.0,0.0,2019-04-01
2019,4,3120030,Zona Arqueológica de Cuyuxquihui,590.0,0.0,590.0,2019-04-01
2019,4,3110016,Zona Arqueológica de El Tajín,63387.0,390.0,63777.0,2019-04-01
2019,4,3120068,Zona Arqueológica de Las Higueras con museo de sitio,78.0,0.0,78.0,2019-04-01
2019,4,3220014,Zona Arqueológica de Las Limas,40.0,0.0,40.0,2019-04-01
2019,4,3120088,Zona Arqueológica de Quiahuitztlán,6121.0,40.0,6161.0,2019-04-01
2019,4,3120093,Zona Arqueológica de San Lorenzo Tenochtitlan con museo de sitio,686.0,0.0,686.0,2019-04-01
2019,4,3120123,Zona Arqueológica de Vega de la Peña,43.0,6.0,49.0,2019-04-01
2019,5,3120011,Zona Arqueológica de Castillo de Teayo con museo de sitio,0.0,0.0,0.0,2019-05-01
2019,5,3120012,Zona Arqueológica de Cempoala con museo de sitio,3371.0,41.0,3412.0,2019-05-01
2019,5,3120024,Zona Arqueológica de Cuajilote,351.0,0.0,351.0,2019-05-01
2019,5,3220012,Zona Arqueológica de Cuauhtochco,0.0,0.0,0.0,2019-05-01
2019,5,3120030,Zona Arqueológica de Cuyuxquihui,340.0,0.0,340.0,2019-05-01
2019,5,3110016,Zona Arqueológica de El Tajín,34133.0,303.0,34436.0,2019-05-01
2019,5,3120068,Zona Arqueológica de Las Higueras con museo de sitio,22.0,0.0,22.0,2019-05-01
2019,5,3220014,Zona Arqueológica de Las Limas,77.0,0.0,77.0,2019-05-01
2019,5,3120088,Zona Arqueológica de Quiahuitztlán,3454.0,25.0,3479.0,2019-05-01
2019,5,3120093,Zona Arqueológica de San Lorenzo Tenochtitlan con museo de sitio,459.0,0.0,459.0,2019-05-01
2019,5,3120123,Zona Arqueológica de Vega de la Peña,147.0,1.0,148.0,2019-05-01
2019,6,3120011,Zona Arqueológica de Castillo de Teayo con museo de sitio,0.0,0.0,0.0,2019-06-01
2019,6,3120012,Zona Arqueológica de Cempoala con museo de sitio,3130.0,2.0,3132.0,2019-06-01
2019,6,3120024,Zona Arqueológica de Cuajilote,305.0,0.0,305.0,2019-06-01
2019,6,3220012,Zona Arqueológica de Cuauhtochco,0.0,0.0,0.0,2019-06-01
2019,6,3120030,Zona Arqueológica de Cuyuxquihui,250.0,0.0,250.0,2019-06-01
2019,6,3110016,Zona Arqueológica de El Tajín,30259.0,487.0,30746.0,2019-06-01
2019,6,3120068,Zona Arqueológica de Las Higueras con museo de sitio,24.0,0.0,24.0,2019-06-01
2019,6,3220014,Zona Arqueológica de Las Limas,70.0,0.0,70.0,2019-06-01
2019,6,3120088,Zona Arqueológica de Quiahuitztlán,2917.0,8.0,2925.0,2019-06-01
2019,6,3120093,Zona Arqueológica de San Lorenzo Tenochtitlan con museo de sitio,637.0,0.0,637.0,2019-06-01
2019,6,3120123,Zona Arqueológica de Vega de la Peña,33.0,0.0,33.0,2019-06-01
2019,7,3120011,Zona Arqueológica de Castillo de Teayo con museo de sitio,0.0,0.0,0.0,2019-07-01
2019,7,3120012,Zona Arqueológica de Cempoala con museo de sitio,3842.0,60.0,3902.0,2019-07-01
2019,7,3120024,Zona Arqueológica de Cuajilote,491.0,0.0,491.0,2019-07-01
2019,7,3220012,Zona Arqueológica de Cuauhtochco,0.0,0.0,0.0,2019-07-01
2019,7,3120030,Zona Arqueológica de Cuyuxquihui,472.0,0.0,472.0,2019-07-01
2019,7,3110016,Zona Arqueológica de El Tajín,44450.0,257.0,44707.0,2019-07-01
2019,7,3120068,Zona Arqueológica de Las Higueras con museo de sitio,27.0,0.0,27.0,2019-07-01
2019,7,3220014,Zona Arqueológica de Las Limas,57.0,0.0,57.0,2019-07-01
2019,7,3120088,Zona Arqueológica de Quiahuitztlán,3718.0,27.0,3745.0,2019-07-01
2019,7,3120093,Zona Arqueológica de San Lorenzo Tenochtitlan con museo de sitio,385.0,0.0,385.0,2019-07-01
2019,7,3120123,Zona Arqueológica de Vega de la Peña,62.0,2.0,64.0,2019-07-01
2019,8,3120011,Zona Arqueológica de Castillo de Teayo con museo de sitio,0.0,0.0,0.0,2019-08-01
2019,8,3120012,Zona Arqueológica de Cempoala con museo de sitio,4162.0,34.0,4196.0,2019-08-01
2019,8,3120024,Zona Arqueológica de Cuajilote,672.0,0.0,672.0,2019-08-01
2019,8,3220012,Zona Arqueológica de Cuauhtochco,0.0,0.0,0.0,2019-08-01
2019,8,3120030,Zona Arqueológica de Cuyuxquihui,426.0,0.0,426.0,2019-08-01
2019,8,3110016,Zona Arqueológica de El Tajín,48312.0,372.0,48684.0,2019-08-01
2019,8,3120068,Zona Arqueológica de Las Higueras con museo de sitio,34.0,0.0,34.0,2019-08-01
2019,8,3220014,Zona Arqueológica de Las Limas,76.0,0.0,76.0,2019-08-01
2019,8,3120088,Zona Arqueológica de Quiahuitztlán,5169.0,13.0,5182.0,2019-08-01
2019,8,3120093,Zona Arqueológica de San Lorenzo Tenochtitlan con museo de sitio,528.0,0.0,528.0,2019-08-01
2019,8,3120123,Zona Arqueológica de Vega de la Peña,55.0,0.0,55.0,2019-08-01
2019,9,3120011,Zona Arqueológica de Castillo de Teayo con museo de sitio,181.0,0.0,181.0,2019-09-01
2019,9,3120012,Zona Arqueológica de Cempoala con museo de sitio,1778.0,32.0,1810.0,2019-09-01
2019,9,3120024,Zona Arqueológica de Cuajilote,207.0,0.0,207.0,2019-09-01
2019,9,3220012,Zona Arqueológica de Cuauhtochco,0.0,0.0,0.0,2019-09-01
2019,9,3120030,Zona Arqueológica de Cuyuxquihui,100.0,0.0,100.0,2019-09-01
2019,9,3110016,Zona Arqueológica de El Tajín,19665.0,218.0,19883.0,2019-09-01
2019,9,3120068,Zona Arqueológica de Las Higueras con museo de sitio,34.0,0.0,34.0,2019-09-01
2019,9,3220014,Zona Arqueológica de Las Limas,132.0,0.0,132.0,2019-09-01
2019,9,3120088,Zona Arqueológica de Quiahuitztlán,2169.0,6.0,2175.0,2019-09-01
2019,9,3120093,Zona Arqueológica de San Lorenzo Tenochtitlan con museo de sitio,243.0,0.0,243.0,2019-09-01
2019,9,3120123,Zona Arqueológica de Vega de la Peña,38.0,2.0,40.0,2019-09-01
2019,10,3120011,Zona Arqueológica de Castillo de Teayo con museo de sitio,0.0,0.0,0.0,2019-10-01
2019,10,3120012,Zona Arqueológica de Cempoala con museo de sitio,2300.0,44.0,2344.0,2019-10-01
2019,10,3120024,Zona Arqueológica de Cuajilote,317.0,0.0,317.0,2019-10-01
2019,10,3220012,Zona Arqueológica de Cuauhtochco,0.0,0.0,0.0,2019-10-01
2019,10,3120030,Zona Arqueológica de Cuyuxquihui,150.0,0.0,150.0,2019-10-01
2019,10,3110016,Zona Arqueológica de El Tajín,15159.0,295.0,15454.0,2019-10-01
2019,10,3120068,Zona Arqueológica de Las Higueras con museo de sitio,30.0,0.0,30.0,2019-10-01
2019,10,3220014,Zona Arqueológica de Las Limas,36.0,0.0,36.0,2019-10-01
2019,10,3120088,Zona Arqueológica de Quiahuitztlán,2623.0,58.0,2681.0,2019-10-01
2019,10,3120093,Zona Arqueológica de San Lorenzo Tenochtitlan con museo de sitio,248.0,0.0,248.0,2019-10-01
2019,10,3120123,Zona Arqueológica de Vega de la Peña,133.0,0.0,133.0,2019-10-01
2019,11,3120011,Zona Arqueológica de Castillo de Teayo con museo de sitio,102.0,0.0,102.0,2019-11-01
2019,11,3120012,Zona Arqueológica de Cempoala con museo de sitio,2991.0,65.0,3056.0,2019-11-01
2019,11,3120024,Zona Arqueológica de Cuajilote,300.0,0.0,300.0,2019-11-01
2019,11,3220012,Zona Arqueológica de Cuauhtochco,0.0,0.0,0.0,2019-11-01
2019,11,3120030,Zona Arqueológica de Cuyuxquihui,150.0,0.0,150.0,2019-11-01
2019,11,3110016,Zona Arqueológica de El Tajín,23336.0,417.0,23753.0,2019-11-01
2019,11,3120068,Zona Arqueológica de Las Higueras con museo de sitio,36.0,0.0,36.0,2019-11-01
2019,11,3220014,Zona Arqueológica de Las Limas,160.0,0.0,160.0,2019-11-01
2019,11,3120088,Zona Arqueológica de Quiahuitztlán,2090.0,49.0,2139.0,2019-11-01
2019,11,3120093,Zona Arqueológica de San Lorenzo Tenochtitlan con museo de sitio,328.0,0.0,328.0,2019-11-01
2019,11,3120123,Zona Arqueológica de Vega de la Peña,57.0,0.0,57.0,2019-11-01
2019,12,3120011,Zona Arqueológica de Castillo de Teayo con museo de sitio,0.0,0.0,0.0,2019-12-01
2019,12,3120012,Zona Arqueológica de Cempoala con museo de sitio,4141.0,125.0,4266.0,2019-12-01
2019,12,3120024,Zona Arqueológica de Cuajilote,509.0,0.0,509.0,2019-12-01
2019,12,3220012,Zona Arqueológica de Cuauhtochco,0.0,0.0,0.0,2019-12-01
2019,12,3120030,Zona Arqueológica de Cuyuxquihui,523.0,0.0,523.0,2019-12-01
2019,12,3110016,Zona Arqueológica de El Tajín,50334.0,799.0,51133.0,2019-12-01
2019,12,3120068,Zona Arqueológica de Las Higueras con museo de sitio,86.0,0.0,86.0,2019-12-01
2019,12,3220014,Zona Arqueológica de Las Limas,120.0,0.0,120.0,2019-12-01
2019,12,3120088,Zona Arqueológica de Quiahuitztlán,2532.0,98.0,2630.0,2019-12-01
2019,12,3120093,Zona Arqueológica de San Lorenzo Tenochtitlan con museo de sitio,366.0,0.0,366.0,2019-12-01
2019,12,3120123,Zona Arqueológica de Vega de la Peña,63.0,0.0,63.0,2019-12-01
2020,1,3120011,Zona Arqueológica de Castillo de Teayo con museo de sitio,0.0,0.0,0.0,2020-01-01
2020,1,3120012,Zona Arqueológica de Cempoala con museo de sitio,2869.0,74.0,2943.0,2020-01-01
2020,1,3120024,Zona Arqueológica de Cuajilote,346.0,0.0,346.0,2020-01-01
2020,1,3220012,Zona Arqueológica de Cuauhtochco,0.0,0.0,0.0,2020-01-01
2020,1,3120030,Zona Arqueológica de Cuyuxquihui,350.0,0.0,350.0,2020-01-01
2020,1,3110016,Zona Arqueológica de El Tajín,27314.0,323.0,27637.0,2020-01-01
2020,1,3120068,Zona Arqueológica de Las Higueras con museo de sitio,24.0,0.0,24.0,2020-01-01
2020,1,3220014,Zona Arqueológica de Las Limas,33.0,0.0,33.0,2020-01-01
2020,1,3120088,Zona Arqueológica de Quiahuitztlán,2023.0,65.0,2088.0,2020-01-01
2020,1,3120093,Zona Arqueológica de San Lorenzo Tenochtitlan con museo de sitio,331.0,0.0,331.0,2020-01-01
2020,1,3120123,Zona Arqueológica de Vega de la Peña,29.0,3.0,32.0,2020-01-01
2020,2,3120011,Zona Arqueológica de Castillo de Teayo con museo de sitio,0.0,0.0,0.0,2020-02-01
2020,2,3120012,Zona Arqueológica de Cempoala con museo de sitio,3039.0,104.0,3143.0,2020-02-01
2020,2,3120024,Zona Arqueológica de Cuajilote,384.0,6.0,390.0,2020-02-01
2020,2,3220012,Zona Arqueológica de Cuauhtochco,0.0,0.0,0.0,2020-02-01
2020,2,3120030,Zona Arqueológica de Cuyuxquihui,112.0,0.0,112.0,2020-02-01
2020,2,3110016,Zona Arqueológica de El Tajín,24649.0,262.0,24911.0,2020-02-01
2020,2,3120068,Zona Arqueológica de Las Higueras con museo de sitio,34.0,0.0,34.0,2020-02-01
2020,2,3220014,Zona Arqueológica de Las Limas,14.0,0.0,14.0,2020-02-01
2020,2,3120088,Zona Arqueológica de Quiahuitztlán,2205.0,45.0,2250.0,2020-02-01
2020,2,3120093,Zona Arqueológica de San Lorenzo Tenochtitlan con museo de sitio,342.0,0.0,342.0,2020-02-01
2020,2,3120123,Zona Arqueológica de Vega de la Peña,52.0,5.0,57.0,2020-02-01
2020,3,3120011,Zona Arqueológica de Castillo de Teayo con museo de sitio,0.0,0.0,0.0,2020-03-01
2020,3,3120012,Zona Arqueológica de Cempoala con museo de sitio,3070.0,36.0,3106.0,2020-03-01
2020,3,3120024,Zona Arqueológica de Cuajilote,252.0,0.0,252.0,2020-03-01
2020,3,3220012,Zona Arqueológica de Cuauhtochco,0.0,0.0,0.0,2020-03-01
2020,3,3120030,Zona Arqueológica de Cuyuxquihui,200.0,0.0,200.0,2020-03-01
2020,3,3110016,Zona Arqueológica de El Tajín,31554.0,242.0,31796.0,2020-03-01
2020,3,3120068,Zona Arqueológica de Las Higueras con museo de sitio,12.0,0.0,12.0,2020-03-01
2020,3,3220014,Zona Arqueológica de Las Limas,15.0,0.0,15.0,2020-03-01
2020,3,3120088,Zona Arqueológica de Quiahuitztlán,2356.0,47.0,2403.0,2020-03-01
2020,3,3120093,Zona Arqueológica de San Lorenzo Tenochtitlan con museo de sitio,292.0,0.0,292.0,2020-03-01
2020,3,3120123,Zona Arqueológica de Vega de la Peña,26.0,5.0,31.0,2020-03-01
2020,4,3120011,Zona Arqueológica de Castillo de Teayo con museo de sitio,0.0,0.0,0.0,2020-04-01
2020,4,3120012,Zona Arqueológica de Cempoala con museo de sitio,0.0,0.0,0.0,2020-04-01
2020,4,3120024,Zona Arqueológica de Cuajilote,0.0,0.0,0.0,2020-04-01
2020,4,3220012,Zona Arqueológica de Cuauhtochco,0.0,0.0,0.0,2020-04-01
2020,4,3120030,Zona Arqueológica de Cuyuxquihui,0.0,0.0,0.0,2020-04-01
2020,4,3110016,Zona Arqueológica de El Tajín,0.0,0.0,0.0,2020-04-01
2020,4,3120068,Zona Arqueológica de Las Higueras con museo de sitio,0.0,0.0,0.0,2020-04-01
2020,4,3220014,Zona Arqueológica de Las Limas,0.0,0.0,0.0,2020-04-01
2020,4,3120088,Zona Arqueológica de Quiahuitztlán,0.0,0.0,0.0,2020-04-01
2020,4,3120093,Zona Arqueológica de San Lorenzo Tenochtitlan con museo de sitio,0.0,0.0,0.0,2020-04-01
2020,4,3120123,Zona Arqueológica de Vega de la Peña,0.0,0.0,0.0,2020-04-01
2020,5,3120011,Zona Arqueológica de Castillo de Teayo con museo de sitio,0.0,0.0,0.0,2020-05-01
2020,5,3120012,Zona Arqueológica de Cempoala con museo de sitio,0.0,0.0,0.0,2020-05-01
2020,5,3120024,Zona Arqueológica de Cuajilote,0.0,0.0,0.0,2020-05-01
2020,5,3220012,Zona Arqueológica de Cuauhtochco,0.0,0.0,0.0,2020-05-01
2020,5,3120030,Zona Arqueológica de Cuyuxquihui,0.0,0.0,0.0,2020-05-01
2020,5,3110016,Zona Arqueológica de El Tajín,0.0,0.0,0.0,2020-05-01
2020,5,3120068,Zona Arqueológica de Las Higueras con museo de sitio,0.0,0.0,0.0,2020-05-01
2020,5,3220014,Zona Arqueológica de Las Limas,0.0,0.0,0.0,2020-05-01
2020,5,3120088,Zona Arqueológica de Quiahuitztlán,0.0,0.0,0.0,2020-05-01
2020,5,3120093,Zona Arqueológica de San Lorenzo Tenochtitlan con museo de sitio,0.0,0.0,0.0,2020-05-01
2020,5,3120123,Zona Arqueológica de Vega de la Peña,0.0,0.0,0.0,2020-05-01
2020,6,3120011,Zona Arqueológica de Castillo de Teayo con museo de sitio,0.0,0.0,0.0,2020-06-01
2020,6,3120012,Zona Arqueológica de Cempoala con museo de sitio,0.0,0.0,0.0,2020-06-01
2020,6,3120024,Zona Arqueológica de Cuajilote,0.0,0.0,0.0,2020-06-01
2020,6,3220012,Zona Arqueológica de Cuauhtochco,0.0,0.0,0.0,2020-06-01
2020,6,3120030,Zona Arqueológica de Cuyuxquihui,0.0,0.0,0.0,2020-06-01
2020,6,3110016,Zona Arqueológica de El Tajín,0.0,0.0,0.0,2020-06-01
2020,6,3120068,Zona Arqueológica de Las Higueras con museo de sitio,0.0,0.0,0.0,2020-06-01
2020,6,3220014,Zona Arqueológica de Las Limas,0.0,0.0,0.0,2020-06-01
2020,6,3120088,Zona Arqueológica de Quiahuitztlán,0.0,0.0,0.0,2020-06-01
2020,6,3120093,Zona Arqueológica de San Lorenzo Tenochtitlan con museo de sitio,0.0,0.0,0.0,2020-06-01
2020,6,3120123,Zona Arqueológica de Vega de la Peña,0.0,0.0,0.0,2020-06-01
2020,7,3120011,Zona Arqueológica de Castillo de Teayo con museo de sitio,0.0,0.0,0.0,2020-07-01
2020,7,3120012,Zona Arqueológica de Cempoala con museo de sitio,0.0,0.0,0.0,2020-07-01
2020,7,3120024,Zona Arqueológica de Cuajilote,0.0,0.0,0.0,2020-07-01
2020,7,3220012,Zona Arqueológica de Cuauhtochco,0.0,0.0,0.0,2020-07-01
2020,7,3120030,Zona Arqueológica de Cuyuxquihui,0.0,0.0,0.0,2020-07-01
2020,7,3110016,Zona Arqueológica de El Tajín,0.0,0.0,0.0,2020-07-01
2020,7,3120068,Zona Arqueológica de Las Higueras con museo de sitio,0.0,0.0,0.0,2020-07-01
2020,7,3220014,Zona Arqueológica de Las Limas,0.0,0.0,0.0,2020-07-01
2020,7,3120088,Zona Arqueológica de Quiahuitztlán,0.0,0.0,0.0,2020-07-01
2020,7,3120093,Zona Arqueológica de San Lorenzo Tenochtitlan con museo de sitio,0.0,0.0,0.0,2020-07-01
2020,7,3120123,Zona Arqueológica de Vega de la Peña,0.0,0.0,0.0,2020-07-01
2020,8,3120011,Zona Arqueológica de Castillo de Teayo con museo de sitio,0.0,0.0,0.0,2020-08-01
2020,8,3120012,Zona Arqueológica de Cempoala con museo de sitio,0.0,0.0,0.0,2020-08-01
2020,8,3120024,Zona Arqueológica de Cuajilote,0.0,0.0,0.0,2020-08-01
2020,8,3220012,Zona Arqueológica de Cuauhtochco,0.0,0.0,0.0,2020-08-01
2020,8,3120030,Zona Arqueológica de Cuyuxquihui,0.0,0.0,0.0,2020-08-01
2020,8,3110016,Zona Arqueológica de El Tajín,0.0,0.0,0.0,2020-08-01
2020,8,3120068,Zona Arqueológica de Las Higueras con museo de sitio,0.0,0.0,0.0,2020-08-01
2020,8,3220014,Zona Arqueológica de Las Limas,0.0,0.0,0.0,2020-08-01
2020,8,3120088,Zona Arqueológica de Quiahuitztlán,0.0,0.0,0.0,2020-08-01
2020,8,3120093,Zona Arqueológica de San Lorenzo Tenochtitlan con museo de sitio,0.0,0.0,0.0,2020-08-01
2020,8,3120123,Zona Arqueológica de Vega de la Peña,0.0,0.0,0.0,2020-08-01
2020,9,3120011,Zona Arqueológica de Castillo de Teayo con museo de sitio,0.0,0.0,0.0,2020-09-01
2020,9,3120012,Zona Arqueológica de Cempoala con museo de sitio,0.0,0.0,0.0,2020-09-01
2020,9,3120024,Zona Arqueológica de Cuajilote,0.0,0.0,0.0,2020-09-01
2020,9,3220012,Zona Arqueológica de Cuauhtochco,0.0,0.0,0.0,2020-09-01
2020,9,3120030,Zona Arqueológica de Cuyuxquihui,0.0,0.0,0.0,2020-09-01
2020,9,3110016,Zona Arqueológica de El Tajín,0.0,0.0,0.0,2020-09-01
2020,9,3120068,Zona Arqueológica de Las Higueras con museo de sitio,0.0,0.0,0.0,2020-09-01
2020,9,3220014,Zona Arqueológica de Las Limas,0.0,0.0,0.0,2020-09-01
2020,9,3120088,Zona Arqueológica de Quiahuitztlán,0.0,0.0,0.0,2020-09-01
2020,9,3120093,Zona Arqueológica de San Lorenzo Tenochtitlan con museo de sitio,0.0,0.0,0.0,2020-09-01
2020,9,3120123,Zona Arqueológica de Vega de la Peña,0.0,0.0,0.0,2020-09-01
2020,10,3120011,Zona Arqueológica de Castillo de Teayo con museo de sitio,0.0,0.0,0.0,2020-10-01
2020,10,3120012,Zona Arqueológica de Cempoala con museo de sitio,0.0,0.0,0.0,2020-10-01
2020,10,3120024,Zona Arqueológica de Cuajilote,0.0,0.0,0.0,2020-10-01
2020,10,3220012,Zona Arqueológica de Cuauhtochco,0.0,0.0,0.0,2020-10-01
2020,10,3120030,Zona Arqueológica de Cuyuxquihui,0.0,0.0,0.0,2020-10-01
2020,10,3110016,Zona Arqueológica de El Tajín,0.0,0.0,0.0,2020-10-01
2020,10,3120068,Zona Arqueológica de Las Higueras con museo de sitio,0.0,0.0,0.0,2020-10-01
2020,10,3220014,Zona Arqueológica de Las Limas,0.0,0.0,0.0,2020-10-01
2020,10,3120088,Zona Arqueológica de Quiahuitztlán,0.0,0.0,0.0,2020-10-01
2020,10,3120093,Zona Arqueológica de San Lorenzo Tenochtitlan con museo de sitio,0.0,0.0,0.0,2020-10-01
2020,10,3120123,Zona Arqueológica de Vega de la Peña,0.0,0.0,0.0,2020-10-01
2020,11,3120011,Zona Arqueológica de Castillo de Teayo con museo de sitio,0.0,0.0,0.0,2020-11-01
2020,11,3120012,Zona Arqueológica de Cempoala con museo de sitio,0.0,0.0,0.0,2020-11-01
2020,11,3120024,Zona Arqueológica de Cuajilote,0.0,0.0,0.0,2020-11-01
2020,11,3220012,Zona Arqueológica de Cuauhtochco,0.0,0.0,0.0,2020-11-01
2020,11,3120030,Zona Arqueológica de Cuyuxquihui,0.0,0.0,0.0,2020-11-01
2020,11,3110016,Zona Arqueológica de El Tajín,0.0,0.0,0.0,2020-11-01
2020,11,3120068,Zona Arqueológica de Las Higueras con museo de sitio,0.0,0.0,0.0,2020-11-01
2020,11,3220014,Zona Arqueológica de Las Limas,0.0,0.0,0.0,2020-11-01
2020,11,3120088,Zona Arqueológica de Quiahuitztlán,0.0,0.0,0.0,2020-11-01
2020,11,3120093,Zona Arqueológica de San Lorenzo Tenochtitlan con museo de sitio,0.0,0.0,0.0,2020-11-01
2020,11,3120123,Zona Arqueológica de Vega de la Peña,0.0,0.0,0.0,2020-11-01
2020,12,3120011,Zona Arqueológica de Castillo de Teayo con museo de sitio,0.0,0.0,0.0,2020-12-01
2020,12,3120012,Zona Arqueológica de Cempoala con museo de sitio,0.0,0.0,0.0,2020-12-01
2020,12,3120024,Zona Arqueológica de Cuajilote,0.0,0.0,0.0,2020-12-01
2020,12,3220012,Zona Arqueológica de Cuauhtochco,0.0,0.0,0.0,2020-12-01
2020,12,3120030,Zona Arqueológica de Cuyuxquihui,0.0,0.0,0.0,2020-12-01
2020,12,3110016,Zona Arqueológica de El Tajín,0.0,0.0,0.0,2020-12-01
2020,12,3120068,Zona Arqueológica de Las Higueras con museo de sitio,0.0,0.0,0.0,2020-12-01
2020,12,3220014,Zona Arqueológica de Las Limas,0.0,0.0,0.0,2020-12-01
2020,12,3120088,Zona Arqueológica de Quiahuitztlán,0.0,0.0,0.0,2020-12-01
2020,12,3120093,Zona Arqueológica de San Lorenzo Tenochtitlan con museo de sitio,0.0,0.0,0.0,2020-12-01
2020,12,3120123,Zona Arqueológica de Vega de la Peña,0.0,0.0,0.0,2020-12-01
2021,1,3120011,Zona Arqueológica de Castillo de Teayo con museo de sitio,0.0,0.0,0.0,2021-01-01
2021,1,3120012,Zona Arqueológica de Cempoala con museo de sitio,0.0,0.0,0.0,2021-01-01
2021,1,3120024,Zona Arqueológica de Cuajilote,0.0,0.0,0.0,2021-01-01
2021,1,3220012,Zona Arqueológica de Cuauhtochco,0.0,0.0,0.0,2021-01-01
2021,1,3120030,Zona Arqueológica de Cuyuxquihui,0.0,0.0,0.0,2021-01-01
2021,1,3110016,Zona Arqueológica de El Tajín,0.0,0.0,0.0,2021-01-01
2021,1,3120068,Zona Arqueológica de Las Higueras con museo de sitio,0.0,0.0,0.0,2021-01-01
2021,1,3220014,Zona Arqueológica de Las Limas,0.0,0.0,0.0,2021-01-01
2021,1,3120088,Zona Arqueológica de Quiahuitztlán,0.0,0.0,0.0,2021-01-01
2021,1,3120093,Zona Arqueológica de San Lorenzo Tenochtitlan con museo de sitio,0.0,0.0,0.0,2021-01-01
2021,1,3120123,Zona Arqueológica de Vega de la Peña,0.0,0.0,0.0,2021-01-01
2021,2,3120011,Zona Arqueológica de Castillo de Teayo con museo de sitio,0.0,0.0,0.0,2021-02-01
2021,2,3120012,Zona Arqueológica de Cempoala con museo de sitio,0.0,0.0,0.0,2021-02-01
2021,2,3120024,Zona Arqueológica de Cuajilote,0.0,0.0,0.0,2021-02-01
2021,2,3220012,Zona Arqueológica de Cuauhtochco,0.0,0.0,0.0,2021-02-01
2021,2,3120030,Zona Arqueológica de Cuyuxquihui,0.0,0.0,0.0,2021-02-01
2021,2,3110016,Zona Arqueológica de El Tajín,0.0,0.0,0.0,2021-02-01
2021,2,3120068,Zona Arqueológica de Las Higueras con museo de sitio,0.0,0.0,0.0,2021-02-01
2021,2,3220014,Zona Arqueológica de Las Limas,0.0,0.0,0.0,2021-02-01
2021,2,3120088,Zona Arqueológica de Quiahuitztlán,0.0,0.0,0.0,2021-02-01
2021,2,3120093,Zona Arqueológica de San Lorenzo Tenochtitlan con museo de sitio,0.0,0.0,0.0,2021-02-01
2021,2,3120123,Zona Arqueológica de Vega de la Peña,0.0,0.0,0.0,2021-02-01
2021,3,3120011,Zona Arqueológica de Castillo de Teayo con museo de sitio,0.0,0.0,0.0,2021-03-01
2021,3,3120012,Zona Arqueológica de Cempoala con museo de sitio,0.0,0.0,0.0,2021-03-01
2021,3,3120024,Zona Arqueológica de Cuajilote,0.0,0.0,0.0,2021-03-01
2021,3,3220012,Zona Arqueológica de Cuauhtochco,0.0,0.0,0.0,2021-03-01
2021,3,3120030,Zona Arqueológica de Cuyuxquihui,0.0,0.0,0.0,2021-03-01
2021,3,3110016,Zona Arqueológica de El Tajín,0.0,0.0,0.0,2021-03-01
2021,3,3120068,Zona Arqueológica de Las Higueras con museo de sitio,0.0,0.0,0.0,2021-03-01
2021,3,3220014,Zona Arqueológica de Las Limas,0.0,0.0,0.0,2021-03-01
2021,3,3120088,Zona Arqueológica de Quiahuitztlán,0.0,0.0,0.0,2021-03-01
2021,3,3120093,Zona Arqueológica de San Lorenzo Tenochtitlan con museo de sitio,0.0,0.0,0.0,2021-03-01
2021,3,3120123,Zona Arqueológica de Vega de la Peña,0.0,0.0,0.0,2021-03-01
2021,4,3120011,Zona Arqueológica de Castillo de Teayo con museo de sitio,0.0,0.0,0.0,2021-04-01
2021,4,3120012,Zona Arqueológica de Cempoala con museo de sitio,0.0,0.0,0.0,2021-04-01
2021,4,3120024,Zona Arqueológica de Cuajilote,0.0,0.0,0.0,2021-04-01
2021,4,3220012,Zona Arqueológica de Cuauhtochco,0.0,0.0,0.0,2021-04-01
2021,4,3120030,Zona Arqueológica de Cuyuxquihui,0.0,0.0,0.0,2021-04-01
2021,4,3110016,Zona Arqueológica de El Tajín,0.0,0.0,0.0,2021-04-01
2021,4,3120068,Zona Arqueológica de Las Higueras con museo de sitio,0.0,0.0,0.0,2021-04-01
2021,4,3220014,Zona Arqueológica de Las Limas,0.0,0.0,0.0,2021-04-01
2021,4,3120088,Zona Arqueológica de Quiahuitztlán,0.0,0.0,0.0,2021-04-01
2021,4,3120093,Zona Arqueológica de San Lorenzo Tenochtitlan con museo de sitio,0.0,0.0,0.0,2021-04-01
2021,4,3120123,Zona Arqueológica de Vega de la Peña,0.0,0.0,0.0,2021-04-01
2021,5,3120011,Zona Arqueológica de Castillo de Teayo con museo de sitio,0.0,0.0,0.0,2021-05-01
2021,5,3120012,Zona Arqueológica de Cempoala con museo de sitio,0.0,0.0,0.0,2021-05-01
2021,5,3120024,Zona Arqueológica de Cuajilote,0.0,0.0,0.0,2021-05-01
2021,5,3220012,Zona Arqueológica de Cuauhtochco,0.0,0.0,0.0,2021-05-01
2021,5,3120030,Zona Arqueológica de Cuyuxquihui,0.0,0.0,0.0,2021-05-01
2021,5,3110016,Zona Arqueológica de El Tajín,0.0,0.0,0.0,2021-05-01
2021,5,3120068,Zona Arqueológica de Las Higueras con museo de sitio,0.0,0.0,0.0,2021-05-01
2021,5,3220014,Zona Arqueológica de Las Limas,0.0,0.0,0.0,2021-05-01
2021,5,3120088,Zona Arqueológica de Quiahuitztlán,0.0,0.0,0.0,2021-05-01
2021,5,3120093,Zona Arqueológica de San Lorenzo Tenochtitlan con museo de sitio,0.0,0.0,0.0,2021-05-01
2021,5,3120123,Zona Arqueológica de Vega de la Peña,0.0,0.0,0.0,2021-05-01
2021,6,3120011,Zona Arqueológica de Castillo de Teayo con museo de sitio,0.0,0.0,0.0,2021-06-01
2021,6,3120012,Zona Arqueológica de Cempoala con museo de sitio,0.0,0.0,0.0,2021-06-01
2021,6,3120024,Zona Arqueológica de Cuajilote,0.0,0.0,0.0,2021-06-01
2021,6,3220012,Zona Arqueológica de Cuauhtochco,0.0,0.0,0.0,2021-06-01
2021,6,3120030,Zona Arqueológica de Cuyuxquihui,0.0,0.0,0.0,2021-06-01
2021,6,3110016,Zona Arqueológica de El Tajín,0.0,0.0,0.0,2021-06-01
2021,6,3120068,Zona Arqueológica de Las Higueras con museo de sitio,0.0,0.0,0.0,2021-06-01
2021,6,3220014,Zona Arqueológica de Las Limas,0.0,0.0,0.0,2021-06-01
2021,6,3120088,Zona Arqueológica de Quiahuitztlán,0.0,0.0,0.0,2021-06-01
2021,6,3120093,Zona Arqueológica de San Lorenzo Tenochtitlan con museo de sitio,0.0,0.0,0.0,2021-06-01
2021,6,3120123,Zona Arqueológica de Vega de la Peña,0.0,0.0,0.0,2021-06-01
2021,7,3120011,Zona Arqueológica de Castillo de Teayo con museo de sitio,0.0,0.0,0.0,2021-07-01
2021,7,3120012,Zona Arqueológica de Cempoala con museo de sitio,0.0,0.0,0.0,2021-07-01
2021,7,3120024,Zona Arqueológica de Cuajilote,0.0,0.0,0.0,2021-07-01
2021,7,3220012,Zona Arqueológica de Cuauhtochco,0.0,0.0,0.0,2021-07-01
2021,7,3120030,Zona Arqueológica de Cuyuxquihui,0.0,0.0,0.0,2021-07-01
2021,7,3110016,Zona Arqueológica de El Tajín,0.0,0.0,0.0,2021-07-01
2021,7,3120068,Zona Arqueológica de Las Higueras con museo de sitio,0.0,0.0,0.0,2021-07-01
2021,7,3220014,Zona Arqueológica de Las Limas,0.0,0.0,0.0,2021-07-01
2021,7,3120088,Zona Arqueológica de Quiahuitztlán,0.0,0.0,0.0,2021-07-01
2021,7,3120093,Zona Arqueológica de San Lorenzo Tenochtitlan con museo de sitio,0.0,0.0,0.0,2021-07-01
2021,7,3120123,Zona Arqueológica de Vega de la Peña,0.0,0.0,0.0,2021-07-01
2021,8,3120011,Zona Arqueológica de Castillo de Teayo con museo de sitio,0.0,0.0,0.0,2021-08-01
2021,8,3120012,Zona Arqueológica de Cempoala con museo de sitio,0.0,0.0,0.0,2021-08-01
2021,8,3120024,Zona Arqueológica de Cuajilote,0.0,0.0,0.0,2021-08-01
2021,8,3220012,Zona Arqueológica de Cuauhtochco,0.0,0.0,0.0,2021-08-01
2021,8,3120030,Zona Arqueológica de Cuyuxquihui,0.0,0.0,0.0,2021-08-01
2021,8,3110016,Zona Arqueológica de El Tajín,0.0,0.0,0.0,2021-08-01
2021,8,3120068,Zona Arqueológica de Las Higueras con museo de sitio,0.0,0.0,0.0,2021-08-01
2021,8,3220014,Zona Arqueológica de Las Limas,0.0,0.0,0.0,2021-08-01
2021,8,3120088,Zona Arqueológica de Quiahuitztlán,0.0,0.0,0.0,2021-08-01
2021,8,3120093,Zona Arqueológica de San Lorenzo Tenochtitlan con museo de sitio,0.0,0.0,0.0,2021-08-01
2021,8,3120123,Zona Arqueológica de Vega de la Peña,0.0,0.0,0.0,2021-08-01
2021,9,3120011,Zona Arqueológica de Castillo de Teayo con museo de sitio,0.0,0.0,0.0,2021-09-01
2021,9,3120012,Zona Arqueológica de Cempoala con museo de sitio,0.0,0.0,0.0,2021-09-01
2021,9,3120024,Zona Arqueológica de Cuajilote,0.0,0.0,0.0,2021-09-01
2021,9,3220012,Zona Arqueológica de Cuauhtochco,0.0,0.0,0.0,2021-09-01
2021,9,3120030,Zona Arqueológica de Cuyuxquihui,0.0,0.0,0.0,2021-09-01
2021,9,3110016,Zona Arqueológica de El Tajín,0.0,0.0,0.0,2021-09-01
2021,9,3120068,Zona Arqueológica de Las Higueras con museo de sitio,0.0,0.0,0.0,2021-09-01
2021,9,3220014,Zona Arqueológica de Las Limas,0.0,0.0,0.0,2021-09-01
2021,9,3120088,Zona Arqueológica de Quiahuitztlán,0.0,0.0,0.0,2021-09-01
2021,9,3120093,Zona Arqueológica de San Lorenzo Tenochtitlan con museo de sitio,0.0,0.0,0.0,2021-09-01
2021,9,3120123,Zona Arqueológica de Vega de la Peña,0.0,0.0,0.0,2021-09-01
2021,10,3120011,Zona Arqueológica de Castillo de Teayo con museo de sitio,0.0,0.0,0.0,2021-10-01
2021,10,3120012,Zona Arqueológica de Cempoala con museo de sitio,0.0,0.0,0.0,2021-10-01
2021,10,3120024,Zona Arqueológica de Cuajilote,0.0,0.0,0.0,2021-10-01
2021,10,3220012,Zona Arqueológica de Cuauhtochco,0.0,0.0,0.0,2021-10-01
2021,10,3120030,Zona Arqueológica de Cuyuxquihui,0.0,0.0,0.0,2021-10-01
2021,10,3110016,Zona Arqueológica de El Tajín,0.0,0.0,0.0,2021-10-01
2021,10,3120068,Zona Arqueológica de Las Higueras con museo de sitio,0.0,0.0,0.0,2021-10-01
2021,10,3220014,Zona Arqueológica de Las Limas,0.0,0.0,0.0,2021-10-01
2021,10,3120088,Zona Arqueológica de Quiahuitztlán,0.0,0.0,0.0,2021-10-01
2021,10,3120093,Zona Arqueológica de San Lorenzo Tenochtitlan con museo de sitio,0.0,0.0,0.0,2021-10-01
2021,10,3120123,Zona Arqueológica de Vega de la Peña,0.0,0.0,0.0,2021-10-01
2021,11,3120011,Zona Arqueológica de Castillo de Teayo con museo de sitio,0.0,0.0,0.0,2021-11-01
2021,11,3120012,Zona Arqueológica de Cempoala con museo de sitio,0.0,0.0,0.0,2021-11-01
2021,11,3120024,Zona Arqueológica de Cuajilote,0.0,0.0,0.0,2021-11-01
2021,11,3220012,Zona Arqueológica de Cuauhtochco,0.0,0.0,0.0,2021-11-01
2021,11,3120030,Zona Arqueológica de Cuyuxquihui,0.0,0.0,0.0,2021-11-01
2021,11,3110016,Zona Arqueológica de El Tajín,0.0,0.0,0.0,2021-11-01
2021,11,3120068,Zona Arqueológica de Las Higueras con museo de sitio,0.0,0.0,0.0,2021-11-01
2021,11,3220014,Zona Arqueológica de Las Limas,0.0,0.0,0.0,2021-11-01
2021,11,3120088,Zona Arqueológica de Quiahuitztlán,0.0,0.0,0.0,2021-11-01
2021,11,3120093,Zona Arqueológica de San Lorenzo Tenochtitlan con museo de sitio,0.0,0.0,0.0,2021-11-01
2021,11,3120123,Zona Arqueológica de Vega de la Peña,0.0,0.0,0.0,2021-11-01
2021,12,3120011,Zona Arqueológica de Castillo de Teayo con museo de sitio,0.0,0.0,0.0,2021-12-01
2021,12,3120012,Zona Arqueológica de Cempoala con museo de sitio,1442.0,103.0,1545.0,2021-12-01
2021,12,3120024,Zona Arqueológica de Cuajilote,66.0,0.0,66.0,2021-12-01
2021,12,3220012,Zona Arqueológica de Cuauhtochco,0.0,0.0,0.0,2021-12-01
2021,12,3120030,Zona Arqueológica de Cuyuxquihui,0.0,0.0,0.0,2021-12-01
2021,12,3110016,Zona Arqueológica de El Tajín,0.0,0.0,0.0,2021-12-01
2021,12,3120068,Zona Arqueológica de Las Higueras con museo de sitio,0.0,0.0,0.0,2021-12-01
2021,12,3220014,Zona Arqueológica de Las Limas,0.0,0.0,0.0,2021-12-01
2021,12,3120088,Zona Arqueológica de Quiahuitztlán,589.0,0.0,589.0,2021-12-01
2021,12,3120093,Zona Arqueológica de San Lorenzo Tenochtitlan con museo de sitio,0.0,0.0,0.0,2021-12-01
2021,12,3120123,Zona Arqueológica de Vega de la Peña,0.0,0.0,0.0,2021-12-01
2022,1,3120011,Zona Arqueológica de Castillo de Teayo con museo de sitio,0.0,0.0,0.0,2022-01-01
2022,1,3120012,Zona Arqueológica de Cempoala con museo de sitio,1026.0,78.0,1104.0,2022-01-01
2022,1,3120024,Zona Arqueológica de Cuajilote,87.0,0.0,87.0,2022-01-01
2022,1,3220012,Zona Arqueológica de Cuauhtochco,0.0,0.0,0.0,2022-01-01
2022,1,3120030,Zona Arqueológica de Cuyuxquihui,0.0,0.0,0.0,2022-01-01
2022,1,3110016,Zona Arqueológica de El Tajín,0.0,0.0,0.0,2022-01-01
2022,1,3120068,Zona Arqueológica de Las Higueras con museo de sitio,0.0,0.0,0.0,2022-01-01
2022,1,3220014,Zona Arqueológica de Las Limas,0.0,0.0,0.0,2022-01-01
2022,1,3120088,Zona Arqueológica de Quiahuitztlán,534.0,15.0,549.0,2022-01-01
2022,1,3120093,Zona Arqueológica de San Lorenzo Tenochtitlan con museo de sitio,0.0,0.0,0.0,2022-01-01
2022,1,3120123,Zona Arqueológica de Vega de la Peña,0.0,0.0,0.0,2022-01-01
2022,2,3120011,Zona Arqueológica de Castillo de Teayo con museo de sitio,0.0,0.0,0.0,2022-02-01
2022,2,3120012,Zona Arqueológica de Cempoala con museo de sitio,1042.0,70.0,1112.0,2022-02-01
2022,2,3120024,Zona Arqueológica de Cuajilote,66.0,0.0,66.0,2022-02-01
2022,2,3220012,Zona Arqueológica de Cuauhtochco,0.0,0.0,0.0,2022-02-01
2022,2,3120030,Zona Arqueológica de Cuyuxquihui,80.0,0.0,80.0,2022-02-01
2022,2,3110016,Zona Arqueológica de El Tajín,3513.0,118.0,3631.0,2022-02-01
2022,2,3120068,Zona Arqueológica de Las Higueras con museo de sitio,0.0,0.0,0.0,2022-02-01
2022,2,3220014,Zona Arqueológica de Las Limas,0.0,0.0,0.0,2022-02-01
2022,2,3120088,Zona Arqueológica de Quiahuitztlán,444.0,15.0,459.0,2022-02-01
2022,2,3120093,Zona Arqueológica de San Lorenzo Tenochtitlan con museo de sitio,0.0,0.0,0.0,2022-02-01
2022,2,3120123,Zona Arqueológica de Vega de la Peña,0.0,0.0,0.0,2022-02-01
2022,3,3120011,Zona Arqueológica de Castillo de Teayo con museo de sitio,0.0,0.0,0.0,2022-03-01
2022,3,3120012,Zona Arqueológica de Cempoala con museo de sitio,2637.0,68.0,2705.0,2022-03-01
2022,3,3120024,Zona Arqueológica de Cuajilote,116.0,0.0,116.0,2022-03-01
2022,3,3220012,Zona Arqueológica de Cuauhtochco,0.0,0.0,0.0,2022-03-01
2022,3,3120030,Zona Arqueológica de Cuyuxquihui,160.0,2.0,162.0,2022-03-01
2022,3,3110016,Zona Arqueológica de El Tajín,24469.0,169.0,24638.0,2022-03-01
2022,3,3120068,Zona Arqueológica de Las Higueras con museo de sitio,0.0,0.0,0.0,2022-03-01
2022,3,3220014,Zona Arqueológica de Las Limas,0.0,0.0,0.0,2022-03-01
2022,3,3120088,Zona Arqueológica de Quiahuitztlán,1347.0,19.0,1366.0,2022-03-01
2022,3,3120093,Zona Arqueológica de San Lorenzo Tenochtitlan con museo de sitio,0.0,0.0,0.0,2022-03-01
2022,3,3120123,Zona Arqueológica de Vega de la Peña,53.0,0.0,53.0,2022-03-01
2022,4,3120011,Zona Arqueológica de Castillo de Teayo con museo de sitio,303.0,0.0,303.0,2022-04-01
2022,4,3120012,Zona Arqueológica de Cempoala con museo de sitio,4150.0,47.0,4197.0,2022-04-01
2022,4,3120024,Zona Arqueológica de Cuajilote,680.0,0.0,680.0,2022-04-01
2022,4,3220012,Zona Arqueológica de Cuauhtochco,0.0,0.0,0.0,2022-04-01
2022,4,3120030,Zona Arqueológica de Cuyuxquihui,345.0,0.0,345.0,2022-04-01
2022,4,3110016,Zona Arqueológica de El Tajín,59421.0,218.0,59639.0,2022-04-01
2022,4,3120068,Zona Arqueológica de Las Higueras con museo de sitio,63.0,0.0,63.0,2022-04-01
2022,4,3220014,Zona Arqueológica de Las Limas,30.0,0.0,30.0,2022-04-01
2022,4,3120088,Zona Arqueológica de Quiahuitztlán,2983.0,27.0,3010.0,2022-04-01
2022,4,3120093,Zona Arqueológica de San Lorenzo Tenochtitlan con museo de sitio,976.0,0.0,976.0,2022-04-01
2022,4,3120123,Zona Arqueológica de Vega de la Peña,40.0,0.0,40.0,2022-04-01
2022,5,3120011,Zona Arqueológica de Castillo de Teayo con museo de sitio,27.0,0.0,27.0,2022-05-01
2022,5,3120012,Zona Arqueológica de Cempoala con museo de sitio,2102.0,29.0,2131.0,2022-05-01
2022,5,3120024,Zona Arqueológica de Cuajilote,227.0,0.0,227.0,2022-05-01
2022,5,3220012,Zona Arqueológica de Cuauhtochco,0.0,0.0,0.0,2022-05-01
2022,5,3120030,Zona Arqueológica de Cuyuxquihui,108.0,0.0,108.0,2022-05-01
2022,5,3110016,Zona Arqueológica de El Tajín,26692.0,183.0,26875.0,2022-05-01
2022,5,3120068,Zona Arqueológica de Las Higueras con museo de sitio,21.0,0.0,21.0,2022-05-01
2022,5,3220014,Zona Arqueológica de Las Limas,9.0,0.0,9.0,2022-05-01
2022,5,3120088,Zona Arqueológica de Quiahuitztlán,1707.0,15.0,1722.0,2022-05-01
2022,5,3120093,Zona Arqueológica de San Lorenzo Tenochtitlan con museo de sitio,353.0,0.0,353.0,2022-05-01
2022,5,3120123,Zona Arqueológica de Vega de la Peña,31.0,0.0,31.0,2022-05-01
2022,6,3120011,Zona Arqueológica de Castillo de Teayo con museo de sitio,109.0,0.0,109.0,2022-06-01
2022,6,3120012,Zona Arqueológica de Cempoala con museo de sitio,2805.0,68.0,2873.0,2022-06-01
2022,6,3120024,Zona Arqueológica de Cuajilote,275.0,0.0,275.0,2022-06-01
2022,6,3220012,Zona Arqueológica de Cuauhtochco,0.0,0.0,0.0,2022-06-01
2022,6,3120030,Zona Arqueológica de Cuyuxquihui,111.0,0.0,111.0,2022-06-01
2022,6,3110016,Zona Arqueológica de El Tajín,24112.0,185.0,24297.0,2022-06-01
2022,6,3120068,Zona Arqueológica de Las Higueras con museo de sitio,44.0,0.0,44.0,2022-06-01
2022,6,3220014,Zona Arqueológica de Las Limas,20.0,0.0,20.0,2022-06-01
2022,6,3120088,Zona Arqueológica de Quiahuitztlán,1390.0,7.0,1397.0,2022-06-01
2022,6,3120093,Zona Arqueológica de San Lorenzo Tenochtitlan con museo de sitio,328.0,0.0,328.0,2022-06-01
2022,6,3120123,Zona Arqueológica de Vega de la Peña,19.0,0.0,19.0,2022-06-01
2022,7,3120011,Zona Arqueológica de Castillo de Teayo con museo de sitio,191.0,0.0,191.0,2022-07-01
2022,7,3120012,Zona Arqueológica de Cempoala con museo de sitio,3065.0,69.0,3134.0,2022-07-01
2022,7,3120024,Zona Arqueológica de Cuajilote,224.0,0.0,224.0,2022-07-01
2022,7,3220012,Zona Arqueológica de Cuauhtochco,0.0,0.0,0.0,2022-07-01
2022,7,3120030,Zona Arqueológica de Cuyuxquihui,130.0,0.0,130.0,2022-07-01
2022,7,3110016,Zona Arqueológica de El Tajín,31358.0,285.0,31643.0,2022-07-01
2022,7,3120068,Zona Arqueológica de Las Higueras con museo de sitio,43.0,0.0,43.0,2022-07-01
2022,7,3220014,Zona Arqueológica de Las Limas,17.0,0.0,17.0,2022-07-01
2022,7,3120088,Zona Arqueológica de Quiahuitztlán,2065.0,37.0,2102.0,2022-07-01
2022,7,3120093,Zona Arqueológica de San Lorenzo Tenochtitlan con museo de sitio,197.0,0.0,197.0,2022-07-01
2022,7,3120123,Zona Arqueológica de Vega de la Peña,25.0,0.0,25.0,2022-07-01
2022,8,3120011,Zona Arqueológica de Castillo de Teayo con museo de sitio,80.0,0.0,80.0,2022-08-01
2022,8,3120012,Zona Arqueológica de Cempoala con museo de sitio,3725.0,108.0,3833.0,2022-08-01
2022,8,3120024,Zona Arqueológica de Cuajilote,311.0,4.0,315.0,2022-08-01
2022,8,3220012,Zona Arqueológica de Cuauhtochco,0.0,0.0,0.0,2022-08-01
2022,8,3120030,Zona Arqueológica de Cuyuxquihui,105.0,0.0,105.0,2022-08-01
2022,8,3110016,Zona Arqueológica de El Tajín,45314.0,294.0,45608.0,2022-08-01
2022,8,3120068,Zona Arqueológica de Las Higueras con museo de sitio,53.0,0.0,53.0,2022-08-01
2022,8,3220014,Zona Arqueológica de Las Limas,17.0,0.0,17.0,2022-08-01
2022,8,3120088,Zona Arqueológica de Quiahuitztlán,2370.0,36.0,2406.0,2022-08-01
2022,8,3120093,Zona Arqueológica de San Lorenzo Tenochtitlan con museo de sitio,352.0,0.0,352.0,2022-08-01
2022,8,3120123,Zona Arqueológica de Vega de la Peña,54.0,0.0,54.0,2022-08-01
2022,9,3120011,Zona Arqueológica de Castillo de Teayo con museo de sitio,58.0,0.0,58.0,2022-09-01
2022,9,3120012,Zona Arqueológica de Cempoala con museo de sitio,1717.0,27.0,1744.0,2022-09-01
2022,9,3120024,Zona Arqueológica de Cuajilote,237.0,0.0,237.0,2022-09-01
2022,9,3220012,Zona Arqueológica de Cuauhtochco,0.0,0.0,0.0,2022-09-01
2022,9,3120030,Zona Arqueológica de Cuyuxquihui,88.0,0.0,88.0,2022-09-01
2022,9,3110016,Zona Arqueológica de El Tajín,19860.0,148.0,20008.0,2022-09-01
2022,9,3120068,Zona Arqueológica de Las Higueras con museo de sitio,95.0,0.0,95.0,2022-09-01
2022,9,3220014,Zona Arqueológica de Las Limas,15.0,0.0,15.0,2022-09-01
2022,9,3120088,Zona Arqueológica de Quiahuitztlán,1234.0,37.0,1271.0,2022-09-01
2022,9,3120093,Zona Arqueológica de San Lorenzo Tenochtitlan con museo de sitio,251.0,0.0,251.0,2022-09-01
2022,9,3120123,Zona Arqueológica de Vega de la Peña,55.0,0.0,55.0,2022-09-01
2022,10,3120011,Zona Arqueológica de Castillo de Teayo con museo de sitio,85.0,0.0,85.0,2022-10-01
2022,10,3120012,Zona Arqueológica de Cempoala con museo de sitio,1599.0,57.0,1656.0,2022-10-01
2022,10,3120024,Zona Arqueológica de Cuajilote,218.0,0.0,218.0,2022-10-01
2022,10,3220012,Zona Arqueológica de Cuauhtochco,0.0,0.0,0.0,2022-10-01
2022,10,3120030,Zona Arqueológica de Cuyuxquihui,64.0,0.0,64.0,2022-10-01
2022,10,3110016,Zona Arqueológica de El Tajín,14149.0,218.0,14367.0,2022-10-01
2022,10,3120068,Zona Arqueológica de Las Higueras con museo de sitio,82.0,0.0,82.0,2022-10-01
2022,10,3220014,Zona Arqueológica de Las Limas,15.0,0.0,15.0,2022-10-01
2022,10,3120088,Zona Arqueológica de Quiahuitztlán,1271.0,65.0,1336.0,2022-10-01
2022,10,3120093,Zona Arqueológica de San Lorenzo Tenochtitlan con museo de sitio,185.0,0.0,185.0,2022-10-01
2022,10,3120123,Zona Arqueológica de Vega de la Peña,36.0,0.0,36.0,2022-10-01
2022,11,3120011,Zona Arqueológica de Castillo de Teayo con museo de sitio,1142.0,0.0,1142.0,2022-11-01
2022,11,3120012,Zona Arqueológica de Cempoala con museo de sitio,2431.0,81.0,2512.0,2022-11-01
2022,11,3120024,Zona Arqueológica de Cuajilote,209.0,0.0,209.0,2022-11-01
2022,11,3220012,Zona Arqueológica de Cuauhtochco,0.0,0.0,0.0,2022-11-01
2022,11,3120030,Zona Arqueológica de Cuyuxquihui,57.0,0.0,57.0,2022-11-01
2022,11,3110016,Zona Arqueológica de El Tajín,19861.0,424.0,20285.0,2022-11-01
2022,11,3120068,Zona Arqueológica de Las Higueras con museo de sitio,99.0,0.0,99.0,2022-11-01
2022,11,3220014,Zona Arqueológica de Las Limas,26.0,0.0,26.0,2022-11-01
2022,11,3120088,Zona Arqueológica de Quiahuitztlán,1888.0,45.0,1933.0,2022-11-01
2022,11,3120093,Zona Arqueológica de San Lorenzo Tenochtitlan con museo de sitio,265.0,0.0,265.0,2022-11-01
2022,11,3120123,Zona Arqueológica de Vega de la Peña,30.0,0.0,30.0,2022-11-01
2022,12,3120011,Zona Arqueológica de Castillo de Teayo con museo de sitio,74.0,0.0,74.0,2022-12-01
2022,12,3120012,Zona Arqueológica de Cempoala con museo de sitio,2597.0,67.0,2664.0,2022-12-01
2022,12,3120024,Zona Arqueológica de Cuajilote,219.0,4.0,223.0,2022-12-01
2022,12,3220012,Zona Arqueológica de Cuauhtochco,0.0,0.0,0.0,2022-12-01
2022,12,3120030,Zona Arqueológica de Cuyuxquihui,84.0,0.0,84.0,2022-12-01
2022,12,3110016,Zona Arqueológica de El Tajín,19079.0,210.0,19289.0,2022-12-01
2022,12,3120068,Zona Arqueológica de Las Higueras con museo de sitio,94.0,0.0,94.0,2022-12-01
2022,12,3220014,Zona Arqueológica de Las Limas,87.0,0.0,87.0,2022-12-01
2022,12,3120088,Zona Arqueológica de Quiahuitztlán,2005.0,23.0,2028.0,2022-12-01
2022,12,3120093,Zona Arqueológica de San Lorenzo Tenochtitlan con museo de sitio,249.0,0.0,249.0,2022-12-01
2022,12,3120123,Zona Arqueológica de Vega de la Peña,33.0,0.0,33.0,2022-12-01
2023,1,3120011,Zona Arqueológica de Castillo de Teayo con museo de sitio,139.0,0.0,139.0,2023-01-01
2023,1,3120012,Zona Arqueológica de Cempoala con museo de sitio,4229.0,130.0,4359.0,2023-01-01
2023,1,3120024,Zona Arqueológica de Cuajilote,281.0,0.0,281.0,2023-01-01
2023,1,3220012,Zona Arqueológica de Cuauhtochco,0.0,0.0,0.0,2023-01-01
2023,1,3120030,Zona Arqueológica de Cuyuxquihui,155.0,0.0,155.0,2023-01-01
2023,1,3110016,Zona Arqueológica de El Tajín,24010.0,294.0,24304.0,2023-01-01
2023,1,3120068,Zona Arqueológica de Las Higueras con museo de sitio,104.0,0.0,104.0,2023-01-01
2023,1,3220014,Zona Arqueológica de Las Limas,24.0,0.0,24.0,2023-01-01
2023,1,3120088,Zona Arqueológica de Quiahuitztlán,2097.0,46.0,2143.0,2023-01-01
2023,1,3120093,Zona Arqueológica de San Lorenzo Tenochtitlan con museo de sitio,183.0,0.0,183.0,2023-01-01
2023,1,3120123,Zona Arqueológica de Vega de la Peña,0.0,0.0,0.0,2023-01-01
2023,2,3120011,Zona Arqueológica de Castillo de Teayo con museo de sitio,109.0,0.0,109.0,2023-02-01
2023,2,3120012,Zona Arqueológica de Cempoala con museo de sitio,2226.0,139.0,2365.0,2023-02-01
2023,2,3120024,Zona Arqueológica de Cuajilote,222.0,6.0,228.0,2023-02-01
2023,2,3220012,Zona Arqueológica de Cuauhtochco,0.0,0.0,0.0,2023-02-01
2023,2,3120030,Zona Arqueológica de Cuyuxquihui,160.0,0.0,160.0,2023-02-01
2023,2,3110016,Zona Arqueológica de El Tajín,21435.0,272.0,21707.0,2023-02-01
2023,2,3120068,Zona Arqueológica de Las Higueras con museo de sitio,118.0,0.0,118.0,2023-02-01
2023,2,3220014,Zona Arqueológica de Las Limas,79.0,0.0,79.0,2023-02-01
2023,2,3120088,Zona Arqueológica de Quiahuitztlán,2015.0,37.0,2052.0,2023-02-01
2023,2,3120093,Zona Arqueológica de San Lorenzo Tenochtitlan con museo de sitio,245.0,0.0,245.0,2023-02-01
2023,2,3120123,Zona Arqueológica de Vega de la Peña,0.0,0.0,0.0,2023-02-01
2023,3,3120011,Zona Arqueológica de Castillo de Teayo con museo de sitio,686.0,0.0,686.0,2023-03-01
2023,3,3120012,Zona Arqueológica de Cempoala con museo de sitio,4325.0,70.0,4395.0,2023-03-01
2023,3,3120024,Zona Arqueológica de Cuajilote,399.0,0.0,399.0,2023-03-01
2023,3,3220012,Zona Arqueológica de Cuauhtochco,0.0,0.0,0.0,2023-03-01
2023,3,3120030,Zona Arqueológica de Cuyuxquihui,70.0,0.0,70.0,2023-03-01
2023,3,3110016,Zona Arqueológica de El Tajín,36693.0,316.0,37009.0,2023-03-01
2023,3,3120068,Zona Arqueológica de Las Higueras con museo de sitio,95.0,0.0,95.0,2023-03-01
2023,3,3220014,Zona Arqueológica de Las Limas,25.0,0.0,25.0,2023-03-01
2023,3,3120088,Zona Arqueológica de Quiahuitztlán,2519.0,48.0,2567.0,2023-03-01
2023,3,3120093,Zona Arqueológica de San Lorenzo Tenochtitlan con museo de sitio,346.0,0.0,346.0,2023-03-01
2023,3,3120123,Zona Arqueológica de Vega de la Peña,45.0,0.0,45.0,2023-03-01
2023,4,3120011,Zona Arqueológica de Castillo de Teayo con museo de sitio,128.0,0.0,128.0,2023-04-01
2023,4,3120012,Zona Arqueológica de Cempoala con museo de sitio,5471.0,52.0,5523.0,2023-04-01
2023,4,3120024,Zona Arqueológica de Cuajilote,344.0,0.0,344.0,2023-04-01
2023,4,3220012,Zona Arqueológica de Cuauhtochco,0.0,0.0,0.0,2023-04-01
2023,4,3120030,Zona Arqueológica de Cuyuxquihui,130.0,0.0,130.0,2023-04-01
2023,4,3110016,Zona Arqueológica de El Tajín,56496.0,199.0,56695.0,2023-04-01
2023,4,3120068,Zona Arqueológica de Las Higueras con museo de sitio,104.0,0.0,104.0,2023-04-01
2023,4,3220014,Zona Arqueológica de Las Limas,40.0,0.0,40.0,2023-04-01
2023,4,3120088,Zona Arqueológica de Quiahuitztlán,5338.0,31.0,5369.0,2023-04-01
2023,4,3120093,Zona Arqueológica de San Lorenzo Tenochtitlan con museo de sitio,916.0,0.0,916.0,2023-04-01
2023,4,3120123,Zona Arqueológica de Vega de la Peña,33.0,2.0,35.0,2023-04-01
2023,5,3120011,Zona Arqueológica de Castillo de Teayo con museo de sitio,87.0,0.0,87.0,2023-05-01
2023,5,3120012,Zona Arqueológica de Cempoala con museo de sitio,2993.0,49.0,3042.0,2023-05-01
2023,5,3120024,Zona Arqueológica de Cuajilote,295.0,0.0,295.0,2023-05-01
2023,5,3220012,Zona Arqueológica de Cuauhtochco,0.0,0.0,0.0,2023-05-01
2023,5,3120030,Zona Arqueológica de Cuyuxquihui,0.0,0.0,0.0,2023-05-01
2023,5,3110016,Zona Arqueológica de El Tajín,31270.0,160.0,31430.0,2023-05-01
2023,5,3120068,Zona Arqueológica de Las Higueras con museo de sitio,88.0,0.0,88.0,2023-05-01
2023,5,3220014,Zona Arqueológica de Las Limas,31.0,0.0,31.0,2023-05-01
2023,5,3120088,Zona Arqueológica de Quiahuitztlán,2749.0,23.0,2772.0,2023-05-01
2023,5,3120093,Zona Arqueológica de San Lorenzo Tenochtitlan con museo de sitio,297.0,0.0,297.0,2023-05-01
2023,5,3120123,Zona Arqueológica de Vega de la Peña,27.0,0.0,27.0,2023-05-01
2023,6,3120011,Zona Arqueológica de Castillo de Teayo con museo de sitio,76.0,0.0,76.0,2023-06-01
2023,6,3120012,Zona Arqueológica de Cempoala con museo de sitio,2267.0,59.0,2326.0,2023-06-01
2023,6,3120024,Zona Arqueológica de Cuajilote,352.0,0.0,352.0,2023-06-01
2023,6,3220012,Zona Arqueológica de Cuauhtochco,0.0,0.0,0.0,2023-06-01
2023,6,3120030,Zona Arqueológica de Cuyuxquihui,90.0,0.0,90.0,2023-06-01
2023,6,3110016,Zona Arqueológica de El Tajín,24700.0,142.0,24842.0,2023-06-01
2023,6,3120068,Zona Arqueológica de Las Higueras con museo de sitio,127.0,0.0,127.0,2023-06-01
2023,6,3220014,Zona Arqueológica de Las Limas,68.0,0.0,68.0,2023-06-01
2023,6,3120088,Zona Arqueológica de Quiahuitztlán,2873.0,23.0,2896.0,2023-06-01
2023,6,3120093,Zona Arqueológica de San Lorenzo Tenochtitlan con museo de sitio,333.0,0.0,333.0,2023-06-01
2023,6,3120123,Zona Arqueológica de Vega de la Peña,32.0,5.0,37.0,2023-06-01
2023,7,3120011,Zona Arqueológica de Castillo de Teayo con museo de sitio,125.0,0.0,125.0,2023-07-01
2023,7,3120012,Zona Arqueológica de Cempoala con museo de sitio,2732.0,54.0,2786.0,2023-07-01
2023,7,3120024,Zona Arqueológica de Cuajilote,411.0,12.0,423.0,2023-07-01
2023,7,3220012,Zona Arqueológica de Cuauhtochco,0.0,0.0,0.0,2023-07-01
2023,7,3120030,Zona Arqueológica de Cuyuxquihui,80.0,0.0,80.0,2023-07-01
2023,7,3110016,Zona Arqueológica de El Tajín,29896.0,232.0,30128.0,2023-07-01
2023,7,3120068,Zona Arqueológica de Las Higueras con museo de sitio,140.0,0.0,140.0,2023-07-01
2023,7,3220014,Zona Arqueológica de Las Limas,25.0,0.0,25.0,2023-07-01
2023,7,3120088,Zona Arqueológica de Quiahuitztlán,3054.0,30.0,3084.0,2023-07-01
2023,7,3120093,Zona Arqueológica de San Lorenzo Tenochtitlan con museo de sitio,264.0,0.0,264.0,2023-07-01
2023,7,3120123,Zona Arqueológica de Vega de la Peña,10.0,0.0,10.0,2023-07-01
2023,8,3120011,Zona Arqueológica de Castillo de Teayo con museo de sitio,250.0,0.0,250.0,2023-08-01
2023,8,3120012,Zona Arqueológica de Cempoala con museo de sitio,4344.0,74.0,4418.0,2023-08-01
2023,8,3120024,Zona Arqueológica de Cuajilote,314.0,0.0,314.0,2023-08-01
2023,8,3220012,Zona Arqueológica de Cuauhtochco,0.0,0.0,0.0,2023-08-01
2023,8,3120030,Zona Arqueológica de Cuyuxquihui,85.0,0.0,85.0,2023-08-01
2023,8,3110016,Zona Arqueológica de El Tajín,48634.0,227.0,48861.0,2023-08-01
2023,8,3120068,Zona Arqueológica de Las Higueras con museo de sitio,135.0,0.0,135.0,2023-08-01
2023,8,3220014,Zona Arqueológica de Las Limas,25.0,0.0,25.0,2023-08-01
2023,8,3120088,Zona Arqueológica de Quiahuitztlán,2986.0,12.0,2998.0,2023-08-01
2023,8,3120093,Zona Arqueológica de San Lorenzo Tenochtitlan con museo de sitio,321.0,0.0,321.0,2023-08-01
2023,8,3120123,Zona Arqueológica de Vega de la Peña,10.0,5.0,15.0,2023-08-01
2023,9,3120011,Zona Arqueológica de Castillo de Teayo con museo de sitio,84.0,0.0,84.0,2023-09-01
2023,9,3120012,Zona Arqueológica de Cempoala con museo de sitio,2061.0,28.0,2089.0,2023-09-01
2023,9,3120024,Zona Arqueológica de Cuajilote,258.0,0.0,258.0,2023-09-01
2023,9,3220012,Zona Arqueológica de Cuauhtochco,0.0,0.0,0.0,2023-09-01
2023,9,3120030,Zona Arqueológica de Cuyuxquihui,65.0,0.0,65.0,2023-09-01
2023,9,3110016,Zona Arqueológica de El Tajín,16925.0,129.0,17054.0,2023-09-01
2023,9,3120068,Zona Arqueológica de Las Higueras con museo de sitio,87.0,0.0,87.0,2023-09-01
2023,9,3220014,Zona Arqueológica de Las Limas,65.0,0.0,65.0,2023-09-01
2023,9,3120088,Zona Arqueológica de Quiahuitztlán,1299.0,9.0,1308.0,2023-09-01
2023,9,3120093,Zona Arqueológica de San Lorenzo Tenochtitlan con museo de sitio,335.0,0.0,335.0,2023-09-01
2023,9,3120123,Zona Arqueológica de Vega de la Peña,26.0,3.0,29.0,2023-09-01
2023,10,3120011,Zona Arqueológica de Castillo de Teayo con museo de sitio,51.0,0.0,51.0,2023-10-01
2023,10,3120012,Zona Arqueológica de Cempoala con museo de sitio,1786.0,98.0,1884.0,2023-10-01
2023,10,3120024,Zona Arqueológica de Cuajilote,233.0,0.0,233.0,2023-10-01
2023,10,3220012,Zona Arqueológica de Cuauhtochco,0.0,0.0,0.0,2023-10-01
2023,10,3120030,Zona Arqueológica de Cuyuxquihui,115.0,0.0,115.0,2023-10-01
2023,10,3110016,Zona Arqueológica de El Tajín,12170.0,178.0,12348.0,2023-10-01
2023,10,3120068,Zona Arqueológica de Las Higueras con museo de sitio,70.0,0.0,70.0,2023-10-01
2023,10,3220014,Zona Arqueológica de Las Limas,61.0,0.0,61.0,2023-10-01
2023,10,3120088,Zona Arqueológica de Quiahuitztlán,1714.0,41.0,1755.0,2023-10-01
2023,10,3120093,Zona Arqueológica de San Lorenzo Tenochtitlan con museo de sitio,344.0,0.0,344.0,2023-10-01
2023,10,3120123,Zona Arqueológica de Vega de la Peña,30.0,2.0,32.0,2023-10-01
2023,11,3120011,Zona Arqueológica de Castillo de Teayo con museo de sitio,1128.0,0.0,1128.0,2023-11-01
2023,11,3120012,Zona Arqueológica de Cempoala con museo de sitio,1991.0,98.0,2089.0,2023-11-01
2023,11,3120024,Zona Arqueológica de Cuajilote,339.0,0.0,339.0,2023-11-01
2023,11,3220012,Zona Arqueológica de Cuauhtochco,0.0,0.0,0.0,2023-11-01
2023,11,3120030,Zona Arqueológica de Cuyuxquihui,112.0,0.0,112.0,2023-11-01
2023,11,3110016,Zona Arqueológica de El Tajín,20998.0,413.0,21411.0,2023-11-01
2023,11,3120068,Zona Arqueológica de Las Higueras con museo de sitio,129.0,0.0,129.0,2023-11-01
2023,11,3220014,Zona Arqueológica de Las Limas,37.0,0.0,37.0,2023-11-01
2023,11,3120088,Zona Arqueológica de Quiahuitztlán,1570.0,34.0,1604.0,2023-11-01
2023,11,3120093,Zona Arqueológica de San Lorenzo Tenochtitlan con museo de sitio,264.0,0.0,264.0,2023-11-01
2023,11,3120123,Zona Arqueológica de Vega de la Peña,32.0,2.0,34.0,2023-11-01
2023,12,3120011,Zona Arqueológica de Castillo de Teayo con museo de sitio,285.0,0.0,285.0,2023-12-01
2023,12,3120012,Zona Arqueológica de Cempoala con museo de sitio,3035.0,72.0,3107.0,2023-12-01
2023,12,3120024,Zona Arqueológica de Cuajilote,285.0,0.0,285.0,2023-12-01
2023,12,3220012,Zona Arqueológica de Cuauhtochco,0.0,0.0,0.0,2023-12-01
2023,12,3120030,Zona Arqueológica de Cuyuxquihui,141.0,0.0,141.0,2023-12-01
2023,12,3110016,Zona Arqueológica de El Tajín,20160.0,306.0,20466.0,2023-12-01
2023,12,3120068,Zona Arqueológica de Las Higueras con museo de sitio,51.0,0.0,51.0,2023-12-01
2023,12,3220014,Zona Arqueológica de Las Limas,51.0,0.0,51.0,2023-12-01
2023,12,3120088,Zona Arqueológica de Quiahuitztlán,1559.0,44.0,1603.0,2023-12-01
2023,12,3120093,Zona Arqueológica de San Lorenzo Tenochtitlan con museo de sitio,365.0,0.0,365.0,2023-12-01
2023,12,3120123,Zona Arqueológica de Vega de la Peña,25.0,9.0,34.0,2023-12-01
2024,1,3120011,Zona Arqueológica de Castillo de Teayo con museo de sitio,81.0,0.0,81.0,2024-01-01
2024,1,3120012,Zona Arqueológica de Cempoala con museo de sitio,1438.0,53.0,1491.0,2024-01-01
2024,1,3120024,Zona Arqueológica de Cuajilote,227.0,0.0,227.0,2024-01-01
2024,1,3220012,Zona Arqueológica de Cuauhtochco,0.0,0.0,0.0,2024-01-01
2024,1,3120030,Zona Arqueológica de Cuyuxquihui,121.0,0.0,121.0,2024-01-01
2024,1,3110016,Zona Arqueológica de El Tajín,17591.0,339.0,17930.0,2024-01-01
2024,1,3120068,Zona Arqueológica de Las Higueras con museo de sitio,65.0,0.0,65.0,2024-01-01
2024,1,3220014,Zona Arqueológica de Las Limas,48.0,0.0,48.0,2024-01-01
2024,1,3120088,Zona Arqueológica de Quiahuitztlán,1704.0,33.0,1737.0,2024-01-01
2024,1,3120093,Zona Arqueológica de San Lorenzo Tenochtitlan con museo de sitio,262.0,0.0,262.0,2024-01-01
2024,1,3120123,Zona Arqueológica de Vega de la Peña,25.0,0.0,25.0,2024-01-01
2024,2,3120011,Zona Arqueológica de Castillo de Teayo con museo de sitio,171.0,0.0,171.0,2024-02-01
2024,2,3120012,Zona Arqueológica de Cempoala con museo de sitio,2276.0,81.0,2357.0,2024-02-01
2024,2,3120024,Zona Arqueológica de Cuajilote,281.0,0.0,281.0,2024-02-01
2024,2,3220012,Zona Arqueológica de Cuauhtochco,0.0,0.0,0.0,2024-02-01
2024,2,3120030,Zona Arqueológica de Cuyuxquihui,192.0,2.0,194.0,2024-02-01
2024,2,3110016,Zona Arqueológica de El Tajín,22460.0,365.0,22825.0,2024-02-01
2024,2,3120068,Zona Arqueológica de Las Higueras con museo de sitio,73.0,0.0,73.0,2024-02-01
2024,2,3220014,Zona Arqueológica de Las Limas,44.0,0.0,44.0,2024-02-01
2024,2,3120088,Zona Arqueológica de Quiahuitztlán,2465.0,30.0,2495.0,2024-02-01
2024,2,3120093,Zona Arqueológica de San Lorenzo Tenochtitlan con museo de sitio,361.0,0.0,361.0,2024-02-01
2024,2,3120123,Zona Arqueológica de Vega de la Peña,23.0,0.0,23.0,2024-02-01
2024,3,3120011,Zona Arqueológica de Castillo de Teayo con museo de sitio,478.0,0.0,478.0,2024-03-01
2024,3,3120012,Zona Arqueológica de Cempoala con museo de sitio,1948.0,67.0,2015.0,2024-03-01
2024,3,3120024,Zona Arqueológica de Cuajilote,322.0,0.0,322.0,2024-03-01
2024,3,3220012,Zona Arqueológica de Cuauhtochco,0.0,0.0,0.0,2024-03-01
2024,3,3120030,Zona Arqueológica de Cuyuxquihui,125.0,0.0,125.0,2024-03-01
2024,3,3110016,Zona Arqueológica de El Tajín,42555.0,272.0,42827.0,2024-03-01
2024,3,3120068,Zona Arqueológica de Las Higueras con museo de sitio,199.0,0.0,199.0,2024-03-01
2024,3,3220014,Zona Arqueológica de Las Limas,29.0,0.0,29.0,2024-03-01
2024,3,3120088,Zona Arqueológica de Quiahuitztlán,3634.0,48.0,3682.0,2024-03-01
2024,3,3120093,Zona Arqueológica de San Lorenzo Tenochtitlan con museo de sitio,708.0,0.0,708.0,2024-03-01
2024,3,3120123,Zona Arqueológica de Vega de la Peña,45.0,0.0,45.0,2024-03-01
2024,4,3120011,Zona Arqueológica de Castillo de Teayo con museo de sitio,153.0,0.0,153.0,2024-04-01
2024,4,3120012,Zona Arqueológica de Cempoala con museo de sitio,3391.0,76.0,3467.0,2024-04-01
2024,4,3120024,Zona Arqueológica de Cuajilote,599.0,0.0,599.0,2024-04-01
2024,4,3220012,Zona Arqueológica de Cuauhtochco,0.0,0.0,0.0,2024-04-01
2024,4,3120030,Zona Arqueológica de Cuyuxquihui,240.0,2.0,242.0,2024-04-01
2024,4,3110016,Zona Arqueológica de El Tajín,50512.0,291.0,50803.0,2024-04-01
2024,4,3120068,Zona Arqueológica de Las Higueras con museo de sitio,221.0,0.0,221.0,2024-04-01
2024,4,3220014,Zona Arqueológica de Las Limas,61.0,0.0,61.0,2024-04-01
2024,4,3120088,Zona Arqueológica de Quiahuitztlán,2990.0,30.0,3020.0,2024-04-01
2024,4,3120093,Zona Arqueológica de San Lorenzo Tenochtitlan con museo de sitio,732.0,0.0,732.0,2024-04-01
2024,4,3120123,Zona Arqueológica de Vega de la Peña,25.0,4.0,29.0,2024-04-01
2024,5,3120011,Zona Arqueológica de Castillo de Teayo con museo de sitio,153.0,0.0,153.0,2024-05-01
2024,5,3120012,Zona Arqueológica de Cempoala con museo de sitio,2672.0,14.0,2686.0,2024-05-01
2024,5,3120024,Zona Arqueológica de Cuajilote,314.0,0.0,314.0,2024-05-01
2024,5,3220012,Zona Arqueológica de Cuauhtochco,0.0,0.0,0.0,2024-05-01
2024,5,3120030,Zona Arqueológica de Cuyuxquihui,74.0,1.0,75.0,2024-05-01
2024,5,3110016,Zona Arqueológica de El Tajín,26812.0,212.0,27024.0,2024-05-01
2024,5,3120068,Zona Arqueológica de Las Higueras con museo de sitio,84.0,0.0,84.0,2024-05-01
2024,5,3220014,Zona Arqueológica de Las Limas,57.0,0.0,57.0,2024-05-01
2024,5,3120088,Zona Arqueológica de Quiahuitztlán,2256.0,28.0,2284.0,2024-05-01
2024,5,3120093,Zona Arqueológica de San Lorenzo Tenochtitlan con museo de sitio,322.0,0.0,322.0,2024-05-01
2024,5,3120123,Zona Arqueológica de Vega de la Peña,35.0,0.0,35.0,2024-05-01
2024,6,3120011,Zona Arqueológica de Castillo de Teayo con museo de sitio,63.0,0.0,63.0,2024-06-01
2024,6,3120012,Zona Arqueológica de Cempoala con museo de sitio,1992.0,25.0,2017.0,2024-06-01
2024,6,3120024,Zona Arqueológica de Cuajilote,182.0,0.0,182.0,2024-06-01
2024,6,3220012,Zona Arqueológica de Cuauhtochco,0.0,0.0,0.0,2024-06-01
2024,6,3120030,Zona Arqueológica de Cuyuxquihui,68.0,2.0,70.0,2024-06-01
2024,6,3110016,Zona Arqueológica de El Tajín,21035.0,146.0,21181.0,2024-06-01
2024,6,3120068,Zona Arqueológica de Las Higueras con museo de sitio,45.0,0.0,45.0,2024-06-01
2024,6,3220014,Zona Arqueológica de Las Limas,18.0,0.0,18.0,2024-06-01
2024,6,3120088,Zona Arqueológica de Quiahuitztlán,1678.0,8.0,1686.0,2024-06-01
2024,6,3120093,Zona Arqueológica de San Lorenzo Tenochtitlan con museo de sitio,409.0,0.0,409.0,2024-06-01
2024,6,3120123,Zona Arqueológica de Vega de la Peña,33.0,0.0,33.0,2024-06-01
2024,7,3120011,Zona Arqueológica de Castillo de Teayo con museo de sitio,63.0,0.0,63.0,2024-07-01
2024,7,3120012,Zona Arqueológica de Cempoala con museo de sitio,2064.0,22.0,2086.0,2024-07-01
2024,7,3120024,Zona Arqueológica de Cuajilote,281.0,0.0,281.0,2024-07-01
2024,7,3220012,Zona Arqueológica de Cuauhtochco,0.0,0.0,0.0,2024-07-01
2024,7,3120030,Zona Arqueológica de Cuyuxquihui,80.0,0.0,80.0,2024-07-01
2024,7,3110016,Zona Arqueológica de El Tajín,25159.0,233.0,25392.0,2024-07-01
2024,7,3120068,Zona Arqueológica de Las Higueras con museo de sitio,89.0,0.0,89.0,2024-07-01
2024,7,3220014,Zona Arqueológica de Las Limas,44.0,0.0,44.0,2024-07-01
2024,7,3120088,Zona Arqueológica de Quiahuitztlán,1700.0,13.0,1713.0,2024-07-01
2024,7,3120093,Zona Arqueológica de San Lorenzo Tenochtitlan con museo de sitio,328.0,0.0,328.0,2024-07-01
2024,7,3120123,Zona Arqueológica de Vega de la Peña,27.0,0.0,27.0,2024-07-01
2024,8,3120011,Zona Arqueológica de Castillo de Teayo con museo de sitio,98.0,0.0,98.0,2024-08-01
2024,8,3120012,Zona Arqueológica de Cempoala con museo de sitio,3361.0,32.0,3393.0,2024-08-01
2024,8,3120024,Zona Arqueológica de Cuajilote,408.0,0.0,408.0,2024-08-01
2024,8,3220012,Zona Arqueológica de Cuauhtochco,0.0,0.0,0.0,2024-08-01
2024,8,3120030,Zona Arqueológica de Cuyuxquihui,142.0,0.0,142.0,2024-08-01
2024,8,3110016,Zona Arqueológica de El Tajín,44651.0,258.0,44909.0,2024-08-01
2024,8,3120068,Zona Arqueológica de Las Higueras con museo de sitio,136.0,0.0,136.0,2024-08-01
2024,8,3220014,Zona Arqueológica de Las Limas,62.0,0.0,62.0,2024-08-01
2024,8,3120088,Zona Arqueológica de Quiahuitztlán,2800.0,32.0,2832.0,2024-08-01
2024,8,3120093,Zona Arqueológica de San Lorenzo Tenochtitlan con museo de sitio,355.0,0.0,355.0,2024-08-01
2024,8,3120123,Zona Arqueológica de Vega de la Peña,15.0,0.0,15.0,2024-08-01
2024,9,3120011,Zona Arqueológica de Castillo de Teayo con museo de sitio,78.0,0.0,78.0,2024-09-01
2024,9,3120012,Zona Arqueológica de Cempoala con museo de sitio,1758.0,22.0,1780.0,2024-09-01
2024,9,3120024,Zona Arqueológica de Cuajilote,247.0,0.0,247.0,2024-09-01
2024,9,3220012,Zona Arqueológica de Cuauhtochco,0.0,0.0,0.0,2024-09-01
2024,9,3120030,Zona Arqueológica de Cuyuxquihui,63.0,0.0,63.0,2024-09-01
2024,9,3110016,Zona Arqueológica de El Tajín,13522.0,140.0,13662.0,2024-09-01
2024,9,3120068,Zona Arqueológica de Las Higueras con museo de sitio,70.0,0.0,70.0,2024-09-01
2024,9,3220014,Zona Arqueológica de Las Limas,108.0,0.0,108.0,2024-09-01
2024,9,3120088,Zona Arqueológica de Quiahuitztlán,1595.0,4.0,1599.0,2024-09-01
2024,9,3120093,Zona Arqueológica de San Lorenzo Tenochtitlan con museo de sitio,307.0,0.0,307.0,2024-09-01
2024,9,3120123,Zona Arqueológica de Vega de la Peña,31.0,0.0,31.0,2024-09-01
2024,10,3120011,Zona Arqueológica de Castillo de Teayo con museo de sitio,104.0,0.0,104.0,2024-10-01
2024,10,3120012,Zona Arqueológica de Cempoala con museo de sitio,1746.0,42.0,1788.0,2024-10-01
2024,10,3120024,Zona Arqueológica de Cuajilote,231.0,0.0,231.0,2024-10-01
2024,10,3220012,Zona Arqueológica de Cuauhtochco,0.0,0.0,0.0,2024-10-01
2024,10,3120030,Zona Arqueológica de Cuyuxquihui,54.0,0.0,54.0,2024-10-01
2024,10,3110016,Zona Arqueológica de El Tajín,11625.0,317.0,11942.0,2024-10-01
2024,10,3120068,Zona Arqueológica de Las Higueras con museo de sitio,64.0,0.0,64.0,2024-10-01
2024,10,3220014,Zona Arqueológica de Las Limas,60.0,0.0,60.0,2024-10-01
2024,10,3120088,Zona Arqueológica de Quiahuitztlán,1140.0,47.0,1187.0,2024-10-01
2024,10,3120093,Zona Arqueológica de San Lorenzo Tenochtitlan con museo de sitio,196.0,0.0,196.0,2024-10-01
2024,10,3120123,Zona Arqueológica de Vega de la Peña,23.0,0.0,23.0,2024-10-01
2024,11,3120011,Zona Arqueológica de Castillo de Teayo con museo de sitio,807.0,0.0,807.0,2024-11-01
2024,11,3120012,Zona Arqueológica de Cempoala con museo de sitio,2141.0,46.0,2187.0,2024-11-01
2024,11,3120024,Zona Arqueológica de Cuajilote,446.0,0.0,446.0,2024-11-01
2024,11,3220012,Zona Arqueológica de Cuauhtochco,0.0,0.0,0.0,2024-11-01
2024,11,3120030,Zona Arqueológica de Cuyuxquihui,89.0,5.0,94.0,2024-11-01
2024,11,3110016,Zona Arqueológica de El Tajín,37799.0,510.0,38309.0,2024-11-01
2024,11,3120068,Zona Arqueológica de Las Higueras con museo de sitio,95.0,0.0,95.0,2024-11-01
2024,11,3220014,Zona Arqueológica de Las Limas,58.0,0.0,58.0,2024-11-01
2024,11,3120088,Zona Arqueológica de Quiahuitztlán,1541.0,15.0,1556.0,2024-11-01
2024,11,3120093,Zona Arqueológica de San Lorenzo Tenochtitlan con museo de sitio,202.0,0.0,202.0,2024-11-01
2024,11,3120123,Zona Arqueológica de Vega de la Peña,12.0,9.0,21.0,2024-11-01
2024,12,3120011,Zona Arqueológica de Castillo de Teayo con museo de sitio,366.0,0.0,366.0,2024-12-01
2024,12,3120012,Zona Arqueológica de Cempoala con museo de sitio,2304.0,83.0,2387.0,2024-12-01
2024,12,3120024,Zona Arqueológica de Cuajilote,451.0,0.0,451.0,2024-12-01
2024,12,3220012,Zona Arqueológica de Cuauhtochco,0.0,0.0,0.0,2024-12-01
2024,12,3120030,Zona Arqueológica de Cuyuxquihui,193.0,0.0,193.0,2024-12-01
2024,12,3110016,Zona Arqueológica de El Tajín,17429.0,175.0,17604.0,2024-12-01
2024,12,3120068,Zona Arqueológica de Las Higueras con museo de sitio,146.0,0.0,146.0,2024-12-01
2024,12,3220014,Zona Arqueológica de Las Limas,54.0,0.0,54.0,2024-12-01
2024,12,3120088,Zona Arqueológica de Quiahuitztlán,1494.0,12.0,1506.0,2024-12-01
2024,12,3120093,Zona Arqueológica de San Lorenzo Tenochtitlan con museo de sitio,531.0,0.0,531.0,2024-12-01
2024,12,3120123,Zona Arqueológica de Vega de la Peña,0.0,0.0,0.0,2024-12-01
2025,1,3120011,Zona Arqueológica de Castillo de Teayo con museo de sitio,89.0,3.0,92.0,2025-01-01
2025,1,3120012,Zona Arqueológica de Cempoala con museo de sitio,2775.0,128.0,2903.0,2025-01-01
2025,1,3120024,Zona Arqueológica de Cuajilote,564.0,0.0,564.0,2025-01-01
2025,1,3220012,Zona Arqueológica de Cuauhtochco,0.0,0.0,0.0,2025-01-01
2025,1,3120030,Zona Arqueológica de Cuyuxquihui,113.0,0.0,113.0,2025-01-01
2025,1,3110016,Zona Arqueológica de El Tajín,39702.0,433.0,40135.0,2025-01-01
2025,1,3120068,Zona Arqueológica de Las Higueras con museo de sitio,115.0,0.0,115.0,2025-01-01
2025,1,3220014,Zona Arqueológica de Las Limas,40.0,0.0,40.0,2025-01-01
2025,1,3120088,Zona Arqueológica de Quiahuitztlán,1649.0,38.0,1687.0,2025-01-01
2025,1,3120093,Zona Arqueológica de San Lorenzo Tenochtitlan con museo de sitio,263.0,0.0,263.0,2025-01-01
2025,1,3120123,Zona Arqueológica de Vega de la Peña,18.0,0.0,18.0,2025-01-01
2025,2,3120011,Zona Arqueológica de Castillo de Teayo con museo de sitio,52.0,0.0,52.0,2025-02-01
2025,2,3120012,Zona Arqueológica de Cempoala con museo de sitio,1962.0,80.0,2042.0,2025-02-01
2025,2,3120024,Zona Arqueológica de Cuajilote,502.0,0.0,502.0,2025-02-01
2025,2,3220012,Zona Arqueológica de Cuauhtochco,0.0,0.0,0.0,2025-02-01
2025,2,3120030,Zona Arqueológica de Cuyuxquihui,59.0,0.0,59.0,2025-02-01
2025,2,3110016,Zona Arqueológica de El Tajín,18170.0,375.0,18545.0,2025-02-01
2025,2,3120068,Zona Arqueológica de Las Higueras con museo de sitio,138.0,0.0,138.0,2025-02-01
2025,2,3220014,Zona Arqueológica de Las Limas,57.0,0.0,57.0,2025-02-01
2025,2,3120088,Zona Arqueológica de Quiahuitztlán,2114.0,33.0,2147.0,2025-02-01
2025,2,3120093,Zona Arqueológica de San Lorenzo Tenochtitlan con museo de sitio,350.0,0.0,350.0,2025-02-01
2025,2,3120123,Zona Arqueológica de Vega de la Peña,28.0,0.0,28.0,2025-02-01
2025,3,3120011,Zona Arqueológica de Castillo de Teayo con museo de sitio,266.0,0.0,266.0,2025-03-01
2025,3,3120012,Zona Arqueológica de Cempoala con museo de sitio,2829.0,75.0,2904.0,2025-03-01
2025,3,3120024,Zona Arqueológica de Cuajilote,390.0,0.0,390.0,2025-03-01
2025,3,3220012,Zona Arqueológica de Cuauhtochco,0.0,0.0,0.0,2025-03-01
2025,3,3120030,Zona Arqueológica de Cuyuxquihui,86.0,0.0,86.0,2025-03-01
2025,3,3110016,Zona Arqueológica de El Tajín,32205.0,260.0,32465.0,2025-03-01
2025,3,3120068,Zona Arqueológica de Las Higueras con museo de sitio,191.0,0.0,191.0,2025-03-01
2025,3,3220014,Zona Arqueológica de Las Limas,28.0,0.0,28.0,2025-03-01
2025,3,3120088,Zona Arqueológica de Quiahuitztlán,1694.0,20.0,1714.0,2025-03-01
2025,3,3120093,Zona Arqueológica de San Lorenzo Tenochtitlan con museo de sitio,398.0,0.0,398.0,2025-03-01
2025,3,3120123,Zona Arqueológica de Vega de la Peña,34.0,0.0,34.0,2025-03-01
2025,4,3120011,Zona Arqueológica de Castillo de Teayo con museo de sitio,88.0,0.0,88.0,2025-04-01
2025,4,3120012,Zona Arqueológica de Cempoala con museo de sitio,3430.0,102.0,3532.0,2025-04-01
2025,4,3120024,Zona Arqueológica de Cuajilote,837.0,0.0,837.0,2025-04-01
2025,4,3220012,Zona Arqueológica de Cuauhtochco,0.0,0.0,0.0,2025-04-01
2025,4,3120030,Zona Arqueológica de Cuyuxquihui,122.0,0.0,122.0,2025-04-01
2025,4,3110016,Zona Arqueológica de El Tajín,45398.0,245.0,45643.0,2025-04-01
2025,4,3120068,Zona Arqueológica de Las Higueras con museo de sitio,201.0,0.0,201.0,2025-04-01
2025,4,3220014,Zona Arqueológica de Las Limas,166.0,0.0,166.0,2025-04-01
2025,4,3120088,Zona Arqueológica de Quiahuitztlán,3977.0,33.0,4010.0,2025-04-01
2025,4,3120093,Zona Arqueológica de San Lorenzo Tenochtitlan con museo de sitio,200.0,0.0,200.0,2025-04-01
2025,4,3120123,Zona Arqueológica de Vega de la Peña,165.0,0.0,165.0,2025-04-01
2025,5,3120011,Zona Arqueológica de Castillo de Teayo con museo de sitio,32.0,0.0,32.0,2025-05-01
2025,5,3120012,Zona Arqueológica de Cempoala con museo de sitio,2884.0,45.0,2929.0,2025-05-01
2025,5,3120024,Zona Arqueológica de Cuajilote,508.0,0.0,508.0,2025-05-01
2025,5,3220012,Zona Arqueológica de Cuauhtochco,0.0,0.0,0.0,2025-05-01
2025,5,3120030,Zona Arqueológica de Cuyuxquihui,81.0,0.0,81.0,2025-05-01
2025,5,3110016,Zona Arqueológica de El Tajín,30980.0,164.0,31144.0,2025-05-01
2025,5,3120068,Zona Arqueológica de Las Higueras con museo de sitio,84.0,0.0,84.0,2025-05-01
2025,5,3220014,Zona Arqueológica de Las Limas,50.0,0.0,50.0,2025-05-01
2025,5,3120088,Zona Arqueológica de Quiahuitztlán,3027.0,16.0,3043.0,2025-05-01
2025,5,3120093,Zona Arqueológica de San Lorenzo Tenochtitlan con museo de sitio,424.0,0.0,424.0,2025-05-01
2025,5,3120123,Zona Arqueológica de Vega de la Peña,30.0,0.0,30.0,2025-05-01
2025,6,3120011,Zona Arqueológica de Castillo de Teayo con museo de sitio,85.0,0.0,85.0,2025-06-01
2025,6,3120012,Zona Arqueológica de Cempoala con museo de sitio,1641.0,34.0,1675.0,2025-06-01
2025,6,3120024,Zona Arqueológica de Cuajilote,379.0,0.0,379.0,2025-06-01
2025,6,3220012,Zona Arqueológica de Cuauhtochco,0.0,0.0,0.0,2025-06-01
2025,6,3120030,Zona Arqueológica de Cuyuxquihui,51.0,0.0,51.0,2025-06-01
2025,6,3110016,Zona Arqueológica de El Tajín,18588.0,154.0,18742.0,2025-06-01
2025,6,3120068,Zona Arqueológica de Las Higueras con museo de sitio,22.0,0.0,22.0,2025-06-01
2025,6,3220014,Zona Arqueológica de Las Limas,74.0,0.0,74.0,2025-06-01
2025,6,3120088,Zona Arqueológica de Quiahuitztlán,2400.0,9.0,2409.0,2025-06-01
2025,6,3120093,Zona Arqueológica de San Lorenzo Tenochtitlan con museo de sitio,497.0,0.0,497.0,2025-06-01
2025,6,3120123,Zona Arqueológica de Vega de la Peña,23.0,0.0,23.0,2025-06-01
2025,7,3120011,Zona Arqueológica de Castillo de Teayo con museo de sitio,126.0,0.0,126.0,2025-07-01
2025,7,3120012,Zona Arqueológica de Cempoala con museo de sitio,2555.0,83.0,2638.0,2025-07-01
2025,7,3120024,Zona Arqueológica de Cuajilote,444.0,0.0,444.0,2025-07-01
2025,7,3220012,Zona Arqueológica de Cuauhtochco,0.0,0.0,0.0,2025-07-01
2025,7,3120030,Zona Arqueológica de Cuyuxquihui,88.0,0.0,88.0,2025-07-01
2025,7,3110016,Zona Arqueológica de El Tajín,26023.0,254.0,26277.0,2025-07-01
2025,7,3120068,Zona Arqueológica de Las Higueras con museo de sitio,67.0,0.0,67.0,2025-07-01
2025,7,3220014,Zona Arqueológica de Las Limas,50.0,0.0,50.0,2025-07-01
2025,7,3120088,Zona Arqueológica de Quiahuitztlán,2434.0,25.0,2459.0,2025-07-01
2025,7,3120093,Zona Arqueológica de San Lorenzo Tenochtitlan con museo de sitio,367.0,0.0,367.0,2025-07-01
2025,7,3120123,Zona Arqueológica de Vega de la Peña,21.0,0.0,21.0,2025-07-01
2025,8,3120011,Zona Arqueológica de Castillo de Teayo con museo de sitio,232.0,0.0,232.0,2025-08-01
2025,8,3120012,Zona Arqueológica de Cempoala con museo de sitio,3589.0,73.0,3662.0,2025-08-01
2025,8,3120024,Zona Arqueológica de Cuajilote,467.0,0.0,467.0,2025-08-01
2025,8,3220012,Zona Arqueológica de Cuauhtochco,0.0,0.0,0.0,2025-08-01
2025,8,3120030,Zona Arqueológica de Cuyuxquihui,138.0,0.0,138.0,2025-08-01
2025,8,3110016,Zona Arqueológica de El Tajín,46083.0,169.0,46252.0,2025-08-01
2025,8,3120068,Zona Arqueológica de Las Higueras con museo de sitio,124.0,0.0,124.0,2025-08-01
2025,8,3220014,Zona Arqueológica de Las Limas,86.0,0.0,86.0,2025-08-01
2025,8,3120088,Zona Arqueológica de Quiahuitztlán,4317.0,15.0,4332.0,2025-08-01
2025,8,3120093,Zona Arqueológica de San Lorenzo Tenochtitlan con museo de sitio,399.0,0.0,399.0,2025-08-01
2025,8,3120123,Zona Arqueológica de Vega de la Peña,57.0,0.0,57.0,2025-08-01
2025,9,3120011,Zona Arqueológica de Castillo de Teayo con museo de sitio,130.0,0.0,130.0,2025-09-01
2025,9,3120012,Zona Arqueológica de Cempoala con museo de sitio,1623.0,25.0,1648.0,2025-09-01
2025,9,3120024,Zona Arqueológica de Cuajilote,401.0,0.0,401.0,2025-09-01
2025,9,3220012,Zona Arqueológica de Cuauhtochco,0.0,0.0,0.0,2025-09-01
2025,9,3120030,Zona Arqueológica de Cuyuxquihui,90.0,0.0,90.0,2025-09-01
2025,9,3110016,Zona Arqueológica de El Tajín,14850.0,107.0,14957.0,2025-09-01
2025,9,3120068,Zona Arqueológica de Las Higueras con museo de sitio,37.0,0.0,37.0,2025-09-01
2025,9,3220014,Zona Arqueológica de Las Limas,110.0,0.0,110.0,2025-09-01
2025,9,3120088,Zona Arqueológica de Quiahuitztlán,1656.0,9.0,1665.0,2025-09-01
2025,9,3120093,Zona Arqueológica de San Lorenzo Tenochtitlan con museo de sitio,394.0,0.0,394.0,2025-09-01
2025,9,3120123,Zona Arqueológica de Vega de la Peña,45.0,0.0,45.0,2025-09-01
2025,10,3120011,Zona Arqueológica de Castillo de Teayo con museo de sitio,44.0,0.0,44.0,2025-10-01
2025,10,3120012,Zona Arqueológica de Cempoala con museo de sitio,1639.0,21.0,1660.0,2025-10-01
2025,10,3120024,Zona Arqueológica de Cuajilote,203.0,0.0,203.0,2025-10-01
2025,10,3220012,Zona Arqueológica de Cuauhtochco,0.0,0.0,0.0,2025-10-01
2025,10,3120030,Zona Arqueológica de Cuyuxquihui,30.0,0.0,30.0,2025-10-01
2025,10,3110016,Zona Arqueológica de El Tajín,5898.0,137.0,6035.0,2025-10-01
2025,10,3120068,Zona Arqueológica de Las Higueras con museo de sitio,28.0,0.0,28.0,2025-10-01
2025,10,3220014,Zona Arqueológica de Las Limas,44.0,0.0,44.0,2025-10-01
2025,10,3120088,Zona Arqueológica de Quiahuitztlán,1724.0,29.0,1753.0,2025-10-01
2025,10,3120093,Zona Arqueológica de San Lorenzo Tenochtitlan con museo de sitio,216.0,0.0,216.0,2025-10-01
2025,10,3120123,Zona Arqueológica de Vega de la Peña,20.0,0.0,20.0,2025-10-01
2025,11,3120011,Zona Arqueológica de Castillo de Teayo con museo de sitio,1220.0,0.0,1220.0,2025-11-01
2025,11,3120012,Zona Arqueológica de Cempoala con museo de sitio,2064.0,48.0,2112.0,2025-11-01
2025,11,3120024,Zona Arqueológica de Cuajilote,397.0,0.0,397.0,2025-11-01
2025,11,3220012,Zona Arqueológica de Cuauhtochco,0.0,0.0,0.0,2025-11-01
2025,11,3120030,Zona Arqueológica de Cuyuxquihui,48.0,0.0,48.0,2025-11-01
2025,11,3110016,Zona Arqueológica de El Tajín,13099.0,353.0,13452.0,2025-11-01
2025,11,3120068,Zona Arqueológica de Las Higueras con museo de sitio,46.0,0.0,46.0,2025-11-01
2025,11,3220014,Zona Arqueológica de Las Limas,45.0,0.0,45.0,2025-11-01
2025,11,3120088,Zona Arqueológica de Quiahuitztlán,2110.0,57.0,2167.0,2025-11-01
2025,11,3120093,Zona Arqueológica de San Lorenzo Tenochtitlan con museo de sitio,703.0,0.0,703.0,2025-11-01
2025,11,3120123,Zona Arqueológica de Vega de la Peña,25.0,0.0,25.0,2025-11-01
2025,12,3120011,Zona Arqueológica de Castillo de Teayo con museo de sitio,61.0,0.0,61.0,2025-12-01
2025,12,3120012,Zona Arqueológica de Cempoala con museo de sitio,3360.0,55.0,3415.0,2025-12-01
2025,12,3120024,Zona Arqueológica de Cuajilote,301.0,0.0,301.0,2025-12-01
2025,12,3220012,Zona Arqueológica de Cuauhtochco,0.0,0.0,0.0,2025-12-01
2025,12,3120030,Zona Arqueológica de Cuyuxquihui,136.0,0.0,136.0,2025-12-01
2025,12,3110016,Zona Arqueológica de El Tajín,13679.0,230.0,13909.0,2025-12-01
2025,12,3120068,Zona Arqueológica de Las Higueras con museo de sitio,71.0,0.0,71.0,2025-12-01
2025,12,3220014,Zona Arqueológica de Las Limas,84.0,0.0,84.0,2025-12-01
2025,12,3120088,Zona Arqueológica de Quiahuitztlán,1341.0,459.0,1800.0,2025-12-01
2025,12,3120093,Zona Arqueológica de San Lorenzo Tenochtitlan con museo de sitio,488.0,0.0,488.0,2025-12-01
2025,12,3120123,Zona Arqueológica de Vega de la Peña,21.0,0.0,21.0,2025-12-01
2026,1,3120011,Zona Arqueológica de Castillo de Teayo con museo de sitio,137.0,0.0,137.0,2026-01-01
2026,1,3120012,Zona Arqueológica de Cempoala con museo de sitio,2611.0,46.0,2657.0,2026-01-01
2026,1,3120024,Zona Arqueológica de Cuajilote,502.0,0.0,502.0,2026-01-01
2026,1,3220012,Zona Arqueológica de Cuauhtochco,0.0,0.0,0.0,2026-01-01
2026,1,3120030,Zona Arqueológica de Cuyuxquihui,29.0,0.0,29.0,2026-01-01
2026,1,3110016,Zona Arqueológica de El Tajín,37471.0,455.0,37926.0,2026-01-01
2026,1,3120068,Zona Arqueológica de Las Higueras con museo de sitio,113.0,0.0,113.0,2026-01-01
2026,1,3220014,Zona Arqueológica de Las Limas,55.0,0.0,55.0,2026-01-01
2026,1,3120088,Zona Arqueológica de Quiahuitztlán,2787.0,57.0,2844.0,2026-01-01
2026,1,3120093,Zona Arqueológica de San Lorenzo Tenochtitlan con museo de sitio,307.0,0.0,307.0,2026-01-01
2026,1,3120123,Zona Arqueológica de Vega de la Peña,43.0,0.0,43.0,2026-01-01
2026,2,3120011,Zona Arqueológica de Castillo de Teayo con museo de sitio,80.0,0.0,80.0,2026-02-01
2026,2,3120012,Zona Arqueológica de Cempoala con museo de sitio,1955.0,71.0,2026.0,2026-02-01
2026,2,3120024,Zona Arqueológica de Cuajilote,444.0,0.0,444.0,2026-02-01
2026,2,3220012,Zona Arqueológica de Cuauhtochco,0.0,0.0,0.0,2026-02-01
2026,2,3120030,Zona Arqueológica de Cuyuxquihui,71.0,0.0,71.0,2026-02-01
2026,2,3110016,Zona Arqueológica de El Tajín,14420.0,375.0,14795.0,2026-02-01
2026,2,3120068,Zona Arqueológica de Las Higueras con museo de sitio,131.0,0.0,131.0,2026-02-01
2026,2,3220014,Zona Arqueológica de Las Limas,34.0,0.0,34.0,2026-02-01
2026,2,3120088,Zona Arqueológica de Quiahuitztlán,2125.0,46.0,2171.0,2026-02-01
2026,2,3120093,Zona Arqueológica de San Lorenzo Tenochtitlan con museo de sitio,195.0,0.0,195.0,2026-02-01
2026,2,3120123,Zona Arqueológica de Vega de la Peña,30.0,0.0,30.0,2026-02-01
2026,3,3120011,Zona Arqueológica de Castillo de Teayo con museo de sitio,687.0,0.0,687.0,2026-03-01
2026,3,3120012,Zona Arqueológica de Cempoala con museo de sitio,2856.0,76.0,2932.0,2026-03-01
2026,3,3120024,Zona Arqueológica de Cuajilote,443.0,0.0,443.0,2026-03-01
2026,3,3220012,Zona Arqueológica de Cuauhtochco,0.0,0.0,0.0,2026-03-01
2026,3,3120030,Zona Arqueológica de Cuyuxquihui,67.0,0.0,67.0,2026-03-01
2026,3,3110016,Zona Arqueológica de El Tajín,27788.0,266.0,28054.0,2026-03-01
2026,3,3120068,Zona Arqueológica de Las Higueras con museo de sitio,75.0,0.0,75.0,2026-03-01
2026,3,3220014,Zona Arqueológica de Las Limas,39.0,0.0,39.0,2026-03-01
2026,3,3120088,Zona Arqueológica de Quiahuitztlán,3989.0,53.0,4042.0,2026-03-01
2026,3,3120093,Zona Arqueológica de San Lorenzo Tenochtitlan con museo de sitio,277.0,0.0,277.0,2026-03-01
2026,3,3120123,Zona Arqueológica de Vega de la Peña,55.0,0.0,55.0,2026-03-01
2026,4,3120011,Zona Arqueológica de Castillo de Teayo con museo de sitio,143.0,0.0,143.0,2026-04-01
2026,4,3120012,Zona Arqueológica de Cempoala con museo de sitio,2657.0,68.0,2725.0,2026-04-01
2026,4,3120024,Zona Arqueológica de Cuajilote,636.0,0.0,636.0,2026-04-01
2026,4,3220012,Zona Arqueológica de Cuauhtochco,0.0,0.0,0.0,2026-04-01
2026,4,3120030,Zona Arqueológica de Cuyuxquihui,145.0,0.0,145.0,2026-04-01
2026,4,3110016,Zona Arqueológica de El Tajín,35773.0,301.0,36074.0,2026-04-01
2026,4,3120068,Zona Arqueológica de Las Higueras con museo de sitio,266.0,0.0,266.0,2026-04-01
2026,4,3220014,Zona Arqueológica de Las Limas,65.0,0.0,65.0,2026-04-01
2026,4,3120088,Zona Arqueológica de Quiahuitztlán,5124.0,36.0,5160.0,2026-04-01
2026,4,3120093,Zona Arqueológica de San Lorenzo Tenochtitlan con museo de sitio,481.0,0.0,481.0,2026-04-01
2026,4,3120123,Zona Arqueológica de Vega de la Peña,32.0,0.0,32.0,2026-04-01
2026,5,3120011,Zona Arqueológica de Castillo de Teayo con museo de sitio,68.0,0.0,68.0,2026-05-01
2026,5,3120012,Zona Arqueológica de Cempoala con museo de sitio,2342.0,73.0,2415.0,2026-05-01
2026,5,3120024,Zona Arqueológica de Cuajilote,404.0,0.0,404.0,2026-05-01
2026,5,3220012,Zona Arqueológica de Cuauhtochco,0.0,0.0,0.0,2026-05-01
2026,5,3120030,Zona Arqueológica de Cuyuxquihui,63.0,0.0,63.0,2026-05-01
2026,5,3110016,Zona Arqueológica de El Tajín,25259.0,152.0,25411.0,2026-05-01
2026,5,3120068,Zona Arqueológica de Las Higueras con museo de sitio,125.0,0.0,125.0,2026-05-01
2026,5,3220014,Zona Arqueológica de Las Limas,83.0,0.0,83.0,2026-05-01
2026,5,3120088,Zona Arqueológica de Quiahuitztlán,3445.0,14.0,3459.0,2026-05-01
2026,5,3120093,Zona Arqueológica de San Lorenzo Tenochtitlan con museo de sitio,519.0,0.0,519.0,2026-05-01
2026,5,3120123,Zona Arqueológica de Vega de la Peña,26.0,0.0,26.0,2026-05-01
2026,6,3120011,Zona Arqueológica de Castillo de Teayo con museo de sitio,109.0,0.0,109.0,2026-06-01
2026,6,3120012,Zona Arqueológica de Cempoala con museo de sitio,1621.0,26.0,1647.0,2026-06-01
2026,6,3120024,Zona Arqueológica de Cuajilote,384.0,0.0,384.0,2026-06-01
2026,6,3220012,Zona Arqueológica de Cuauhtochco,0.0,0.0,0.0,2026-06-01
2026,6,3120030,Zona Arqueológica de Cuyuxquihui,34.0,0.0,34.0,2026-06-01
2026,6,3110016,Zona Arqueológica de El Tajín,16858.0,1259.0,18117.0,2026-06-01
2026,6,3120068,Zona Arqueológica de Las Higueras con museo de sitio,240.0,0.0,240.0,2026-06-01
2026,6,3220014,Zona Arqueológica de Las Limas,254.0,0.0,254.0,2026-06-01
2026,6,3120088,Zona Arqueológica de Quiahuitztlán,1344.0,15.0,1359.0,2026-06-01
2026,6,3120093,Zona Arqueológica de San Lorenzo Tenochtitlan con museo de sitio,362.0,0.0,362.0,2026-06-01
2026,6,3120123,Zona Arqueológica de Vega de la Peña,21.0,0.0,21.0,2026-06-01
2026,7,3120011,Zona Arqueológica de Castillo de Teayo con museo de sitio,212.0,0.0,212.0,2026-07-01
2026,7,3120012,Zona Arqueológica de Cempoala con museo de sitio,2124.0,70.0,2194.0,2026-07-01
2026,7,3120024,Zona Arqueológica de Cuajilote,489.0,0.0,489.0,2026-07-01
2026,7,3220012,Zona Arqueológica de Cuauhtochco,0.0,0.0,0.0,2026-07-01
2026,7,3120030,Zona Arqueológica de Cuyuxquihui,87.0,0.0,87.0,2026-07-01
2026,7,3110016,Zona Arqueológica de El Tajín,23904.0,246.0,24150.0,2026-07-01
2026,7,3120068,Zona Arqueológica de Las Higueras con museo de sitio,185.0,0.0,185.0,2026-07-01
2026,7,3220014,Zona Arqueológica de Las Limas,93.0,0.0,93.0,2026-07-01
2026,7,3120088,Zona Arqueológica de Quiahuitztlán,2490.0,19.0,2509.0,2026-07-01
2026,7,3120093,Zona Arqueológica de San Lorenzo Tenochtitlan con museo de sitio,189.0,0.0,189.0,2026-07-01
2026,7,3120123,Zona Arqueológica de Vega de la Peña,26.0,0.0,26.0,2026-07-01
2026,8,3120011,Zona Arqueológica de Castillo de Teayo con museo de sitio,183.0,0.0,183.0,2026-08-01
2026,8,3120012,Zona Arqueológica de Cempoala con museo de sitio,2561.0,116.0,2677.0,2026-08-01
2026,8,3120024,Zona Arqueológica de Cuajilote,436.0,0.0,436.0,2026-08-01
2026,8,3220012,Zona Arqueológica de Cuauhtochco,0.0,0.0,0.0,2026-08-01
2026,8,3120030,Zona Arqueológica de Cuyuxquihui,137.0,0.0,137.0,2026-08-01
2026,8,3110016,Zona Arqueológica de El Tajín,38802.0,314.0,39116.0,2026-08-01
2026,8,3120068,Zona Arqueológica de Las Higueras con museo de sitio,214.0,0.0,214.0,2026-08-01
2026,8,3220014,Zona Arqueológica de Las Limas,79.0,0.0,79.0,2026-08-01
2026,8,3120088,Zona Arqueológica de Quiahuitztlán,4672.0,13.0,4685.0,2026-08-01
2026,8,3120093,Zona Arqueológica de San Lorenzo Tenochtitlan con museo de sitio,384.0,0.0,384.0,2026-08-01
2026,8,3120123,Zona Arqueológica de Vega de la Peña,0.0,0.0,0.0,2026-08-01
