anio,mes,centro,tipo_centro,subtipo_centro,cuartos_disponibles,cuartos_ocupados,llegadas_total,turistas_noche_total,ocupacion_pct,fecha
2016,1,Acapulco,Centros de Playa,Tradicionales,576797,300902,578858,783691,52.16774705832381,2016-01-01
2016,1,Aguascalientes,Ciudades,Interior,136441,58900,40385,84126,43.168842210186085,2016-01-01
2016,1,Bahías de Huatulco,Centros de Playa,Integralmente Planeados,113150,86309,41866,186124,76.27839151568715,2016-01-01
2016,1,Campeche,Ciudades,Interior,42856,21268,27347,38366,49.62665671084562,2016-01-01
2016,1,Cancún,Centros de Playa,Integralmente Planeados,983113,773995,672296,2330927,78.72899656499304,2016-01-01
2016,1,Celaya,Ciudades,Interior,63953,28756,36564,47897,44.96427063624849,2016-01-01
2016,1,Chihuahua,Ciudades,Interior,123069,50658,40218,67220,41.16227482144163,2016-01-01
2016,1,Ciudad Juárez,Ciudades,Fronterizas,129950,72993,74549,79778,56.17006540977299,2016-01-01
2016,1,Ciudad de México,Ciudades,Grandes,1578213,977937,889555,1738732,61.964829842359684,2016-01-01
2016,1,Coatzacoalcos,Ciudades,Interior,49705,23511,27347,33495,47.30107635046776,2016-01-01
2016,1,Colima,Ciudades,Interior,29295,14918,12585,26742,50.92336576207544,2016-01-01
2016,1,Comitán de Domínguez,Ciudades,Interior,22137,7375,12711,14948,33.315264037584136,2016-01-01
2016,1,Cozumel,Centros de Playa,Tradicionales,133982,83641,48507,170465,62.42704243853652,2016-01-01
2016,1,Culiacán,Ciudades,Interior,76084,28725,38422,50991,37.754324168024816,2016-01-01
2016,1,Durango,Ciudades,Interior,53226,26010,25528,38023,48.86709502874535,2016-01-01
2016,1,El Fuerte,Ciudades,Interior,12245,2327,4648,4648,19.003674969375254,2016-01-01
2016,1,Guadalajara,Ciudades,Grandes,557800,243483,229664,437999,43.65059160989602,2016-01-01
2016,1,Guanajuato,Ciudades,Interior,92411,33120,60116,74907,35.839889190680765,2016-01-01
2016,1,Hermosillo,Ciudades,Interior,85924,37512,34600,69623,43.6571854196732,2016-01-01
2016,1,Irapuato,Ciudades,Interior,53940,26711,27821,41280,49.51983685576567,2016-01-01
2016,1,Isla Mujeres,Centros de Playa,Otros,36208,23476,44754,46801,64.83650022094565,2016-01-01
2016,1,Ixtapa - Zihuatanejo,Centros de Playa,Integralmente Planeados,160924,124391,88281,267812,77.29797917029157,2016-01-01
2016,1,La Paz,Centros de Playa,Tradicionales,82805,28828,22898,44509,34.81432280659381,2016-01-01
2016,1,León,Ciudades,Interior,170217,87353,126423,154849,51.31861094955263,2016-01-01
2016,1,Loreto,Centros de Playa,Integralmente Planeados,27240,6218,6723,12020,22.826725403817914,2016-01-01
2016,1,Los Cabos,Centros de Playa,Integralmente Planeados,418708,287653,127466,638657,68.70014425327436,2016-01-01
2016,1,Los Mochis,Ciudades,Interior,40269,16402,21104,28340,40.731083463706575,2016-01-01
2016,1,Manzanillo,Centros de Playa,Tradicionales,110093,52074,45614,137094,47.3000099915526,2016-01-01
2016,1,Mazatlán,Centros de Playa,Tradicionales,286567,154199,138355,433706,53.809056869772164,2016-01-01
2016,1,Mexicali,Ciudades,Fronterizas,70525,37955,40170,50005,53.817795108117686,2016-01-01
2016,1,Monterrey,Ciudades,Grandes,392539,212673,140119,301813,54.178820448414044,2016-01-01
2016,1,Morelia,Ciudades,Interior,122264,45006,49740,71785,36.81050840803507,2016-01-01
2016,1,Mérida,Ciudades,Interior,190650,110455,95249,180377,57.93600839234199,2016-01-01
2016,1,Nuevo Nayarit,Centros de Playa,Otros,265515,226776,98141,516986,85.40986384950003,2016-01-01
2016,1,Oaxaca,Ciudades,Interior,175436,80908,104891,165853,46.11824254998974,2016-01-01
2016,1,Pachuca,Ciudades,Interior,48143,27287,36220,53394,56.67906029952433,2016-01-01
2016,1,Palenque,Ciudades,Interior,72431,24487,45707,49354,33.80734768262208,2016-01-01
2016,1,Piedras Negras,Ciudades,Fronterizas,27605,11594,17337,20882,41.999637746785005,2016-01-01
2016,1,Playas de Rosarito,Centros de Playa,Otros,69843,17617,39736,44826,25.223716048852427,2016-01-01
2016,1,Puebla,Ciudades,Interior,243905,144986,191197,368400,59.443635841823664,2016-01-01
2016,1,Puerto Escondido,Centros de Playa,Otros,69161,26826,39642,60710,38.787756105319474,2016-01-01
2016,1,Puerto Vallarta,Centros de Playa,Tradicionales,381389,307261,155796,654530,80.5636764563215,2016-01-01
2016,1,Querétaro,Ciudades,Interior,200441,99740,82820,162506,49.76027858571849,2016-01-01
2016,1,Riviera Maya,Centros de Playa,Otros,1149580,936892,323395,1985842,81.4986342838254,2016-01-01
2016,1,Salamanca,Ciudades,Interior,22010,6318,6905,10045,28.705134029986368,2016-01-01
2016,1,San Cristóbal de las Casas,Ciudades,Interior,102794,38701,69759,78287,37.649084576920835,2016-01-01
2016,1,San Felipe,Centros de Playa,Otros,20602,1545,3392,3631,7.499271915348024,2016-01-01
2016,1,San Juan de los Lagos,Ciudades,Interior,101835,20121,72210,72210,19.75843275887465,2016-01-01
2016,1,San Juan del Río,Ciudades,Interior,33295,13649,14338,24805,40.99414326475447,2016-01-01
2016,1,San Luis Potosí,Ciudades,Interior,136798,77430,57478,121451,56.60170470328514,2016-01-01
2016,1,San Miguel de Allende,Ciudades,Interior,58901,25344,31952,51782,43.02813195022156,2016-01-01
2016,1,Taxco,Ciudades,Interior,25748,9623,22536,22536,37.37377660400808,2016-01-01
2016,1,Tecate,Ciudades,Fronterizas,8928,2984,6014,6279,33.422939068100355,2016-01-01
2016,1,Tequisquiapan,Ciudades,Interior,25544,4458,7126,10765,17.452239273410587,2016-01-01
2016,1,Tijuana,Ciudades,Fronterizas,145894,69123,70667,74175,47.37891894114905,2016-01-01
2016,1,Tlaxcala,Ciudades,Interior,18786,4067,5786,7150,21.64910039391036,2016-01-01
2016,1,Toluca,Ciudades,Interior,108419,40665,47703,57966,37.50726348702718,2016-01-01
2016,1,Tonalá Puerto Arista,Centros de Playa,Otros,20026,6534,16248,16558,32.627584140617195,2016-01-01
2016,1,Tuxtla Gutiérrez,Ciudades,Interior,115105,40020,50069,71652,34.768255071456494,2016-01-01
2016,1,Valle de Bravo,Ciudades,Interior,19716,5398,11110,11428,27.378778656928382,2016-01-01
2016,1,Veracruz-Boca del Río,Centros de Playa,Tradicionales,267673,108038,181995,214733,40.36193415099767,2016-01-01
2016,1,Villahermosa,Ciudades,Interior,125589,49227,50420,87277,39.19690418746865,2016-01-01
2016,1,Xalapa,Ciudades,Interior,72871,27106,36511,45553,37.197238956512194,2016-01-01
2016,1,Zacatecas,Ciudades,Interior,93757,38321,42217,68689,40.87268150644752,2016-01-01
2016,2,Acapulco,Centros de Playa,Tradicionales,540056,235566,397132,546571,43.618809901195434,2016-02-01
2016,2,Aguascalientes,Ciudades,Interior,129792,65622,44362,97634,50.55935650887574,2016-02-01
2016,2,Bahías de Huatulco,Centros de Playa,Integralmente Planeados,105850,75459,28962,158762,71.2886159659896,2016-02-01
2016,2,Campeche,Ciudades,Interior,40094,20188,25528,34415,50.351673567117274,2016-02-01
2016,2,Cancún,Centros de Playa,Integralmente Planeados,919263,730280,673009,2157005,79.44190074004936,2016-02-01
2016,2,Celaya,Ciudades,Interior,59827,30568,34729,46449,51.09398766443245,2016-02-01
2016,2,Chihuahua,Ciudades,Interior,115094,60438,44920,83293,52.511859871061915,2016-02-01
2016,2,Ciudad Juárez,Ciudades,Fronterizas,121446,78459,79850,85598,64.60402154043773,2016-02-01
2016,2,Ciudad de México,Ciudades,Grandes,1482130,1011111,863208,1739522,68.22012913846963,2016-02-01
2016,2,Coatzacoalcos,Ciudades,Interior,51762,25149,29156,33566,48.585835168656544,2016-02-01
2016,2,Colima,Ciudades,Interior,27405,11829,10138,21155,43.16365626710454,2016-02-01
2016,2,Comitán de Domínguez,Ciudades,Interior,20735,5690,8870,10330,27.441523993248133,2016-02-01
2016,2,Cozumel,Centros de Playa,Tradicionales,125338,89353,51738,180631,71.28963283282006,2016-02-01
2016,2,Culiacán,Ciudades,Interior,71670,35156,46819,61862,49.05260220454863,2016-02-01
2016,2,Durango,Ciudades,Interior,49805,28942,26737,41527,58.110631462704546,2016-02-01
2016,2,El Fuerte,Ciudades,Interior,11455,2111,3999,4009,18.428633784373638,2016-02-01
2016,2,Guadalajara,Ciudades,Grandes,530509,264389,259673,457806,49.836854794169376,2016-02-01
2016,2,Guanajuato,Ciudades,Interior,86449,25488,42110,51525,29.483279158810397,2016-02-01
2016,2,Hermosillo,Ciudades,Interior,80372,40553,35170,69131,50.456626685910514,2016-02-01
2016,2,Irapuato,Ciudades,Interior,50460,25751,24330,36910,51.03250099088387,2016-02-01
2016,2,Isla Mujeres,Centros de Playa,Otros,33872,25782,52170,54863,76.11596598960793,2016-02-01
2016,2,Ixtapa - Zihuatanejo,Centros de Playa,Integralmente Planeados,150497,119780,82430,251028,79.5896263712898,2016-02-01
2016,2,La Paz,Centros de Playa,Tradicionales,77518,34130,26870,54941,44.02848370700998,2016-02-01
2016,2,León,Ciudades,Interior,159234,79104,113346,138968,49.677832623685894,2016-02-01
2016,2,Loreto,Centros de Playa,Integralmente Planeados,25635,9477,8932,18318,36.968987712112344,2016-02-01
2016,2,Los Cabos,Centros de Playa,Integralmente Planeados,391388,300395,124914,665269,76.75120340940448,2016-02-01
2016,2,Los Mochis,Ciudades,Interior,37672,17938,23814,31928,47.616266723295816,2016-02-01
2016,2,Manzanillo,Centros de Playa,Tradicionales,103472,46128,40685,115199,44.580176279573216,2016-02-01
2016,2,Mazatlán,Centros de Playa,Tradicionales,268525,159831,133234,432041,59.52183223163579,2016-02-01
2016,2,Mexicali,Ciudades,Fronterizas,65975,39778,42093,52019,60.29253505115574,2016-02-01
2016,2,Monterrey,Ciudades,Grandes,372940,243150,172566,343097,65.19815519922776,2016-02-01
2016,2,Morelia,Ciudades,Interior,114370,44612,47473,71166,39.00673253475562,2016-02-01
2016,2,Mérida,Ciudades,Interior,194470,108951,91407,166446,56.024579626677635,2016-02-01
2016,2,Nuevo Nayarit,Centros de Playa,Otros,242845,216927,84812,485266,89.3273487203772,2016-02-01
2016,2,Oaxaca,Ciudades,Interior,164301,68589,82634,131474,41.745941899318936,2016-02-01
2016,2,Pachuca,Ciudades,Interior,45037,18529,24917,34860,41.14172791260519,2016-02-01
2016,2,Palenque,Ciudades,Interior,68005,19639,34759,38185,28.878758914785678,2016-02-01
2016,2,Piedras Negras,Ciudades,Fronterizas,25839,12038,18186,20978,46.588490266651185,2016-02-01
2016,2,Playas de Rosarito,Centros de Playa,Otros,64902,18803,42985,48470,28.971372222735816,2016-02-01
2016,2,Puebla,Ciudades,Interior,227876,147540,186209,347142,64.74573891063561,2016-02-01
2016,2,Puerto Escondido,Centros de Playa,Otros,64235,20522,27072,42490,31.94831478166109,2016-02-01
2016,2,Puerto Vallarta,Centros de Playa,Tradicionales,356808,301985,136835,620136,84.63515392031569,2016-02-01
2016,2,Querétaro,Ciudades,Interior,189742,99314,79862,156067,52.341600699897754,2016-02-01
2016,2,Riviera Maya,Centros de Playa,Otros,1076205,898276,311794,1904654,83.46699745866262,2016-02-01
2016,2,Salamanca,Ciudades,Interior,20580,7372,6493,10163,35.821185617103986,2016-02-01
2016,2,San Cristóbal de las Casas,Ciudades,Interior,96019,31916,50056,58294,33.239254730834524,2016-02-01
2016,2,San Felipe,Centros de Playa,Otros,19134,4563,11106,11604,23.847601128880527,2016-02-01
2016,2,San Juan de los Lagos,Ciudades,Interior,95265,15004,52877,53124,15.749750695428542,2016-02-01
2016,2,San Juan del Río,Ciudades,Interior,31918,12165,13027,20897,38.11329030641018,2016-02-01
2016,2,San Luis Potosí,Ciudades,Interior,133097,84511,61799,122848,63.49579629893987,2016-02-01
2016,2,San Miguel de Allende,Ciudades,Interior,55066,24539,29310,46812,44.56288817055896,2016-02-01
2016,2,Taxco,Ciudades,Interior,24085,8043,17884,17884,33.394228773095286,2016-02-01
2016,2,Tecate,Ciudades,Fronterizas,8352,3269,6565,7042,39.140325670498086,2016-02-01
2016,2,Tequisquiapan,Ciudades,Interior,24687,3254,5366,7283,13.18102645116863,2016-02-01
2016,2,Tijuana,Ciudades,Fronterizas,136525,72916,74090,83389,53.40853323567112,2016-02-01
2016,2,Tlaxcala,Ciudades,Interior,17961,4298,6655,8069,23.929625299259506,2016-02-01
2016,2,Toluca,Ciudades,Interior,101869,53516,56250,70590,52.534136979846664,2016-02-01
2016,2,Tonalá Puerto Arista,Centros de Playa,Otros,18879,4584,10130,10385,24.280947084061655,2016-02-01
2016,2,Tuxtla Gutiérrez,Ciudades,Interior,103226,40474,50371,69546,39.20911398291128,2016-02-01
2016,2,Valle de Bravo,Ciudades,Interior,18705,4464,8902,9091,23.865276663993583,2016-02-01
2016,2,Veracruz-Boca del Río,Centros de Playa,Tradicionales,250825,101511,163332,194116,40.4708462075152,2016-02-01
2016,2,Villahermosa,Ciudades,Interior,121411,48976,41991,77795,40.33901376316808,2016-02-01
2016,2,Xalapa,Ciudades,Interior,67811,22877,29424,37083,33.73641444603383,2016-02-01
2016,2,Zacatecas,Ciudades,Interior,87942,34016,34562,54375,38.680039116690544,2016-02-01
2016,3,Acapulco,Centros de Playa,Tradicionales,576873,293149,601359,783445,50.81690424062142,2016-03-01
2016,3,Aguascalientes,Ciudades,Interior,139714,83527,57342,134320,59.784273587471546,2016-03-01
2016,3,Bahías de Huatulco,Centros de Playa,Integralmente Planeados,113148,81631,44269,185552,72.14533177784848,2016-03-01
2016,3,Campeche,Ciudades,Interior,42842,26591,34721,50470,62.067597217683584,2016-03-01
2016,3,Cancún,Centros de Playa,Integralmente Planeados,970626,814609,832585,2571609,83.9261466311432,2016-03-01
2016,3,Celaya,Ciudades,Interior,63953,31298,38668,49714,48.939064625584415,2016-03-01
2016,3,Chihuahua,Ciudades,Interior,122976,60401,49119,87102,49.11608769190737,2016-03-01
2016,3,Ciudad Juárez,Ciudades,Fronterizas,129954,80392,79314,91806,61.861889591701676,2016-03-01
2016,3,Ciudad de México,Ciudades,Grandes,1584941,1107360,1003594,1964433,69.86758497634928,2016-03-01
2016,3,Coatzacoalcos,Ciudades,Interior,55296,28325,37294,41728,51.224320023148145,2016-03-01
2016,3,Colima,Ciudades,Interior,29295,13980,12447,26330,47.72145417306707,2016-03-01
2016,3,Comitán de Domínguez,Ciudades,Interior,22134,10056,17149,20149,45.43236649498509,2016-03-01
2016,3,Cozumel,Centros de Playa,Tradicionales,133765,94848,62428,205454,70.90644039920757,2016-03-01
2016,3,Culiacán,Ciudades,Interior,76229,32358,42905,57345,42.448412021671544,2016-03-01
2016,3,Durango,Ciudades,Interior,52800,34222,33946,52491,64.81439393939394,2016-03-01
2016,3,El Fuerte,Ciudades,Interior,12245,4887,10497,10504,39.91016741527154,2016-03-01
2016,3,Guadalajara,Ciudades,Grandes,565844,322997,331739,626799,57.08234071581567,2016-03-01
2016,3,Guanajuato,Ciudades,Interior,92402,43739,78543,99686,47.33555550745655,2016-03-01
2016,3,Hermosillo,Ciudades,Interior,85904,47128,43124,86940,54.86124045446079,2016-03-01
2016,3,Irapuato,Ciudades,Interior,53940,28977,28797,43564,53.720800889877644,2016-03-01
2016,3,Isla Mujeres,Centros de Playa,Otros,38719,26763,44326,59068,69.12110333428032,2016-03-01
2016,3,Ixtapa - Zihuatanejo,Centros de Playa,Integralmente Planeados,164944,114244,89368,256895,69.26229508196721,2016-03-01
2016,3,La Paz,Centros de Playa,Tradicionales,82831,39425,31092,66022,47.59691419879031,2016-03-01
2016,3,León,Ciudades,Interior,173805,103269,135528,179059,59.41658755501855,2016-03-01
2016,3,Loreto,Centros de Playa,Integralmente Planeados,27422,13660,13718,29844,49.814017941798554,2016-03-01
2016,3,Los Cabos,Centros de Playa,Integralmente Planeados,418802,330564,150667,814988,78.9308551535093,2016-03-01
2016,3,Los Mochis,Ciudades,Interior,40300,19405,28720,37036,48.15136476426799,2016-03-01
2016,3,Manzanillo,Centros de Playa,Tradicionales,110639,59836,55099,164637,54.08219524760708,2016-03-01
2016,3,Mazatlán,Centros de Playa,Tradicionales,289000,192585,190278,569956,66.63840830449827,2016-03-01
2016,3,Mexicali,Ciudades,Fronterizas,70524,47533,50418,64530,67.39975043956667,2016-03-01
2016,3,Monterrey,Ciudades,Grandes,397731,259938,197166,400081,65.35522752815345,2016-03-01
2016,3,Morelia,Ciudades,Interior,122259,50020,58702,85818,40.91314340866521,2016-03-01
2016,3,Mérida,Ciudades,Interior,207851,144258,121905,225527,69.40452535710678,2016-03-01
2016,3,Nuevo Nayarit,Centros de Playa,Otros,256661,219849,105349,524902,85.6573456816579,2016-03-01
2016,3,Oaxaca,Ciudades,Interior,175643,98723,126831,200155,56.206623662770504,2016-03-01
2016,3,Pachuca,Ciudades,Interior,48143,24559,30236,46924,51.01260827119207,2016-03-01
2016,3,Palenque,Ciudades,Interior,72540,33298,65011,69533,45.902950096498486,2016-03-01
2016,3,Piedras Negras,Ciudades,Fronterizas,27621,13261,21114,24371,48.010571666485646,2016-03-01
2016,3,Playas de Rosarito,Centros de Playa,Otros,69533,24883,60246,70611,35.7858858383789,2016-03-01
2016,3,Puebla,Ciudades,Interior,243598,174245,202630,405450,71.52973341324642,2016-03-01
2016,3,Puerto Escondido,Centros de Playa,Otros,68664,28788,43264,68837,41.92590003495281,2016-03-01
2016,3,Puerto Vallarta,Centros de Playa,Tradicionales,381379,313944,178523,700494,82.31811400208191,2016-03-01
2016,3,Querétaro,Ciudades,Interior,216383,134176,108760,236438,62.00856814075043,2016-03-01
2016,3,Riviera Maya,Centros de Playa,Otros,1165544,967962,358221,2135468,83.04808741669126,2016-03-01
2016,3,Salamanca,Ciudades,Interior,25513,10185,11691,16247,39.920824677615336,2016-03-01
2016,3,San Cristóbal de las Casas,Ciudades,Interior,102587,49378,93685,103380,48.13280435142855,2016-03-01
2016,3,San Felipe,Centros de Playa,Otros,20665,6824,14994,17441,33.02201790466973,2016-03-01
2016,3,San Juan de los Lagos,Ciudades,Interior,101835,23318,84899,85239,22.897824912849217,2016-03-01
2016,3,San Juan del Río,Ciudades,Interior,34227,17610,19536,33213,51.45060916820054,2016-03-01
2016,3,San Luis Potosí,Ciudades,Interior,141937,100148,84273,168394,70.558064493402,2016-03-01
2016,3,San Miguel de Allende,Ciudades,Interior,58718,30879,42151,64741,52.58864402738513,2016-03-01
2016,3,Taxco,Ciudades,Interior,27257,9773,24039,24039,35.85500972227318,2016-03-01
2016,3,Tecate,Ciudades,Fronterizas,8928,3794,7560,8100,42.49551971326165,2016-03-01
2016,3,Tequisquiapan,Ciudades,Interior,28765,9012,12720,20981,31.329741004693204,2016-03-01
2016,3,Tijuana,Ciudades,Fronterizas,145928,79954,81529,87061,54.79003344114906,2016-03-01
2016,3,Tlaxcala,Ciudades,Interior,19239,5885,8537,11110,30.588907947398514,2016-03-01
2016,3,Toluca,Ciudades,Interior,109868,59971,68480,83277,54.584592419994905,2016-03-01
2016,3,Tonalá Puerto Arista,Centros de Playa,Otros,20158,8958,21060,23077,44.43893243377319,2016-03-01
2016,3,Tuxtla Gutiérrez,Ciudades,Interior,107911,47517,63103,91116,44.03350909545829,2016-03-01
2016,3,Valle de Bravo,Ciudades,Interior,19995,5920,13062,13736,29.607401850462615,2016-03-01
2016,3,Veracruz-Boca del Río,Centros de Playa,Tradicionales,267854,140867,237769,291871,52.590963733974476,2016-03-01
2016,3,Villahermosa,Ciudades,Interior,129809,57549,61372,101547,44.33359782449599,2016-03-01
2016,3,Xalapa,Ciudades,Interior,73031,30124,40955,51784,41.24823705001985,2016-03-01
2016,3,Zacatecas,Ciudades,Interior,95098,54777,59865,102355,57.60058045384761,2016-03-01
2016,4,Acapulco,Centros de Playa,Tradicionales,559071,213607,484320,579693,38.20749064072363,2016-04-01
2016,4,Aguascalientes,Ciudades,Interior,136197,87517,63777,141412,64.25765618919654,2016-04-01
2016,4,Bahías de Huatulco,Centros de Playa,Integralmente Planeados,109490,59800,33946,130999,54.616859987213445,2016-04-01
2016,4,Campeche,Ciudades,Interior,41460,19204,22203,32950,46.31934394597202,2016-04-01
2016,4,Cancún,Centros de Playa,Integralmente Planeados,953108,750848,709175,2249566,78.77890018759679,2016-04-01
2016,4,Celaya,Ciudades,Interior,61868,30019,39619,49636,48.521044805068854,2016-04-01
2016,4,Chihuahua,Ciudades,Interior,119099,58496,47123,80377,49.11544177532977,2016-04-01
2016,4,Ciudad Juárez,Ciudades,Fronterizas,126150,85315,87041,91456,67.62980578676179,2016-04-01
2016,4,Ciudad de México,Ciudades,Grandes,1534055,1077216,940816,1797041,70.22016811652776,2016-04-01
2016,4,Coatzacoalcos,Ciudades,Interior,53457,26695,34391,37380,49.93733280954786,2016-04-01
2016,4,Colima,Ciudades,Interior,28350,11660,10749,20401,41.12874779541446,2016-04-01
2016,4,Comitán de Domínguez,Ciudades,Interior,21450,6614,10491,12170,30.834498834498834,2016-04-01
2016,4,Cozumel,Centros de Playa,Tradicionales,130890,73349,47163,152379,56.03865841546337,2016-04-01
2016,4,Culiacán,Ciudades,Interior,73770,35517,44153,62505,48.14558763725091,2016-04-01
2016,4,Durango,Ciudades,Interior,51322,35503,31800,51423,69.17696114726628,2016-04-01
2016,4,El Fuerte,Ciudades,Interior,11400,2977,5932,6153,26.114035087719298,2016-04-01
2016,4,Guadalajara,Ciudades,Grandes,547716,285791,283757,518641,52.178683843451715,2016-04-01
2016,4,Guanajuato,Ciudades,Interior,89410,29079,50897,60616,32.52320769488872,2016-04-01
2016,4,Hermosillo,Ciudades,Interior,83110,50348,44445,90123,60.5799542774636,2016-04-01
2016,4,Irapuato,Ciudades,Interior,52200,29185,28194,43567,55.90996168582375,2016-04-01
2016,4,Isla Mujeres,Centros de Playa,Otros,37470,19959,33470,42341,53.266613290632506,2016-04-01
2016,4,Ixtapa - Zihuatanejo,Centros de Playa,Integralmente Planeados,157413,82998,84966,178434,52.72626784318957,2016-04-01
2016,4,La Paz,Centros de Playa,Tradicionales,80166,36398,30948,61066,45.40328817703266,2016-04-01
2016,4,León,Ciudades,Interior,168450,92337,115136,150946,54.81567230632235,2016-04-01
2016,4,Loreto,Centros de Playa,Integralmente Planeados,26322,7398,8248,15169,28.1057670389788,2016-04-01
2016,4,Los Cabos,Centros de Playa,Integralmente Planeados,405576,286343,125083,644649,70.60156419512003,2016-04-01
2016,4,Los Mochis,Ciudades,Interior,39000,19446,28598,36087,49.86153846153846,2016-04-01
2016,4,Manzanillo,Centros de Playa,Tradicionales,106518,46741,45900,127538,43.88084642971141,2016-04-01
2016,4,Mazatlán,Centros de Playa,Tradicionales,275318,161293,166616,471993,58.584255297510516,2016-04-01
2016,4,Mexicali,Ciudades,Fronterizas,68232,45918,49010,62663,67.29686950404502,2016-04-01
2016,4,Monterrey,Ciudades,Grandes,383688,276520,207273,431220,72.06897270699109,2016-04-01
2016,4,Morelia,Ciudades,Interior,118320,45219,49895,72154,38.21754563894523,2016-04-01
2016,4,Mérida,Ciudades,Interior,201172,122777,107783,192283,61.03085916529139,2016-04-01
2016,4,Nuevo Nayarit,Centros de Playa,Otros,251210,203603,101041,482181,81.04892321165559,2016-04-01
2016,4,Oaxaca,Ciudades,Interior,169775,77207,94968,153497,45.476071270799586,2016-04-01
2016,4,Pachuca,Ciudades,Interior,46590,23166,30377,44307,49.723116548615586,2016-04-01
2016,4,Palenque,Ciudades,Interior,69930,20796,37400,40584,29.738309738309738,2016-04-01
2016,4,Piedras Negras,Ciudades,Fronterizas,26730,15121,22708,26714,56.56939768050879,2016-04-01
2016,4,Playas de Rosarito,Centros de Playa,Otros,67490,23043,57745,70319,34.1428359757001,2016-04-01
2016,4,Puebla,Ciudades,Interior,235646,164256,238444,465703,69.70455683525287,2016-04-01
2016,4,Puerto Escondido,Centros de Playa,Otros,66450,15991,27775,37756,24.064710308502633,2016-04-01
2016,4,Puerto Vallarta,Centros de Playa,Tradicionales,368703,263021,153641,559311,71.33682123552019,2016-04-01
2016,4,Querétaro,Ciudades,Interior,209455,115905,99018,189285,55.3364684538445,2016-04-01
2016,4,Riviera Maya,Centros de Playa,Otros,1128282,946288,344632,2020171,83.8698126886718,2016-04-01
2016,4,Salamanca,Ciudades,Interior,24690,9319,9632,13662,37.74402592142568,2016-04-01
2016,4,San Cristóbal de las Casas,Ciudades,Interior,99474,35116,58340,67480,35.30168687295173,2016-04-01
2016,4,San Felipe,Centros de Playa,Otros,16414,5024,11904,12913,30.60801754599732,2016-04-01
2016,4,San Juan de los Lagos,Ciudades,Interior,98510,11978,40142,40241,12.159171657699726,2016-04-01
2016,4,San Juan del Río,Ciudades,Interior,32902,15704,18007,28550,47.729621299617044,2016-04-01
2016,4,San Luis Potosí,Ciudades,Interior,137410,92857,75031,147021,67.57659558984062,2016-04-01
2016,4,San Miguel de Allende,Ciudades,Interior,56927,22970,31366,45851,40.34992182971174,2016-04-01
2016,4,Taxco,Ciudades,Interior,26400,8278,19080,19080,31.356060606060606,2016-04-01
2016,4,Tecate,Ciudades,Fronterizas,8640,3436,6792,7366,39.76851851851852,2016-04-01
2016,4,Tequisquiapan,Ciudades,Interior,27447,5329,8291,12064,19.415600976427296,2016-04-01
2016,4,Tijuana,Ciudades,Fronterizas,141138,82791,82669,94580,58.659609743655146,2016-04-01
2016,4,Tlaxcala,Ciudades,Interior,18581,5664,8266,10301,30.48275119745977,2016-04-01
2016,4,Toluca,Ciudades,Interior,106196,64619,64374,84469,60.848807864703005,2016-04-01
2016,4,Tonalá Puerto Arista,Centros de Playa,Otros,19535,5206,12302,12535,26.649603276170975,2016-04-01
2016,4,Tuxtla Gutiérrez,Ciudades,Interior,104656,43151,55320,77502,41.23127197676196,2016-04-01
2016,4,Valle de Bravo,Ciudades,Interior,19350,5602,11706,12153,28.95090439276486,2016-04-01
2016,4,Veracruz-Boca del Río,Centros de Playa,Tradicionales,259193,121326,202489,241713,46.809134505947306,2016-04-01
2016,4,Villahermosa,Ciudades,Interior,125651,53611,51877,84619,42.66659238684929,2016-04-01
2016,4,Xalapa,Ciudades,Interior,71100,29292,40551,49599,41.19831223628692,2016-04-01
2016,4,Zacatecas,Ciudades,Interior,92138,44421,48168,78012,48.211378584297464,2016-04-01
2016,5,Acapulco,Centros de Playa,Tradicionales,577734,204931,437664,560061,35.471514572450296,2016-05-01
2016,5,Aguascalientes,Ciudades,Interior,141290,86890,58293,134398,61.49762899002052,2016-05-01
2016,5,Bahías de Huatulco,Centros de Playa,Integralmente Planeados,113770,55963,40582,126805,49.18959303858662,2016-05-01
2016,5,Campeche,Ciudades,Interior,43306,21081,22712,35030,48.67916685909574,2016-05-01
2016,5,Cancún,Centros de Playa,Integralmente Planeados,981508,718424,650307,2086482,73.19593930971526,2016-05-01
2016,5,Celaya,Ciudades,Interior,63943,30176,39585,50291,47.19203040207685,2016-05-01
2016,5,Chihuahua,Ciudades,Interior,123070,65162,52207,85763,52.9471032745592,2016-05-01
2016,5,Ciudad Juárez,Ciudades,Fronterizas,130288,81764,84393,93766,62.756355151664,2016-05-01
2016,5,Ciudad de México,Ciudades,Grandes,1614066,1003739,859329,1730178,62.18698615793902,2016-05-01
2016,5,Coatzacoalcos,Ciudades,Interior,55213,25724,33924,36080,46.590476880444825,2016-05-01
2016,5,Colima,Ciudades,Interior,29295,11409,10390,19370,38.94521249359959,2016-05-01
2016,5,Comitán de Domínguez,Ciudades,Interior,22133,6577,12528,12683,29.715808973026704,2016-05-01
2016,5,Cozumel,Centros de Playa,Tradicionales,135253,70951,43561,146219,52.45798614448478,2016-05-01
2016,5,Culiacán,Ciudades,Interior,76357,38007,49823,67345,49.775397147609254,2016-05-01
2016,5,Durango,Ciudades,Interior,54174,29727,29729,43527,54.873186399379776,2016-05-01
2016,5,El Fuerte,Ciudades,Interior,12245,2919,5830,5830,23.83830134748877,2016-05-01
2016,5,Guadalajara,Ciudades,Grandes,566934,264643,269337,481634,46.679684054934086,2016-05-01
2016,5,Guanajuato,Ciudades,Interior,92442,29071,50072,60067,31.447826745418748,2016-05-01
2016,5,Hermosillo,Ciudades,Interior,85948,55034,48898,95129,64.03174012193419,2016-05-01
2016,5,Irapuato,Ciudades,Interior,53940,28654,25929,41418,53.121987393400076,2016-05-01
2016,5,Isla Mujeres,Centros de Playa,Otros,36208,19612,35241,40997,54.16482545293858,2016-05-01
2016,5,Ixtapa - Zihuatanejo,Centros de Playa,Integralmente Planeados,162902,82137,77969,184974,50.42111207965525,2016-05-01
2016,5,La Paz,Centros de Playa,Tradicionales,82843,33569,28676,56567,40.52122689907415,2016-05-01
2016,5,León,Ciudades,Interior,180640,94684,123647,168224,52.41585473870682,2016-05-01
2016,5,Loreto,Centros de Playa,Integralmente Planeados,27072,6135,7079,11887,22.661790780141843,2016-05-01
2016,5,Los Cabos,Centros de Playa,Integralmente Planeados,418946,268159,128972,596955,64.00801057892903,2016-05-01
2016,5,Los Mochis,Ciudades,Interior,40300,17484,25018,31649,43.38461538461539,2016-05-01
2016,5,Manzanillo,Centros de Playa,Tradicionales,109824,47323,51994,129318,43.08985285547786,2016-05-01
2016,5,Mazatlán,Centros de Playa,Tradicionales,284105,159904,181240,467218,56.28341634254941,2016-05-01
2016,5,Mexicali,Ciudades,Fronterizas,70329,44738,46937,59222,63.6124500561646,2016-05-01
2016,5,Monterrey,Ciudades,Grandes,396564,267216,185092,409292,67.38281841014313,2016-05-01
2016,5,Morelia,Ciudades,Interior,122264,53454,55946,84072,43.720146568082185,2016-05-01
2016,5,Mérida,Ciudades,Interior,205450,117048,93241,177483,56.97152591871502,2016-05-01
2016,5,Nuevo Nayarit,Centros de Playa,Otros,265452,210110,126311,516274,79.15178638699275,2016-05-01
2016,5,Oaxaca,Ciudades,Interior,174203,77368,92386,148575,44.412553170726106,2016-05-01
2016,5,Pachuca,Ciudades,Interior,48098,23896,27646,43157,49.6818994552788,2016-05-01
2016,5,Palenque,Ciudades,Interior,71765,18158,31842,33719,25.30202745070717,2016-05-01
2016,5,Piedras Negras,Ciudades,Fronterizas,27621,14245,22016,25072,51.57307845479888,2016-05-01
2016,5,Playas de Rosarito,Centros de Playa,Otros,46748,17614,44517,54858,37.67861726704886,2016-05-01
2016,5,Puebla,Ciudades,Interior,243172,169286,242118,460068,69.61574523382626,2016-05-01
2016,5,Puerto Escondido,Centros de Playa,Otros,68665,16278,26360,37325,23.706400640792253,2016-05-01
2016,5,Puerto Vallarta,Centros de Playa,Tradicionales,380876,253692,172765,553494,66.60750480471334,2016-05-01
2016,5,Querétaro,Ciudades,Interior,221565,123161,107646,206665,55.58684810326541,2016-05-01
2016,5,Riviera Maya,Centros de Playa,Otros,1165491,953451,363736,2009805,81.80680931899089,2016-05-01
2016,5,Salamanca,Ciudades,Interior,25513,9548,10263,14451,37.424058323207774,2016-05-01
2016,5,San Cristóbal de las Casas,Ciudades,Interior,102716,33380,58483,64896,32.49737139296702,2016-05-01
2016,5,San Felipe,Centros de Playa,Otros,18845,6709,15506,16319,35.60095516052003,2016-05-01
2016,5,San Juan de los Lagos,Ciudades,Interior,101835,11835,40163,40397,11.621741051701282,2016-05-01
2016,5,San Juan del Río,Ciudades,Interior,34684,15805,18594,28463,45.5685618729097,2016-05-01
2016,5,San Luis Potosí,Ciudades,Interior,141660,95940,77346,149867,67.72554002541295,2016-05-01
2016,5,San Miguel de Allende,Ciudades,Interior,58838,21242,31076,41962,36.102518780380024,2016-05-01
2016,5,Taxco,Ciudades,Interior,26966,8212,18786,18786,30.453163242601796,2016-05-01
2016,5,Tecate,Ciudades,Fronterizas,8928,3485,6966,7484,39.034498207885306,2016-05-01
2016,5,Tequisquiapan,Ciudades,Interior,28473,5996,10357,14111,21.058546693358622,2016-05-01
2016,5,Tijuana,Ciudades,Fronterizas,145850,87377,93146,102813,59.9088104216661,2016-05-01
2016,5,Tlaxcala,Ciudades,Interior,19243,6555,8774,11707,34.06433508288728,2016-05-01
2016,5,Toluca,Ciudades,Interior,109534,58151,58465,76203,53.089451677104826,2016-05-01
2016,5,Tonalá Puerto Arista,Centros de Playa,Otros,20244,4277,8966,9280,21.127247579529737,2016-05-01
2016,5,Tuxtla Gutiérrez,Ciudades,Interior,108159,42747,53926,76162,39.52236984439575,2016-05-01
2016,5,Valle de Bravo,Ciudades,Interior,19995,4557,9089,9808,22.790697674418606,2016-05-01
2016,5,Veracruz-Boca del Río,Centros de Playa,Tradicionales,268182,129413,217149,264628,48.255662199551054,2016-05-01
2016,5,Villahermosa,Ciudades,Interior,129749,55822,57869,90957,43.02306761516466,2016-05-01
2016,5,Xalapa,Ciudades,Interior,73227,29056,40114,49702,39.67935324402201,2016-05-01
2016,5,Zacatecas,Ciudades,Interior,95143,50272,48566,89305,52.83835910156291,2016-05-01
2016,6,Acapulco,Centros de Playa,Tradicionales,558781,184338,387211,481302,32.98931066016919,2016-06-01
2016,6,Aguascalientes,Ciudades,Interior,136728,78284,52097,115639,57.25528055701832,2016-06-01
2016,6,Bahías de Huatulco,Centros de Playa,Integralmente Planeados,110100,42338,26523,96825,38.45413260672116,2016-06-01
2016,6,Campeche,Ciudades,Interior,42030,17779,18342,26585,42.30073756840352,2016-06-01
2016,6,Cancún,Centros de Playa,Integralmente Planeados,951407,749657,689372,2358434,78.79456426114166,2016-06-01
2016,6,Celaya,Ciudades,Interior,61890,30450,38288,49579,49.20019389238973,2016-06-01
2016,6,Chihuahua,Ciudades,Interior,119072,63040,49932,84583,52.942757323300185,2016-06-01
2016,6,Ciudad Juárez,Ciudades,Fronterizas,126150,86831,84633,100481,68.8315497423702,2016-06-01
2016,6,Ciudad de México,Ciudades,Grandes,1562753,1006749,882366,1723512,64.42150486993145,2016-06-01
2016,6,Coatzacoalcos,Ciudades,Interior,53520,23714,29274,32539,44.308669656203286,2016-06-01
2016,6,Colima,Ciudades,Interior,28350,12132,10892,21514,42.79365079365079,2016-06-01
2016,6,Comitán de Domínguez,Ciudades,Interior,21450,5045,10011,10285,23.51981351981352,2016-06-01
2016,6,Cozumel,Centros de Playa,Tradicionales,129660,72671,54618,161884,56.047354619774794,2016-06-01
2016,6,Culiacán,Ciudades,Interior,74010,36418,48935,64706,49.20686393730577,2016-06-01
2016,6,Durango,Ciudades,Interior,51360,28419,27832,41241,55.33294392523364,2016-06-01
2016,6,El Fuerte,Ciudades,Interior,11850,2717,5420,5424,22.928270042194093,2016-06-01
2016,6,Guadalajara,Ciudades,Grandes,548821,250932,255856,452202,45.722011366183146,2016-06-01
2016,6,Guanajuato,Ciudades,Interior,89940,31952,56620,70294,35.525906159662,2016-06-01
2016,6,Hermosillo,Ciudades,Interior,83187,44060,41948,74352,52.965006551504445,2016-06-01
2016,6,Irapuato,Ciudades,Interior,52200,27927,25035,39893,53.5,2016-06-01
2016,6,Isla Mujeres,Centros de Playa,Otros,35040,16862,30749,36620,48.12214611872146,2016-06-01
2016,6,Ixtapa - Zihuatanejo,Centros de Playa,Integralmente Planeados,157305,83263,83406,189956,52.93093035822129,2016-06-01
2016,6,La Paz,Centros de Playa,Tradicionales,80181,35378,27117,58885,44.12267245357379,2016-06-01
2016,6,León,Ciudades,Interior,175428,84309,107432,143546,48.05903276557904,2016-06-01
2016,6,Loreto,Centros de Playa,Integralmente Planeados,26338,6460,7355,13550,24.52729895967803,2016-06-01
2016,6,Los Cabos,Centros de Playa,Integralmente Planeados,406652,283728,136485,686701,69.77169668414271,2016-06-01
2016,6,Los Mochis,Ciudades,Interior,38070,17187,23054,30864,45.1457840819543,2016-06-01
2016,6,Manzanillo,Centros de Playa,Tradicionales,106518,49612,54724,138695,46.57616553070842,2016-06-01
2016,6,Mazatlán,Centros de Playa,Tradicionales,278651,192728,223625,592398,69.16465399370539,2016-06-01
2016,6,Mexicali,Ciudades,Fronterizas,68076,42193,44433,55267,61.97925847582114,2016-06-01
2016,6,Monterrey,Ciudades,Grandes,382122,277185,183949,417455,72.53835162592051,2016-06-01
2016,6,Morelia,Ciudades,Interior,118105,47907,54197,78740,40.56305829558444,2016-06-01
2016,6,Mérida,Ciudades,Interior,198830,108191,89520,161574,54.413820851984106,2016-06-01
2016,6,Nuevo Nayarit,Centros de Playa,Otros,251190,204647,127813,513239,81.4709980492854,2016-06-01
2016,6,Oaxaca,Ciudades,Interior,168278,68211,69984,142333,40.5347104196627,2016-06-01
2016,6,Pachuca,Ciudades,Interior,46590,24914,30371,47373,53.47499463404164,2016-06-01
2016,6,Palenque,Ciudades,Interior,69750,16550,29934,31626,23.727598566308245,2016-06-01
2016,6,Piedras Negras,Ciudades,Fronterizas,26730,15463,25682,28530,57.84885895997007,2016-06-01
2016,6,Playas de Rosarito,Centros de Playa,Otros,67590,24215,60718,74978,35.826305666518714,2016-06-01
2016,6,Puebla,Ciudades,Interior,235371,150138,150860,332150,63.78780733395363,2016-06-01
2016,6,Puerto Escondido,Centros de Playa,Otros,66450,10931,15599,24312,16.449962377727616,2016-06-01
2016,6,Puerto Vallarta,Centros de Playa,Tradicionales,368864,244353,176227,558766,66.24474060900495,2016-06-01
2016,6,Querétaro,Ciudades,Interior,214560,123207,102544,199669,57.42309843400447,2016-06-01
2016,6,Riviera Maya,Centros de Playa,Otros,1128013,925056,351634,2027915,82.00756551564565,2016-06-01
2016,6,Salamanca,Ciudades,Interior,24690,9103,12147,14488,36.86917780477926,2016-06-01
2016,6,San Cristóbal de las Casas,Ciudades,Interior,99480,29970,49185,56776,30.126658624849217,2016-06-01
2016,6,San Felipe,Centros de Playa,Otros,16815,4220,11006,11610,25.096639904846864,2016-06-01
2016,6,San Juan de los Lagos,Ciudades,Interior,98550,7509,25094,25144,7.619482496194825,2016-06-01
2016,6,San Juan del Río,Ciudades,Interior,33104,15689,17165,27324,47.39306428226196,2016-06-01
2016,6,San Luis Potosí,Ciudades,Interior,137770,98941,69525,146802,71.81607026203092,2016-06-01
2016,6,San Miguel de Allende,Ciudades,Interior,57360,20845,30126,42833,36.34065550906555,2016-06-01
2016,6,Taxco,Ciudades,Interior,25120,6384,13257,13257,25.414012738853504,2016-06-01
2016,6,Tecate,Ciudades,Fronterizas,8616,3829,7643,8122,44.4405756731662,2016-06-01
2016,6,Tequisquiapan,Ciudades,Interior,27759,4178,7048,9239,15.050974458734105,2016-06-01
2016,6,Tijuana,Ciudades,Fronterizas,141088,87401,93498,112771,61.94786232705829,2016-06-01
2016,6,Tlaxcala,Ciudades,Interior,18577,6374,8516,11610,34.31124508801206,2016-06-01
2016,6,Toluca,Ciudades,Interior,106250,50723,53800,71630,47.739294117647056,2016-06-01
2016,6,Tonalá Puerto Arista,Centros de Playa,Otros,19620,3787,7996,8436,19.301732925586137,2016-06-01
2016,6,Tuxtla Gutiérrez,Ciudades,Interior,104692,40589,51891,73788,38.76991556183854,2016-06-01
2016,6,Valle de Bravo,Ciudades,Interior,19350,4338,9279,9588,22.41860465116279,2016-06-01
2016,6,Veracruz-Boca del Río,Centros de Playa,Tradicionales,259435,113070,195595,227026,43.583171121860964,2016-06-01
2016,6,Villahermosa,Ciudades,Interior,125786,51264,54276,84884,40.75493298141288,2016-06-01
2016,6,Xalapa,Ciudades,Interior,70631,28661,39567,47902,40.57849952570401,2016-06-01
2016,6,Zacatecas,Ciudades,Interior,92181,47298,45874,80403,51.30992286913789,2016-06-01
2016,7,Acapulco,Centros de Playa,Tradicionales,576844,283928,623978,813395,49.220933215912794,2016-07-01
2016,7,Aguascalientes,Ciudades,Interior,141209,87723,60417,136883,62.1228108689956,2016-07-01
2016,7,Bahías de Huatulco,Centros de Playa,Integralmente Planeados,113739,63363,43315,151343,55.70912351963706,2016-07-01
2016,7,Campeche,Ciudades,Interior,43443,24714,31672,44895,56.888336440853536,2016-07-01
2016,7,Cancún,Centros de Playa,Integralmente Planeados,984921,847698,812771,2907568,86.06761354463963,2016-07-01
2016,7,Celaya,Ciudades,Interior,63941,31703,40093,52550,49.58164557951862,2016-07-01
2016,7,Chihuahua,Ciudades,Interior,123065,69034,61516,103654,56.09555925730305,2016-07-01
2016,7,Ciudad Juárez,Ciudades,Fronterizas,130133,85595,85207,100418,65.77501479255838,2016-07-01
2016,7,Ciudad de México,Ciudades,Grandes,1614795,1096964,1045110,1981756,67.9320904511099,2016-07-01
2016,7,Coatzacoalcos,Ciudades,Interior,55283,23763,31888,35319,42.98428088200713,2016-07-01
2016,7,Colima,Ciudades,Interior,29295,13570,12541,24640,46.32189793480116,2016-07-01
2016,7,Comitán de Domínguez,Ciudades,Interior,22163,7267,13059,14741,32.7888823715201,2016-07-01
2016,7,Cozumel,Centros de Playa,Tradicionales,135253,92300,69428,219146,68.24247890989479,2016-07-01
2016,7,Culiacán,Ciudades,Interior,76477,36922,49768,67284,48.27856741242465,2016-07-01
2016,7,Durango,Ciudades,Interior,53196,36674,40237,60222,68.94127377998346,2016-07-01
2016,7,El Fuerte,Ciudades,Interior,12055,5077,10615,10725,42.11530485275819,2016-07-01
2016,7,Guadalajara,Ciudades,Grandes,567657,340561,378724,687042,59.99415139776308,2016-07-01
2016,7,Guanajuato,Ciudades,Interior,92858,58105,111630,139716,62.57403777811282,2016-07-01
2016,7,Hermosillo,Ciudades,Interior,85967,46807,46855,82657,54.44763688392057,2016-07-01
2016,7,Irapuato,Ciudades,Interior,53940,31496,30039,49946,58.39080459770115,2016-07-01
2016,7,Isla Mujeres,Centros de Playa,Otros,36208,21734,39887,48153,60.025408749447635,2016-07-01
2016,7,Ixtapa - Zihuatanejo,Centros de Playa,Integralmente Planeados,165808,113601,107731,289612,68.51358197433176,2016-07-01
2016,7,La Paz,Centros de Playa,Tradicionales,82847,42718,34223,76818,51.56251886006735,2016-07-01
2016,7,León,Ciudades,Interior,182169,112186,149557,208236,61.58347468559415,2016-07-01
2016,7,Loreto,Centros de Playa,Integralmente Planeados,27187,10357,11134,25138,38.09541324897929,2016-07-01
2016,7,Los Cabos,Centros de Playa,Integralmente Planeados,420564,308934,158283,803528,73.45707193197705,2016-07-01
2016,7,Los Mochis,Ciudades,Interior,39467,21342,23309,35853,54.075556794283834,2016-07-01
2016,7,Manzanillo,Centros de Playa,Tradicionales,110083,69483,70735,204471,63.11873767975074,2016-07-01
2016,7,Mazatlán,Centros de Playa,Tradicionales,288940,231358,257404,749151,80.07129507856303,2016-07-01
2016,7,Mexicali,Ciudades,Fronterizas,70339,44248,48098,63831,62.90678002246265,2016-07-01
2016,7,Monterrey,Ciudades,Grandes,395925,269647,199286,456107,68.10557555092505,2016-07-01
2016,7,Morelia,Ciudades,Interior,93744,53388,55925,92613,56.95084485407066,2016-07-01
2016,7,Mérida,Ciudades,Interior,206440,141229,126076,238512,68.41164503003294,2016-07-01
2016,7,Nuevo Nayarit,Centros de Playa,Otros,265484,222838,148405,623664,83.93650841481973,2016-07-01
2016,7,Oaxaca,Ciudades,Interior,174899,72743,77142,174809,41.59143276976998,2016-07-01
2016,7,Pachuca,Ciudades,Interior,48143,28118,36002,58914,58.40516793718713,2016-07-01
2016,7,Palenque,Ciudades,Interior,72075,30897,59993,64817,42.867845993756504,2016-07-01
2016,7,Piedras Negras,Ciudades,Fronterizas,27548,16256,27049,31956,59.0097284739364,2016-07-01
2016,7,Playas de Rosarito,Centros de Playa,Otros,69771,39717,103369,126655,56.9247968353614,2016-07-01
2016,7,Puebla,Ciudades,Interior,243210,172694,210964,398997,71.00612639282924,2016-07-01
2016,7,Puerto Escondido,Centros de Playa,Otros,68665,18839,29219,44878,27.436102818029564,2016-07-01
2016,7,Puerto Vallarta,Centros de Playa,Tradicionales,381306,325177,232941,804514,85.27980152423513,2016-07-01
2016,7,Querétaro,Ciudades,Interior,223718,149213,133748,279070,66.6969130780715,2016-07-01
2016,7,Riviera Maya,Centros de Playa,Otros,1164342,1023164,398054,2352957,87.87486838059608,2016-07-01
2016,7,Salamanca,Ciudades,Interior,25513,10038,11301,15958,39.344647826598205,2016-07-01
2016,7,San Cristóbal de las Casas,Ciudades,Interior,102796,41555,77639,87337,40.42472469745905,2016-07-01
2016,7,San Felipe,Centros de Playa,Otros,16572,7025,17813,19362,42.390779628288676,2016-07-01
2016,7,San Juan de los Lagos,Ciudades,Interior,101835,20978,71304,71567,20.59999018019345,2016-07-01
2016,7,San Juan del Río,Ciudades,Interior,34318,19594,21889,36035,57.09540182994347,2016-07-01
2016,7,San Luis Potosí,Ciudades,Interior,141891,109255,96403,192798,76.99924590002185,2016-07-01
2016,7,San Miguel de Allende,Ciudades,Interior,59272,31504,49977,70504,53.15157241193143,2016-07-01
2016,7,Taxco,Ciudades,Interior,26034,10826,25242,25242,41.58408235384497,2016-07-01
2016,7,Tecate,Ciudades,Fronterizas,8928,4641,9489,9525,51.98252688172043,2016-07-01
2016,7,Tequisquiapan,Ciudades,Interior,28688,8053,13333,19300,28.07097044060234,2016-07-01
2016,7,Tijuana,Ciudades,Fronterizas,145874,102447,105704,118768,70.22978735072734,2016-07-01
2016,7,Tlaxcala,Ciudades,Interior,19161,8323,14615,18020,43.43719012577632,2016-07-01
2016,7,Toluca,Ciudades,Interior,111586,51593,59369,70771,46.23608696431452,2016-07-01
2016,7,Tonalá Puerto Arista,Centros de Playa,Otros,20240,6052,13038,13778,29.90118577075099,2016-07-01
2016,7,Tuxtla Gutiérrez,Ciudades,Interior,108190,40470,53124,75749,37.40641464090951,2016-07-01
2016,7,Valle de Bravo,Ciudades,Interior,19995,6038,12316,13291,30.197549387346836,2016-07-01
2016,7,Veracruz-Boca del Río,Centros de Playa,Tradicionales,268282,152517,271896,333794,56.84950909863502,2016-07-01
2016,7,Villahermosa,Ciudades,Interior,130093,60304,73230,103104,46.354530989369145,2016-07-01
2016,7,Xalapa,Ciudades,Interior,73005,31082,43660,53262,42.57516608451476,2016-07-01
2016,7,Zacatecas,Ciudades,Interior,95910,70100,78859,137634,73.0893546032739,2016-07-01
2016,8,Acapulco,Centros de Playa,Tradicionales,577628,219293,458767,601623,37.964399232724176,2016-08-01
2016,8,Aguascalientes,Ciudades,Interior,141310,78431,53075,117491,55.50279527280447,2016-08-01
2016,8,Bahías de Huatulco,Centros de Playa,Integralmente Planeados,113770,44939,29372,106407,39.49986815504966,2016-08-01
2016,8,Campeche,Ciudades,Interior,43330,24865,29708,42949,57.38518347565197,2016-08-01
2016,8,Cancún,Centros de Playa,Integralmente Planeados,984746,768245,688770,2524435,78.01453369701426,2016-08-01
2016,8,Celaya,Ciudades,Interior,65647,32279,43960,56050,49.170563772906604,2016-08-01
2016,8,Chihuahua,Ciudades,Interior,122964,66331,54546,93441,53.943430597573276,2016-08-01
2016,8,Ciudad Juárez,Ciudades,Fronterizas,130519,77094,77445,89890,59.06726223768187,2016-08-01
2016,8,Ciudad de México,Ciudades,Grandes,1614852,1053121,961279,1792561,65.21470698243554,2016-08-01
2016,8,Coatzacoalcos,Ciudades,Interior,55295,23259,30815,33267,42.06347771046207,2016-08-01
2016,8,Colima,Ciudades,Interior,29295,11983,10538,20557,40.90459122717187,2016-08-01
2016,8,Comitán de Domínguez,Ciudades,Interior,22152,5247,8836,10131,23.6863488624052,2016-08-01
2016,8,Cozumel,Centros de Playa,Tradicionales,130713,71361,64041,181112,54.5936517408368,2016-08-01
2016,8,Culiacán,Ciudades,Interior,76390,36758,45432,64863,48.11886372561854,2016-08-01
2016,8,Durango,Ciudades,Interior,53209,33566,34246,52398,63.08331297336917,2016-08-01
2016,8,El Fuerte,Ciudades,Interior,12200,3924,8100,8166,32.16393442622951,2016-08-01
2016,8,Guadalajara,Ciudades,Grandes,567646,335742,353872,653442,59.14636939219161,2016-08-01
2016,8,Guanajuato,Ciudades,Interior,92898,40884,73625,90144,44.00955887101983,2016-08-01
2016,8,Hermosillo,Ciudades,Interior,85984,45087,41173,78552,52.43649981391887,2016-08-01
2016,8,Irapuato,Ciudades,Interior,53924,28891,30188,44865,53.57725688005341,2016-08-01
2016,8,Isla Mujeres,Centros de Playa,Otros,36208,19284,35271,41823,53.258948298718515,2016-08-01
2016,8,Ixtapa - Zihuatanejo,Centros de Playa,Integralmente Planeados,160304,93583,97933,232860,58.378455933725924,2016-08-01
2016,8,La Paz,Centros de Playa,Tradicionales,82742,35143,28210,60810,42.4729883251553,2016-08-01
2016,8,León,Ciudades,Interior,182593,100187,121411,167535,54.86902564720444,2016-08-01
2016,8,Loreto,Centros de Playa,Integralmente Planeados,27125,7382,8725,16504,27.2147465437788,2016-08-01
2016,8,Los Cabos,Centros de Playa,Integralmente Planeados,420099,256505,125026,660207,61.058226751313384,2016-08-01
2016,8,Los Mochis,Ciudades,Interior,46125,26501,32523,45188,57.454742547425475,2016-08-01
2016,8,Manzanillo,Centros de Playa,Tradicionales,110049,54117,53491,155942,49.175367336368346,2016-08-01
2016,8,Mazatlán,Centros de Playa,Tradicionales,288941,197662,220493,626495,68.40912158537556,2016-08-01
2016,8,Mexicali,Ciudades,Fronterizas,70260,40370,42545,53576,57.458013094221464,2016-08-01
2016,8,Monterrey,Ciudades,Grandes,396631,268935,195473,427068,67.8048362331739,2016-08-01
2016,8,Morelia,Ciudades,Interior,122264,56158,64063,95777,45.931754236733624,2016-08-01
2016,8,Mérida,Ciudades,Interior,205924,124239,110283,204808,60.33245274955809,2016-08-01
2016,8,Nuevo Nayarit,Centros de Playa,Otros,265481,192795,114685,513227,72.62101619324923,2016-08-01
2016,8,Oaxaca,Ciudades,Interior,175340,65204,67866,139402,37.187179194707426,2016-08-01
2016,8,Pachuca,Ciudades,Interior,48143,27104,33461,52469,56.298942733107616,2016-08-01
2016,8,Palenque,Ciudades,Interior,71781,25788,47423,50717,35.9259414051072,2016-08-01
2016,8,Piedras Negras,Ciudades,Fronterizas,27621,13659,21678,24470,49.45150429021397,2016-08-01
2016,8,Playas de Rosarito,Centros de Playa,Otros,69843,30007,77885,97170,42.96350385865441,2016-08-01
2016,8,Puebla,Ciudades,Interior,243245,174863,226311,392435,71.88760303397808,2016-08-01
2016,8,Puerto Escondido,Centros de Playa,Otros,68665,16749,28035,39161,24.392339619893686,2016-08-01
2016,8,Puerto Vallarta,Centros de Playa,Tradicionales,381224,252495,176522,599617,66.23271357522087,2016-08-01
2016,8,Querétaro,Ciudades,Interior,223522,136279,114124,231629,60.96894265441433,2016-08-01
2016,8,Riviera Maya,Centros de Playa,Otros,1164143,936166,346722,2124469,80.41675292468365,2016-08-01
2016,8,Salamanca,Ciudades,Interior,25513,9886,9904,15115,38.74887312350566,2016-08-01
2016,8,San Cristóbal de las Casas,Ciudades,Interior,102238,34815,61072,69453,34.05289618341517,2016-08-01
2016,8,San Felipe,Centros de Playa,Otros,17215,4392,10718,11772,25.512634330525703,2016-08-01
2016,8,San Juan de los Lagos,Ciudades,Interior,101835,25721,92642,93074,25.257524426768793,2016-08-01
2016,8,San Juan del Río,Ciudades,Interior,34529,16859,17746,30585,48.82562483709346,2016-08-01
2016,8,San Luis Potosí,Ciudades,Interior,142002,107003,84367,173550,75.3531640399431,2016-08-01
2016,8,San Miguel de Allende,Ciudades,Interior,61256,27372,39920,57430,44.68460232467024,2016-08-01
2016,8,Taxco,Ciudades,Interior,25645,7879,18182,18240,30.723337882628194,2016-08-01
2016,8,Tecate,Ciudades,Fronterizas,8804,3775,7527,7914,42.87823716492503,2016-08-01
2016,8,Tequisquiapan,Ciudades,Interior,28470,6604,10643,15280,23.19634703196347,2016-08-01
2016,8,Tijuana,Ciudades,Fronterizas,145820,92452,97186,110134,63.401453847208884,2016-08-01
2016,8,Tlaxcala,Ciudades,Interior,19165,6530,9820,12465,34.07252804591704,2016-08-01
2016,8,Toluca,Ciudades,Interior,118513,59608,68716,88976,50.296591935061976,2016-08-01
2016,8,Tonalá Puerto Arista,Centros de Playa,Otros,20258,5102,11526,11994,25.18511205449699,2016-08-01
2016,8,Tuxtla Gutiérrez,Ciudades,Interior,108170,38143,46618,67442,35.26208745493205,2016-08-01
2016,8,Valle de Bravo,Ciudades,Interior,19995,5582,11651,11975,27.916979244811202,2016-08-01
2016,8,Veracruz-Boca del Río,Centros de Playa,Tradicionales,268102,130999,226503,279267,48.86162729110563,2016-08-01
2016,8,Villahermosa,Ciudades,Interior,129992,54342,59807,86532,41.80411102221675,2016-08-01
2016,8,Xalapa,Ciudades,Interior,73005,28242,39020,48253,38.6850215738648,2016-08-01
2016,8,Zacatecas,Ciudades,Interior,96093,62502,61930,117677,65.04323936186819,2016-08-01
2016,9,Acapulco,Centros de Playa,Tradicionales,550731,151369,302051,387505,27.485106158905165,2016-09-01
2016,9,Aguascalientes,Ciudades,Interior,136800,75507,48236,109875,55.19517543859649,2016-09-01
2016,9,Bahías de Huatulco,Centros de Playa,Integralmente Planeados,109336,39146,26228,84022,35.803395039145386,2016-09-01
2016,9,Campeche,Ciudades,Interior,42013,19935,22148,33610,47.44959893366339,2016-09-01
2016,9,Cancún,Centros de Playa,Integralmente Planeados,941803,600152,509063,1570694,63.72372990954584,2016-09-01
2016,9,Celaya,Ciudades,Interior,63458,31526,40787,51725,49.68010337546094,2016-09-01
2016,9,Chihuahua,Ciudades,Interior,119082,66246,53927,92696,55.63057389026049,2016-09-01
2016,9,Ciudad Juárez,Ciudades,Fronterizas,126510,67341,67758,76766,53.22978420678207,2016-09-01
2016,9,Ciudad de México,Ciudades,Grandes,1562745,1026765,957638,1763810,65.70265782325332,2016-09-01
2016,9,Coatzacoalcos,Ciudades,Interior,53403,20027,24951,27434,37.50163848472932,2016-09-01
2016,9,Colima,Ciudades,Interior,28350,10511,9570,17935,37.07583774250441,2016-09-01
2016,9,Comitán de Domínguez,Ciudades,Interior,21210,4734,7563,8566,22.31966053748232,2016-09-01
2016,9,Cozumel,Centros de Playa,Tradicionales,128599,56702,56526,131759,44.09210024961314,2016-09-01
2016,9,Culiacán,Ciudades,Interior,74010,35367,45019,62805,47.78678556951763,2016-09-01
2016,9,Durango,Ciudades,Interior,51330,27854,28504,42262,54.26456263393727,2016-09-01
2016,9,El Fuerte,Ciudades,Interior,11850,2913,6057,6057,24.582278481012658,2016-09-01
2016,9,Guadalajara,Ciudades,Grandes,549667,318175,302498,583483,57.885046764677526,2016-09-01
2016,9,Guanajuato,Ciudades,Interior,89850,34951,62968,75612,38.89927657206455,2016-09-01
2016,9,Hermosillo,Ciudades,Interior,83250,43741,38479,74781,52.54174174174174,2016-09-01
2016,9,Irapuato,Ciudades,Interior,52200,28973,29072,44113,55.50383141762452,2016-09-01
2016,9,Isla Mujeres,Centros de Playa,Otros,37470,13716,20223,27855,36.60528422738191,2016-09-01
2016,9,Ixtapa - Zihuatanejo,Centros de Playa,Integralmente Planeados,153341,64003,62708,142093,41.739000006521415,2016-09-01
2016,9,La Paz,Centros de Playa,Tradicionales,80064,29453,21157,48692,36.78682054356515,2016-09-01
2016,9,León,Ciudades,Interior,177404,101182,109717,161937,57.034790647336024,2016-09-01
2016,9,Loreto,Centros de Playa,Integralmente Planeados,26286,5662,7289,11428,21.53998326105151,2016-09-01
2016,9,Los Cabos,Centros de Playa,Integralmente Planeados,406410,194198,92917,427577,47.78376516325878,2016-09-01
2016,9,Los Mochis,Ciudades,Interior,44743,21263,25276,35275,47.522517488769196,2016-09-01
2016,9,Manzanillo,Centros de Playa,Tradicionales,106419,37399,42017,97086,35.14316052584595,2016-09-01
2016,9,Mazatlán,Centros de Playa,Tradicionales,276978,133524,151513,377806,48.207438857959836,2016-09-01
2016,9,Mexicali,Ciudades,Fronterizas,68160,44228,46828,58585,64.88849765258216,2016-09-01
2016,9,Monterrey,Ciudades,Grandes,403571,272123,188363,407680,67.42877957038539,2016-09-01
2016,9,Morelia,Ciudades,Interior,118320,47079,52290,77523,39.7895537525355,2016-09-01
2016,9,Mérida,Ciudades,Interior,198311,98818,78387,155260,49.829812768832795,2016-09-01
2016,9,Nuevo Nayarit,Centros de Playa,Otros,256950,145504,89472,353329,56.62735940844522,2016-09-01
2016,9,Oaxaca,Ciudades,Interior,168644,60185,62315,123447,35.68760228647328,2016-09-01
2016,9,Pachuca,Ciudades,Interior,46590,25185,32557,49748,54.05666452028332,2016-09-01
2016,9,Palenque,Ciudades,Interior,69630,16580,29417,31701,23.811575470343243,2016-09-01
2016,9,Piedras Negras,Ciudades,Fronterizas,26730,13929,21474,24588,52.10998877665544,2016-09-01
2016,9,Playas de Rosarito,Centros de Playa,Otros,66942,22651,56701,69787,33.8367542051328,2016-09-01
2016,9,Puebla,Ciudades,Interior,235431,153563,162427,317563,65.22632958276523,2016-09-01
2016,9,Puerto Escondido,Centros de Playa,Otros,66450,11467,19353,26507,17.25658389766742,2016-09-01
2016,9,Puerto Vallarta,Centros de Playa,Tradicionales,367662,189593,137971,396706,51.567200308979444,2016-09-01
2016,9,Querétaro,Ciudades,Interior,217925,133975,109267,224921,61.477572559366756,2016-09-01
2016,9,Riviera Maya,Centros de Playa,Otros,1117698,744365,282446,1557394,66.59804347864987,2016-09-01
2016,9,Salamanca,Ciudades,Interior,24690,9334,10117,13295,37.804779262859455,2016-09-01
2016,9,San Cristóbal de las Casas,Ciudades,Interior,99258,29350,50609,56292,29.569404984988616,2016-09-01
2016,9,San Felipe,Centros de Playa,Otros,16431,3736,9116,9563,22.73750836832816,2016-09-01
2016,9,San Juan de los Lagos,Ciudades,Interior,98443,11598,39586,39630,11.7814369736802,2016-09-01
2016,9,San Juan del Río,Ciudades,Interior,33485,17089,18242,31532,51.03479169777512,2016-09-01
2016,9,San Luis Potosí,Ciudades,Interior,140279,97100,72717,154335,69.21919888222756,2016-09-01
2016,9,San Miguel de Allende,Ciudades,Interior,59278,26161,40824,53274,44.132730523971794,2016-09-01
2016,9,Taxco,Ciudades,Interior,26131,7859,17675,17675,30.075389384256248,2016-09-01
2016,9,Tecate,Ciudades,Fronterizas,8640,3285,6688,6961,38.020833333333336,2016-09-01
2016,9,Tequisquiapan,Ciudades,Interior,27496,5605,8918,12869,20.38478324119872,2016-09-01
2016,9,Tijuana,Ciudades,Fronterizas,141128,91951,95891,98245,65.15432798594183,2016-09-01
2016,9,Tlaxcala,Ciudades,Interior,18522,6336,9606,11820,34.207968901846456,2016-09-01
2016,9,Toluca,Ciudades,Interior,114344,50413,56251,70493,44.088889666270205,2016-09-01
2016,9,Tonalá Puerto Arista,Centros de Playa,Otros,20763,4106,8887,9119,19.775562298319127,2016-09-01
2016,9,Tuxtla Gutiérrez,Ciudades,Interior,104640,37979,46377,64374,36.29491590214067,2016-09-01
2016,9,Valle de Bravo,Ciudades,Interior,19350,5067,9938,10977,26.186046511627907,2016-09-01
2016,9,Veracruz-Boca del Río,Centros de Playa,Tradicionales,259460,113884,200463,232585,43.8927002235412,2016-09-01
2016,9,Villahermosa,Ciudades,Interior,125850,50408,51435,78634,40.054032578466426,2016-09-01
2016,9,Xalapa,Ciudades,Interior,70780,28125,37792,46184,39.73580107374965,2016-09-01
2016,9,Zacatecas,Ciudades,Interior,92593,57414,58258,106087,62.00684716987245,2016-09-01
2016,10,Acapulco,Centros de Playa,Tradicionales,566160,169897,352843,434171,30.008654797230466,2016-10-01
2016,10,Aguascalientes,Ciudades,Interior,143316,83950,55708,125501,58.576851154093056,2016-10-01
2016,10,Bahías de Huatulco,Centros de Playa,Integralmente Planeados,113038,47016,30974,100129,41.59309258833313,2016-10-01
2016,10,Campeche,Ciudades,Interior,43307,20842,22795,33704,48.12616897961069,2016-10-01
2016,10,Cancún,Centros de Playa,Integralmente Planeados,973595,629422,597504,1749382,64.64926381092754,2016-10-01
2016,10,Celaya,Ciudades,Interior,65611,35423,46045,57191,53.98942250537257,2016-10-01
2016,10,Chihuahua,Ciudades,Interior,123070,68025,55151,90815,55.273421629966684,2016-10-01
2016,10,Ciudad Juárez,Ciudades,Fronterizas,130724,68572,66057,78019,52.45555521556868,2016-10-01
2016,10,Ciudad de México,Ciudades,Grandes,1628777,1153812,1032157,1922194,70.83916337227257,2016-10-01
2016,10,Coatzacoalcos,Ciudades,Interior,55269,21087,27632,29809,38.153395212506105,2016-10-01
2016,10,Colima,Ciudades,Interior,29295,12542,11105,21355,42.812766683734424,2016-10-01
2016,10,Comitán de Domínguez,Ciudades,Interior,21917,5300,8827,9894,24.182141716475794,2016-10-01
2016,10,Cozumel,Centros de Playa,Tradicionales,133920,56339,52142,128814,42.06914575866189,2016-10-01
2016,10,Culiacán,Ciudades,Interior,76477,36119,44956,63396,47.228578526877364,2016-10-01
2016,10,Durango,Ciudades,Interior,52767,28860,29639,44074,54.69327420546933,2016-10-01
2016,10,El Fuerte,Ciudades,Interior,12245,3728,7504,7525,30.445079624336465,2016-10-01
2016,10,Guadalajara,Ciudades,Grandes,567818,324921,310412,605389,57.22273686286803,2016-10-01
2016,10,Guanajuato,Ciudades,Interior,92943,49988,79835,108268,53.78350171610557,2016-10-01
2016,10,Hermosillo,Ciudades,Interior,86015,55591,48100,92331,64.62942510027321,2016-10-01
2016,10,Irapuato,Ciudades,Interior,53940,31419,32440,49157,58.24805339265851,2016-10-01
2016,10,Isla Mujeres,Centros de Playa,Otros,36208,17341,30085,34824,47.892730888201505,2016-10-01
2016,10,Ixtapa - Zihuatanejo,Centros de Playa,Integralmente Planeados,157996,71976,66652,160564,45.55558368566293,2016-10-01
2016,10,La Paz,Centros de Playa,Tradicionales,75860,31731,22110,50501,41.828368046401266,2016-10-01
2016,10,León,Ciudades,Interior,183830,114549,131877,192972,62.31246260131643,2016-10-01
2016,10,Loreto,Centros de Playa,Integralmente Planeados,27125,6806,7412,13262,25.091244239631337,2016-10-01
2016,10,Los Cabos,Centros de Playa,Integralmente Planeados,420156,262322,119966,584412,62.43442911680423,2016-10-01
2016,10,Los Mochis,Ciudades,Interior,46165,22290,34602,40127,48.28333152821401,2016-10-01
2016,10,Manzanillo,Centros de Playa,Tradicionales,109926,40530,43002,108430,36.870258173680476,2016-10-01
2016,10,Mazatlán,Centros de Playa,Tradicionales,287396,159479,183723,464571,55.49102979860541,2016-10-01
2016,10,Mexicali,Ciudades,Fronterizas,70432,52085,55402,66168,73.95076101771922,2016-10-01
2016,10,Monterrey,Ciudades,Grandes,417009,284885,194769,443210,68.31627135145764,2016-10-01
2016,10,Morelia,Ciudades,Interior,122231,58191,59464,96104,47.60739910497337,2016-10-01
2016,10,Mérida,Ciudades,Interior,206244,131259,99332,196826,63.642578693198345,2016-10-01
2016,10,Nuevo Nayarit,Centros de Playa,Otros,265515,172527,100296,398798,64.97824981639455,2016-10-01
2016,10,Oaxaca,Ciudades,Interior,175390,74638,77872,149410,42.55544785905696,2016-10-01
2016,10,Pachuca,Ciudades,Interior,47957,24642,28722,46492,51.38353107992577,2016-10-01
2016,10,Palenque,Ciudades,Interior,71749,18788,33224,35387,26.185730811579255,2016-10-01
2016,10,Piedras Negras,Ciudades,Fronterizas,27621,14429,21854,26042,52.23923826074364,2016-10-01
2016,10,Playas de Rosarito,Centros de Playa,Otros,69843,22016,55774,68048,31.522128201824092,2016-10-01
2016,10,Puebla,Ciudades,Interior,245373,177846,225957,472468,72.47985719700212,2016-10-01
2016,10,Puerto Escondido,Centros de Playa,Otros,68665,13625,23203,30956,19.84271462899585,2016-10-01
2016,10,Puerto Vallarta,Centros de Playa,Tradicionales,380093,217652,142467,445797,57.262827781621866,2016-10-01
2016,10,Querétaro,Ciudades,Interior,225201,139726,114329,228592,62.04501756208898,2016-10-01
2016,10,Riviera Maya,Centros de Playa,Otros,1151653,818028,312504,1707302,71.03077055328298,2016-10-01
2016,10,Salamanca,Ciudades,Interior,25513,9294,8942,13199,36.428487437776816,2016-10-01
2016,10,San Cristóbal de las Casas,Ciudades,Interior,102734,36961,63496,71292,35.977378472560204,2016-10-01
2016,10,San Felipe,Centros de Playa,Otros,19049,3245,7764,8092,17.035014961415296,2016-10-01
2016,10,San Juan de los Lagos,Ciudades,Interior,101732,18487,64927,65015,18.172256517123422,2016-10-01
2016,10,San Juan del Río,Ciudades,Interior,34478,16671,18907,29712,48.35257265502639,2016-10-01
2016,10,San Luis Potosí,Ciudades,Interior,144886,99228,73864,152289,68.4869483593998,2016-10-01
2016,10,San Miguel de Allende,Ciudades,Interior,61535,25653,37304,51914,41.688469976436174,2016-10-01
2016,10,Taxco,Ciudades,Interior,26820,8156,17981,17981,30.41014168530947,2016-10-01
2016,10,Tecate,Ciudades,Fronterizas,8928,3853,7979,7979,43.15636200716846,2016-10-01
2016,10,Tequisquiapan,Ciudades,Interior,28242,5256,8543,11493,18.61057998725303,2016-10-01
2016,10,Tijuana,Ciudades,Fronterizas,145814,93776,94305,107094,64.31206879997805,2016-10-01
2016,10,Tlaxcala,Ciudades,Interior,19178,6750,9536,12142,35.19657941391177,2016-10-01
2016,10,Toluca,Ciudades,Interior,118513,62970,81159,98406,53.133411524474106,2016-10-01
2016,10,Tonalá Puerto Arista,Centros de Playa,Otros,21669,4313,9325,9525,19.904010337348286,2016-10-01
2016,10,Tuxtla Gutiérrez,Ciudades,Interior,110394,46953,50365,79427,42.53220283711071,2016-10-01
2016,10,Valle de Bravo,Ciudades,Interior,19995,5481,10430,11187,27.41185296324081,2016-10-01
2016,10,Veracruz-Boca del Río,Centros de Playa,Tradicionales,268152,105754,190145,219961,39.43807989498493,2016-10-01
2016,10,Villahermosa,Ciudades,Interior,130278,53337,53994,84305,40.940910974991944,2016-10-01
2016,10,Xalapa,Ciudades,Interior,72957,28932,36655,46612,39.65623586496155,2016-10-01
2016,10,Zacatecas,Ciudades,Interior,95598,49265,46541,85176,51.533504885039434,2016-10-01
2016,11,Acapulco,Centros de Playa,Tradicionales,558543,192195,382534,492903,34.4100633254736,2016-11-01
2016,11,Aguascalientes,Ciudades,Interior,138643,85380,56550,126667,61.582625880859474,2016-11-01
2016,11,Bahías de Huatulco,Centros de Playa,Integralmente Planeados,109380,61225,35934,133042,55.97458401901628,2016-11-01
2016,11,Campeche,Ciudades,Interior,42180,23963,27610,39197,56.81128496917971,2016-11-01
2016,11,Cancún,Centros de Playa,Integralmente Planeados,953004,724633,648359,2059161,76.03672177661375,2016-11-01
2016,11,Celaya,Ciudades,Interior,63375,36894,46284,60377,58.215384615384615,2016-11-01
2016,11,Chihuahua,Ciudades,Interior,119028,62738,51438,90194,52.70860637833115,2016-11-01
2016,11,Ciudad Juárez,Ciudades,Fronterizas,126526,74187,71987,83498,58.63379858685171,2016-11-01
2016,11,Ciudad de México,Ciudades,Grandes,1550059,1128277,1005305,1868692,72.78929382688014,2016-11-01
2016,11,Coatzacoalcos,Ciudades,Interior,53438,19838,25799,28128,37.12339533665182,2016-11-01
2016,11,Colima,Ciudades,Interior,28350,12835,11058,21549,45.27336860670194,2016-11-01
2016,11,Comitán de Domínguez,Ciudades,Interior,21178,5735,8913,10907,27.079988667485125,2016-11-01
2016,11,Cozumel,Centros de Playa,Tradicionales,129600,74315,67042,172971,57.34182098765432,2016-11-01
2016,11,Culiacán,Ciudades,Interior,73986,39191,48589,70765,52.97083231962804,2016-11-01
2016,11,Durango,Ciudades,Interior,51480,27696,28179,41322,53.7995337995338,2016-11-01
2016,11,El Fuerte,Ciudades,Interior,11850,2782,5494,5502,23.476793248945146,2016-11-01
2016,11,Guadalajara,Ciudades,Grandes,548506,329869,333467,631826,60.139542685039,2016-11-01
2016,11,Guanajuato,Ciudades,Interior,89944,42860,74761,92702,47.6518722760829,2016-11-01
2016,11,Hermosillo,Ciudades,Interior,83247,51353,42556,84185,61.687508258555866,2016-11-01
2016,11,Irapuato,Ciudades,Interior,52440,24938,32668,47449,47.55530129672006,2016-11-01
2016,11,Isla Mujeres,Centros de Playa,Otros,35040,19067,31729,36867,54.414954337899545,2016-11-01
2016,11,Ixtapa - Zihuatanejo,Centros de Playa,Integralmente Planeados,153696,84414,73401,186451,54.92270455965022,2016-11-01
2016,11,La Paz,Centros de Playa,Tradicionales,73440,33465,25206,53467,45.56781045751634,2016-11-01
2016,11,León,Ciudades,Interior,178146,106555,130386,180042,59.813299204023664,2016-11-01
2016,11,Loreto,Centros de Playa,Integralmente Planeados,26310,10656,10352,20697,40.50171037628278,2016-11-01
2016,11,Los Cabos,Centros de Playa,Integralmente Planeados,460816,323764,149803,744322,70.25884517898685,2016-11-01
2016,11,Los Mochis,Ciudades,Interior,44532,19527,24416,34173,43.84936674750741,2016-11-01
2016,11,Manzanillo,Centros de Playa,Tradicionales,106380,49199,47495,126271,46.24835495393871,2016-11-01
2016,11,Mazatlán,Centros de Playa,Tradicionales,281570,166560,158237,421966,59.15402919345101,2016-11-01
2016,11,Mexicali,Ciudades,Fronterizas,68073,49183,53031,62418,72.25037827038621,2016-11-01
2016,11,Monterrey,Ciudades,Grandes,404534,273025,189115,427640,67.49123683052599,2016-11-01
2016,11,Morelia,Ciudades,Interior,118266,61118,59996,100715,51.67841983325723,2016-11-01
2016,11,Mérida,Ciudades,Interior,200064,154061,117491,232175,77.00585812539987,2016-11-01
2016,11,Nuevo Nayarit,Centros de Playa,Otros,253008,200314,95418,448401,79.17299057737304,2016-11-01
2016,11,Oaxaca,Ciudades,Interior,168884,79003,90057,144570,46.779446247128206,2016-11-01
2016,11,Pachuca,Ciudades,Interior,46589,27507,29491,52305,59.041833909291896,2016-11-01
2016,11,Palenque,Ciudades,Interior,69630,23032,41416,44258,33.07769639523194,2016-11-01
2016,11,Piedras Negras,Ciudades,Fronterizas,26730,13340,20409,23706,49.906472128694354,2016-11-01
2016,11,Playas de Rosarito,Centros de Playa,Otros,67590,16839,42575,51441,24.913448735019973,2016-11-01
2016,11,Puebla,Ciudades,Interior,259330,192409,243991,475743,74.19465545829638,2016-11-01
2016,11,Puerto Escondido,Centros de Playa,Otros,67920,20962,36107,47735,30.862779740871613,2016-11-01
2016,11,Puerto Vallarta,Centros de Playa,Tradicionales,368989,264244,160568,548570,71.61297491253127,2016-11-01
2016,11,Querétaro,Ciudades,Interior,218155,143757,115984,241556,65.89672480575737,2016-11-01
2016,11,Riviera Maya,Centros de Playa,Otros,1126338,911643,332824,1910206,80.93867027481981,2016-11-01
2016,11,Salamanca,Ciudades,Interior,24690,11413,13308,16581,46.22519238558121,2016-11-01
2016,11,San Cristóbal de las Casas,Ciudades,Interior,99372,40668,70627,79134,40.92500905687719,2016-11-01
2016,11,San Felipe,Centros de Playa,Otros,18470,3266,7271,7761,17.68272874932323,2016-11-01
2016,11,San Juan de los Lagos,Ciudades,Interior,98550,16927,58573,58838,17.17605276509386,2016-11-01
2016,11,San Juan del Río,Ciudades,Interior,33504,16888,17758,29040,50.405921680993316,2016-11-01
2016,11,San Luis Potosí,Ciudades,Interior,144174,103361,77914,166118,71.69184457669205,2016-11-01
2016,11,San Miguel de Allende,Ciudades,Interior,59280,26980,40652,55509,45.51282051282051,2016-11-01
2016,11,Taxco,Ciudades,Interior,26100,9013,20229,20229,34.53256704980843,2016-11-01
2016,11,Tecate,Ciudades,Fronterizas,8520,3819,8065,8065,44.82394366197183,2016-11-01
2016,11,Tequisquiapan,Ciudades,Interior,27654,4824,7791,10697,17.444131047949664,2016-11-01
2016,11,Tijuana,Ciudades,Fronterizas,141151,91183,94672,109049,64.59961318021126,2016-11-01
2016,11,Tlaxcala,Ciudades,Interior,18552,7630,12089,14911,41.1276412246658,2016-11-01
2016,11,Toluca,Ciudades,Interior,114180,71521,92562,116828,62.63881590471186,2016-11-01
2016,11,Tonalá Puerto Arista,Centros de Playa,Otros,20890,4047,8896,9107,19.372905696505505,2016-11-01
2016,11,Tuxtla Gutiérrez,Ciudades,Interior,106290,45842,50681,76908,43.129174898861606,2016-11-01
2016,11,Valle de Bravo,Ciudades,Interior,19350,5986,11191,12821,30.935400516795866,2016-11-01
2016,11,Veracruz-Boca del Río,Centros de Playa,Tradicionales,259350,100029,178525,204379,38.56911509543089,2016-11-01
2016,11,Villahermosa,Ciudades,Interior,126964,54021,58046,83029,42.54828140260231,2016-11-01
2016,11,Xalapa,Ciudades,Interior,70320,27865,37504,45817,39.62599544937429,2016-11-01
2016,11,Zacatecas,Ciudades,Interior,92153,48391,47774,85471,52.51158399618026,2016-11-01
2016,12,Acapulco,Centros de Playa,Tradicionales,578701,292052,627813,823201,50.466821380989494,2016-12-01
2016,12,Aguascalientes,Ciudades,Interior,143155,75215,52842,115896,52.54095211484056,2016-12-01
2016,12,Bahías de Huatulco,Centros de Playa,Integralmente Planeados,113434,77128,41154,173998,67.9937232223143,2016-12-01
2016,12,Campeche,Ciudades,Interior,43586,22618,29228,41514,51.89280961776717,2016-12-01
2016,12,Cancún,Centros de Playa,Integralmente Planeados,978302,784945,702215,2380115,80.23544876735404,2016-12-01
2016,12,Celaya,Ciudades,Interior,65927,31628,42562,53570,47.974274576425444,2016-12-01
2016,12,Chihuahua,Ciudades,Interior,123070,57738,51967,89150,46.914763955472495,2016-12-01
2016,12,Ciudad Juárez,Ciudades,Fronterizas,130727,71557,70218,84262,54.73773589235583,2016-12-01
2016,12,Ciudad de México,Ciudades,Grandes,1624753,996385,1010982,1794458,61.32532144886023,2016-12-01
2016,12,Coatzacoalcos,Ciudades,Interior,55027,17979,25770,28196,32.67305141112545,2016-12-01
2016,12,Colima,Ciudades,Interior,29295,13739,12728,25523,46.89878818911077,2016-12-01
2016,12,Comitán de Domínguez,Ciudades,Interior,21912,9232,17549,19686,42.13216502373129,2016-12-01
2016,12,Cozumel,Centros de Playa,Tradicionales,133920,83656,90099,205346,62.46714456391876,2016-12-01
2016,12,Culiacán,Ciudades,Interior,76477,32203,42739,59917,42.108084783660445,2016-12-01
2016,12,Durango,Ciudades,Interior,53410,24503,26339,38831,45.877176558696874,2016-12-01
2016,12,El Fuerte,Ciudades,Interior,12245,3554,7103,7109,29.02409146590445,2016-12-01
2016,12,Guadalajara,Ciudades,Grandes,568334,292848,317805,570539,51.52744688862535,2016-12-01
2016,12,Guanajuato,Ciudades,Interior,92969,40709,76791,95781,43.78771418429799,2016-12-01
2016,12,Hermosillo,Ciudades,Interior,86023,41694,45278,74664,48.46843286097904,2016-12-01
2016,12,Irapuato,Ciudades,Interior,68386,36186,37104,51330,52.914339192232326,2016-12-01
2016,12,Isla Mujeres,Centros de Playa,Otros,36122,21771,37772,44710,60.27074912795526,2016-12-01
2016,12,Ixtapa - Zihuatanejo,Centros de Playa,Integralmente Planeados,161517,114217,94571,260273,70.71515691846679,2016-12-01
2016,12,La Paz,Centros de Playa,Tradicionales,79399,32010,25250,53307,40.31536921119913,2016-12-01
2016,12,León,Ciudades,Interior,184329,79876,115393,148257,43.33338758415659,2016-12-01
2016,12,Loreto,Centros de Playa,Integralmente Planeados,26691,9008,10251,18600,33.74920385148552,2016-12-01
2016,12,Los Cabos,Centros de Playa,Integralmente Planeados,477692,339661,161285,821530,71.10460296592784,2016-12-01
2016,12,Los Mochis,Ciudades,Interior,46095,22513,39668,43685,48.84043822540406,2016-12-01
2016,12,Manzanillo,Centros de Playa,Tradicionales,109818,61923,59508,172482,56.38693110419057,2016-12-01
2016,12,Mazatlán,Centros de Playa,Tradicionales,290083,176634,149852,427072,60.89084848129673,2016-12-01
2016,12,Mexicali,Ciudades,Fronterizas,70347,44860,48249,58746,63.76959927217934,2016-12-01
2016,12,Monterrey,Ciudades,Grandes,417949,246732,198955,395308,59.03399697092229,2016-12-01
2016,12,Morelia,Ciudades,Interior,122256,59829,66446,101078,48.937475461327054,2016-12-01
2016,12,Mérida,Ciudades,Interior,205707,141433,132101,234320,68.75458783609697,2016-12-01
2016,12,Nuevo Nayarit,Centros de Playa,Otros,261626,215732,105539,503494,82.45816547285055,2016-12-01
2016,12,Oaxaca,Ciudades,Interior,174530,82580,114371,174584,47.315647739643616,2016-12-01
2016,12,Pachuca,Ciudades,Interior,48113,24852,31737,47332,51.65339928917341,2016-12-01
2016,12,Palenque,Ciudades,Interior,71824,29220,57587,61020,40.68278012920472,2016-12-01
2016,12,Piedras Negras,Ciudades,Fronterizas,27621,11591,18689,22155,41.96444734079142,2016-12-01
2016,12,Playas de Rosarito,Centros de Playa,Otros,69843,14966,37612,45194,21.428060077602623,2016-12-01
2016,12,Puebla,Ciudades,Interior,268059,172005,199240,402648,64.16684386646223,2016-12-01
2016,12,Puerto Escondido,Centros de Playa,Otros,70797,28314,51672,72698,39.99322005169711,2016-12-01
2016,12,Puerto Vallarta,Centros de Playa,Tradicionales,381403,300123,191772,662572,78.68920800308335,2016-12-01
2016,12,Querétaro,Ciudades,Interior,225673,131301,117010,234696,58.181971259299964,2016-12-01
2016,12,Riviera Maya,Centros de Playa,Otros,1171164,944480,349310,2050231,80.64455533127726,2016-12-01
2016,12,Salamanca,Ciudades,Interior,25513,9180,9923,14464,35.98165641045741,2016-12-01
2016,12,San Cristóbal de las Casas,Ciudades,Interior,102750,51561,100629,111197,50.18102189781022,2016-12-01
2016,12,San Felipe,Centros de Playa,Otros,18917,1444,3402,3484,7.633345667917746,2016-12-01
2016,12,San Juan de los Lagos,Ciudades,Interior,101835,31013,112365,112517,30.45416605292876,2016-12-01
2016,12,San Juan del Río,Ciudades,Interior,34607,16230,19471,31037,46.89802641084174,2016-12-01
2016,12,San Luis Potosí,Ciudades,Interior,148907,94517,84388,166196,63.47384609185599,2016-12-01
2016,12,San Miguel de Allende,Ciudades,Interior,61406,29507,43505,63305,48.05230759209198,2016-12-01
2016,12,Taxco,Ciudades,Interior,26012,10441,24897,24897,40.13916653852068,2016-12-01
2016,12,Tecate,Ciudades,Fronterizas,8928,4080,8740,8740,45.69892473118279,2016-12-01
2016,12,Tequisquiapan,Ciudades,Interior,28693,7301,11171,16874,25.44523054403513,2016-12-01
2016,12,Tijuana,Ciudades,Fronterizas,147443,72731,79227,87963,49.32821497120921,2016-12-01
2016,12,Tlaxcala,Ciudades,Interior,19460,6484,10625,12929,33.31963001027749,2016-12-01
2016,12,Toluca,Ciudades,Interior,122729,53281,67172,83279,43.41353714281058,2016-12-01
2016,12,Tonalá Puerto Arista,Centros de Playa,Otros,21596,8181,20229,20966,37.88201518799778,2016-12-01
2016,12,Tuxtla Gutiérrez,Ciudades,Interior,109662,46859,60382,90135,42.73038974302858,2016-12-01
2016,12,Valle de Bravo,Ciudades,Interior,19995,6301,13907,14782,31.51287821955489,2016-12-01
2016,12,Veracruz-Boca del Río,Centros de Playa,Tradicionales,268232,116155,209833,253023,43.303930925467505,2016-12-01
2016,12,Villahermosa,Ciudades,Interior,130914,57790,75952,105631,44.143483508257326,2016-12-01
2016,12,Xalapa,Ciudades,Interior,72757,28262,39744,48334,38.844372362796705,2016-12-01
2016,12,Zacatecas,Ciudades,Interior,95055,49342,57091,95353,51.908894850349796,2016-12-01
2017,1,Acapulco,Centros de Playa,Tradicionales,577328,269246,577938,723225,46.63657400992157,2017-01-01
2017,1,Aguascalientes,Ciudades,Interior,142925,70969,43377,99102,49.65471401084485,2017-01-01
2017,1,Bahías de Huatulco,Centros de Playa,Integralmente Planeados,113894,89181,41747,194335,78.30175426273553,2017-01-01
2017,1,Campeche,Ciudades,Interior,43586,19589,24553,34009,44.943330427201396,2017-01-01
2017,1,Cancún,Centros de Playa,Integralmente Planeados,995326,825879,784202,2456868,82.97572855526732,2017-01-01
2017,1,Celaya,Ciudades,Interior,65959,25522,30001,40413,38.69373398626419,2017-01-01
2017,1,Chihuahua,Ciudades,Interior,118978,46208,36896,65356,38.83743213030981,2017-01-01
2017,1,Ciudad Juárez,Ciudades,Fronterizas,130727,65575,65601,77189,50.16178754197679,2017-01-01
2017,1,Ciudad de México,Ciudades,Grandes,1597078,939395,944168,1681858,58.819606806931155,2017-01-01
2017,1,Coatzacoalcos,Ciudades,Interior,55213,15894,21360,22985,28.786698784706502,2017-01-01
2017,1,Colima,Ciudades,Interior,29295,10975,10200,18850,37.46373101211811,2017-01-01
2017,1,Comitán de Domínguez,Ciudades,Interior,21908,5436,9043,10614,24.812853752054043,2017-01-01
2017,1,Cozumel,Centros de Playa,Tradicionales,134323,86720,64681,176847,64.5607974806995,2017-01-01
2017,1,Culiacán,Ciudades,Interior,77449,32555,41444,57660,42.03411277098478,2017-01-01
2017,1,Durango,Ciudades,Interior,53015,22161,23837,33865,41.80137696878242,2017-01-01
2017,1,El Fuerte,Ciudades,Interior,12189,3392,6869,6869,27.828369841660514,2017-01-01
2017,1,Guadalajara,Ciudades,Grandes,568716,256569,257122,469421,45.11372987572004,2017-01-01
2017,1,Guanajuato,Ciudades,Interior,92969,29177,56693,66379,31.38357947272747,2017-01-01
2017,1,Hermosillo,Ciudades,Interior,86024,39037,41154,66861,45.3791965033014,2017-01-01
2017,1,Irapuato,Ciudades,Interior,68375,29885,43383,53343,43.70749542961609,2017-01-01
2017,1,Isla Mujeres,Centros de Playa,Otros,37572,28033,49354,56580,74.61141275417864,2017-01-01
2017,1,Ixtapa - Zihuatanejo,Centros de Playa,Integralmente Planeados,161503,124384,91590,277557,77.01652600880479,2017-01-01
2017,1,La Paz,Centros de Playa,Tradicionales,77667,28730,23425,46459,36.991257548250864,2017-01-01
2017,1,León,Ciudades,Interior,184078,87625,123416,155549,47.60210345614359,2017-01-01
2017,1,Loreto,Centros de Playa,Integralmente Planeados,27649,7427,7879,15113,26.861730984845746,2017-01-01
2017,1,Los Cabos,Centros de Playa,Integralmente Planeados,516216,405942,166159,936510,78.63801199497884,2017-01-01
2017,1,Los Mochis,Ciudades,Interior,41447,21607,25857,34094,52.13163799551234,2017-01-01
2017,1,Manzanillo,Centros de Playa,Tradicionales,109865,57044,51652,150594,51.92190415509944,2017-01-01
2017,1,Mazatlán,Centros de Playa,Tradicionales,292425,163821,184544,486160,56.021543985637344,2017-01-01
2017,1,Mexicali,Ciudades,Fronterizas,70339,37704,40486,48338,53.60326419198453,2017-01-01
2017,1,Monterrey,Ciudades,Grandes,416340,212845,163263,309535,51.12288033818514,2017-01-01
2017,1,Morelia,Ciudades,Interior,122264,47240,53426,77107,38.637702021854345,2017-01-01
2017,1,Mérida,Ciudades,Interior,207316,126854,115563,207403,61.18871674159254,2017-01-01
2017,1,Nuevo Nayarit,Centros de Playa,Otros,261880,233308,89211,502883,89.08965938597831,2017-01-01
2017,1,Oaxaca,Ciudades,Interior,174450,66291,86620,128365,38.0,2017-01-01
2017,1,Pachuca,Ciudades,Interior,48143,17143,21856,29690,35.6084996780425,2017-01-01
2017,1,Palenque,Ciudades,Interior,71649,23181,42876,45736,32.35355692333459,2017-01-01
2017,1,Piedras Negras,Ciudades,Fronterizas,26609,10615,17082,19353,39.89251756924349,2017-01-01
2017,1,Playas de Rosarito,Centros de Playa,Otros,69843,12966,32665,39035,18.564494652291568,2017-01-01
2017,1,Puebla,Ciudades,Interior,242995,153111,181544,363188,63.00993847610033,2017-01-01
2017,1,Puerto Escondido,Centros de Playa,Otros,70277,24779,41251,58323,35.25904634517694,2017-01-01
2017,1,Puerto Vallarta,Centros de Playa,Tradicionales,381410,322730,163464,654682,84.6149812537689,2017-01-01
2017,1,Querétaro,Ciudades,Interior,225604,109068,89188,176463,48.34488750199465,2017-01-01
2017,1,Riviera Maya,Centros de Playa,Otros,1266630,1063963,375530,2264366,83.9995105121464,2017-01-01
2017,1,Salamanca,Ciudades,Interior,25463,7465,7949,11233,29.317048266111613,2017-01-01
2017,1,San Cristóbal de las Casas,Ciudades,Interior,102765,36645,63185,73650,35.65902787914173,2017-01-01
2017,1,San Felipe,Centros de Playa,Otros,17200,1148,2382,2451,6.674418604651163,2017-01-01
2017,1,San Juan de los Lagos,Ciudades,Interior,101835,17574,62114,62170,17.257328030637797,2017-01-01
2017,1,San Juan del Río,Ciudades,Interior,34509,12818,14648,23213,37.14393346663189,2017-01-01
2017,1,San Luis Potosí,Ciudades,Interior,147602,87798,74551,140209,59.48293383558488,2017-01-01
2017,1,San Miguel de Allende,Ciudades,Interior,61256,22795,33997,46370,37.212681206738935,2017-01-01
2017,1,Taxco,Ciudades,Interior,26220,8176,17866,17866,31.18230358504958,2017-01-01
2017,1,Tecate,Ciudades,Fronterizas,8928,2853,6077,6077,31.955645161290324,2017-01-01
2017,1,Tequisquiapan,Ciudades,Interior,28733,4241,6822,9476,14.760032018932934,2017-01-01
2017,1,Tijuana,Ciudades,Fronterizas,147598,74509,77100,83617,50.48103632840554,2017-01-01
2017,1,Tlaxcala,Ciudades,Interior,19491,3971,5301,7088,20.37350572058899,2017-01-01
2017,1,Toluca,Ciudades,Interior,125784,55427,64728,79929,44.065222921834255,2017-01-01
2017,1,Tonalá Puerto Arista,Centros de Playa,Otros,21514,6151,15146,15490,28.59068513526076,2017-01-01
2017,1,Tuxtla Gutiérrez,Ciudades,Interior,109802,33136,40969,58793,30.17795668567057,2017-01-01
2017,1,Valle de Bravo,Ciudades,Interior,20119,5109,10456,10981,25.39390625776629,2017-01-01
2017,1,Veracruz-Boca del Río,Centros de Playa,Tradicionales,267989,89537,156704,189130,33.41069969289784,2017-01-01
2017,1,Villahermosa,Ciudades,Interior,131003,48755,59081,84847,37.21670496095509,2017-01-01
2017,1,Xalapa,Ciudades,Interior,73005,23546,31369,38298,32.25258543935347,2017-01-01
2017,1,Zacatecas,Ciudades,Interior,94876,35531,39227,62428,37.44993465154518,2017-01-01
2017,2,Acapulco,Centros de Playa,Tradicionales,519078,222168,440876,561668,42.800503970501545,2017-02-01
2017,2,Aguascalientes,Ciudades,Interior,129294,69930,47891,101572,54.08603647501044,2017-02-01
2017,2,Bahías de Huatulco,Centros de Playa,Integralmente Planeados,102990,81267,35717,173523,78.90766093795514,2017-02-01
2017,2,Campeche,Ciudades,Interior,34300,16766,20791,27677,48.880466472303205,2017-02-01
2017,2,Cancún,Centros de Playa,Integralmente Planeados,896416,745352,760525,2180392,83.1480027130261,2017-02-01
2017,2,Celaya,Ciudades,Interior,59566,25540,36623,43814,42.876808917839035,2017-02-01
2017,2,Chihuahua,Ciudades,Interior,106742,49166,34197,67352,46.060594704989605,2017-02-01
2017,2,Ciudad Juárez,Ciudades,Fronterizas,118042,66080,66104,73703,55.98007488859897,2017-02-01
2017,2,Ciudad de México,Ciudades,Grandes,1442530,1006473,960606,1745505,69.7713739055687,2017-02-01
2017,2,Coatzacoalcos,Ciudades,Interior,49952,17163,22418,24091,34.35898462524023,2017-02-01
2017,2,Colima,Ciudades,Interior,26460,11230,10477,19298,42.44142101284958,2017-02-01
2017,2,Comitán de Domínguez,Ciudades,Interior,19792,4748,7904,8879,23.98949070331447,2017-02-01
2017,2,Cozumel,Centros de Playa,Tradicionales,120288,92963,70375,188946,77.28368582069699,2017-02-01
2017,2,Culiacán,Ciudades,Interior,70000,39314,46187,73028,56.16285714285714,2017-02-01
2017,2,Durango,Ciudades,Interior,47768,21957,22469,32236,45.96591860659856,2017-02-01
2017,2,El Fuerte,Ciudades,Interior,11068,3207,6163,6163,28.975424647632817,2017-02-01
2017,2,Guadalajara,Ciudades,Grandes,509754,267394,265271,483323,52.45549814224116,2017-02-01
2017,2,Guanajuato,Ciudades,Interior,83972,28401,51590,62813,33.821988281808224,2017-02-01
2017,2,Hermosillo,Ciudades,Interior,77629,40633,40763,68897,52.34255239665589,2017-02-01
2017,2,Irapuato,Ciudades,Interior,61768,30308,38420,49579,49.067478305918925,2017-02-01
2017,2,Isla Mujeres,Centros de Playa,Otros,33040,26543,44890,54364,80.3359564164649,2017-02-01
2017,2,Ixtapa - Zihuatanejo,Centros de Playa,Integralmente Planeados,147870,108985,79017,230466,73.70325285723946,2017-02-01
2017,2,La Paz,Centros de Playa,Tradicionales,76312,40199,30775,69105,52.67716741796834,2017-02-01
2017,2,León,Ciudades,Interior,166272,84832,111504,144462,51.02001539645882,2017-02-01
2017,2,Loreto,Centros de Playa,Integralmente Planeados,25004,14758,12954,29033,59.02255639097744,2017-02-01
2017,2,Los Cabos,Centros de Playa,Integralmente Planeados,477738,392716,167940,910065,82.20321598867999,2017-02-01
2017,2,Los Mochis,Ciudades,Interior,41056,20539,22184,31195,50.02679267342167,2017-02-01
2017,2,Manzanillo,Centros de Playa,Tradicionales,96353,47020,47597,120719,48.79972600749328,2017-02-01
2017,2,Mazatlán,Centros de Playa,Tradicionales,263655,167610,178437,459007,63.57171303407863,2017-02-01
2017,2,Mexicali,Ciudades,Fronterizas,63532,39887,43018,48679,62.782534785619845,2017-02-01
2017,2,Monterrey,Ciudades,Grandes,377398,248561,193530,377442,65.86176927275714,2017-02-01
2017,2,Morelia,Ciudades,Interior,110432,46596,49790,75280,42.194291509707334,2017-02-01
2017,2,Mérida,Ciudades,Interior,187438,126508,109296,198560,67.49325110169762,2017-02-01
2017,2,Nuevo Nayarit,Centros de Playa,Otros,268296,242607,87915,530266,90.42512747115127,2017-02-01
2017,2,Oaxaca,Ciudades,Interior,158951,68033,84540,124277,42.80124063390605,2017-02-01
2017,2,Pachuca,Ciudades,Interior,41608,18514,29491,35011,44.49625072101519,2017-02-01
2017,2,Palenque,Ciudades,Interior,64876,20987,38101,40236,32.34940501880511,2017-02-01
2017,2,Piedras Negras,Ciudades,Fronterizas,20888,8816,13749,15389,42.20605132133282,2017-02-01
2017,2,Playas de Rosarito,Centros de Playa,Otros,63084,13489,34028,40782,21.38260097647581,2017-02-01
2017,2,Puebla,Ciudades,Interior,219697,144567,162665,317731,65.80290126856534,2017-02-01
2017,2,Puerto Escondido,Centros de Playa,Otros,63000,20953,35036,47161,33.25873015873016,2017-02-01
2017,2,Puerto Vallarta,Centros de Playa,Tradicionales,340791,301261,143780,601495,88.4005152718235,2017-02-01
2017,2,Querétaro,Ciudades,Interior,203705,114961,95091,182729,56.43504086792175,2017-02-01
2017,2,Riviera Maya,Centros de Playa,Otros,1148742,994477,359378,2105800,86.5709619740551,2017-02-01
2017,2,Salamanca,Ciudades,Interior,23024,7004,7040,10264,30.42043085476025,2017-02-01
2017,2,San Cristóbal de las Casas,Ciudades,Interior,92820,33362,55980,63223,35.94268476621418,2017-02-01
2017,2,San Felipe,Centros de Playa,Otros,16716,2798,6312,6464,16.738454175640104,2017-02-01
2017,2,San Juan de los Lagos,Ciudades,Interior,91980,16697,59778,59995,18.15285931724288,2017-02-01
2017,2,San Juan del Río,Ciudades,Interior,31446,13761,14998,24461,43.760732684602175,2017-02-01
2017,2,San Luis Potosí,Ciudades,Interior,133479,89875,65717,133923,67.33268903722683,2017-02-01
2017,2,San Miguel de Allende,Ciudades,Interior,55322,26877,38015,53216,48.582842268898446,2017-02-01
2017,2,Taxco,Ciudades,Interior,23674,7942,17609,17609,33.547351524879616,2017-02-01
2017,2,Tecate,Ciudades,Fronterizas,8064,2791,5921,5921,34.61061507936508,2017-02-01
2017,2,Tequisquiapan,Ciudades,Interior,25780,4578,7373,10034,17.757951900698217,2017-02-01
2017,2,Tijuana,Ciudades,Fronterizas,133369,80469,80752,85961,60.33561022426501,2017-02-01
2017,2,Tlaxcala,Ciudades,Interior,17628,4638,6120,7965,26.310415248468345,2017-02-01
2017,2,Toluca,Ciudades,Interior,110544,55681,63649,82606,50.36998842090028,2017-02-01
2017,2,Tonalá Puerto Arista,Centros de Playa,Otros,19345,5453,13155,13468,28.188162315843886,2017-02-01
2017,2,Tuxtla Gutiérrez,Ciudades,Interior,99176,36032,42047,60405,36.331370492861176,2017-02-01
2017,2,Valle de Bravo,Ciudades,Interior,18172,5470,11480,11715,30.101254677525866,2017-02-01
2017,2,Veracruz-Boca del Río,Centros de Playa,Tradicionales,242241,97857,178284,197787,40.396547240145146,2017-02-01
2017,2,Villahermosa,Ciudades,Interior,118321,46903,49120,73124,39.640469570067864,2017-02-01
2017,2,Xalapa,Ciudades,Interior,65679,24083,31881,39548,36.66773245634069,2017-02-01
2017,2,Zacatecas,Ciudades,Interior,85604,36933,39022,63227,43.144011962057846,2017-02-01
2017,3,Acapulco,Centros de Playa,Tradicionales,575716,253502,516948,669608,44.032474344989545,2017-03-01
2017,3,Aguascalientes,Ciudades,Interior,143273,86827,58203,129638,60.602486162780146,2017-03-01
2017,3,Bahías de Huatulco,Centros de Playa,Integralmente Planeados,114235,80421,37480,173495,70.3996148290804,2017-03-01
2017,3,Campeche,Ciudades,Interior,37975,21953,25898,35413,57.8090849242923,2017-03-01
2017,3,Cancún,Centros de Playa,Integralmente Planeados,992519,822258,749415,2501304,82.84556769190313,2017-03-01
2017,3,Celaya,Ciudades,Interior,65870,29568,41626,49766,44.8884165781084,2017-03-01
2017,3,Chihuahua,Ciudades,Interior,118195,57982,47974,100025,49.05622065231186,2017-03-01
2017,3,Ciudad Juárez,Ciudades,Fronterizas,130698,78682,80482,83888,60.201380281259084,2017-03-01
2017,3,Ciudad de México,Ciudades,Grandes,1595308,1151161,1055699,1982026,72.15916926386629,2017-03-01
2017,3,Coatzacoalcos,Ciudades,Interior,55304,19194,25496,28299,34.70635035440475,2017-03-01
2017,3,Colima,Ciudades,Interior,29295,12707,10892,21480,43.37600273084144,2017-03-01
2017,3,Comitán de Domínguez,Ciudades,Interior,21914,5964,10256,11660,27.215478689422287,2017-03-01
2017,3,Cozumel,Centros de Playa,Tradicionales,133075,99188,73526,205632,74.53541236145031,2017-03-01
2017,3,Culiacán,Ciudades,Interior,77500,36991,43264,65869,47.73032258064516,2017-03-01
2017,3,Durango,Ciudades,Interior,52901,25466,26852,38321,48.138976578892645,2017-03-01
2017,3,El Fuerte,Ciudades,Interior,12139,2760,5008,5438,22.736633989620234,2017-03-01
2017,3,Guadalajara,Ciudades,Grandes,563890,290921,289955,544611,51.59179981911366,2017-03-01
2017,3,Guanajuato,Ciudades,Interior,92957,34326,62380,75169,36.92675107845563,2017-03-01
2017,3,Hermosillo,Ciudades,Interior,85941,48792,50164,84809,56.77383321115649,2017-03-01
2017,3,Irapuato,Ciudades,Interior,68386,38689,48331,64592,56.57444506185477,2017-03-01
2017,3,Isla Mujeres,Centros de Playa,Otros,36580,26453,44590,55476,72.31547293603062,2017-03-01
2017,3,Ixtapa - Zihuatanejo,Centros de Playa,Integralmente Planeados,160636,109078,84378,240527,67.90383226673971,2017-03-01
2017,3,La Paz,Centros de Playa,Tradicionales,77717,36760,28589,59608,47.29981857251309,2017-03-01
2017,3,León,Ciudades,Interior,184231,111665,152949,194483,60.61140633226764,2017-03-01
2017,3,Loreto,Centros de Playa,Integralmente Planeados,26357,12624,12601,27169,47.89619455932011,2017-03-01
2017,3,Los Cabos,Centros de Playa,Integralmente Planeados,535110,428803,215082,1055604,80.1336173870793,2017-03-01
2017,3,Los Mochis,Ciudades,Interior,49087,23344,29054,37330,47.55637948947786,2017-03-01
2017,3,Manzanillo,Centros de Playa,Tradicionales,109841,53391,53428,139151,48.60753270636648,2017-03-01
2017,3,Mazatlán,Centros de Playa,Tradicionales,291568,178336,197044,499844,61.16446249245459,2017-03-01
2017,3,Mexicali,Ciudades,Fronterizas,70378,50085,53414,65723,71.1657051919634,2017-03-01
2017,3,Monterrey,Ciudades,Grandes,421477,299593,243952,486768,71.08169603560812,2017-03-01
2017,3,Morelia,Ciudades,Interior,122258,49775,55928,82570,40.71308217049191,2017-03-01
2017,3,Mérida,Ciudades,Interior,207805,144794,123163,225046,69.67782295902408,2017-03-01
2017,3,Nuevo Nayarit,Centros de Playa,Otros,297383,248668,108135,585729,83.61876771705175,2017-03-01
2017,3,Oaxaca,Ciudades,Interior,177447,79498,99411,141744,44.80098282867561,2017-03-01
2017,3,Pachuca,Ciudades,Interior,46066,19223,31921,37616,41.72925802110016,2017-03-01
2017,3,Palenque,Ciudades,Interior,71362,24413,44873,47469,34.21008379809983,2017-03-01
2017,3,Piedras Negras,Ciudades,Fronterizas,24118,15385,22875,27763,63.79052989468447,2017-03-01
2017,3,Playas de Rosarito,Centros de Playa,Otros,69843,26996,68074,81600,38.65240611084862,2017-03-01
2017,3,Puebla,Ciudades,Interior,245748,170281,192543,404509,69.29089962074971,2017-03-01
2017,3,Puerto Escondido,Centros de Playa,Otros,69607,22087,35999,49832,31.73100406568305,2017-03-01
2017,3,Puerto Vallarta,Centros de Playa,Tradicionales,387245,320299,172190,672934,82.71223643946338,2017-03-01
2017,3,Querétaro,Ciudades,Interior,225580,139248,116922,227877,61.72887667346396,2017-03-01
2017,3,Riviera Maya,Centros de Playa,Otros,1272234,1075511,380785,2326240,84.53719991762522,2017-03-01
2017,3,Salamanca,Ciudades,Interior,25513,10595,10614,15946,41.52784854779916,2017-03-01
2017,3,San Cristóbal de las Casas,Ciudades,Interior,102369,39107,61423,72914,38.20199474450273,2017-03-01
2017,3,San Felipe,Centros de Playa,Otros,18700,5349,12155,12908,28.60427807486631,2017-03-01
2017,3,San Juan de los Lagos,Ciudades,Interior,101805,17127,60130,60165,16.823338735818478,2017-03-01
2017,3,San Juan del Río,Ciudades,Interior,34614,17849,19172,31409,51.565840411394234,2017-03-01
2017,3,San Luis Potosí,Ciudades,Interior,148814,108500,83038,173506,72.90980687300926,2017-03-01
2017,3,San Miguel de Allende,Ciudades,Interior,61256,30109,42491,60417,49.15273605850855,2017-03-01
2017,3,Taxco,Ciudades,Interior,25918,7768,17544,17544,29.971448414229492,2017-03-01
2017,3,Tecate,Ciudades,Fronterizas,8928,3351,6976,7091,37.53360215053763,2017-03-01
2017,3,Tequisquiapan,Ciudades,Interior,28793,5816,9680,13105,20.199354009655124,2017-03-01
2017,3,Tijuana,Ciudades,Fronterizas,146038,93886,97388,108374,64.28874676454073,2017-03-01
2017,3,Tlaxcala,Ciudades,Interior,19513,8024,11983,15854,41.12130374622047,2017-03-01
2017,3,Toluca,Ciudades,Interior,122016,65275,89637,102604,53.49708234985576,2017-03-01
2017,3,Tonalá Puerto Arista,Centros de Playa,Otros,21442,5923,13876,14113,27.62335603022106,2017-03-01
2017,3,Tuxtla Gutiérrez,Ciudades,Interior,109802,38617,46557,65960,35.169669040636784,2017-03-01
2017,3,Valle de Bravo,Ciudades,Interior,20119,5992,12762,12968,29.78279238530742,2017-03-01
2017,3,Veracruz-Boca del Río,Centros de Playa,Tradicionales,268269,102627,184164,217397,38.25525871420104,2017-03-01
2017,3,Villahermosa,Ciudades,Interior,131237,59533,63822,97656,45.36296928457676,2017-03-01
2017,3,Xalapa,Ciudades,Interior,72972,30772,42115,52970,42.169599298361014,2017-03-01
2017,3,Zacatecas,Ciudades,Interior,94923,47582,51214,85501,50.12694499752431,2017-03-01
2017,4,Acapulco,Centros de Playa,Tradicionales,561637,307708,629421,895544,54.78770095275062,2017-04-01
2017,4,Aguascalientes,Ciudades,Interior,138766,96980,69346,163584,69.88743640373002,2017-04-01
2017,4,Bahías de Huatulco,Centros de Playa,Integralmente Planeados,110550,75942,46140,180110,68.69470827679783,2017-04-01
2017,4,Campeche,Ciudades,Interior,36750,19906,25217,35908,54.16598639455783,2017-04-01
2017,4,Cancún,Centros de Playa,Integralmente Planeados,960757,784448,722106,2055932,81.64894973442816,2017-04-01
2017,4,Celaya,Ciudades,Interior,63857,27259,40041,47181,42.687567533708126,2017-04-01
2017,4,Chihuahua,Ciudades,Interior,114386,62346,70006,115120,54.50492193100554,2017-04-01
2017,4,Ciudad Juárez,Ciudades,Fronterizas,126518,70373,72010,74400,55.622915316397666,2017-04-01
2017,4,Ciudad de México,Ciudades,Grandes,1543805,1022208,924221,1804306,66.21354380896551,2017-04-01
2017,4,Coatzacoalcos,Ciudades,Interior,53517,20548,30210,33064,38.3952762673543,2017-04-01
2017,4,Colima,Ciudades,Interior,28350,13208,12186,23277,46.589065255731924,2017-04-01
2017,4,Comitán de Domínguez,Ciudades,Interior,21218,9383,18502,20700,44.22188707701009,2017-04-01
2017,4,Cozumel,Centros de Playa,Tradicionales,128841,83870,63913,174768,65.09573815788453,2017-04-01
2017,4,Culiacán,Ciudades,Interior,75000,33498,43736,60658,44.664,2017-04-01
2017,4,Durango,Ciudades,Interior,51240,28043,31324,45172,54.72872755659641,2017-04-01
2017,4,El Fuerte,Ciudades,Interior,11806,3736,7294,7680,31.644926308656615,2017-04-01
2017,4,Guadalajara,Ciudades,Grandes,545711,275478,293841,551923,50.48056572068366,2017-04-01
2017,4,Guanajuato,Ciudades,Interior,89947,45876,89004,111311,51.003368650427475,2017-04-01
2017,4,Hermosillo,Ciudades,Interior,83224,43021,48026,81164,51.69302124387196,2017-04-01
2017,4,Irapuato,Ciudades,Interior,66180,35143,45392,59532,53.1021456633424,2017-04-01
2017,4,Isla Mujeres,Centros de Playa,Otros,35264,23156,39720,47792,65.66470054446461,2017-04-01
2017,4,Ixtapa - Zihuatanejo,Centros de Playa,Integralmente Planeados,158849,107280,86291,242921,67.53583591964696,2017-04-01
2017,4,La Paz,Centros de Playa,Tradicionales,75176,40982,31590,70373,54.514738746408426,2017-04-01
2017,4,León,Ciudades,Interior,178289,109716,154604,202062,61.53828895781568,2017-04-01
2017,4,Loreto,Centros de Playa,Integralmente Planeados,26833,15055,16806,33370,56.106287034621545,2017-04-01
2017,4,Los Cabos,Centros de Playa,Integralmente Planeados,577440,431467,204400,1064681,74.72066361873095,2017-04-01
2017,4,Los Mochis,Ciudades,Interior,47654,26523,35737,44829,55.65744743358375,2017-04-01
2017,4,Manzanillo,Centros de Playa,Tradicionales,106225,68435,66785,198807,64.42457048717345,2017-04-01
2017,4,Mazatlán,Centros de Playa,Tradicionales,283303,198658,247267,642676,70.12209542433366,2017-04-01
2017,4,Mexicali,Ciudades,Fronterizas,68070,49001,51086,66740,71.98619068605846,2017-04-01
2017,4,Monterrey,Ciudades,Grandes,408150,267495,221390,466340,65.53840499816243,2017-04-01
2017,4,Morelia,Ciudades,Interior,118291,61601,76212,108681,52.07581303734012,2017-04-01
2017,4,Mérida,Ciudades,Interior,201100,141301,130450,237677,70.26404773744406,2017-04-01
2017,4,Nuevo Nayarit,Centros de Playa,Otros,287790,239838,130682,630368,83.33785051600125,2017-04-01
2017,4,Oaxaca,Ciudades,Interior,171881,89353,124820,190416,51.985385237460804,2017-04-01
2017,4,Pachuca,Ciudades,Interior,44580,19851,46445,49200,44.52893674293405,2017-04-01
2017,4,Palenque,Ciudades,Interior,66720,32199,65130,69319,48.259892086330936,2017-04-01
2017,4,Piedras Negras,Ciudades,Fronterizas,23340,13726,21518,24840,58.808911739502996,2017-04-01
2017,4,Playas de Rosarito,Centros de Playa,Otros,67548,27623,70339,85218,40.89388286847871,2017-04-01
2017,4,Puebla,Ciudades,Interior,236242,171679,214914,418500,72.67082059921606,2017-04-01
2017,4,Puerto Escondido,Centros de Playa,Otros,67780,28850,42672,73655,42.5641782236648,2017-04-01
2017,4,Puerto Vallarta,Centros de Playa,Tradicionales,374722,309724,204364,716300,82.65434108485758,2017-04-01
2017,4,Querétaro,Ciudades,Interior,218331,142532,125109,256313,65.28252973695902,2017-04-01
2017,4,Riviera Maya,Centros de Playa,Otros,1230856,1082073,404850,2368858,87.91223343754265,2017-04-01
2017,4,Salamanca,Ciudades,Interior,24390,10055,10259,15547,41.225912259122595,2017-04-01
2017,4,San Cristóbal de las Casas,Ciudades,Interior,99335,52974,98941,109412,53.32863542558011,2017-04-01
2017,4,San Felipe,Centros de Playa,Otros,9510,4723,11319,13682,49.66351209253418,2017-04-01
2017,4,San Juan de los Lagos,Ciudades,Interior,98542,22497,80420,80445,22.829859349312983,2017-04-01
2017,4,San Juan del Río,Ciudades,Interior,33596,18764,21151,36287,55.85188712942017,2017-04-01
2017,4,San Luis Potosí,Ciudades,Interior,143073,109408,96380,197665,76.47005374878559,2017-04-01
2017,4,San Miguel de Allende,Ciudades,Interior,59307,30869,46714,66302,52.049505117439764,2017-04-01
2017,4,Taxco,Ciudades,Interior,25115,11588,28008,28008,46.1397571172606,2017-04-01
2017,4,Tecate,Ciudades,Fronterizas,8640,3816,7930,7930,44.166666666666664,2017-04-01
2017,4,Tequisquiapan,Ciudades,Interior,27734,9900,14483,23108,35.696257301507174,2017-04-01
2017,4,Tijuana,Ciudades,Fronterizas,141119,85186,88712,93856,60.36465677903046,2017-04-01
2017,4,Tlaxcala,Ciudades,Interior,18798,8251,10209,14059,43.89296733695074,2017-04-01
2017,4,Toluca,Ciudades,Interior,118080,62960,92723,105529,53.31978319783198,2017-04-01
2017,4,Tonalá Puerto Arista,Centros de Playa,Otros,20816,9736,25145,25603,46.771714066102994,2017-04-01
2017,4,Tuxtla Gutiérrez,Ciudades,Interior,106283,45618,58541,86714,42.92125739770236,2017-04-01
2017,4,Valle de Bravo,Ciudades,Interior,19470,7560,16472,18399,38.82896764252696,2017-04-01
2017,4,Veracruz-Boca del Río,Centros de Playa,Tradicionales,259585,132369,233062,295647,50.992545794248514,2017-04-01
2017,4,Villahermosa,Ciudades,Interior,126931,58861,65607,103545,46.3724385689863,2017-04-01
2017,4,Xalapa,Ciudades,Interior,70620,30346,40278,52350,42.970829793259696,2017-04-01
2017,4,Zacatecas,Ciudades,Interior,92381,62569,72260,127104,67.7292949848995,2017-04-01
2017,5,Acapulco,Centros de Playa,Tradicionales,579456,257086,580589,723181,44.3667853987188,2017-05-01
2017,5,Aguascalientes,Ciudades,Interior,143384,83963,55321,122266,58.558137588573345,2017-05-01
2017,5,Bahías de Huatulco,Centros de Playa,Integralmente Planeados,112929,64282,40339,141538,56.92249112274084,2017-05-01
2017,5,Campeche,Ciudades,Interior,43793,17101,20257,28164,39.0496198022515,2017-05-01
2017,5,Cancún,Centros de Playa,Integralmente Planeados,1019314,805371,712158,2011860,79.01108000086333,2017-05-01
2017,5,Celaya,Ciudades,Interior,64285,28168,40472,48143,43.817375748619426,2017-05-01
2017,5,Chihuahua,Ciudades,Interior,118012,63117,73463,123048,53.483544046368166,2017-05-01
2017,5,Ciudad Juárez,Ciudades,Fronterizas,131913,82598,82050,88916,62.615511738797544,2017-05-01
2017,5,Ciudad de México,Ciudades,Grandes,1595327,1019660,946847,1747381,63.91542298224753,2017-05-01
2017,5,Coatzacoalcos,Ciudades,Interior,54912,18608,25019,27292,33.886946386946384,2017-05-01
2017,5,Colima,Ciudades,Interior,29295,12798,11396,21637,43.68663594470046,2017-05-01
2017,5,Comitán de Domínguez,Ciudades,Interior,21917,5935,10856,11825,27.0794360542045,2017-05-01
2017,5,Cozumel,Centros de Playa,Tradicionales,163483,87628,67807,178858,53.600680193047594,2017-05-01
2017,5,Culiacán,Ciudades,Interior,77500,34571,42036,60593,44.60774193548387,2017-05-01
2017,5,Durango,Ciudades,Interior,53322,28292,30231,42837,53.05877498968531,2017-05-01
2017,5,El Fuerte,Ciudades,Interior,11943,1954,3695,3853,16.361048312819225,2017-05-01
2017,5,Guadalajara,Ciudades,Grandes,559321,300987,294362,553114,53.81292674510701,2017-05-01
2017,5,Guanajuato,Ciudades,Interior,92969,33491,61801,74917,36.02383590229001,2017-05-01
2017,5,Hermosillo,Ciudades,Interior,86024,51248,54528,90550,59.5740723519018,2017-05-01
2017,5,Irapuato,Ciudades,Interior,68386,37674,42051,56711,55.090223145088174,2017-05-01
2017,5,Isla Mujeres,Centros de Playa,Otros,48602,28280,47114,57783,58.18690588864656,2017-05-01
2017,5,Ixtapa - Zihuatanejo,Centros de Playa,Integralmente Planeados,194203,112707,101894,259777,58.03566371271299,2017-05-01
2017,5,La Paz,Centros de Playa,Tradicionales,84497,35297,28698,58224,41.77308070108998,2017-05-01
2017,5,León,Ciudades,Interior,183671,105983,141368,177822,57.70263133537684,2017-05-01
2017,5,Loreto,Centros de Playa,Integralmente Planeados,27656,7461,8081,14707,26.977870986404398,2017-05-01
2017,5,Los Cabos,Centros de Playa,Integralmente Planeados,596782,391303,177829,899260,65.56883418065559,2017-05-01
2017,5,Los Mochis,Ciudades,Interior,49493,22074,27695,35145,44.60024649950498,2017-05-01
2017,5,Manzanillo,Centros de Playa,Tradicionales,102269,52216,57791,145586,51.057505206856426,2017-05-01
2017,5,Mazatlán,Centros de Playa,Tradicionales,337260,199264,241673,581074,59.083199905117716,2017-05-01
2017,5,Mexicali,Ciudades,Fronterizas,70387,52346,52636,67029,74.36884651995396,2017-05-01
2017,5,Monterrey,Ciudades,Grandes,421184,313003,238317,525703,74.31502621182192,2017-05-01
2017,5,Morelia,Ciudades,Interior,122264,57216,62248,94427,46.79709481122816,2017-05-01
2017,5,Mérida,Ciudades,Interior,207257,125227,105861,193459,60.421119672676916,2017-05-01
2017,5,Nuevo Nayarit,Centros de Playa,Otros,301382,210383,117968,528782,69.80609326369856,2017-05-01
2017,5,Oaxaca,Ciudades,Interior,177557,61986,78948,112355,34.91047945166904,2017-05-01
2017,5,Pachuca,Ciudades,Interior,46039,16091,32668,36319,34.95080258042095,2017-05-01
2017,5,Palenque,Ciudades,Interior,68944,19466,35973,38593,28.23450916686006,2017-05-01
2017,5,Piedras Negras,Ciudades,Fronterizas,24118,14546,22142,25827,60.31180031511734,2017-05-01
2017,5,Playas de Rosarito,Centros de Playa,Otros,69843,24119,61759,74948,34.53316724653867,2017-05-01
2017,5,Puebla,Ciudades,Interior,244187,165080,217132,390225,67.60392649895367,2017-05-01
2017,5,Puerto Escondido,Centros de Playa,Otros,70095,20074,27532,46644,28.638276624580925,2017-05-01
2017,5,Puerto Vallarta,Centros de Playa,Tradicionales,387032,266716,186504,585460,68.91316480291036,2017-05-01
2017,5,Querétaro,Ciudades,Interior,225492,144734,121523,242272,64.18586912174268,2017-05-01
2017,5,Riviera Maya,Centros de Playa,Otros,1271034,1103709,411554,2324641,86.83552131571618,2017-05-01
2017,5,Salamanca,Ciudades,Interior,25114,9351,9805,14105,37.2342119933105,2017-05-01
2017,5,San Cristóbal de las Casas,Ciudades,Interior,101680,31653,56858,61241,31.130015735641226,2017-05-01
2017,5,San Felipe,Centros de Playa,Otros,17277,4063,9901,10244,23.516814261735256,2017-05-01
2017,5,San Juan de los Lagos,Ciudades,Interior,101785,12959,44342,44382,12.73173846834013,2017-05-01
2017,5,San Juan del Río,Ciudades,Interior,34596,15282,17559,27670,44.172736732570236,2017-05-01
2017,5,San Luis Potosí,Ciudades,Interior,146627,106374,85902,171999,72.54734803276341,2017-05-01
2017,5,San Miguel de Allende,Ciudades,Interior,60946,23481,36511,47435,38.52754897778361,2017-05-01
2017,5,Taxco,Ciudades,Interior,29861,10237,24501,24501,34.28217407320585,2017-05-01
2017,5,Tecate,Ciudades,Fronterizas,8928,3875,8086,8136,43.40277777777778,2017-05-01
2017,5,Tequisquiapan,Ciudades,Interior,28625,6494,9878,14655,22.68646288209607,2017-05-01
2017,5,Tijuana,Ciudades,Fronterizas,146864,88566,92796,104905,60.30477176162981,2017-05-01
2017,5,Tlaxcala,Ciudades,Interior,19527,5334,6713,8670,27.31602396681518,2017-05-01
2017,5,Toluca,Ciudades,Interior,124868,62275,91103,101561,49.87266553480475,2017-05-01
2017,5,Tonalá Puerto Arista,Centros de Playa,Otros,21457,4372,9930,10149,20.375634990912058,2017-05-01
2017,5,Tuxtla Gutiérrez,Ciudades,Interior,109782,36926,43771,64210,33.63575085168789,2017-05-01
2017,5,Valle de Bravo,Ciudades,Interior,20119,4731,10354,10688,23.51508524280531,2017-05-01
2017,5,Veracruz-Boca del Río,Centros de Playa,Tradicionales,268599,118343,214140,249770,44.05935986358847,2017-05-01
2017,5,Villahermosa,Ciudades,Interior,131121,59321,58171,91376,45.2414182320147,2017-05-01
2017,5,Xalapa,Ciudades,Interior,73005,29672,42822,52067,40.64379152112869,2017-05-01
2017,5,Zacatecas,Ciudades,Interior,95231,49478,46780,85685,51.95577070491752,2017-05-01
2017,6,Acapulco,Centros de Playa,Tradicionales,568483,232987,500196,620372,40.98398720806075,2017-06-01
2017,6,Aguascalientes,Ciudades,Interior,138641,79559,50483,112649,57.3849005705383,2017-06-01
2017,6,Bahías de Huatulco,Centros de Playa,Integralmente Planeados,109256,54086,37922,119659,49.50391740499378,2017-06-01
2017,6,Campeche,Ciudades,Interior,36806,16746,18880,27881,45.49801662772374,2017-06-01
2017,6,Cancún,Centros de Playa,Integralmente Planeados,986741,812086,734082,2264462,82.29981322353079,2017-06-01
2017,6,Celaya,Ciudades,Interior,70000,31993,46261,54957,45.70428571428572,2017-06-01
2017,6,Chihuahua,Ciudades,Interior,111386,50395,59923,100728,45.243567414217225,2017-06-01
2017,6,Ciudad Juárez,Ciudades,Fronterizas,132507,81110,80971,90813,61.21186050548273,2017-06-01
2017,6,Ciudad de México,Ciudades,Grandes,1543890,1037493,949794,1769827,67.19993004682976,2017-06-01
2017,6,Coatzacoalcos,Ciudades,Interior,53433,17248,22950,24765,32.27967735294668,2017-06-01
2017,6,Colima,Ciudades,Interior,39720,17957,14311,30263,45.20896273917422,2017-06-01
2017,6,Comitán de Domínguez,Ciudades,Interior,28470,6994,12128,13868,24.5662100456621,2017-06-01
2017,6,Cozumel,Centros de Playa,Tradicionales,157880,93273,69310,191471,59.078413985305296,2017-06-01
2017,6,Culiacán,Ciudades,Interior,74991,34256,40939,59024,45.6801482844608,2017-06-01
2017,6,Durango,Ciudades,Interior,44384,22374,23287,33671,50.41005767844268,2017-06-01
2017,6,El Fuerte,Ciudades,Interior,11790,1748,3317,3540,14.826123833757421,2017-06-01
2017,6,Guadalajara,Ciudades,Grandes,543773,331829,314808,638071,61.02344176706089,2017-06-01
2017,6,Guanajuato,Ciudades,Interior,89580,32820,59995,72047,36.637642330877426,2017-06-01
2017,6,Hermosillo,Ciudades,Interior,83144,44349,46330,76497,53.339988453766956,2017-06-01
2017,6,Irapuato,Ciudades,Interior,69810,40679,43765,59048,58.27102134364704,2017-06-01
2017,6,Isla Mujeres,Centros de Playa,Otros,46950,24327,41608,53100,51.814696485623,2017-06-01
2017,6,Ixtapa - Zihuatanejo,Centros de Playa,Integralmente Planeados,164749,96631,84555,216335,58.65346678887277,2017-06-01
2017,6,La Paz,Centros de Playa,Tradicionales,81818,34678,25355,57897,42.384316409592024,2017-06-01
2017,6,León,Ciudades,Interior,183720,108996,152144,188093,59.327237099934685,2017-06-01
2017,6,Loreto,Centros de Playa,Integralmente Planeados,26819,7209,7908,15692,26.880196875349565,2017-06-01
2017,6,Los Cabos,Centros de Playa,Integralmente Planeados,577521,408436,212907,1028977,70.72227676569337,2017-06-01
2017,6,Los Mochis,Ciudades,Interior,44328,20570,25971,31627,46.40407868615773,2017-06-01
2017,6,Manzanillo,Centros de Playa,Tradicionales,128289,67741,78178,191616,52.80343599217392,2017-06-01
2017,6,Mazatlán,Centros de Playa,Tradicionales,335218,219769,294713,732208,65.56002362641624,2017-06-01
2017,6,Mexicali,Ciudades,Fronterizas,68160,44993,47977,57370,66.01085680751174,2017-06-01
2017,6,Monterrey,Ciudades,Grandes,408186,275392,214508,419394,67.46728207238857,2017-06-01
2017,6,Morelia,Ciudades,Interior,133080,65663,69823,101724,49.340997896002406,2017-06-01
2017,6,Mérida,Ciudades,Interior,200535,120355,102699,187552,60.01695464632109,2017-06-01
2017,6,Nuevo Nayarit,Centros de Playa,Otros,291620,229370,156473,581286,78.65372745353542,2017-06-01
2017,6,Oaxaca,Ciudades,Interior,170603,61717,68267,111713,36.175799956624445,2017-06-01
2017,6,Pachuca,Ciudades,Interior,44580,15430,32039,34366,34.61193360251234,2017-06-01
2017,6,Palenque,Ciudades,Interior,66860,17526,33301,35073,26.212982351181573,2017-06-01
2017,6,Piedras Negras,Ciudades,Fronterizas,23340,12463,19034,22996,53.39760068551843,2017-06-01
2017,6,Playas de Rosarito,Centros de Playa,Otros,67590,26810,67506,81561,39.66563101050451,2017-06-01
2017,6,Puebla,Ciudades,Interior,236310,150269,149138,306488,63.589776141509034,2017-06-01
2017,6,Puerto Escondido,Centros de Playa,Otros,67710,14320,16491,31210,21.149017870329345,2017-06-01
2017,6,Puerto Vallarta,Centros de Playa,Tradicionales,374210,262385,200345,603778,70.11704657812459,2017-06-01
2017,6,Querétaro,Ciudades,Interior,218231,130182,114998,217440,59.65330315124799,2017-06-01
2017,6,Riviera Maya,Centros de Playa,Otros,1243648,1072523,404450,2358277,86.24007757822149,2017-06-01
2017,6,Salamanca,Ciudades,Interior,28140,10212,11024,15975,36.28997867803838,2017-06-01
2017,6,San Cristóbal de las Casas,Ciudades,Interior,81600,26451,46646,51136,32.41544117647059,2017-06-01
2017,6,San Felipe,Centros de Playa,Otros,16543,3696,9539,9896,22.341775977754942,2017-06-01
2017,6,San Juan de los Lagos,Ciudades,Interior,110010,9042,29791,29881,8.219252795200436,2017-06-01
2017,6,San Juan del Río,Ciudades,Interior,33875,15921,18642,28707,46.99926199261993,2017-06-01
2017,6,San Luis Potosí,Ciudades,Interior,143625,103828,84481,162973,72.29103568320278,2017-06-01
2017,6,San Miguel de Allende,Ciudades,Interior,58770,23870,36633,47744,40.61596052407691,2017-06-01
2017,6,Taxco,Ciudades,Interior,29620,8758,18057,18057,29.567859554355167,2017-06-01
2017,6,Tecate,Ciudades,Fronterizas,8640,4359,9094,9094,50.451388888888886,2017-06-01
2017,6,Tequisquiapan,Ciudades,Interior,27806,5970,9373,13350,21.47018629072862,2017-06-01
2017,6,Tijuana,Ciudades,Fronterizas,146030,107478,109608,114584,73.59994521673629,2017-06-01
2017,6,Tlaxcala,Ciudades,Interior,18900,5513,7347,9533,29.16931216931217,2017-06-01
2017,6,Toluca,Ciudades,Interior,111180,55201,81059,89302,49.650116927504946,2017-06-01
2017,6,Tonalá Puerto Arista,Centros de Playa,Otros,20760,3480,7538,7874,16.76300578034682,2017-06-01
2017,6,Tuxtla Gutiérrez,Ciudades,Interior,124886,39972,52387,73084,32.0067901926557,2017-06-01
2017,6,Valle de Bravo,Ciudades,Interior,35709,7585,15120,16523,21.24114368926601,2017-06-01
2017,6,Veracruz-Boca del Río,Centros de Playa,Tradicionales,259621,105427,190109,222592,40.60804018164941,2017-06-01
2017,6,Villahermosa,Ciudades,Interior,154363,65608,64080,98397,42.502413143045935,2017-06-01
2017,6,Xalapa,Ciudades,Interior,70560,29768,43657,51863,42.188208616780045,2017-06-01
2017,6,Zacatecas,Ciudades,Interior,91721,45271,46585,77510,49.35729004262928,2017-06-01
2017,7,Acapulco,Centros de Playa,Tradicionales,592733,331401,753481,932161,55.91067141529154,2017-07-01
2017,7,Aguascalientes,Ciudades,Interior,143218,96021,62144,147610,67.04534346241394,2017-07-01
2017,7,Bahías de Huatulco,Centros de Playa,Integralmente Planeados,112902,74278,52063,177434,65.7898000035429,2017-07-01
2017,7,Campeche,Ciudades,Interior,38035,20882,25147,37093,54.90206388852373,2017-07-01
2017,7,Cancún,Centros de Playa,Integralmente Planeados,1022280,889811,779531,2323078,87.04180850647572,2017-07-01
2017,7,Celaya,Ciudades,Interior,72457,31811,46576,54165,43.9032805664049,2017-07-01
2017,7,Chihuahua,Ciudades,Interior,115970,59250,67587,116768,51.0907993446581,2017-07-01
2017,7,Ciudad Juárez,Ciudades,Fronterizas,140782,80693,81414,87438,57.31769686465599,2017-07-01
2017,7,Ciudad de México,Ciudades,Grandes,1595342,1098002,1060025,1959499,68.82549321712837,2017-07-01
2017,7,Coatzacoalcos,Ciudades,Interior,55238,21764,31683,35520,39.40041275933234,2017-07-01
2017,7,Colima,Ciudades,Interior,40928,20727,18331,38497,50.64259186864738,2017-07-01
2017,7,Comitán de Domínguez,Ciudades,Interior,20367,8489,15293,16992,41.680168900672655,2017-07-01
2017,7,Cozumel,Centros de Playa,Tradicionales,143548,98494,69618,206681,68.61398277927941,2017-07-01
2017,7,Culiacán,Ciudades,Interior,77500,35912,43593,62880,46.33806451612903,2017-07-01
2017,7,Durango,Ciudades,Interior,53343,36737,39204,61248,68.8693924226234,2017-07-01
2017,7,El Fuerte,Ciudades,Interior,12161,3276,6482,6885,26.938574130416907,2017-07-01
2017,7,Guadalajara,Ciudades,Grandes,563913,362087,385792,751428,64.209727387026,2017-07-01
2017,7,Guanajuato,Ciudades,Interior,92572,50968,98982,122308,55.057684829105995,2017-07-01
2017,7,Hermosillo,Ciudades,Interior,86025,43691,46223,80440,50.788724208079046,2017-07-01
2017,7,Irapuato,Ciudades,Interior,72137,38778,43414,59826,53.7560475206898,2017-07-01
2017,7,Isla Mujeres,Centros de Playa,Otros,48762,30712,51479,67325,62.98347073540872,2017-07-01
2017,7,Ixtapa - Zihuatanejo,Centros de Playa,Integralmente Planeados,193060,137921,113930,334832,71.4394488759971,2017-07-01
2017,7,La Paz,Centros de Playa,Tradicionales,84513,43366,39504,83741,51.31281577982086,2017-07-01
2017,7,León,Ciudades,Interior,189694,119210,179466,223334,62.84331607747214,2017-07-01
2017,7,Loreto,Centros de Playa,Integralmente Planeados,27650,12730,16549,29852,46.03978300180832,2017-07-01
2017,7,Los Cabos,Centros de Playa,Integralmente Planeados,596575,452496,248752,1196856,75.84897121066085,2017-07-01
2017,7,Los Mochis,Ciudades,Interior,46066,23396,29294,38580,50.787999826336126,2017-07-01
2017,7,Manzanillo,Centros de Playa,Tradicionales,125727,79522,85795,232394,63.249739514980874,2017-07-01
2017,7,Mazatlán,Centros de Playa,Tradicionales,346388,273231,329182,916480,78.8800420337887,2017-07-01
2017,7,Mexicali,Ciudades,Fronterizas,70449,40729,45592,50488,57.813453704098,2017-07-01
2017,7,Monterrey,Ciudades,Grandes,419555,295255,238271,487924,70.37337178677409,2017-07-01
2017,7,Morelia,Ciudades,Interior,102517,61216,52765,93149,59.71302320590731,2017-07-01
2017,7,Mérida,Ciudades,Interior,207701,139311,136303,241847,67.07285954328579,2017-07-01
2017,7,Nuevo Nayarit,Centros de Playa,Otros,302888,263043,167179,730489,86.84497239903858,2017-07-01
2017,7,Oaxaca,Ciudades,Interior,176858,107900,131687,233306,61.00939736964118,2017-07-01
2017,7,Pachuca,Ciudades,Interior,46066,18369,31946,39167,39.87539617071159,2017-07-01
2017,7,Palenque,Ciudades,Interior,67724,30983,61969,66345,45.748922095564346,2017-07-01
2017,7,Piedras Negras,Ciudades,Fronterizas,24118,13013,22291,26702,53.95555186997264,2017-07-01
2017,7,Playas de Rosarito,Centros de Playa,Otros,69843,37258,93333,116230,53.34536030811964,2017-07-01
2017,7,Puebla,Ciudades,Interior,244187,166471,213178,412962,68.17357189367165,2017-07-01
2017,7,Puerto Escondido,Centros de Playa,Otros,70215,24156,35086,58684,34.40290536210212,2017-07-01
2017,7,Puerto Vallarta,Centros de Playa,Tradicionales,386920,316353,231407,783950,81.76186291739894,2017-07-01
2017,7,Querétaro,Ciudades,Interior,225530,146733,133820,258597,65.06141089877178,2017-07-01
2017,7,Riviera Maya,Centros de Playa,Otros,1317013,1185793,451308,2703385,90.03654481770491,2017-07-01
2017,7,Salamanca,Ciudades,Interior,29078,11280,12118,18324,38.79221404498246,2017-07-01
2017,7,San Cristóbal de las Casas,Ciudades,Interior,73007,38257,72655,79141,52.40182448258386,2017-07-01
2017,7,San Felipe,Centros de Playa,Otros,16965,5530,14868,15701,32.596522251694665,2017-07-01
2017,7,San Juan de los Lagos,Ciudades,Interior,113956,22036,77525,77675,19.337288076099547,2017-07-01
2017,7,San Juan del Río,Ciudades,Interior,35057,19605,21668,36081,55.923210771030035,2017-07-01
2017,7,San Luis Potosí,Ciudades,Interior,149407,113230,107087,204667,75.78627507412638,2017-07-01
2017,7,San Miguel de Allende,Ciudades,Interior,61050,32654,51891,70349,53.487305487305484,2017-07-01
2017,7,Taxco,Ciudades,Interior,30511,12583,29574,29574,41.240863950706306,2017-07-01
2017,7,Tecate,Ciudades,Fronterizas,8928,4650,9851,9851,52.083333333333336,2017-07-01
2017,7,Tequisquiapan,Ciudades,Interior,28747,7049,11409,16345,24.52081956378057,2017-07-01
2017,7,Tijuana,Ciudades,Fronterizas,156818,107188,107565,112268,68.35184736446071,2017-07-01
2017,7,Tlaxcala,Ciudades,Interior,19530,7943,12315,15287,40.67076292882744,2017-07-01
2017,7,Toluca,Ciudades,Interior,116746,58711,88319,98473,50.28951741387285,2017-07-01
2017,7,Tonalá Puerto Arista,Centros de Playa,Otros,21917,6172,13741,14856,28.16078842907332,2017-07-01
2017,7,Tuxtla Gutiérrez,Ciudades,Interior,129218,53745,71087,105008,41.59250259251807,2017-07-01
2017,7,Valle de Bravo,Ciudades,Interior,36858,9507,20104,20779,25.793586195669867,2017-07-01
2017,7,Veracruz-Boca del Río,Centros de Playa,Tradicionales,268405,145355,260948,318633,54.155101432536654,2017-07-01
2017,7,Villahermosa,Ciudades,Interior,159607,75539,88440,125474,47.32812470630987,2017-07-01
2017,7,Xalapa,Ciudades,Interior,72831,31063,44829,53013,42.650794304623034,2017-07-01
2017,7,Zacatecas,Ciudades,Interior,95764,62550,77812,128280,65.31682051710455,2017-07-01
2017,8,Acapulco,Centros de Playa,Tradicionales,590606,267325,571830,713349,45.26283173553943,2017-08-01
2017,8,Aguascalientes,Ciudades,Interior,143358,87450,56228,130386,61.001130038086465,2017-08-01
2017,8,Bahías de Huatulco,Centros de Playa,Integralmente Planeados,112933,59671,39434,139263,52.837523133185165,2017-08-01
2017,8,Campeche,Ciudades,Interior,37995,21858,27159,36960,57.52862218712988,2017-08-01
2017,8,Cancún,Centros de Playa,Integralmente Planeados,1082437,826391,717361,2121752,76.34541317416164,2017-08-01
2017,8,Celaya,Ciudades,Interior,72391,29548,43113,49122,40.817228661021396,2017-08-01
2017,8,Chihuahua,Ciudades,Interior,115933,57917,59797,97997,49.95730292496528,2017-08-01
2017,8,Ciudad Juárez,Ciudades,Fronterizas,140802,81746,83070,85678,58.05741395718811,2017-08-01
2017,8,Ciudad de México,Ciudades,Grandes,1595322,1081734,1099471,1924480,67.806624618729,2017-08-01
2017,8,Coatzacoalcos,Ciudades,Interior,55129,22260,31833,34958,40.378022456420396,2017-08-01
2017,8,Colima,Ciudades,Interior,42516,23741,19723,44275,55.840154294853704,2017-08-01
2017,8,Comitán de Domínguez,Ciudades,Interior,40293,15416,30169,31076,38.25974735065644,2017-08-01
2017,8,Cozumel,Centros de Playa,Tradicionales,145705,82327,58483,175353,56.50252221955321,2017-08-01
2017,8,Culiacán,Ciudades,Interior,77470,33490,39849,58082,43.22963727894669,2017-08-01
2017,8,Durango,Ciudades,Interior,53223,31339,32060,50901,58.88243804370291,2017-08-01
2017,8,El Fuerte,Ciudades,Interior,12183,2440,4977,5208,20.027907740293852,2017-08-01
2017,8,Guadalajara,Ciudades,Grandes,563553,330400,348212,646944,58.62802611289444,2017-08-01
2017,8,Guanajuato,Ciudades,Interior,92865,43173,83110,99040,46.49006622516556,2017-08-01
2017,8,Hermosillo,Ciudades,Interior,86049,43068,42135,74687,50.050552592127744,2017-08-01
2017,8,Irapuato,Ciudades,Interior,69714,36728,40019,54899,52.68382247468227,2017-08-01
2017,8,Isla Mujeres,Centros de Playa,Otros,51680,30248,53117,70546,58.529411764705884,2017-08-01
2017,8,Ixtapa - Zihuatanejo,Centros de Playa,Integralmente Planeados,194188,110791,92206,260380,57.0534739530764,2017-08-01
2017,8,La Paz,Centros de Playa,Tradicionales,84433,34896,35115,69946,41.329811803441785,2017-08-01
2017,8,León,Ciudades,Interior,181560,100749,151383,183560,55.49074686054197,2017-08-01
2017,8,Loreto,Centros de Playa,Integralmente Planeados,27710,10334,12560,23095,37.29339588596174,2017-08-01
2017,8,Los Cabos,Centros de Playa,Integralmente Planeados,595802,356591,192805,875748,59.85058794700253,2017-08-01
2017,8,Los Mochis,Ciudades,Interior,45416,22695,27294,34313,49.97137572661617,2017-08-01
2017,8,Manzanillo,Centros de Playa,Tradicionales,115967,57122,56436,150636,49.25711624858796,2017-08-01
2017,8,Mazatlán,Centros de Playa,Tradicionales,312894,217185,249393,688416,69.41168574661067,2017-08-01
2017,8,Mexicali,Ciudades,Fronterizas,70460,40271,38349,55464,57.154413851830824,2017-08-01
2017,8,Monterrey,Ciudades,Grandes,419397,300699,239785,470138,71.69793775348894,2017-08-01
2017,8,Morelia,Ciudades,Interior,137981,80285,93163,146752,58.18554728549583,2017-08-01
2017,8,Mérida,Ciudades,Interior,207741,123876,128255,222392,59.630020073071755,2017-08-01
2017,8,Nuevo Nayarit,Centros de Playa,Otros,302592,214073,152843,597065,70.74641761844332,2017-08-01
2017,8,Oaxaca,Ciudades,Interior,176739,83776,91610,160845,47.40096979161362,2017-08-01
2017,8,Pachuca,Ciudades,Interior,46066,29592,41508,53920,64.23826683454175,2017-08-01
2017,8,Palenque,Ciudades,Interior,66201,25004,47851,51609,37.76982220812374,2017-08-01
2017,8,Piedras Negras,Ciudades,Fronterizas,24118,11959,19778,21907,49.58537192138652,2017-08-01
2017,8,Playas de Rosarito,Centros de Playa,Otros,69688,29196,72733,90397,41.895304787050854,2017-08-01
2017,8,Puebla,Ciudades,Interior,243806,169802,222374,440792,69.64635817002042,2017-08-01
2017,8,Puerto Escondido,Centros de Playa,Otros,70802,21961,25651,50117,31.017485381768875,2017-08-01
2017,8,Puerto Vallarta,Centros de Playa,Tradicionales,386934,268766,189575,627180,69.46042477528468,2017-08-01
2017,8,Querétaro,Ciudades,Interior,223790,136932,126043,225042,61.187720630948654,2017-08-01
2017,8,Riviera Maya,Centros de Playa,Otros,1342543,1108461,407113,2497137,82.56428285723437,2017-08-01
2017,8,Salamanca,Ciudades,Interior,29047,11799,12113,18159,40.620373876820324,2017-08-01
2017,8,San Cristóbal de las Casas,Ciudades,Interior,100328,41548,72522,81943,41.41216808866916,2017-08-01
2017,8,San Felipe,Centros de Playa,Otros,16624,3988,10119,10808,23.98941289701636,2017-08-01
2017,8,San Juan de los Lagos,Ciudades,Interior,113956,32439,118141,118370,28.466250131629753,2017-08-01
2017,8,San Juan del Río,Ciudades,Interior,34876,19623,21099,35671,56.265053331804104,2017-08-01
2017,8,San Luis Potosí,Ciudades,Interior,151025,107523,90551,180147,71.19549743419964,2017-08-01
2017,8,San Miguel de Allende,Ciudades,Interior,59719,26801,41440,57090,44.878514375659336,2017-08-01
2017,8,Taxco,Ciudades,Interior,28085,9844,22854,22854,35.05073882855617,2017-08-01
2017,8,Tecate,Ciudades,Fronterizas,8928,4160,8769,8769,46.59498207885304,2017-08-01
2017,8,Tequisquiapan,Ciudades,Interior,28638,6958,10218,15563,24.296389412668482,2017-08-01
2017,8,Tijuana,Ciudades,Fronterizas,160411,103490,105115,125307,64.51552574324704,2017-08-01
2017,8,Tlaxcala,Ciudades,Interior,19529,7571,11011,14583,38.767986071995495,2017-08-01
2017,8,Toluca,Ciudades,Interior,116746,56377,85134,90918,48.29030544943724,2017-08-01
2017,8,Tonalá Puerto Arista,Centros de Playa,Otros,24862,6653,15216,15648,26.759713619177862,2017-08-01
2017,8,Tuxtla Gutiérrez,Ciudades,Interior,129996,44578,56857,84142,34.29182436382658,2017-08-01
2017,8,Valle de Bravo,Ciudades,Interior,36924,9293,19390,20452,25.167912468854944,2017-08-01
2017,8,Veracruz-Boca del Río,Centros de Playa,Tradicionales,268281,129335,228195,285319,48.20878109146753,2017-08-01
2017,8,Villahermosa,Ciudades,Interior,159559,71222,80481,112426,44.636780125220135,2017-08-01
2017,8,Xalapa,Ciudades,Interior,72774,30076,40024,51291,41.32794679418473,2017-08-01
2017,8,Zacatecas,Ciudades,Interior,95949,61726,65305,116561,64.33209309112132,2017-08-01
2017,9,Acapulco,Centros de Playa,Tradicionales,564256,128210,269565,323070,22.721955991606645,2017-09-01
2017,9,Aguascalientes,Ciudades,Interior,138639,77618,48432,111056,55.98568945246287,2017-09-01
2017,9,Bahías de Huatulco,Centros de Playa,Integralmente Planeados,109260,35989,22627,76216,32.938861431447926,2017-09-01
2017,9,Campeche,Ciudades,Interior,36808,10291,12364,17676,27.958595957400565,2017-09-01
2017,9,Cancún,Centros de Playa,Integralmente Planeados,1050100,627986,520769,1504124,59.80249500047614,2017-09-01
2017,9,Celaya,Ciudades,Interior,69826,25726,38974,43938,36.84300976713545,2017-09-01
2017,9,Chihuahua,Ciudades,Interior,110588,53359,44194,89393,48.2502622346005,2017-09-01
2017,9,Ciudad Juárez,Ciudades,Fronterizas,136260,84764,84556,95704,62.20754440041098,2017-09-01
2017,9,Ciudad de México,Ciudades,Grandes,1543860,897624,884978,1569877,58.14154133146788,2017-09-01
2017,9,Coatzacoalcos,Ciudades,Interior,53490,18389,25575,28113,34.37838848382875,2017-09-01
2017,9,Colima,Ciudades,Interior,40115,21378,17840,36875,53.2917861149196,2017-09-01
2017,9,Comitán de Domínguez,Ciudades,Interior,39178,8891,15433,16731,22.693858798305172,2017-09-01
2017,9,Cozumel,Centros de Playa,Tradicionales,140464,56106,41429,117249,39.943330675475565,2017-09-01
2017,9,Culiacán,Ciudades,Interior,75000,34494,50148,62725,45.992,2017-09-01
2017,9,Durango,Ciudades,Interior,51480,23771,23483,36275,46.175213675213676,2017-09-01
2017,9,El Fuerte,Ciudades,Interior,11816,2615,5252,5504,22.131008801624915,2017-09-01
2017,9,Guadalajara,Ciudades,Grandes,545849,306588,313471,556014,56.167181766385944,2017-09-01
2017,9,Guanajuato,Ciudades,Interior,89583,35418,64419,76829,39.53651920565286,2017-09-01
2017,9,Hermosillo,Ciudades,Interior,83280,39836,36972,65414,47.833813640730064,2017-09-01
2017,9,Irapuato,Ciudades,Interior,67470,35306,39079,52866,52.3284422706388,2017-09-01
2017,9,Isla Mujeres,Centros de Playa,Otros,49663,19854,29322,40425,39.97744799951674,2017-09-01
2017,9,Ixtapa - Zihuatanejo,Centros de Playa,Integralmente Planeados,187992,61657,59626,128064,32.79767224137197,2017-09-01
2017,9,La Paz,Centros de Playa,Tradicionales,81744,23626,23025,44373,28.90242708944999,2017-09-01
2017,9,León,Ciudades,Interior,175710,97253,149265,180250,55.34858573786352,2017-09-01
2017,9,Loreto,Centros de Playa,Integralmente Planeados,26832,5003,6020,10001,18.645646988670244,2017-09-01
2017,9,Los Cabos,Centros de Playa,Integralmente Planeados,543104,231622,129724,497901,42.64781699269385,2017-09-01
2017,9,Los Mochis,Ciudades,Interior,47633,20374,24957,31048,42.772867549807906,2017-09-01
2017,9,Manzanillo,Centros de Playa,Tradicionales,120624,36698,38038,95965,30.42346465048415,2017-09-01
2017,9,Mazatlán,Centros de Playa,Tradicionales,305074,140931,164998,409065,46.19567711440503,2017-09-01
2017,9,Mexicali,Ciudades,Fronterizas,68190,35913,39280,44204,52.66608007039155,2017-09-01
2017,9,Monterrey,Ciudades,Grandes,405763,264616,204934,391320,65.21442319777802,2017-09-01
2017,9,Morelia,Ciudades,Interior,133530,65278,69315,105971,48.88639257095784,2017-09-01
2017,9,Mérida,Ciudades,Interior,200787,105684,100686,179764,52.634881740351716,2017-09-01
2017,9,Nuevo Nayarit,Centros de Playa,Otros,291600,145199,88486,368835,49.79389574759945,2017-09-01
2017,9,Oaxaca,Ciudades,Interior,171003,58527,63912,106547,34.2257153383274,2017-09-01
2017,9,Pachuca,Ciudades,Interior,44542,24778,36272,44292,55.62839567150105,2017-09-01
2017,9,Palenque,Ciudades,Interior,63040,13283,24922,26201,21.070748730964468,2017-09-01
2017,9,Piedras Negras,Ciudades,Fronterizas,23340,10971,17410,19784,47.005141388174806,2017-09-01
2017,9,Playas de Rosarito,Centros de Playa,Otros,67440,22898,56981,70706,33.95314353499407,2017-09-01
2017,9,Puebla,Ciudades,Interior,235373,130941,146617,265825,55.63127461518526,2017-09-01
2017,9,Puerto Escondido,Centros de Playa,Otros,68550,10719,10363,21525,15.63676148796499,2017-09-01
2017,9,Puerto Vallarta,Centros de Playa,Tradicionales,373589,186960,131124,393035,50.04430001954019,2017-09-01
2017,9,Querétaro,Ciudades,Interior,216581,130785,118027,212595,60.38618346022966,2017-09-01
2017,9,Riviera Maya,Centros de Playa,Otros,1302459,898664,334562,1873564,68.99748859657002,2017-09-01
2017,9,Salamanca,Ciudades,Interior,28110,10955,8966,16994,38.97189612237638,2017-09-01
2017,9,San Cristóbal de las Casas,Ciudades,Interior,97065,23983,39889,46438,24.70818523669706,2017-09-01
2017,9,San Felipe,Centros de Playa,Otros,16592,2675,6855,6855,16.122227579556412,2017-09-01
2017,9,San Juan de los Lagos,Ciudades,Interior,110242,14082,48039,48207,12.773716006603653,2017-09-01
2017,9,San Juan del Río,Ciudades,Interior,33825,15038,16808,27299,44.45824094604583,2017-09-01
2017,9,San Luis Potosí,Ciudades,Interior,145818,88956,73098,140837,61.004814220466606,2017-09-01
2017,9,San Miguel de Allende,Ciudades,Interior,58047,24483,38656,50593,42.177890330249625,2017-09-01
2017,9,Taxco,Ciudades,Interior,27710,7313,15531,15531,26.391194514615663,2017-09-01
2017,9,Tecate,Ciudades,Fronterizas,8640,4193,8837,8837,48.530092592592595,2017-09-01
2017,9,Tequisquiapan,Ciudades,Interior,27700,5430,8174,11982,19.6028880866426,2017-09-01
2017,9,Tijuana,Ciudades,Fronterizas,155274,100130,105848,120734,64.4860053840308,2017-09-01
2017,9,Tlaxcala,Ciudades,Interior,18846,6154,8076,10511,32.65414411546217,2017-09-01
2017,9,Toluca,Ciudades,Interior,112980,46716,70279,74913,41.34891131173659,2017-09-01
2017,9,Tonalá Puerto Arista,Centros de Playa,Otros,24060,3575,6928,7187,14.858686616791354,2017-09-01
2017,9,Tuxtla Gutiérrez,Ciudades,Interior,125140,40001,48791,70355,31.964999200894997,2017-09-01
2017,9,Valle de Bravo,Ciudades,Interior,35619,6905,14381,15034,19.38572110390522,2017-09-01
2017,9,Veracruz-Boca del Río,Centros de Playa,Tradicionales,259705,99321,178462,203329,38.243776592672454,2017-09-01
2017,9,Villahermosa,Ciudades,Interior,154419,64236,67664,99638,41.59850795562722,2017-09-01
2017,9,Xalapa,Ciudades,Interior,70500,25577,33946,42795,36.279432624113475,2017-09-01
2017,9,Zacatecas,Ciudades,Interior,97667,57775,55820,102174,59.155088207890074,2017-09-01
2017,10,Acapulco,Centros de Playa,Tradicionales,585549,175880,384415,454500,30.03676891259314,2017-10-01
2017,10,Aguascalientes,Ciudades,Interior,143288,88565,57178,131399,61.8090838032494,2017-10-01
2017,10,Bahías de Huatulco,Centros de Playa,Integralmente Planeados,112902,45867,32361,98211,40.625498219694954,2017-10-01
2017,10,Campeche,Ciudades,Interior,33542,12534,13796,20459,37.36807584520899,2017-10-01
2017,10,Cancún,Centros de Playa,Integralmente Planeados,1083983,636356,521222,1499801,58.70534870011799,2017-10-01
2017,10,Celaya,Ciudades,Interior,72352,29088,41535,47299,40.20344980097302,2017-10-01
2017,10,Chihuahua,Ciudades,Interior,114496,60089,49558,91128,52.48130939072107,2017-10-01
2017,10,Ciudad Juárez,Ciudades,Fronterizas,140766,77560,79140,81718,55.098532316042224,2017-10-01
2017,10,Ciudad de México,Ciudades,Grandes,1595539,1025676,932113,1729000,64.28398177669114,2017-10-01
2017,10,Coatzacoalcos,Ciudades,Interior,55194,20714,27992,31415,37.52944160597166,2017-10-01
2017,10,Colima,Ciudades,Interior,41647,22169,18815,36704,53.23072490215382,2017-10-01
2017,10,Comitán de Domínguez,Ciudades,Interior,40489,9613,15944,17317,23.74225098174813,2017-10-01
2017,10,Cozumel,Centros de Playa,Tradicionales,144992,58363,42743,122103,40.25256565879497,2017-10-01
2017,10,Culiacán,Ciudades,Interior,77508,39856,59051,73620,51.42178871858389,2017-10-01
2017,10,Durango,Ciudades,Interior,53196,27778,26486,43102,52.21821189563125,2017-10-01
2017,10,El Fuerte,Ciudades,Interior,12206,3148,5953,6205,25.790594789447812,2017-10-01
2017,10,Guadalajara,Ciudades,Grandes,564045,349954,346035,616231,62.043631270554656,2017-10-01
2017,10,Guanajuato,Ciudades,Interior,92738,43854,75833,92452,47.28805883240958,2017-10-01
2017,10,Hermosillo,Ciudades,Interior,86056,50423,45860,90328,58.59324161011435,2017-10-01
2017,10,Irapuato,Ciudades,Interior,69708,35606,45155,56432,51.07878579216159,2017-10-01
2017,10,Isla Mujeres,Centros de Playa,Otros,51358,21291,34795,44672,41.45605358464115,2017-10-01
2017,10,Ixtapa - Zihuatanejo,Centros de Playa,Integralmente Planeados,194243,78769,75456,163320,40.551783075837996,2017-10-01
2017,10,La Paz,Centros de Playa,Tradicionales,84416,36234,27925,60813,42.92314253222138,2017-10-01
2017,10,León,Ciudades,Interior,181602,104794,157047,188148,57.705311615510844,2017-10-01
2017,10,Loreto,Centros de Playa,Integralmente Planeados,27716,8671,8324,16618,31.285178236397748,2017-10-01
2017,10,Los Cabos,Centros de Playa,Integralmente Planeados,596870,353167,162794,766217,59.16983597768358,2017-10-01
2017,10,Los Mochis,Ciudades,Interior,45684,25667,31826,39061,56.18378425707031,2017-10-01
2017,10,Manzanillo,Centros de Playa,Tradicionales,123543,50533,53768,138296,40.90316731826166,2017-10-01
2017,10,Mazatlán,Centros de Playa,Tradicionales,301974,143836,175311,422556,47.63191533045892,2017-10-01
2017,10,Mexicali,Ciudades,Fronterizas,55484,42977,39401,63266,77.45836637589215,2017-10-01
2017,10,Monterrey,Ciudades,Grandes,420167,310457,236679,462381,73.88895367794234,2017-10-01
2017,10,Morelia,Ciudades,Interior,137981,72905,70401,118113,52.83698480225538,2017-10-01
2017,10,Mérida,Ciudades,Interior,207757,124920,104950,201794,60.12793792748259,2017-10-01
2017,10,Nuevo Nayarit,Centros de Playa,Otros,301190,191397,102811,453384,63.54693050898104,2017-10-01
2017,10,Oaxaca,Ciudades,Interior,176732,72011,73817,130288,40.745875110336556,2017-10-01
2017,10,Pachuca,Ciudades,Interior,49197,24740,34724,43960,50.287619163770145,2017-10-01
2017,10,Palenque,Ciudades,Interior,64962,14698,26134,27855,22.62553492811182,2017-10-01
2017,10,Piedras Negras,Ciudades,Fronterizas,25141,12833,18797,21446,51.044111212760036,2017-10-01
2017,10,Playas de Rosarito,Centros de Playa,Otros,69843,17255,43333,54039,24.705410706871124,2017-10-01
2017,10,Puebla,Ciudades,Interior,242590,145523,183347,360938,59.98722123747888,2017-10-01
2017,10,Puerto Escondido,Centros de Playa,Otros,70835,13133,16283,27312,18.540269640714335,2017-10-01
2017,10,Puerto Vallarta,Centros de Playa,Tradicionales,386498,218003,149674,456412,56.404690321812794,2017-10-01
2017,10,Querétaro,Ciudades,Interior,223721,145552,122235,233840,65.05960549076752,2017-10-01
2017,10,Riviera Maya,Centros de Playa,Otros,1336473,934158,351142,1940654,69.89725942836107,2017-10-01
2017,10,Salamanca,Ciudades,Interior,29029,11911,14283,19975,41.03138241069276,2017-10-01
2017,10,San Cristóbal de las Casas,Ciudades,Interior,99680,27353,46281,54485,27.44081059390048,2017-10-01
2017,10,San Felipe,Centros de Playa,Otros,17704,3078,7401,7760,17.38590149118843,2017-10-01
2017,10,San Juan de los Lagos,Ciudades,Interior,113839,19190,68258,68399,16.857140347332635,2017-10-01
2017,10,San Juan del Río,Ciudades,Interior,34307,16767,18070,29075,48.873407759349405,2017-10-01
2017,10,San Luis Potosí,Ciudades,Interior,151853,109377,83380,171550,72.02821149401065,2017-10-01
2017,10,San Miguel de Allende,Ciudades,Interior,59715,26440,38539,53395,44.27698233274722,2017-10-01
2017,10,Taxco,Ciudades,Interior,28548,8498,17851,17851,29.767409275605996,2017-10-01
2017,10,Tecate,Ciudades,Fronterizas,8984,4366,9265,9265,48.597506678539624,2017-10-01
2017,10,Tequisquiapan,Ciudades,Interior,28557,4733,7686,10255,16.573869804251146,2017-10-01
2017,10,Tijuana,Ciudades,Fronterizas,160407,95090,97410,114329,59.28045534172449,2017-10-01
2017,10,Tlaxcala,Ciudades,Interior,19461,6295,8330,10709,32.34674477159447,2017-10-01
2017,10,Toluca,Ciudades,Interior,116746,60156,94715,101274,51.5272471861991,2017-10-01
2017,10,Tonalá Puerto Arista,Centros de Playa,Otros,24861,5145,10274,10497,20.69506455894775,2017-10-01
2017,10,Tuxtla Gutiérrez,Ciudades,Interior,130129,41642,50558,71583,32.000553297112866,2017-10-01
2017,10,Valle de Bravo,Ciudades,Interior,36726,8742,15834,17732,23.8033001143604,2017-10-01
2017,10,Veracruz-Boca del Río,Centros de Playa,Tradicionales,268451,111521,195104,227540,41.542404386647846,2017-10-01
2017,10,Villahermosa,Ciudades,Interior,159474,69906,70085,107435,43.83535874186388,2017-10-01
2017,10,Xalapa,Ciudades,Interior,72850,26926,35785,44215,36.96087851750172,2017-10-01
2017,10,Zacatecas,Ciudades,Interior,99053,56007,50940,95826,56.54245706843811,2017-10-01
2017,11,Acapulco,Centros de Playa,Tradicionales,566317,231686,497466,605600,40.91100920509185,2017-11-01
2017,11,Aguascalientes,Ciudades,Interior,138778,86679,59942,129776,62.45874706365562,2017-11-01
2017,11,Bahías de Huatulco,Centros de Playa,Integralmente Planeados,109026,65629,42709,138701,60.19573312787775,2017-11-01
2017,11,Campeche,Ciudades,Interior,32460,16388,20212,27881,50.48675292667899,2017-11-01
2017,11,Cancún,Centros de Playa,Integralmente Planeados,1050309,762881,621378,1802571,72.63395819706392,2017-11-01
2017,11,Celaya,Ciudades,Interior,70102,33160,50210,56351,47.3025020684146,2017-11-01
2017,11,Chihuahua,Ciudades,Interior,108001,52912,49169,92506,48.99213896167628,2017-11-01
2017,11,Ciudad Juárez,Ciudades,Fronterizas,136208,74837,75519,81358,54.94317514389757,2017-11-01
2017,11,Ciudad de México,Ciudades,Grandes,1534518,1057865,993106,1813754,68.93793360521023,2017-11-01
2017,11,Coatzacoalcos,Ciudades,Interior,53080,20005,27945,30210,37.688394875659384,2017-11-01
2017,11,Colima,Ciudades,Interior,42313,25375,22943,44619,59.96974924963959,2017-11-01
2017,11,Comitán de Domínguez,Ciudades,Interior,39107,11232,19718,21893,28.72120080803948,2017-11-01
2017,11,Cozumel,Centros de Playa,Tradicionales,131060,78125,55470,162584,59.61010224324737,2017-11-01
2017,11,Culiacán,Ciudades,Interior,78834,43782,65233,81730,55.536951061724636,2017-11-01
2017,11,Durango,Ciudades,Interior,56259,28499,26103,43734,50.65678380348033,2017-11-01
2017,11,El Fuerte,Ciudades,Interior,11790,2423,4263,4713,20.55131467345208,2017-11-01
2017,11,Guadalajara,Ciudades,Grandes,545848,354954,353863,648158,65.02799314094766,2017-11-01
2017,11,Guanajuato,Ciudades,Interior,89662,45042,82958,100133,50.235328232696126,2017-11-01
2017,11,Hermosillo,Ciudades,Interior,83280,47754,42338,80218,57.34149855907781,2017-11-01
2017,11,Irapuato,Ciudades,Interior,67470,38624,46486,63759,57.24618348895805,2017-11-01
2017,11,Isla Mujeres,Centros de Playa,Otros,50016,29267,45152,62671,58.51527511196417,2017-11-01
2017,11,Ixtapa - Zihuatanejo,Centros de Playa,Integralmente Planeados,188108,102132,92418,211870,54.294341548472154,2017-11-01
2017,11,La Paz,Centros de Playa,Tradicionales,75194,34649,26706,56143,46.07947442615102,2017-11-01
2017,11,León,Ciudades,Interior,176520,109304,167565,200042,61.92159528665307,2017-11-01
2017,11,Loreto,Centros de Playa,Integralmente Planeados,26802,11374,12143,22171,42.43713155734647,2017-11-01
2017,11,Los Cabos,Centros de Playa,Integralmente Planeados,577584,399280,194212,817164,69.12933876284661,2017-11-01
2017,11,Los Mochis,Ciudades,Interior,44643,25979,33718,41051,58.1927737831239,2017-11-01
2017,11,Manzanillo,Centros de Playa,Tradicionales,139851,70201,76416,185886,50.19699537364767,2017-11-01
2017,11,Mazatlán,Centros de Playa,Tradicionales,299382,163601,204799,438241,54.64623791677522,2017-11-01
2017,11,Mexicali,Ciudades,Fronterizas,65880,47743,49034,66714,72.46964177292047,2017-11-01
2017,11,Monterrey,Ciudades,Grandes,412883,291955,228708,449836,70.71131531208599,2017-11-01
2017,11,Morelia,Ciudades,Interior,99204,65952,60997,106495,66.4811902745857,2017-11-01
2017,11,Mérida,Ciudades,Interior,200605,144270,133296,247966,71.9174497146133,2017-11-01
2017,11,Nuevo Nayarit,Centros de Playa,Otros,290713,231984,113629,548832,79.79828903420211,2017-11-01
2017,11,Oaxaca,Ciudades,Interior,170852,95946,102646,184394,56.15737597452766,2017-11-01
2017,11,Pachuca,Ciudades,Interior,47640,30943,47890,64729,64.95172124265324,2017-11-01
2017,11,Palenque,Ciudades,Interior,63300,24525,44176,47335,38.74407582938389,2017-11-01
2017,11,Piedras Negras,Ciudades,Fronterizas,24330,12827,19740,23242,52.72092067406494,2017-11-01
2017,11,Playas de Rosarito,Centros de Playa,Otros,67590,15741,38901,48480,23.288948069241012,2017-11-01
2017,11,Puebla,Ciudades,Interior,235650,165992,208383,435525,70.44005941014215,2017-11-01
2017,11,Puerto Escondido,Centros de Playa,Otros,68550,25858,31385,55165,37.72137126185266,2017-11-01
2017,11,Puerto Vallarta,Centros de Playa,Tradicionales,374151,277245,173700,578682,74.09976186085296,2017-11-01
2017,11,Querétaro,Ciudades,Interior,216820,147482,127596,244902,68.02047781569966,2017-11-01
2017,11,Riviera Maya,Centros de Playa,Otros,1299142,1042105,386822,2152924,80.21486488774899,2017-11-01
2017,11,Salamanca,Ciudades,Interior,28110,12893,16204,22303,45.86623977232302,2017-11-01
2017,11,San Cristóbal de las Casas,Ciudades,Interior,97565,37110,66770,76176,38.036181007533436,2017-11-01
2017,11,San Felipe,Centros de Playa,Otros,17187,4234,10613,11089,24.634898469773667,2017-11-01
2017,11,San Juan de los Lagos,Ciudades,Interior,110280,19161,64970,65329,17.374863982589773,2017-11-01
2017,11,San Juan del Río,Ciudades,Interior,31800,16482,18322,29004,51.83018867924528,2017-11-01
2017,11,San Luis Potosí,Ciudades,Interior,150208,113604,88577,191363,75.63112484022156,2017-11-01
2017,11,San Miguel de Allende,Ciudades,Interior,58170,27322,40802,54584,46.96922812446278,2017-11-01
2017,11,Taxco,Ciudades,Interior,27372,11143,24055,24055,40.70948414438112,2017-11-01
2017,11,Tecate,Ciudades,Fronterizas,8724,4581,9705,9705,52.510316368638236,2017-11-01
2017,11,Tequisquiapan,Ciudades,Interior,27631,6402,9458,13954,23.16962831602186,2017-11-01
2017,11,Tijuana,Ciudades,Fronterizas,155387,93996,105182,120525,60.491546911903825,2017-11-01
2017,11,Tlaxcala,Ciudades,Interior,18812,9101,14966,18152,48.37869445035084,2017-11-01
2017,11,Toluca,Ciudades,Interior,112980,58912,91742,98345,52.14374225526642,2017-11-01
2017,11,Tonalá Puerto Arista,Centros de Playa,Otros,23993,6128,13315,13684,25.540782728295753,2017-11-01
2017,11,Tuxtla Gutiérrez,Ciudades,Interior,125940,46780,61799,86593,37.14467206606321,2017-11-01
2017,11,Valle de Bravo,Ciudades,Interior,35586,9329,18634,19843,26.215365593210812,2017-11-01
2017,11,Veracruz-Boca del Río,Centros de Playa,Tradicionales,259935,118190,197854,247872,45.46905957258545,2017-11-01
2017,11,Villahermosa,Ciudades,Interior,154013,64934,64481,102144,42.161375987741295,2017-11-01
2017,11,Xalapa,Ciudades,Interior,70444,27907,38319,46989,39.6158650843223,2017-11-01
2017,11,Zacatecas,Ciudades,Interior,96129,53339,51853,89545,55.48689781439524,2017-11-01
2017,12,Acapulco,Centros de Playa,Tradicionales,591824,316150,741747,895299,53.41959771824056,2017-12-01
2017,12,Aguascalientes,Ciudades,Interior,142750,72382,51762,113736,50.705429071803856,2017-12-01
2017,12,Bahías de Huatulco,Centros de Playa,Integralmente Planeados,112499,68388,44642,151292,60.78987368776611,2017-12-01
2017,12,Campeche,Ciudades,Interior,33542,16878,19854,29010,50.319003040963565,2017-12-01
2017,12,Cancún,Centros de Playa,Integralmente Planeados,1085742,812025,692255,2008269,74.78986720602131,2017-12-01
2017,12,Celaya,Ciudades,Interior,72415,28998,47515,52317,40.044189739694815,2017-12-01
2017,12,Chihuahua,Ciudades,Interior,108613,53521,58398,109155,49.27679007117012,2017-12-01
2017,12,Ciudad Juárez,Ciudades,Fronterizas,140720,71099,72333,74979,50.52515633882888,2017-12-01
2017,12,Ciudad de México,Ciudades,Grandes,1585666,978528,989057,1803336,61.71085209621698,2017-12-01
2017,12,Coatzacoalcos,Ciudades,Interior,54901,18972,27257,30612,34.55674760022586,2017-12-01
2017,12,Colima,Ciudades,Interior,45067,25509,24691,45521,56.60239199414205,2017-12-01
2017,12,Comitán de Domínguez,Ciudades,Interior,40448,17829,34158,36889,44.07881724683544,2017-12-01
2017,12,Cozumel,Centros de Playa,Tradicionales,144553,93460,65702,193559,64.65448658969375,2017-12-01
2017,12,Culiacán,Ciudades,Interior,81406,39245,62098,75587,48.208977225265954,2017-12-01
2017,12,Durango,Ciudades,Interior,58435,26898,25910,43190,46.030632326516645,2017-12-01
2017,12,El Fuerte,Ciudades,Interior,12199,1856,3768,4016,15.214361832937126,2017-12-01
2017,12,Guadalajara,Ciudades,Grandes,564044,282512,323540,557030,50.08687265532476,2017-12-01
2017,12,Guanajuato,Ciudades,Interior,92966,42803,76539,98134,46.04156358238496,2017-12-01
2017,12,Hermosillo,Ciudades,Interior,86056,42559,41294,72861,49.455006042576926,2017-12-01
2017,12,Irapuato,Ciudades,Interior,69709,32001,37707,52309,45.906554390394355,2017-12-01
2017,12,Isla Mujeres,Centros de Playa,Otros,51697,30877,46192,66138,59.72687003114301,2017-12-01
2017,12,Ixtapa - Zihuatanejo,Centros de Playa,Integralmente Planeados,194504,124679,99488,271329,64.10099535228068,2017-12-01
2017,12,La Paz,Centros de Playa,Tradicionales,84483,38046,32899,68984,45.03391214800611,2017-12-01
2017,12,León,Ciudades,Interior,182404,78922,121542,148047,43.26769149799347,2017-12-01
2017,12,Loreto,Centros de Playa,Integralmente Planeados,27644,10922,12793,23948,39.50947764433512,2017-12-01
2017,12,Los Cabos,Centros de Playa,Integralmente Planeados,624106,432040,207788,1001654,69.22542004082639,2017-12-01
2017,12,Los Mochis,Ciudades,Interior,49321,24841,31704,40765,50.36596987084609,2017-12-01
2017,12,Manzanillo,Centros de Playa,Tradicionales,145414,80858,80124,230795,55.60537499828077,2017-12-01
2017,12,Mazatlán,Centros de Playa,Tradicionales,309217,175554,227542,513047,56.773722013990174,2017-12-01
2017,12,Mexicali,Ciudades,Fronterizas,69595,33080,41540,59395,47.5321502981536,2017-12-01
2017,12,Monterrey,Ciudades,Grandes,426329,259969,231939,412350,60.97849313558308,2017-12-01
2017,12,Morelia,Ciudades,Interior,102503,59515,61082,102354,58.06171526687024,2017-12-01
2017,12,Mérida,Ciudades,Interior,207577,128021,128338,226097,61.67398122142627,2017-12-01
2017,12,Nuevo Nayarit,Centros de Playa,Otros,302717,253672,109851,600287,83.79839916489658,2017-12-01
2017,12,Oaxaca,Ciudades,Interior,176698,96687,117984,206206,54.71878572479598,2017-12-01
2017,12,Pachuca,Ciudades,Interior,49228,30805,36457,60637,62.576176159909,2017-12-01
2017,12,Palenque,Ciudades,Interior,64914,25600,49700,53380,39.43679329574514,2017-12-01
2017,12,Piedras Negras,Ciudades,Fronterizas,25142,10055,16517,19221,39.99284066502267,2017-12-01
2017,12,Playas de Rosarito,Centros de Playa,Otros,69843,14791,36894,46082,21.177498102887906,2017-12-01
2017,12,Puebla,Ciudades,Interior,241742,145631,193129,359196,60.2423244616161,2017-12-01
2017,12,Puerto Escondido,Centros de Playa,Otros,71230,31321,36359,72228,43.97164116243156,2017-12-01
2017,12,Puerto Vallarta,Centros de Playa,Tradicionales,387001,309320,197819,680042,79.92744204795336,2017-12-01
2017,12,Querétaro,Ciudades,Interior,224070,132264,122728,228502,59.0279823269514,2017-12-01
2017,12,Riviera Maya,Centros de Playa,Otros,1376157,1094567,402458,2342797,79.53794516178023,2017-12-01
2017,12,Salamanca,Ciudades,Interior,29047,12094,16025,21273,41.635969291148825,2017-12-01
2017,12,San Cristóbal de las Casas,Ciudades,Interior,100924,40726,75555,86766,40.353137013990725,2017-12-01
2017,12,San Felipe,Centros de Playa,Otros,17445,1662,4320,4520,9.527085124677559,2017-12-01
2017,12,San Juan de los Lagos,Ciudades,Interior,113956,35136,126958,127030,30.832953069605814,2017-12-01
2017,12,San Juan del Río,Ciudades,Interior,32900,15641,19278,29865,47.54103343465046,2017-12-01
2017,12,San Luis Potosí,Ciudades,Interior,155571,92099,84281,167424,59.200622223936335,2017-12-01
2017,12,San Miguel de Allende,Ciudades,Interior,60086,26649,40233,56072,44.35142961754818,2017-12-01
2017,12,Taxco,Ciudades,Interior,27916,12042,28633,28657,43.13655251468692,2017-12-01
2017,12,Tecate,Ciudades,Fronterizas,8804,4117,9178,9178,46.76283507496593,2017-12-01
2017,12,Tequisquiapan,Ciudades,Interior,28562,8000,11810,18063,28.009243050206567,2017-12-01
2017,12,Tijuana,Ciudades,Fronterizas,160536,81446,89541,96360,50.733791797478446,2017-12-01
2017,12,Tlaxcala,Ciudades,Interior,19474,7359,11377,14589,37.78884666735134,2017-12-01
2017,12,Toluca,Ciudades,Interior,116787,46082,72312,77238,39.458158870422224,2017-12-01
2017,12,Tonalá Puerto Arista,Centros de Playa,Otros,24833,9375,18563,21818,37.752184593081786,2017-12-01
2017,12,Tuxtla Gutiérrez,Ciudades,Interior,130078,53555,73327,107846,41.171450975568504,2017-12-01
2017,12,Valle de Bravo,Ciudades,Interior,36825,10455,22028,24053,28.391038696537677,2017-12-01
2017,12,Veracruz-Boca del Río,Centros de Playa,Tradicionales,268575,128914,227043,288675,47.99925532905147,2017-12-01
2017,12,Villahermosa,Ciudades,Interior,159186,64448,81791,113157,40.48597238450618,2017-12-01
2017,12,Xalapa,Ciudades,Interior,72633,29312,42924,50925,40.35631186926053,2017-12-01
2017,12,Zacatecas,Ciudades,Interior,98705,50473,56514,95886,51.13520085102072,2017-12-01
2018,1,Acapulco,Centros de Playa,Tradicionales,591501,310527,651712,810624,52.4981360978257,2018-01-01
2018,1,Aguascalientes,Ciudades,Interior,143008,70051,45916,101445,48.98397292459163,2018-01-01
2018,1,Bahías de Huatulco,Centros de Playa,Integralmente Planeados,116126,89776,43225,192616,77.30912973838761,2018-01-01
2018,1,Campeche,Ciudades,Interior,43803,19051,23221,35146,43.492454854690315,2018-01-01
2018,1,Cancún,Centros de Playa,Integralmente Planeados,1085839,864744,724804,2086580,79.63832575547572,2018-01-01
2018,1,Celaya,Ciudades,Interior,90376,36683,56383,62500,40.589315747543594,2018-01-01
2018,1,Chihuahua,Ciudades,Interior,107098,49359,50075,93081,46.08769538179985,2018-01-01
2018,1,Ciudad Juárez,Ciudades,Fronterizas,140810,84719,84740,89964,60.16547120232938,2018-01-01
2018,1,Ciudad de México,Ciudades,Grandes,1609575,920880,886124,1617006,57.212618237733565,2018-01-01
2018,1,Coatzacoalcos,Ciudades,Interior,54899,17105,23582,25921,31.157215978433122,2018-01-01
2018,1,Colima,Ciudades,Interior,43536,19124,19713,34811,43.9268651231165,2018-01-01
2018,1,Comitán de Domínguez,Ciudades,Interior,40356,10149,19032,20050,25.14867677668748,2018-01-01
2018,1,Cozumel,Centros de Playa,Tradicionales,144938,93555,67531,191652,64.5482896134899,2018-01-01
2018,1,Culiacán,Ciudades,Interior,86869,39979,56088,73131,46.02217131542898,2018-01-01
2018,1,Durango,Ciudades,Interior,58306,24670,23518,37368,42.31125441635509,2018-01-01
2018,1,El Fuerte,Ciudades,Interior,12124,1885,3572,3774,15.547674034971957,2018-01-01
2018,1,Guadalajara,Ciudades,Grandes,564345,281435,293351,510796,49.86931752739902,2018-01-01
2018,1,Guanajuato,Ciudades,Interior,100438,32960,61794,72881,32.81626476034967,2018-01-01
2018,1,Hermosillo,Ciudades,Interior,86056,40264,39091,69167,46.78813795667937,2018-01-01
2018,1,Irapuato,Ciudades,Interior,66592,26226,35353,46451,39.383109082172034,2018-01-01
2018,1,Isla Mujeres,Centros de Playa,Otros,51708,36059,47314,74353,69.73582424383075,2018-01-01
2018,1,Ixtapa - Zihuatanejo,Centros de Playa,Integralmente Planeados,194525,142855,87603,298435,73.43786145739622,2018-01-01
2018,1,La Paz,Centros de Playa,Tradicionales,84475,30385,26894,53875,35.96922166321397,2018-01-01
2018,1,León,Ciudades,Interior,194959,91744,142596,169925,47.058099395257464,2018-01-01
2018,1,Loreto,Centros de Playa,Integralmente Planeados,27614,8997,9384,17855,32.58129934091403,2018-01-01
2018,1,Los Cabos,Centros de Playa,Integralmente Planeados,624103,451108,201811,1019732,72.2810177166269,2018-01-01
2018,1,Los Mochis,Ciudades,Interior,49258,24867,30440,38613,50.483170246457426,2018-01-01
2018,1,Manzanillo,Centros de Playa,Tradicionales,144268,76988,68598,208376,53.36457149194555,2018-01-01
2018,1,Mazatlán,Centros de Playa,Tradicionales,301103,161993,187269,458449,53.79986250552137,2018-01-01
2018,1,Mexicali,Ciudades,Fronterizas,76475,36352,34963,55556,47.53448839490029,2018-01-01
2018,1,Monterrey,Ciudades,Grandes,421144,243182,202293,365865,57.7431947267443,2018-01-01
2018,1,Morelia,Ciudades,Interior,134633,55060,64574,97473,40.89636270453752,2018-01-01
2018,1,Mérida,Ciudades,Interior,207523,115486,114094,205002,55.6497352100731,2018-01-01
2018,1,Nuevo Nayarit,Centros de Playa,Otros,307160,276365,91939,631407,89.97428050527412,2018-01-01
2018,1,Oaxaca,Ciudades,Interior,176859,80822,89284,160479,45.698550822971974,2018-01-01
2018,1,Pachuca,Ciudades,Interior,49228,20956,23033,34841,42.56926952141058,2018-01-01
2018,1,Palenque,Ciudades,Interior,65095,21305,38525,42304,32.729088255626394,2018-01-01
2018,1,Piedras Negras,Ciudades,Fronterizas,24746,9873,16181,18390,39.89735714863008,2018-01-01
2018,1,Playas de Rosarito,Centros de Playa,Otros,69603,11076,27614,34405,15.913107193655446,2018-01-01
2018,1,Puebla,Ciudades,Interior,291648,160846,222941,436500,55.150729646697386,2018-01-01
2018,1,Puerto Escondido,Centros de Playa,Otros,72734,30203,33051,65131,41.52528391123821,2018-01-01
2018,1,Puerto Vallarta,Centros de Playa,Tradicionales,390266,333515,165271,682359,85.45837966925123,2018-01-01
2018,1,Querétaro,Ciudades,Interior,229751,125173,95707,190546,54.48202619357478,2018-01-01
2018,1,Riviera Maya,Centros de Playa,Otros,1379392,1126040,389111,2391612,81.63306732241452,2018-01-01
2018,1,Salamanca,Ciudades,Interior,40424,10907,9844,17408,26.98149614090639,2018-01-01
2018,1,San Cristóbal de las Casas,Ciudades,Interior,101029,29869,49389,58930,29.564778429955755,2018-01-01
2018,1,San Felipe,Centros de Playa,Otros,21804,1853,4545,4744,8.498440653091176,2018-01-01
2018,1,San Juan de los Lagos,Ciudades,Interior,113832,20622,71265,71306,18.11617119966266,2018-01-01
2018,1,San Juan del Río,Ciudades,Interior,33732,15724,16771,28488,46.614490691331675,2018-01-01
2018,1,San Luis Potosí,Ciudades,Interior,168006,100125,76267,158219,59.59608585407664,2018-01-01
2018,1,San Miguel de Allende,Ciudades,Interior,61263,22350,32437,45773,36.48205278879585,2018-01-01
2018,1,Taxco,Ciudades,Interior,28259,10353,23560,23560,36.63611592766906,2018-01-01
2018,1,Tecate,Ciudades,Fronterizas,8804,3076,6616,6616,34.93866424352567,2018-01-01
2018,1,Tequisquiapan,Ciudades,Interior,28467,4756,7098,10298,16.707064320089927,2018-01-01
2018,1,Tijuana,Ciudades,Fronterizas,159168,78470,79710,88486,49.30011057498995,2018-01-01
2018,1,Tlaxcala,Ciudades,Interior,19716,4892,6787,8829,24.812335159261515,2018-01-01
2018,1,Toluca,Ciudades,Interior,118017,43967,67409,70158,37.254802274248625,2018-01-01
2018,1,Tonalá Puerto Arista,Centros de Playa,Otros,24791,6825,13599,15014,27.530152071316202,2018-01-01
2018,1,Tuxtla Gutiérrez,Ciudades,Interior,129861,41942,53628,79160,32.297610522019696,2018-01-01
2018,1,Valle de Bravo,Ciudades,Interior,36726,6931,14862,15237,18.872188640200402,2018-01-01
2018,1,Veracruz-Boca del Río,Centros de Playa,Tradicionales,268547,109046,197789,234748,40.6059274540397,2018-01-01
2018,1,Villahermosa,Ciudades,Interior,159217,60058,70260,102692,37.720846392031,2018-01-01
2018,1,Xalapa,Ciudades,Interior,72803,25680,38363,45295,35.2732717058363,2018-01-01
2018,1,Zacatecas,Ciudades,Interior,98651,40315,40209,66906,40.86628620084946,2018-01-01
2018,2,Acapulco,Centros de Playa,Tradicionales,534890,262664,512248,640208,49.106171362336184,2018-02-01
2018,2,Aguascalientes,Ciudades,Interior,129097,72440,48141,106345,56.11284537983067,2018-02-01
2018,2,Bahías de Huatulco,Centros de Playa,Integralmente Planeados,104048,81356,37530,169858,78.19083499923113,2018-02-01
2018,2,Campeche,Ciudades,Interior,39508,19554,24686,34548,49.49377341297965,2018-02-01
2018,2,Cancún,Centros de Playa,Integralmente Planeados,981083,796715,664568,1912049,81.20770617776478,2018-02-01
2018,2,Celaya,Ciudades,Interior,81635,36232,58898,64318,44.38292399093526,2018-02-01
2018,2,Chihuahua,Ciudades,Interior,105272,54826,53135,91137,52.080325252678776,2018-02-01
2018,2,Ciudad Juárez,Ciudades,Fronterizas,127184,93245,93315,98088,73.31503962762612,2018-02-01
2018,2,Ciudad de México,Ciudades,Grandes,1453185,988415,894276,1695194,68.01714853924311,2018-02-01
2018,2,Coatzacoalcos,Ciudades,Interior,49588,16150,20959,23291,32.56836331370493,2018-02-01
2018,2,Colima,Ciudades,Interior,39293,19079,18887,33612,48.55572239330161,2018-02-01
2018,2,Comitán de Domínguez,Ciudades,Interior,36709,8111,13530,14798,22.095398948486746,2018-02-01
2018,2,Cozumel,Centros de Playa,Tradicionales,130781,95559,66181,196619,73.06795329596807,2018-02-01
2018,2,Culiacán,Ciudades,Interior,78434,44609,60974,82951,56.874569701914986,2018-02-01
2018,2,Durango,Ciudades,Interior,52714,24168,20591,35353,45.84740296695375,2018-02-01
2018,2,El Fuerte,Ciudades,Interior,10984,2144,4063,4227,19.519300801165333,2018-02-01
2018,2,Guadalajara,Ciudades,Grandes,510649,301102,299136,564849,58.9645725341673,2018-02-01
2018,2,Guanajuato,Ciudades,Interior,90656,32850,57311,70429,36.2358806918461,2018-02-01
2018,2,Hermosillo,Ciudades,Interior,77728,42801,35805,70016,55.06509880609304,2018-02-01
2018,2,Irapuato,Ciudades,Interior,60172,26616,31453,40825,44.23319816525959,2018-02-01
2018,2,Isla Mujeres,Centros de Playa,Otros,46704,36753,49638,76078,78.69347379239466,2018-02-01
2018,2,Ixtapa - Zihuatanejo,Centros de Playa,Integralmente Planeados,175616,129567,82556,264020,73.77858509475219,2018-02-01
2018,2,La Paz,Centros de Playa,Tradicionales,76280,39681,40349,74195,52.020188778185634,2018-02-01
2018,2,León,Ciudades,Interior,175556,83262,128448,149642,47.427601449110256,2018-02-01
2018,2,Loreto,Centros de Playa,Integralmente Planeados,24946,13621,13831,26694,54.60194019081215,2018-02-01
2018,2,Los Cabos,Centros de Playa,Integralmente Planeados,563578,451333,203779,987721,80.0835021949047,2018-02-01
2018,2,Los Mochis,Ciudades,Interior,44516,21190,24449,31930,47.60086261119597,2018-02-01
2018,2,Manzanillo,Centros de Playa,Tradicionales,123626,60664,58716,154492,49.07058385776455,2018-02-01
2018,2,Mazatlán,Centros de Playa,Tradicionales,272106,175312,200286,501422,64.42783327085768,2018-02-01
2018,2,Mexicali,Ciudades,Fronterizas,69219,39603,44404,65682,57.21405972348633,2018-02-01
2018,2,Monterrey,Ciudades,Grandes,385288,270942,209707,401325,70.3219409895974,2018-02-01
2018,2,Morelia,Ciudades,Interior,90328,50314,45624,80289,55.701443627668056,2018-02-01
2018,2,Mérida,Ciudades,Interior,187359,120206,117990,211015,64.15811356806985,2018-02-01
2018,2,Nuevo Nayarit,Centros de Playa,Otros,277543,251394,79695,557835,90.57839686102695,2018-02-01
2018,2,Oaxaca,Ciudades,Interior,159566,79028,84777,150186,49.52684155772533,2018-02-01
2018,2,Pachuca,Ciudades,Interior,44464,26747,29714,47870,60.154282115869016,2018-02-01
2018,2,Palenque,Ciudades,Interior,58702,19375,34800,37478,33.0056897550339,2018-02-01
2018,2,Piedras Negras,Ciudades,Fronterizas,22708,10608,17169,19476,46.71481416240972,2018-02-01
2018,2,Playas de Rosarito,Centros de Playa,Otros,62012,13987,34798,43490,22.555311875120946,2018-02-01
2018,2,Puebla,Ciudades,Interior,262437,157168,203756,455638,59.88789690478096,2018-02-01
2018,2,Puerto Escondido,Centros de Playa,Otros,65632,25980,25236,54312,39.58434909800098,2018-02-01
2018,2,Puerto Vallarta,Centros de Playa,Tradicionales,352542,315923,145124,639511,89.61286882130356,2018-02-01
2018,2,Querétaro,Ciudades,Interior,207528,130155,101903,203193,62.71683820978374,2018-02-01
2018,2,Riviera Maya,Centros de Playa,Otros,1246082,1061844,381478,2232416,85.21461669456745,2018-02-01
2018,2,Salamanca,Ciudades,Interior,34656,12578,13777,20342,36.29385964912281,2018-02-01
2018,2,San Cristóbal de las Casas,Ciudades,Interior,90999,28532,47620,55698,31.354190705392366,2018-02-01
2018,2,San Felipe,Centros de Playa,Otros,20076,4307,10558,10830,21.45347678820482,2018-02-01
2018,2,San Juan de los Lagos,Ciudades,Interior,102928,19044,67006,67206,18.50225400279807,2018-02-01
2018,2,San Juan del Río,Ciudades,Interior,30253,15406,15797,26860,50.923875318150266,2018-02-01
2018,2,San Luis Potosí,Ciudades,Interior,151588,93956,76771,148082,61.98115945853234,2018-02-01
2018,2,San Miguel de Allende,Ciudades,Interior,55342,26816,37812,53064,48.45506125546601,2018-02-01
2018,2,Taxco,Ciudades,Interior,25229,8252,18581,18585,32.7083911371834,2018-02-01
2018,2,Tecate,Ciudades,Fronterizas,8148,3577,7474,7474,43.90034364261168,2018-02-01
2018,2,Tequisquiapan,Ciudades,Interior,25436,4239,6539,9136,16.665356188079887,2018-02-01
2018,2,Tijuana,Ciudades,Fronterizas,145062,86910,91120,98715,59.91231335566861,2018-02-01
2018,2,Tlaxcala,Ciudades,Interior,17805,5163,6905,9421,28.997472620050548,2018-02-01
2018,2,Toluca,Ciudades,Interior,106540,41180,62305,65037,38.65214942744509,2018-02-01
2018,2,Tonalá Puerto Arista,Centros de Playa,Otros,22460,5900,11622,12473,26.268922528940337,2018-02-01
2018,2,Tuxtla Gutiérrez,Ciudades,Interior,120771,40753,49556,73181,33.744027953730615,2018-02-01
2018,2,Valle de Bravo,Ciudades,Interior,33141,8180,16260,17113,24.682417549259227,2018-02-01
2018,2,Veracruz-Boca del Río,Centros de Playa,Tradicionales,242636,111983,201828,236990,46.1526731400122,2018-02-01
2018,2,Villahermosa,Ciudades,Interior,143781,60014,64301,92594,41.73986827188571,2018-02-01
2018,2,Xalapa,Ciudades,Interior,66118,24478,37470,43841,37.02168849632475,2018-02-01
2018,2,Zacatecas,Ciudades,Interior,89525,44768,42882,74622,50.00614353532533,2018-02-01
2018,3,Acapulco,Centros de Playa,Tradicionales,592412,312377,667014,859234,52.72968812245532,2018-03-01
2018,3,Aguascalientes,Ciudades,Interior,141696,89779,64172,147635,63.36029245709124,2018-03-01
2018,3,Bahías de Huatulco,Centros de Playa,Integralmente Planeados,115388,84416,47111,180377,73.15838735397095,2018-03-01
2018,3,Campeche,Ciudades,Interior,43802,25425,29280,43832,58.04529473540021,2018-03-01
2018,3,Cancún,Centros de Playa,Integralmente Planeados,1086194,893587,774300,2220277,82.26771644844291,2018-03-01
2018,3,Celaya,Ciudades,Interior,90107,41485,69847,74915,46.03970834674332,2018-03-01
2018,3,Chihuahua,Ciudades,Interior,122556,60126,55798,103544,49.060021541173015,2018-03-01
2018,3,Ciudad Juárez,Ciudades,Fronterizas,140810,85296,85384,85879,60.57524323556566,2018-03-01
2018,3,Ciudad de México,Ciudades,Grandes,1609667,1056539,944479,1869423,65.6371162482675,2018-03-01
2018,3,Coatzacoalcos,Ciudades,Interior,54901,19136,27375,29616,34.85546711353163,2018-03-01
2018,3,Colima,Ciudades,Interior,43584,22004,22181,41860,50.48641703377386,2018-03-01
2018,3,Comitán de Domínguez,Ciudades,Interior,40517,13834,25605,27073,34.14369277093566,2018-03-01
2018,3,Cozumel,Centros de Playa,Tradicionales,144796,105698,74548,221132,72.99787286941628,2018-03-01
2018,3,Culiacán,Ciudades,Interior,86893,42480,63250,80210,48.88771247396223,2018-03-01
2018,3,Durango,Ciudades,Interior,58454,31255,27758,48868,53.4693947377425,2018-03-01
2018,3,El Fuerte,Ciudades,Interior,12214,3576,6877,7347,29.27787784509579,2018-03-01
2018,3,Guadalajara,Ciudades,Grandes,564430,345199,361369,664338,61.15886823875414,2018-03-01
2018,3,Guanajuato,Ciudades,Interior,100431,49105,92940,112065,48.89426571476935,2018-03-01
2018,3,Hermosillo,Ciudades,Interior,86056,49375,48524,88313,57.37542995258901,2018-03-01
2018,3,Irapuato,Ciudades,Interior,66619,34583,49998,57964,51.911616806016305,2018-03-01
2018,3,Isla Mujeres,Centros de Playa,Otros,51708,37137,47542,81980,71.82060802970527,2018-03-01
2018,3,Ixtapa - Zihuatanejo,Centros de Playa,Integralmente Planeados,194422,127153,94470,274765,65.40052051722542,2018-03-01
2018,3,La Paz,Centros de Playa,Tradicionales,84521,45431,46544,83423,53.75113877024645,2018-03-01
2018,3,León,Ciudades,Interior,194460,113152,174110,210719,58.18780211868765,2018-03-01
2018,3,Loreto,Centros de Playa,Integralmente Planeados,27680,15930,16466,35050,57.55057803468208,2018-03-01
2018,3,Los Cabos,Centros de Playa,Integralmente Planeados,624291,493983,244393,1185776,79.12704171612278,2018-03-01
2018,3,Los Mochis,Ciudades,Interior,50285,25017,29088,38939,49.75042259122999,2018-03-01
2018,3,Manzanillo,Centros de Playa,Tradicionales,136452,69885,70508,191894,51.215812153724386,2018-03-01
2018,3,Mazatlán,Centros de Playa,Tradicionales,299095,198249,232333,568324,66.28295357662282,2018-03-01
2018,3,Mexicali,Ciudades,Fronterizas,76656,45178,56981,84166,58.93602588186182,2018-03-01
2018,3,Monterrey,Ciudades,Grandes,426618,311480,247683,501031,73.01145286884285,2018-03-01
2018,3,Morelia,Ciudades,Interior,96038,61837,59176,97157,64.3880547283367,2018-03-01
2018,3,Mérida,Ciudades,Interior,207430,136786,129001,243701,65.94320975750855,2018-03-01
2018,3,Nuevo Nayarit,Centros de Playa,Otros,307376,260876,117694,639482,84.87194836291708,2018-03-01
2018,3,Oaxaca,Ciudades,Interior,176710,93304,101463,179672,52.800633806802104,2018-03-01
2018,3,Pachuca,Ciudades,Interior,49228,31425,70473,102736,63.83562200373771,2018-03-01
2018,3,Palenque,Ciudades,Interior,65094,28593,52184,56308,43.925707438473594,2018-03-01
2018,3,Piedras Negras,Ciudades,Fronterizas,24114,11227,17591,20539,46.558016090238034,2018-03-01
2018,3,Playas de Rosarito,Centros de Playa,Otros,68555,26316,65635,81655,38.38669681277806,2018-03-01
2018,3,Puebla,Ciudades,Interior,290670,181597,243807,446094,62.475315650049886,2018-03-01
2018,3,Puerto Escondido,Centros de Playa,Otros,72664,31989,38384,71234,44.02317516239128,2018-03-01
2018,3,Puerto Vallarta,Centros de Playa,Tradicionales,390279,337357,187691,738721,86.43995705636225,2018-03-01
2018,3,Querétaro,Ciudades,Interior,230000,158172,130282,269191,68.77043478260869,2018-03-01
2018,3,Riviera Maya,Centros de Playa,Otros,1379384,1156606,429214,2492544,83.84945743897276,2018-03-01
2018,3,Salamanca,Ciudades,Interior,38502,19508,20234,27963,50.66749779232248,2018-03-01
2018,3,San Cristóbal de las Casas,Ciudades,Interior,101060,44854,82939,93990,44.383534533940235,2018-03-01
2018,3,San Felipe,Centros de Playa,Otros,22227,5244,13846,14742,23.592927520583075,2018-03-01
2018,3,San Juan de los Lagos,Ciudades,Interior,113956,26007,93269,93424,22.821966372986065,2018-03-01
2018,3,San Juan del Río,Ciudades,Interior,33969,18956,21092,35072,55.803821131031235,2018-03-01
2018,3,San Luis Potosí,Ciudades,Interior,171943,122771,105334,219975,71.4021507127362,2018-03-01
2018,3,San Miguel de Allende,Ciudades,Interior,61512,34974,53637,73708,56.85719859539602,2018-03-01
2018,3,Taxco,Ciudades,Interior,29328,11267,26358,26358,38.41721222040371,2018-03-01
2018,3,Tecate,Ciudades,Fronterizas,8928,3745,7593,7593,41.94668458781362,2018-03-01
2018,3,Tequisquiapan,Ciudades,Interior,28179,8772,13325,20164,31.129564569360163,2018-03-01
2018,3,Tijuana,Ciudades,Fronterizas,158670,94616,95750,96793,59.63068002773051,2018-03-01
2018,3,Tlaxcala,Ciudades,Interior,19715,6063,8878,11250,30.753233578493532,2018-03-01
2018,3,Toluca,Ciudades,Interior,118017,52388,81646,87563,44.390214969029884,2018-03-01
2018,3,Tonalá Puerto Arista,Centros de Playa,Otros,24800,10385,17480,23030,41.875,2018-03-01
2018,3,Tuxtla Gutiérrez,Ciudades,Interior,133584,48608,61758,93867,36.38759132830279,2018-03-01
2018,3,Valle de Bravo,Ciudades,Interior,37042,11357,24358,26131,30.659791587927216,2018-03-01
2018,3,Veracruz-Boca del Río,Centros de Playa,Tradicionales,268790,148469,250466,316613,55.23605788905837,2018-03-01
2018,3,Villahermosa,Ciudades,Interior,159214,64361,73369,107846,40.4242089263507,2018-03-01
2018,3,Xalapa,Ciudades,Interior,73284,27740,40582,48329,37.85273729599913,2018-03-01
2018,3,Zacatecas,Ciudades,Interior,99570,60800,62160,110753,61.06256904690168,2018-03-01
2018,4,Acapulco,Centros de Playa,Tradicionales,569337,276302,612676,740410,48.53048370297381,2018-04-01
2018,4,Aguascalientes,Ciudades,Interior,138296,98813,70042,158162,71.45036732804998,2018-04-01
2018,4,Bahías de Huatulco,Centros de Playa,Integralmente Planeados,111270,73811,44874,162079,66.33504089152513,2018-04-01
2018,4,Campeche,Ciudades,Interior,42390,20587,23220,34474,48.5656994574192,2018-04-01
2018,4,Cancún,Centros de Playa,Integralmente Planeados,1050681,851872,725328,2094364,81.07808173936714,2018-04-01
2018,4,Celaya,Ciudades,Interior,87413,40924,68641,72777,46.81683502453868,2018-04-01
2018,4,Chihuahua,Ciudades,Interior,117615,58202,57751,101588,49.48518471283425,2018-04-01
2018,4,Ciudad Juárez,Ciudades,Fronterizas,136268,87126,89282,89372,63.937241318578096,2018-04-01
2018,4,Ciudad de México,Ciudades,Grandes,1534508,984680,911122,1702966,64.16910175769694,2018-04-01
2018,4,Coatzacoalcos,Ciudades,Interior,52998,18901,26037,28047,35.66360994754519,2018-04-01
2018,4,Colima,Ciudades,Interior,42174,20276,18413,35592,48.077014274197374,2018-04-01
2018,4,Comitán de Domínguez,Ciudades,Interior,39067,13777,26325,28111,35.26505746537999,2018-04-01
2018,4,Cozumel,Centros de Playa,Tradicionales,140249,78095,54705,164972,55.68310647491248,2018-04-01
2018,4,Culiacán,Ciudades,Interior,84090,40141,58338,74450,47.73575930550601,2018-04-01
2018,4,Durango,Ciudades,Interior,56600,29769,27148,45750,52.59540636042403,2018-04-01
2018,4,El Fuerte,Ciudades,Interior,11828,2607,5190,5438,22.04091985120054,2018-04-01
2018,4,Guadalajara,Ciudades,Grandes,543589,303167,311319,571274,55.77136402686589,2018-04-01
2018,4,Guanajuato,Ciudades,Interior,97529,43276,78597,98133,44.37244306821561,2018-04-01
2018,4,Hermosillo,Ciudades,Interior,83280,46718,46889,82394,56.097502401536985,2018-04-01
2018,4,Irapuato,Ciudades,Interior,76326,39271,41371,60435,51.45166784581925,2018-04-01
2018,4,Isla Mujeres,Centros de Playa,Otros,50040,29254,43996,64919,58.46123101518785,2018-04-01
2018,4,Ixtapa - Zihuatanejo,Centros de Playa,Integralmente Planeados,188159,112622,93959,248034,59.854697357022516,2018-04-01
2018,4,La Paz,Centros de Playa,Tradicionales,81794,39392,38432,71492,48.16001173680221,2018-04-01
2018,4,León,Ciudades,Interior,218311,126074,191620,233172,57.74972401757126,2018-04-01
2018,4,Loreto,Centros de Playa,Integralmente Planeados,26829,12062,10729,23994,44.958813224495884,2018-04-01
2018,4,Los Cabos,Centros de Playa,Integralmente Planeados,604057,451617,212285,1041712,74.76397094976136,2018-04-01
2018,4,Los Mochis,Ciudades,Interior,48626,23998,27728,37243,49.35219841237198,2018-04-01
2018,4,Manzanillo,Centros de Playa,Tradicionales,130355,69342,73888,198517,53.194737447738866,2018-04-01
2018,4,Mazatlán,Centros de Playa,Tradicionales,287690,182654,221310,498621,63.48986756578261,2018-04-01
2018,4,Mexicali,Ciudades,Fronterizas,74162,46337,52397,79574,62.4807853078396,2018-04-01
2018,4,Monterrey,Ciudades,Grandes,413245,304616,248370,489654,73.71317257317088,2018-04-01
2018,4,Morelia,Ciudades,Interior,92940,54270,52073,83859,58.392511297611364,2018-04-01
2018,4,Mérida,Ciudades,Interior,200846,122088,121633,217992,60.78687153341366,2018-04-01
2018,4,Nuevo Nayarit,Centros de Playa,Otros,297450,246289,118382,609857,82.80013447638258,2018-04-01
2018,4,Oaxaca,Ciudades,Interior,171040,80250,91197,158938,46.9188493919551,2018-04-01
2018,4,Pachuca,Ciudades,Interior,47640,28269,32393,46664,59.33879093198993,2018-04-01
2018,4,Palenque,Ciudades,Interior,63004,23788,44492,48099,37.75633293124246,2018-04-01
2018,4,Piedras Negras,Ciudades,Fronterizas,24014,10514,17771,18806,43.78279337053385,2018-04-01
2018,4,Playas de Rosarito,Centros de Playa,Otros,66740,18746,46707,58371,28.088103086604736,2018-04-01
2018,4,Puebla,Ciudades,Interior,280777,181798,274489,509106,64.74818094074656,2018-04-01
2018,4,Puerto Escondido,Centros de Playa,Otros,68820,24621,30661,53075,35.77593722755013,2018-04-01
2018,4,Puerto Vallarta,Centros de Playa,Tradicionales,377721,286629,172674,626240,75.88378723978809,2018-04-01
2018,4,Querétaro,Ciudades,Interior,222589,137847,108491,221658,61.92893629065228,2018-04-01
2018,4,Riviera Maya,Centros de Playa,Otros,1335040,1151257,432820,2453378,86.23389561361458,2018-04-01
2018,4,Salamanca,Ciudades,Interior,36941,19339,17902,28557,52.351046262959855,2018-04-01
2018,4,San Cristóbal de las Casas,Ciudades,Interior,97810,35612,67202,73933,36.4093650955935,2018-04-01
2018,4,San Felipe,Centros de Playa,Otros,21510,6829,18016,18016,31.748024174802417,2018-04-01
2018,4,San Juan de los Lagos,Ciudades,Interior,110260,16028,54449,54523,14.536549972791583,2018-04-01
2018,4,San Juan del Río,Ciudades,Interior,32488,15683,17360,28769,48.2732085693179,2018-04-01
2018,4,San Luis Potosí,Ciudades,Interior,168155,104371,91447,174702,62.06832981475424,2018-04-01
2018,4,San Miguel de Allende,Ciudades,Interior,57990,26309,39235,53415,45.368166925331955,2018-04-01
2018,4,Taxco,Ciudades,Interior,27526,10231,23542,23542,37.16849524086319,2018-04-01
2018,4,Tecate,Ciudades,Fronterizas,8640,3094,6435,6435,35.81018518518518,2018-04-01
2018,4,Tequisquiapan,Ciudades,Interior,26969,6097,10012,13574,22.607438169750456,2018-04-01
2018,4,Tijuana,Ciudades,Fronterizas,155072,85727,89148,94287,55.28206252579447,2018-04-01
2018,4,Tlaxcala,Ciudades,Interior,19077,4951,6285,8372,25.952717932588982,2018-04-01
2018,4,Toluca,Ciudades,Interior,114210,62707,99396,108885,54.904999562209966,2018-04-01
2018,4,Tonalá Puerto Arista,Centros de Playa,Otros,24003,7315,14955,15749,30.47535724701079,2018-04-01
2018,4,Tuxtla Gutiérrez,Ciudades,Interior,129432,47145,60175,87076,36.42453180048211,2018-04-01
2018,4,Valle de Bravo,Ciudades,Interior,35796,9086,19121,20359,25.38272432674042,2018-04-01
2018,4,Veracruz-Boca del Río,Centros de Playa,Tradicionales,260038,146269,254188,322562,56.24908667194794,2018-04-01
2018,4,Villahermosa,Ciudades,Interior,154127,70435,77571,115405,45.69932588060495,2018-04-01
2018,4,Xalapa,Ciudades,Interior,70159,32357,47263,57534,46.119528499551016,2018-04-01
2018,4,Zacatecas,Ciudades,Interior,96365,58363,57258,103142,60.56452031339179,2018-04-01
2018,5,Acapulco,Centros de Playa,Tradicionales,586406,256074,561176,680261,43.668379927899785,2018-05-01
2018,5,Aguascalientes,Ciudades,Interior,143337,85825,57993,129502,59.87637525551672,2018-05-01
2018,5,Bahías de Huatulco,Centros de Playa,Integralmente Planeados,114948,64116,41973,133210,55.77826495458816,2018-05-01
2018,5,Campeche,Ciudades,Interior,43666,16763,19100,27493,38.3891357119956,2018-05-01
2018,5,Cancún,Centros de Playa,Integralmente Planeados,1085042,798080,676687,1934608,73.55291315912196,2018-05-01
2018,5,Celaya,Ciudades,Interior,90075,40276,63760,69397,44.71384956980294,2018-05-01
2018,5,Chihuahua,Ciudades,Interior,118364,66554,70845,117057,56.2282450745159,2018-05-01
2018,5,Ciudad Juárez,Ciudades,Fronterizas,140810,99359,98721,104155,70.56246005255309,2018-05-01
2018,5,Ciudad de México,Ciudades,Grandes,1585805,980715,885134,1687699,61.843354006324866,2018-05-01
2018,5,Coatzacoalcos,Ciudades,Interior,54889,21243,30529,32940,38.701743518737814,2018-05-01
2018,5,Colima,Ciudades,Interior,39997,20292,22208,36934,50.73380503537766,2018-05-01
2018,5,Comitán de Domínguez,Ciudades,Interior,40223,11417,20845,21543,28.384257762971433,2018-05-01
2018,5,Cozumel,Centros de Playa,Tradicionales,144868,74391,53906,157352,51.3508849435348,2018-05-01
2018,5,Culiacán,Ciudades,Interior,86893,46182,70367,88946,53.148124705097075,2018-05-01
2018,5,Durango,Ciudades,Interior,58350,29568,26460,45888,50.673521850899746,2018-05-01
2018,5,El Fuerte,Ciudades,Interior,12222,2150,4233,4512,17.59122893143512,2018-05-01
2018,5,Guadalajara,Ciudades,Grandes,561944,298379,296712,524333,53.097639622453485,2018-05-01
2018,5,Guanajuato,Ciudades,Interior,100756,36549,65562,80368,36.27476279328278,2018-05-01
2018,5,Hermosillo,Ciudades,Interior,86056,53970,52676,93722,62.7149762945059,2018-05-01
2018,5,Irapuato,Ciudades,Interior,78639,35616,39366,53508,45.29050471140274,2018-05-01
2018,5,Isla Mujeres,Centros de Playa,Otros,51617,27834,40343,62398,53.924094774977235,2018-05-01
2018,5,Ixtapa - Zihuatanejo,Centros de Playa,Integralmente Planeados,194432,97494,88795,207331,50.14298057932851,2018-05-01
2018,5,La Paz,Centros de Playa,Tradicionales,84503,35420,30377,59282,41.91567163295978,2018-05-01
2018,5,León,Ciudades,Interior,194478,83580,119853,145873,42.97658346959553,2018-05-01
2018,5,Loreto,Centros de Playa,Integralmente Planeados,27620,9415,8274,18318,34.087617668356266,2018-05-01
2018,5,Los Cabos,Centros de Playa,Integralmente Planeados,623803,408108,183601,905699,65.42257732008342,2018-05-01
2018,5,Los Mochis,Ciudades,Interior,48747,22699,27004,33749,46.564916815393765,2018-05-01
2018,5,Manzanillo,Centros de Playa,Tradicionales,136076,59536,63648,161493,43.75202092948059,2018-05-01
2018,5,Mazatlán,Centros de Playa,Tradicionales,297318,164694,201633,453276,55.393215345185965,2018-05-01
2018,5,Mexicali,Ciudades,Fronterizas,76632,45778,49216,71790,59.73744649754671,2018-05-01
2018,5,Monterrey,Ciudades,Grandes,427121,318395,237873,470644,74.54444993339123,2018-05-01
2018,5,Morelia,Ciudades,Interior,96038,58827,57035,89122,61.25387867302526,2018-05-01
2018,5,Mérida,Ciudades,Interior,207456,118228,117276,205624,56.98943390405677,2018-05-01
2018,5,Nuevo Nayarit,Centros de Playa,Otros,307365,210674,110245,516302,68.54196151155791,2018-05-01
2018,5,Oaxaca,Ciudades,Interior,176712,71691,78797,130384,40.56940105935081,2018-05-01
2018,5,Pachuca,Ciudades,Interior,49228,27292,32367,46290,55.439993499634355,2018-05-01
2018,5,Palenque,Ciudades,Interior,65100,17026,30706,33042,26.153609831029186,2018-05-01
2018,5,Piedras Negras,Ciudades,Fronterizas,24825,9713,16980,18228,39.12588116817724,2018-05-01
2018,5,Playas de Rosarito,Centros de Playa,Otros,69657,20251,50486,62678,29.072455029645262,2018-05-01
2018,5,Puebla,Ciudades,Interior,290550,184328,273437,533981,63.44106005850972,2018-05-01
2018,5,Puerto Escondido,Centros de Playa,Otros,71641,21278,25331,45502,29.700869613768653,2018-05-01
2018,5,Puerto Vallarta,Centros de Playa,Tradicionales,391856,252105,169292,553692,64.33613368176064,2018-05-01
2018,5,Querétaro,Ciudades,Interior,230040,149022,119867,239346,64.7809076682316,2018-05-01
2018,5,Riviera Maya,Centros de Playa,Otros,1379276,1144619,424943,2398604,82.98694387490248,2018-05-01
2018,5,Salamanca,Ciudades,Interior,38502,17138,15990,25562,44.51197340397901,2018-05-01
2018,5,San Cristóbal de las Casas,Ciudades,Interior,100876,25680,43518,50506,25.456996708830644,2018-05-01
2018,5,San Felipe,Centros de Playa,Otros,22227,5884,15218,16130,26.47230845368246,2018-05-01
2018,5,San Juan de los Lagos,Ciudades,Interior,113944,14558,49381,49464,12.776451590254862,2018-05-01
2018,5,San Juan del Río,Ciudades,Interior,34109,14004,16289,24781,41.05661262423407,2018-05-01
2018,5,San Luis Potosí,Ciudades,Interior,171605,108842,91302,176794,63.425890853996094,2018-05-01
2018,5,San Miguel de Allende,Ciudades,Interior,59331,22298,33960,44447,37.58237683504407,2018-05-01
2018,5,Taxco,Ciudades,Interior,28029,8573,19341,19341,30.586178600734954,2018-05-01
2018,5,Tecate,Ciudades,Fronterizas,8804,3547,8171,8171,40.288505224897776,2018-05-01
2018,5,Tequisquiapan,Ciudades,Interior,28189,5216,9010,11533,18.503671644967895,2018-05-01
2018,5,Tijuana,Ciudades,Fronterizas,157825,91839,92973,95978,58.19040076033581,2018-05-01
2018,5,Tlaxcala,Ciudades,Interior,19706,5234,6645,8348,26.56043844514361,2018-05-01
2018,5,Toluca,Ciudades,Interior,118017,68844,110596,122514,58.333968834998345,2018-05-01
2018,5,Tonalá Puerto Arista,Centros de Playa,Otros,24780,5896,12233,12431,23.793381759483456,2018-05-01
2018,5,Tuxtla Gutiérrez,Ciudades,Interior,133802,41542,50559,74320,31.047368499723472,2018-05-01
2018,5,Valle de Bravo,Ciudades,Interior,36943,7127,15032,15866,19.291882088623012,2018-05-01
2018,5,Veracruz-Boca del Río,Centros de Playa,Tradicionales,268954,148335,256687,317796,55.15255396833659,2018-05-01
2018,5,Villahermosa,Ciudades,Interior,159225,68407,70441,112005,42.96247448579055,2018-05-01
2018,5,Xalapa,Ciudades,Interior,71641,27940,39680,47865,39.00001395848746,2018-05-01
2018,5,Zacatecas,Ciudades,Interior,99261,53740,46694,89674,54.14009530429877,2018-05-01
2018,6,Acapulco,Centros de Playa,Tradicionales,561512,231093,410096,609928,41.15548732707404,2018-06-01
2018,6,Aguascalientes,Ciudades,Interior,141179,85523,53017,124170,60.57770631609517,2018-06-01
2018,6,Bahías de Huatulco,Centros de Playa,Integralmente Planeados,111180,62626,40426,128367,56.328476344666306,2018-06-01
2018,6,Campeche,Ciudades,Interior,42052,14861,16404,25119,35.33957956815372,2018-06-01
2018,6,Cancún,Centros de Playa,Integralmente Planeados,1047351,814560,724757,2075306,77.77335391860035,2018-06-01
2018,6,Celaya,Ciudades,Interior,90890,38032,60782,66154,41.84398723731984,2018-06-01
2018,6,Chihuahua,Ciudades,Interior,116339,57013,59982,118367,49.00592234762203,2018-06-01
2018,6,Ciudad Juárez,Ciudades,Fronterizas,136187,94056,95919,103839,69.0638607209205,2018-06-01
2018,6,Ciudad de México,Ciudades,Grandes,1534544,1003663,936183,1773742,65.404641378807,2018-06-01
2018,6,Coatzacoalcos,Ciudades,Interior,53077,18264,23933,26393,34.41038491248563,2018-06-01
2018,6,Colima,Ciudades,Interior,39102,21734,21660,31377,55.58283463761445,2018-06-01
2018,6,Comitán de Domínguez,Ciudades,Interior,38970,10378,18537,19843,26.630741596099565,2018-06-01
2018,6,Cozumel,Centros de Playa,Tradicionales,140280,61021,78682,169238,43.49942971200456,2018-06-01
2018,6,Culiacán,Ciudades,Interior,84084,38614,58357,73916,45.923124494553065,2018-06-01
2018,6,Durango,Ciudades,Interior,56562,29956,26124,45899,52.961352144549345,2018-06-01
2018,6,El Fuerte,Ciudades,Interior,11820,1751,3256,3538,14.813874788494077,2018-06-01
2018,6,Guadalajara,Ciudades,Grandes,542130,298024,283448,534326,54.972792503643035,2018-06-01
2018,6,Guanajuato,Ciudades,Interior,97590,37656,67941,83583,38.585920688595145,2018-06-01
2018,6,Hermosillo,Ciudades,Interior,82500,40866,38939,68280,49.53454545454545,2018-06-01
2018,6,Irapuato,Ciudades,Interior,76320,37158,40889,56660,48.687106918238996,2018-06-01
2018,6,Isla Mujeres,Centros de Playa,Otros,49440,25979,33682,58875,52.54652103559871,2018-06-01
2018,6,Ixtapa - Zihuatanejo,Centros de Playa,Integralmente Planeados,188160,98980,87346,215582,52.604166666666664,2018-06-01
2018,6,La Paz,Centros de Playa,Tradicionales,81690,38529,33108,67021,47.16489166360632,2018-06-01
2018,6,León,Ciudades,Interior,187474,85406,125042,155899,45.55618379081899,2018-06-01
2018,6,Loreto,Centros de Playa,Integralmente Planeados,26889,9251,8030,20576,34.40440328758972,2018-06-01
2018,6,Los Cabos,Centros de Playa,Integralmente Planeados,603625,432170,211289,1050595,71.59577552288259,2018-06-01
2018,6,Los Mochis,Ciudades,Interior,47164,23220,29044,35782,49.23246543974218,2018-06-01
2018,6,Manzanillo,Centros de Playa,Tradicionales,131700,63307,68460,179654,48.06909643128322,2018-06-01
2018,6,Mazatlán,Centros de Playa,Tradicionales,289982,185814,241814,545270,64.0777703443662,2018-06-01
2018,6,Mexicali,Ciudades,Fronterizas,74160,44739,54430,77524,60.327669902912625,2018-06-01
2018,6,Monterrey,Ciudades,Grandes,413340,288922,222781,416441,69.89935646199255,2018-06-01
2018,6,Morelia,Ciudades,Interior,92940,53776,48635,81534,57.86098558209598,2018-06-01
2018,6,Mérida,Ciudades,Interior,200867,111159,103369,196245,55.339602821767635,2018-06-01
2018,6,Nuevo Nayarit,Centros de Playa,Otros,297424,230930,129783,598259,77.64336435526387,2018-06-01
2018,6,Oaxaca,Ciudades,Interior,171048,61678,64338,112679,36.05888405593751,2018-06-01
2018,6,Pachuca,Ciudades,Interior,47640,28000,27564,42033,58.77413937867338,2018-06-01
2018,6,Palenque,Ciudades,Interior,62973,14899,26991,28754,23.659346068950185,2018-06-01
2018,6,Piedras Negras,Ciudades,Fronterizas,24330,9995,18242,19432,41.080969995889845,2018-06-01
2018,6,Playas de Rosarito,Centros de Playa,Otros,67410,24149,60342,75484,35.82406171191218,2018-06-01
2018,6,Puebla,Ciudades,Interior,280500,173920,241028,488917,62.00356506238859,2018-06-01
2018,6,Puerto Escondido,Centros de Playa,Otros,69330,16249,18269,34185,23.437184480023078,2018-06-01
2018,6,Puerto Vallarta,Centros de Playa,Tradicionales,379301,253427,178116,575793,66.81421878666283,2018-06-01
2018,6,Querétaro,Ciudades,Interior,222776,138225,113716,217891,62.046629798542035,2018-06-01
2018,6,Riviera Maya,Centros de Playa,Otros,1334006,1109031,424491,2425846,83.13538319917602,2018-06-01
2018,6,Salamanca,Ciudades,Interior,37260,16805,15247,25831,45.10198604401503,2018-06-01
2018,6,San Cristóbal de las Casas,Ciudades,Interior,99170,27659,52293,55748,27.89049107593022,2018-06-01
2018,6,San Felipe,Centros de Playa,Otros,21510,5090,13372,13618,23.663412366341237,2018-06-01
2018,6,San Juan de los Lagos,Ciudades,Interior,110280,9998,31419,31495,9.06601378309757,2018-06-01
2018,6,San Juan del Río,Ciudades,Interior,33129,17956,19115,30476,54.200247517280935,2018-06-01
2018,6,San Luis Potosí,Ciudades,Interior,166223,103982,88439,176449,62.555723335519154,2018-06-01
2018,6,San Miguel de Allende,Ciudades,Interior,56730,19682,29924,39534,34.694165344614845,2018-06-01
2018,6,Taxco,Ciudades,Interior,26555,7018,14915,14915,26.428167953304463,2018-06-01
2018,6,Tecate,Ciudades,Fronterizas,9480,3663,8141,8141,38.639240506329116,2018-06-01
2018,6,Tequisquiapan,Ciudades,Interior,27101,5564,9152,12272,20.530607726652153,2018-06-01
2018,6,Tijuana,Ciudades,Fronterizas,153006,84883,91751,103670,55.47690940224567,2018-06-01
2018,6,Tlaxcala,Ciudades,Interior,19080,4553,5746,7160,23.862683438155138,2018-06-01
2018,6,Toluca,Ciudades,Interior,114210,54672,74138,88818,47.86971368531652,2018-06-01
2018,6,Tonalá Puerto Arista,Centros de Playa,Otros,24003,4542,9326,9800,18.922634670666167,2018-06-01
2018,6,Tuxtla Gutiérrez,Ciudades,Interior,129054,44127,53660,80392,34.19266353619415,2018-06-01
2018,6,Valle de Bravo,Ciudades,Interior,35697,6876,13681,14014,19.262122867467856,2018-06-01
2018,6,Veracruz-Boca del Río,Centros de Playa,Tradicionales,260520,125589,218834,271990,48.20704744357439,2018-06-01
2018,6,Villahermosa,Ciudades,Interior,153994,67846,73994,109943,44.0575606841825,2018-06-01
2018,6,Xalapa,Ciudades,Interior,69803,28479,42709,49917,40.799106055613656,2018-06-01
2018,6,Zacatecas,Ciudades,Interior,96064,56624,49312,98788,58.94403730846103,2018-06-01
2018,7,Acapulco,Centros de Playa,Tradicionales,593596,357009,696050,1012499,60.14343088565287,2018-07-01
2018,7,Aguascalientes,Ciudades,Interior,143024,101561,71026,162219,71.00976059961964,2018-07-01
2018,7,Bahías de Huatulco,Centros de Playa,Integralmente Planeados,114948,81126,48195,186665,70.57626056999686,2018-07-01
2018,7,Campeche,Ciudades,Interior,43772,23340,30645,42923,53.32175820159006,2018-07-01
2018,7,Cancún,Centros de Playa,Integralmente Planeados,1078461,925201,838781,2445022,85.78900859650929,2018-07-01
2018,7,Celaya,Ciudades,Interior,94019,40992,61339,71557,43.59969793339644,2018-07-01
2018,7,Chihuahua,Ciudades,Interior,123645,69990,61279,125080,56.60560475555016,2018-07-01
2018,7,Ciudad Juárez,Ciudades,Fronterizas,140778,76520,77284,77702,54.35508389094887,2018-07-01
2018,7,Ciudad de México,Ciudades,Grandes,1585675,1048246,1043684,1951714,66.10724139562016,2018-07-01
2018,7,Coatzacoalcos,Ciudades,Interior,54759,19599,28491,30434,35.79137675998466,2018-07-01
2018,7,Colima,Ciudades,Interior,40028,20384,20673,36901,50.92435295293295,2018-07-01
2018,7,Comitán de Domínguez,Ciudades,Interior,40269,17484,35744,37769,43.418013856812934,2018-07-01
2018,7,Cozumel,Centros de Playa,Tradicionales,144930,97083,80620,217117,66.986131235769,2018-07-01
2018,7,Culiacán,Ciudades,Interior,86862,39663,63989,75872,45.66208468605374,2018-07-01
2018,7,Durango,Ciudades,Interior,58435,41092,39122,67768,70.32086934200393,2018-07-01
2018,7,El Fuerte,Ciudades,Interior,12214,3841,8118,8151,31.447519240216145,2018-07-01
2018,7,Guadalajara,Ciudades,Grandes,561855,370820,398089,722547,65.99923467798631,2018-07-01
2018,7,Guanajuato,Ciudades,Interior,100843,62714,125121,154182,62.18974048768878,2018-07-01
2018,7,Hermosillo,Ciudades,Interior,86017,45935,54392,87200,53.4022344420289,2018-07-01
2018,7,Irapuato,Ciudades,Interior,78678,40137,44024,68789,51.014260657362925,2018-07-01
2018,7,Isla Mujeres,Centros de Playa,Otros,51009,31734,48077,76236,62.21255072634241,2018-07-01
2018,7,Ixtapa - Zihuatanejo,Centros de Playa,Integralmente Planeados,194463,126017,107709,296273,64.8025588415277,2018-07-01
2018,7,La Paz,Centros de Playa,Tradicionales,84431,48862,54256,100224,57.87210858570904,2018-07-01
2018,7,León,Ciudades,Interior,193688,102905,161672,193627,53.129259427532936,2018-07-01
2018,7,Loreto,Centros de Playa,Integralmente Planeados,27734,14365,14990,34117,51.795629912742484,2018-07-01
2018,7,Los Cabos,Centros de Playa,Integralmente Planeados,624098,471647,245572,1237001,75.57258635662988,2018-07-01
2018,7,Los Mochis,Ciudades,Interior,48819,25162,33703,41443,51.54140805833794,2018-07-01
2018,7,Manzanillo,Centros de Playa,Tradicionales,147121,82537,90038,247688,56.10144031103649,2018-07-01
2018,7,Mazatlán,Centros de Playa,Tradicionales,296384,225601,299618,660081,76.11780662923775,2018-07-01
2018,7,Mexicali,Ciudades,Fronterizas,76632,41653,51065,74091,54.35457772210043,2018-07-01
2018,7,Monterrey,Ciudades,Grandes,427227,311461,245041,504232,72.90292982419183,2018-07-01
2018,7,Morelia,Ciudades,Interior,96019,60934,62147,100670,63.460356804382464,2018-07-01
2018,7,Mérida,Ciudades,Interior,207255,141377,136739,261410,68.2140358495573,2018-07-01
2018,7,Nuevo Nayarit,Centros de Playa,Otros,307241,264452,164892,755728,86.07314778952028,2018-07-01
2018,7,Oaxaca,Ciudades,Interior,176348,110307,131768,244737,62.55075192233538,2018-07-01
2018,7,Pachuca,Ciudades,Interior,47678,28832,37502,51454,60.472335248961784,2018-07-01
2018,7,Palenque,Ciudades,Interior,65100,30956,61860,67418,47.55145929339478,2018-07-01
2018,7,Piedras Negras,Ciudades,Fronterizas,24825,10229,19846,21209,41.20443101711984,2018-07-01
2018,7,Playas de Rosarito,Centros de Playa,Otros,69843,35429,88180,110184,50.72662972667268,2018-07-01
2018,7,Puebla,Ciudades,Interior,289446,195606,281454,556326,67.5794448705458,2018-07-01
2018,7,Puerto Escondido,Centros de Playa,Otros,71641,33184,40831,75993,46.319844781619466,2018-07-01
2018,7,Puerto Vallarta,Centros de Playa,Tradicionales,392188,318497,233020,770417,81.21028690321988,2018-07-01
2018,7,Querétaro,Ciudades,Interior,230278,153092,130511,251012,66.48138337140325,2018-07-01
2018,7,Riviera Maya,Centros de Playa,Otros,1379715,1219838,473662,2780410,88.41231703648943,2018-07-01
2018,7,Salamanca,Ciudades,Interior,38471,19470,22453,33052,50.60955005068753,2018-07-01
2018,7,San Cristóbal de las Casas,Ciudades,Interior,102641,48010,100857,109058,46.774680683157804,2018-07-01
2018,7,San Felipe,Centros de Playa,Otros,22227,6434,17043,17842,28.946776443064742,2018-07-01
2018,7,San Juan de los Lagos,Ciudades,Interior,113956,22897,77746,77897,20.092842851626944,2018-07-01
2018,7,San Juan del Río,Ciudades,Interior,34522,17644,20015,32751,51.10943746017033,2018-07-01
2018,7,San Luis Potosí,Ciudades,Interior,172329,127142,124216,240769,73.77864433728507,2018-07-01
2018,7,San Miguel de Allende,Ciudades,Interior,58877,30600,46814,65932,51.97275676410143,2018-07-01
2018,7,Taxco,Ciudades,Interior,27496,12572,30681,30681,45.723014256619145,2018-07-01
2018,7,Tecate,Ciudades,Fronterizas,9796,4137,7708,7713,42.231523070641074,2018-07-01
2018,7,Tequisquiapan,Ciudades,Interior,27700,7616,11550,17167,27.494584837545126,2018-07-01
2018,7,Tijuana,Ciudades,Fronterizas,156043,103585,110552,122347,66.38234332844152,2018-07-01
2018,7,Tlaxcala,Ciudades,Interior,19739,8679,14175,17032,43.96879274532651,2018-07-01
2018,7,Toluca,Ciudades,Interior,118017,48606,69226,82429,41.18559190625079,2018-07-01
2018,7,Tonalá Puerto Arista,Centros de Playa,Otros,24212,8786,18536,20009,36.2877911779283,2018-07-01
2018,7,Tuxtla Gutiérrez,Ciudades,Interior,133711,55864,73900,110402,41.77965911555519,2018-07-01
2018,7,Valle de Bravo,Ciudades,Interior,36976,9131,20703,21620,24.694396365209865,2018-07-01
2018,7,Veracruz-Boca del Río,Centros de Playa,Tradicionales,269357,173028,300325,387732,64.23742468174207,2018-07-01
2018,7,Villahermosa,Ciudades,Interior,158083,74644,86832,136847,47.21823345963829,2018-07-01
2018,7,Xalapa,Ciudades,Interior,72168,31998,50554,58736,44.338210841370135,2018-07-01
2018,7,Zacatecas,Ciudades,Interior,100672,71088,80823,140790,70.61347743165925,2018-07-01
2018,8,Acapulco,Centros de Playa,Tradicionales,588540,269265,517543,715338,45.75135080028545,2018-08-01
2018,8,Aguascalientes,Ciudades,Interior,160682,104373,68556,167358,64.95624898868573,2018-08-01
2018,8,Bahías de Huatulco,Centros de Playa,Integralmente Planeados,114824,65917,48308,144799,57.4069880861144,2018-08-01
2018,8,Campeche,Ciudades,Interior,43445,20829,26502,36645,47.94337668316262,2018-08-01
2018,8,Cancún,Centros de Playa,Integralmente Planeados,1078756,820072,785800,2479190,76.02015655069357,2018-08-01
2018,8,Celaya,Ciudades,Interior,97989,38746,53733,63799,39.54117298880487,2018-08-01
2018,8,Chihuahua,Ciudades,Interior,124035,64756,58688,113138,52.207844560003224,2018-08-01
2018,8,Ciudad Juárez,Ciudades,Fronterizas,140120,79777,80108,81625,56.93477019697402,2018-08-01
2018,8,Ciudad de México,Ciudades,Grandes,1585652,1038486,994205,1925998,65.49268061340067,2018-08-01
2018,8,Coatzacoalcos,Ciudades,Interior,54727,20230,28137,30153,36.96530049153069,2018-08-01
2018,8,Colima,Ciudades,Interior,41360,23684,23896,45655,57.26305609284333,2018-08-01
2018,8,Comitán de Domínguez,Ciudades,Interior,40267,13101,26679,28111,32.535326694315444,2018-08-01
2018,8,Cozumel,Centros de Playa,Tradicionales,144956,80858,64803,217984,55.78106459891277,2018-08-01
2018,8,Culiacán,Ciudades,Interior,86822,40983,68905,77897,47.203473773928266,2018-08-01
2018,8,Durango,Ciudades,Interior,58378,40364,39574,67181,69.14248518277434,2018-08-01
2018,8,El Fuerte,Ciudades,Interior,12245,2408,4804,4832,19.66516945692119,2018-08-01
2018,8,Guadalajara,Ciudades,Grandes,561578,332418,332120,629848,59.19355815220682,2018-08-01
2018,8,Guanajuato,Ciudades,Interior,100858,46384,86741,105780,45.989410854865255,2018-08-01
2018,8,Hermosillo,Ciudades,Interior,86025,45306,48307,81006,52.66608544027899,2018-08-01
2018,8,Irapuato,Ciudades,Interior,78678,34918,38385,54890,44.38089427794301,2018-08-01
2018,8,Isla Mujeres,Centros de Playa,Otros,51578,32395,46635,78094,62.80778626546202,2018-08-01
2018,8,Ixtapa - Zihuatanejo,Centros de Playa,Integralmente Planeados,194370,99566,89027,233481,51.22498327931265,2018-08-01
2018,8,La Paz,Centros de Playa,Tradicionales,84419,40713,40671,79186,48.22729480330258,2018-08-01
2018,8,León,Ciudades,Interior,193801,101558,152265,188954,52.403238373383005,2018-08-01
2018,8,Loreto,Centros de Playa,Integralmente Planeados,27776,10864,8701,25949,39.11290322580645,2018-08-01
2018,8,Los Cabos,Centros de Playa,Integralmente Planeados,624605,373170,210536,958509,59.74495881397043,2018-08-01
2018,8,Los Mochis,Ciudades,Interior,48572,26152,33295,41172,53.84171950918225,2018-08-01
2018,8,Manzanillo,Centros de Playa,Tradicionales,147158,58804,63349,165544,39.959771130349694,2018-08-01
2018,8,Mazatlán,Centros de Playa,Tradicionales,305071,188468,248602,588859,61.77840568261159,2018-08-01
2018,8,Mexicali,Ciudades,Fronterizas,78398,39562,49572,68740,50.46302201586775,2018-08-01
2018,8,Monterrey,Ciudades,Grandes,427273,304962,234825,472101,71.3740395484854,2018-08-01
2018,8,Morelia,Ciudades,Interior,96019,54480,51521,84224,56.73877045168144,2018-08-01
2018,8,Mérida,Ciudades,Interior,208365,124391,139004,231122,59.698605811916586,2018-08-01
2018,8,Nuevo Nayarit,Centros de Playa,Otros,296755,208816,120687,578979,70.36646391804688,2018-08-01
2018,8,Oaxaca,Ciudades,Interior,176439,84461,92707,164169,47.86980202789633,2018-08-01
2018,8,Pachuca,Ciudades,Interior,47678,24566,34340,43377,51.52481228239439,2018-08-01
2018,8,Palenque,Ciudades,Interior,65100,24870,48291,53628,38.20276497695853,2018-08-01
2018,8,Piedras Negras,Ciudades,Fronterizas,25141,12230,21224,22787,48.64563859830556,2018-08-01
2018,8,Playas de Rosarito,Centros de Playa,Otros,69688,28076,69984,86585,40.28814143037539,2018-08-01
2018,8,Puebla,Ciudades,Interior,289511,192922,277338,521180,66.63719167838182,2018-08-01
2018,8,Puerto Escondido,Centros de Playa,Otros,73188,23310,21244,51659,31.849483521888835,2018-08-01
2018,8,Puerto Vallarta,Centros de Playa,Tradicionales,396749,250488,182846,592265,63.13513077537687,2018-08-01
2018,8,Querétaro,Ciudades,Interior,230279,149662,116663,232723,64.99159714954469,2018-08-01
2018,8,Riviera Maya,Centros de Playa,Otros,1377166,1081437,405124,2422816,78.52626335532536,2018-08-01
2018,8,Salamanca,Ciudades,Interior,38379,17543,16213,26890,45.70989343130358,2018-08-01
2018,8,San Cristóbal de las Casas,Ciudades,Interior,102641,35652,63448,73232,34.734657690396624,2018-08-01
2018,8,San Felipe,Centros de Playa,Otros,22227,4493,11830,12244,20.214153956899267,2018-08-01
2018,8,San Juan de los Lagos,Ciudades,Interior,113956,31276,111671,111691,27.445680789076487,2018-08-01
2018,8,San Juan del Río,Ciudades,Interior,34811,19080,19724,33820,54.81026112435725,2018-08-01
2018,8,San Luis Potosí,Ciudades,Interior,173496,119068,105572,204757,68.62867155438742,2018-08-01
2018,8,San Miguel de Allende,Ciudades,Interior,58900,26641,40763,55566,45.230899830220714,2018-08-01
2018,8,Taxco,Ciudades,Interior,27555,9449,21946,21946,34.29141716566866,2018-08-01
2018,8,Tecate,Ciudades,Fronterizas,9796,3830,6815,6817,39.09759085340956,2018-08-01
2018,8,Tequisquiapan,Ciudades,Interior,28098,7035,11090,15648,25.037369207772795,2018-08-01
2018,8,Tijuana,Ciudades,Fronterizas,160620,104137,111589,130285,64.83439173203836,2018-08-01
2018,8,Tlaxcala,Ciudades,Interior,19686,5938,7781,10676,30.163568017880728,2018-08-01
2018,8,Toluca,Ciudades,Interior,118017,47505,64574,77600,40.25267546200971,2018-08-01
2018,8,Tonalá Puerto Arista,Centros de Playa,Otros,23932,6895,15127,15913,28.810797258900216,2018-08-01
2018,8,Tuxtla Gutiérrez,Ciudades,Interior,133456,47249,58629,87306,35.40417815609639,2018-08-01
2018,8,Valle de Bravo,Ciudades,Interior,36943,8224,17111,17924,22.26132149527651,2018-08-01
2018,8,Veracruz-Boca del Río,Centros de Playa,Tradicionales,269265,146271,262084,318184,54.322321876218595,2018-08-01
2018,8,Villahermosa,Ciudades,Interior,158013,70171,71870,120415,44.408371463107464,2018-08-01
2018,8,Xalapa,Ciudades,Interior,72168,31410,47704,54287,43.52344529431327,2018-08-01
2018,8,Zacatecas,Ciudades,Interior,100050,65706,67633,121018,65.67316341829086,2018-08-01
2018,9,Acapulco,Centros de Playa,Tradicionales,559955,188847,361273,472759,33.72538864730202,2018-09-01
2018,9,Aguascalientes,Ciudades,Interior,155170,91103,60831,136754,58.711735515885806,2018-09-01
2018,9,Bahías de Huatulco,Centros de Playa,Integralmente Planeados,111060,44732,30248,93766,40.277327570682516,2018-09-01
2018,9,Campeche,Ciudades,Interior,42040,16225,18321,25854,38.5941960038059,2018-09-01
2018,9,Cancún,Centros de Playa,Integralmente Planeados,1043723,615023,564730,1657042,58.925883591719256,2018-09-01
2018,9,Celaya,Ciudades,Interior,92681,37382,51965,61065,40.33404904996709,2018-09-01
2018,9,Chihuahua,Ciudades,Interior,117699,65779,54283,107903,55.88747567948751,2018-09-01
2018,9,Ciudad Juárez,Ciudades,Fronterizas,136148,77568,77688,79536,56.97329376854599,2018-09-01
2018,9,Ciudad de México,Ciudades,Grandes,1534617,1002623,977602,1807676,65.33376080155504,2018-09-01
2018,9,Coatzacoalcos,Ciudades,Interior,53034,18425,25931,27544,34.741863710072785,2018-09-01
2018,9,Colima,Ciudades,Interior,39085,18287,16818,32028,46.787770244339264,2018-09-01
2018,9,Comitán de Domínguez,Ciudades,Interior,38537,9683,19183,19975,25.126501803461608,2018-09-01
2018,9,Cozumel,Centros de Playa,Tradicionales,140265,53629,47875,115878,38.23405696360461,2018-09-01
2018,9,Culiacán,Ciudades,Interior,84090,39404,64960,74479,46.85931739802592,2018-09-01
2018,9,Durango,Ciudades,Interior,56580,27477,26107,41776,48.56309650053022,2018-09-01
2018,9,El Fuerte,Ciudades,Interior,11790,2223,4632,4703,18.85496183206107,2018-09-01
2018,9,Guadalajara,Ciudades,Grandes,544592,318225,308336,568856,58.43365308340923,2018-09-01
2018,9,Guanajuato,Ciudades,Interior,97980,40758,71643,86868,41.59828536436007,2018-09-01
2018,9,Hermosillo,Ciudades,Interior,83250,43773,41298,72211,52.58018018018018,2018-09-01
2018,9,Irapuato,Ciudades,Interior,76127,30327,34860,46229,39.83737701472539,2018-09-01
2018,9,Isla Mujeres,Centros de Playa,Otros,48119,25529,28345,47608,53.0538872378894,2018-09-01
2018,9,Ixtapa - Zihuatanejo,Centros de Playa,Integralmente Planeados,188070,64002,59173,141498,34.030945924389854,2018-09-01
2018,9,La Paz,Centros de Playa,Tradicionales,81756,36319,33180,66494,44.423650863545184,2018-09-01
2018,9,León,Ciudades,Interior,188470,96281,147014,178401,51.08558391255903,2018-09-01
2018,9,Loreto,Centros de Playa,Integralmente Planeados,26754,7300,5263,15381,27.28563953053749,2018-09-01
2018,9,Los Cabos,Centros de Playa,Integralmente Planeados,600650,268097,157841,614851,44.634479314076415,2018-09-01
2018,9,Los Mochis,Ciudades,Interior,46728,23994,28856,35740,51.348228043143294,2018-09-01
2018,9,Manzanillo,Centros de Playa,Tradicionales,131829,37863,37671,90315,28.72129804519491,2018-09-01
2018,9,Mazatlán,Centros de Playa,Tradicionales,286181,142875,177625,427934,49.924698005807514,2018-09-01
2018,9,Mexicali,Ciudades,Fronterizas,75827,45174,59892,79504,59.575085391747,2018-09-01
2018,9,Monterrey,Ciudades,Grandes,413310,285218,208597,422583,69.0082504657521,2018-09-01
2018,9,Morelia,Ciudades,Interior,92940,48622,48452,75797,52.31547234775124,2018-09-01
2018,9,Mérida,Ciudades,Interior,203112,103981,109658,179327,51.19392256489031,2018-09-01
2018,9,Nuevo Nayarit,Centros de Playa,Otros,297411,155964,86305,391103,52.44056205049578,2018-09-01
2018,9,Oaxaca,Ciudades,Interior,170790,67592,69414,123506,39.57608759295041,2018-09-01
2018,9,Pachuca,Ciudades,Interior,46140,24929,34779,43370,54.029042045947115,2018-09-01
2018,9,Palenque,Ciudades,Interior,63060,12984,23947,25321,20.589914367269266,2018-09-01
2018,9,Piedras Negras,Ciudades,Fronterizas,24330,9289,16196,17257,38.17920263049733,2018-09-01
2018,9,Playas de Rosarito,Centros de Playa,Otros,67270,21257,53363,66410,31.599524305039395,2018-09-01
2018,9,Puebla,Ciudades,Interior,278825,171768,227264,427001,61.60423204518963,2018-09-01
2018,9,Puerto Escondido,Centros de Playa,Otros,70830,13287,15956,28924,18.759000423549345,2018-09-01
2018,9,Puerto Vallarta,Centros de Playa,Tradicionales,381499,177749,123373,371479,46.59225843318069,2018-09-01
2018,9,Querétaro,Ciudades,Interior,222783,133875,106940,207792,60.092107566555796,2018-09-01
2018,9,Riviera Maya,Centros de Playa,Otros,1329826,811717,317303,1692231,61.03933898119002,2018-09-01
2018,9,Salamanca,Ciudades,Interior,37260,15830,15052,23217,42.48523886205046,2018-09-01
2018,9,San Cristóbal de las Casas,Ciudades,Interior,98770,27138,46474,53264,27.475954237116532,2018-09-01
2018,9,San Felipe,Centros de Playa,Otros,21502,4081,10563,10818,18.979629801878897,2018-09-01
2018,9,San Juan de los Lagos,Ciudades,Interior,110280,14425,49464,49514,13.080340950308306,2018-09-01
2018,9,San Juan del Río,Ciudades,Interior,33793,15472,17639,28302,45.78462995294883,2018-09-01
2018,9,San Luis Potosí,Ciudades,Interior,168169,103575,83637,166351,61.589829278880174,2018-09-01
2018,9,San Miguel de Allende,Ciudades,Interior,56988,24698,37000,50615,43.33894855057205,2018-09-01
2018,9,Taxco,Ciudades,Interior,26665,8263,19220,19220,30.988186761672605,2018-09-01
2018,9,Tecate,Ciudades,Fronterizas,9480,4095,6819,6819,43.19620253164557,2018-09-01
2018,9,Tequisquiapan,Ciudades,Interior,27313,5721,9504,12804,20.946069637169114,2018-09-01
2018,9,Tijuana,Ciudades,Fronterizas,155069,92356,94460,103763,59.558003211473604,2018-09-01
2018,9,Tlaxcala,Ciudades,Interior,19043,7209,10095,13602,37.8564301843197,2018-09-01
2018,9,Toluca,Ciudades,Interior,114210,44401,60499,72593,38.876630767883725,2018-09-01
2018,9,Tonalá Puerto Arista,Centros de Playa,Otros,23151,4543,10570,10701,19.6233424042158,2018-09-01
2018,9,Tuxtla Gutiérrez,Ciudades,Interior,129123,44394,52989,76739,34.38117144118399,2018-09-01
2018,9,Valle de Bravo,Ciudades,Interior,36048,7565,15460,16150,20.985907678650687,2018-09-01
2018,9,Veracruz-Boca del Río,Centros de Playa,Tradicionales,260085,110650,187717,234741,42.543783763000555,2018-09-01
2018,9,Villahermosa,Ciudades,Interior,153127,68594,68544,112686,44.795496548616505,2018-09-01
2018,9,Xalapa,Ciudades,Interior,69760,27638,41750,47774,39.61869266055046,2018-09-01
2018,9,Zacatecas,Ciudades,Interior,96639,62749,60773,111674,64.93134241869225,2018-09-01
2018,10,Acapulco,Centros de Playa,Tradicionales,581035,192992,381860,483545,33.215210787646186,2018-10-01
2018,10,Aguascalientes,Ciudades,Interior,164862,99210,69088,147766,60.177603086217566,2018-10-01
2018,10,Bahías de Huatulco,Centros de Playa,Integralmente Planeados,131347,53251,40743,115742,40.542227839235004,2018-10-01
2018,10,Campeche,Ciudades,Interior,43530,19193,19313,32466,44.09143119687572,2018-10-01
2018,10,Cancún,Centros de Playa,Integralmente Planeados,1079129,635109,566390,1612294,58.85385343179546,2018-10-01
2018,10,Celaya,Ciudades,Interior,95547,39416,51633,64446,41.25299590777314,2018-10-01
2018,10,Chihuahua,Ciudades,Interior,125362,78854,70290,119955,62.90103859223688,2018-10-01
2018,10,Ciudad Juárez,Ciudades,Fronterizas,140102,72818,74179,77200,51.97498965039757,2018-10-01
2018,10,Ciudad de México,Ciudades,Grandes,1585856,1084905,1053151,1917498,68.41131855603535,2018-10-01
2018,10,Coatzacoalcos,Ciudades,Interior,54891,19417,26716,28375,35.373740686086975,2018-10-01
2018,10,Colima,Ciudades,Interior,37192,14607,15131,25859,39.27457517745752,2018-10-01
2018,10,Comitán de Domínguez,Ciudades,Interior,42899,10500,20354,21712,24.476095013869788,2018-10-01
2018,10,Cozumel,Centros de Playa,Tradicionales,144966,60962,48891,128526,42.05261923485507,2018-10-01
2018,10,Culiacán,Ciudades,Interior,86877,42610,71094,80516,49.046352889717646,2018-10-01
2018,10,Durango,Ciudades,Interior,58466,30080,28437,44310,51.44870523039031,2018-10-01
2018,10,El Fuerte,Ciudades,Interior,12223,2525,4248,4879,20.657776323324878,2018-10-01
2018,10,Guadalajara,Ciudades,Grandes,562020,349799,331440,631844,62.23960001423437,2018-10-01
2018,10,Guanajuato,Ciudades,Interior,101165,49708,81526,107292,49.135570602481096,2018-10-01
2018,10,Hermosillo,Ciudades,Interior,85978,55403,52315,99679,64.43857731047477,2018-10-01
2018,10,Irapuato,Ciudades,Interior,78218,35844,44033,57547,45.825769004576955,2018-10-01
2018,10,Isla Mujeres,Centros de Playa,Otros,49722,21999,25027,39665,44.24399662121395,2018-10-01
2018,10,Ixtapa - Zihuatanejo,Centros de Playa,Integralmente Planeados,194370,82766,70751,181020,42.58167412666564,2018-10-01
2018,10,La Paz,Centros de Playa,Tradicionales,77307,35044,29062,62264,45.330953212516334,2018-10-01
2018,10,León,Ciudades,Interior,194773,101898,151362,184252,52.316286138222445,2018-10-01
2018,10,Loreto,Centros de Playa,Integralmente Planeados,27776,9398,6639,19757,33.83496543778802,2018-10-01
2018,10,Los Cabos,Centros de Playa,Integralmente Planeados,623624,388431,200094,884259,62.28608905366054,2018-10-01
2018,10,Los Mochis,Ciudades,Interior,48622,26958,35292,40058,55.444037678417175,2018-10-01
2018,10,Manzanillo,Centros de Playa,Tradicionales,136212,46412,50955,120737,34.073356238804216,2018-10-01
2018,10,Mazatlán,Centros de Playa,Tradicionales,295762,143281,173874,435266,48.444695396974595,2018-10-01
2018,10,Mexicali,Ciudades,Fronterizas,78168,44869,58422,80105,57.400726640057314,2018-10-01
2018,10,Monterrey,Ciudades,Grandes,425219,325302,234307,466326,76.50222591182425,2018-10-01
2018,10,Morelia,Ciudades,Interior,96023,63712,62517,106066,66.35077012799017,2018-10-01
2018,10,Mérida,Ciudades,Interior,212198,122552,129277,204586,57.7536074798066,2018-10-01
2018,10,Nuevo Nayarit,Centros de Playa,Otros,307334,206545,112067,502981,67.2053856716146,2018-10-01
2018,10,Oaxaca,Ciudades,Interior,182617,97440,97554,182920,53.35757350082413,2018-10-01
2018,10,Pachuca,Ciudades,Interior,47678,29009,44086,53900,60.84357565334116,2018-10-01
2018,10,Palenque,Ciudades,Interior,65171,14958,27647,29662,22.951926470362583,2018-10-01
2018,10,Piedras Negras,Ciudades,Fronterizas,25141,9414,15965,17659,37.4448112644684,2018-10-01
2018,10,Playas de Rosarito,Centros de Playa,Otros,69542,17659,44162,54894,25.393287509706365,2018-10-01
2018,10,Puebla,Ciudades,Interior,288036,177545,230006,427147,61.63986446138677,2018-10-01
2018,10,Puerto Escondido,Centros de Playa,Otros,73191,16851,18940,34489,23.023322539656515,2018-10-01
2018,10,Puerto Vallarta,Centros de Playa,Tradicionales,397284,227191,166579,467719,57.18604323355584,2018-10-01
2018,10,Querétaro,Ciudades,Interior,230435,142729,116534,225423,61.93894156703626,2018-10-01
2018,10,Riviera Maya,Centros de Playa,Otros,1373854,923098,370195,1925116,67.19040014441127,2018-10-01
2018,10,Salamanca,Ciudades,Interior,38502,16840,13880,25014,43.73798763700587,2018-10-01
2018,10,San Cristóbal de las Casas,Ciudades,Interior,102021,27882,48007,54695,27.329667421413237,2018-10-01
2018,10,San Felipe,Centros de Playa,Otros,22220,3682,9093,9189,16.57065706570657,2018-10-01
2018,10,San Juan de los Lagos,Ciudades,Interior,113956,24316,85611,85826,21.338060303976974,2018-10-01
2018,10,San Juan del Río,Ciudades,Interior,34739,16765,17989,29214,48.25988082558508,2018-10-01
2018,10,San Luis Potosí,Ciudades,Interior,172433,108759,87908,175112,63.07319364622781,2018-10-01
2018,10,San Miguel de Allende,Ciudades,Interior,58847,25809,37257,50186,43.857800737505734,2018-10-01
2018,10,Taxco,Ciudades,Interior,27862,8231,17714,17714,29.542028569377646,2018-10-01
2018,10,Tecate,Ciudades,Fronterizas,8804,3448,6870,6870,39.16401635620173,2018-10-01
2018,10,Tequisquiapan,Ciudades,Interior,27060,5352,8924,11925,19.778270509977826,2018-10-01
2018,10,Tijuana,Ciudades,Fronterizas,160244,97489,98868,106987,60.837847282893584,2018-10-01
2018,10,Tlaxcala,Ciudades,Interior,19993,6754,8447,11647,33.781823638273394,2018-10-01
2018,10,Toluca,Ciudades,Interior,118017,59169,82649,102561,50.13599735631308,2018-10-01
2018,10,Tonalá Puerto Arista,Centros de Playa,Otros,23932,4495,9244,9327,18.78238341968912,2018-10-01
2018,10,Tuxtla Gutiérrez,Ciudades,Interior,133677,47213,55146,80710,35.31871600948555,2018-10-01
2018,10,Valle de Bravo,Ciudades,Interior,37222,8748,17491,18153,23.50222986405889,2018-10-01
2018,10,Veracruz-Boca del Río,Centros de Playa,Tradicionales,268754,118738,208753,264243,44.18092381880828,2018-10-01
2018,10,Villahermosa,Ciudades,Interior,158037,73753,69355,117409,46.66818529837949,2018-10-01
2018,10,Xalapa,Ciudades,Interior,72168,28462,42676,50119,39.43853231349075,2018-10-01
2018,10,Zacatecas,Ciudades,Interior,99696,68671,62233,126067,68.88039640507142,2018-10-01
2018,11,Acapulco,Centros de Playa,Tradicionales,568927,249588,503395,641982,43.869951680971376,2018-11-01
2018,11,Aguascalientes,Ciudades,Interior,159665,107542,73756,173716,67.35477405818432,2018-11-01
2018,11,Bahías de Huatulco,Centros de Playa,Integralmente Planeados,127110,80921,56281,172241,63.66218236173393,2018-11-01
2018,11,Campeche,Ciudades,Interior,42338,24479,26818,41291,57.818035807076384,2018-11-01
2018,11,Cancún,Centros de Playa,Integralmente Planeados,1045138,725174,660520,2035267,69.38547828133702,2018-11-01
2018,11,Celaya,Ciudades,Interior,92648,40681,57616,69545,43.90920473188844,2018-11-01
2018,11,Chihuahua,Ciudades,Interior,120940,70898,61925,121045,58.62245741690094,2018-11-01
2018,11,Ciudad Juárez,Ciudades,Fronterizas,136113,77444,96109,103005,56.8968430642187,2018-11-01
2018,11,Ciudad de México,Ciudades,Grandes,1534740,1110800,1064541,1967099,72.37708015689954,2018-11-01
2018,11,Coatzacoalcos,Ciudades,Interior,53116,18246,27067,28925,34.35123126741472,2018-11-01
2018,11,Colima,Ciudades,Interior,35138,18619,18587,35481,52.988217883772556,2018-11-01
2018,11,Comitán de Domínguez,Ciudades,Interior,41820,13013,24737,28871,31.116690578670493,2018-11-01
2018,11,Cozumel,Centros de Playa,Tradicionales,140120,82580,60882,177319,58.93519840137025,2018-11-01
2018,11,Culiacán,Ciudades,Interior,84060,47935,79968,92600,57.02474423031168,2018-11-01
2018,11,Durango,Ciudades,Interior,56580,29909,31303,44997,52.86143513609049,2018-11-01
2018,11,El Fuerte,Ciudades,Interior,12638,2897,5056,6350,22.922930843487894,2018-11-01
2018,11,Guadalajara,Ciudades,Grandes,543424,353382,345632,681317,65.02878047344247,2018-11-01
2018,11,Guanajuato,Ciudades,Interior,97983,50195,89043,111085,51.228274292479306,2018-11-01
2018,11,Hermosillo,Ciudades,Interior,83230,54552,56208,99292,65.54367415595338,2018-11-01
2018,11,Irapuato,Ciudades,Interior,76140,40953,56695,73432,53.786446020488576,2018-11-01
2018,11,Isla Mujeres,Centros de Playa,Otros,47001,30709,31747,58838,65.33690772536754,2018-11-01
2018,11,Ixtapa - Zihuatanejo,Centros de Playa,Integralmente Planeados,188100,102376,88952,226742,54.42636895268474,2018-11-01
2018,11,La Paz,Centros de Playa,Tradicionales,75052,35876,27569,66809,47.801524276501624,2018-11-01
2018,11,León,Ciudades,Interior,188760,106456,155708,193784,56.39754185208731,2018-11-01
2018,11,Loreto,Centros de Playa,Integralmente Planeados,26883,10056,8643,21416,37.40653944872224,2018-11-01
2018,11,Los Cabos,Centros de Playa,Integralmente Planeados,596781,442949,234086,1030596,74.22303994262552,2018-11-01
2018,11,Los Mochis,Ciudades,Interior,47320,25969,34853,40347,54.879543533389686,2018-11-01
2018,11,Manzanillo,Centros de Playa,Tradicionales,131672,51338,53694,127091,38.98930676225773,2018-11-01
2018,11,Mazatlán,Centros de Playa,Tradicionales,286718,180664,202539,514993,63.01104220872077,2018-11-01
2018,11,Mexicali,Ciudades,Fronterizas,75810,48384,68085,86712,63.822714681440445,2018-11-01
2018,11,Monterrey,Ciudades,Grandes,416040,332647,254537,513169,79.95553312181521,2018-11-01
2018,11,Morelia,Ciudades,Interior,92925,66451,79392,117961,71.51035781544256,2018-11-01
2018,11,Mérida,Ciudades,Interior,205609,149590,152180,242324,72.75459731821078,2018-11-01
2018,11,Nuevo Nayarit,Centros de Playa,Otros,297416,243180,104890,561401,81.76426285068726,2018-11-01
2018,11,Oaxaca,Ciudades,Interior,176755,103028,109846,203051,58.288591553279964,2018-11-01
2018,11,Pachuca,Ciudades,Interior,46140,26783,37242,50338,58.04724750758561,2018-11-01
2018,11,Palenque,Ciudades,Interior,63000,23190,43398,46522,36.80952380952381,2018-11-01
2018,11,Piedras Negras,Ciudades,Fronterizas,23540,11682,17942,20880,49.626168224299064,2018-11-01
2018,11,Playas de Rosarito,Centros de Playa,Otros,67242,15168,37714,47406,22.557330240028552,2018-11-01
2018,11,Puebla,Ciudades,Interior,279158,174506,242001,459820,62.51155259745377,2018-11-01
2018,11,Puerto Escondido,Centros de Playa,Otros,70830,27564,35922,62873,38.9157136806438,2018-11-01
2018,11,Puerto Vallarta,Centros de Playa,Tradicionales,385341,275850,184511,575159,71.5859459543625,2018-11-01
2018,11,Querétaro,Ciudades,Interior,223282,150496,124264,248222,67.4017610017825,2018-11-01
2018,11,Riviera Maya,Centros de Playa,Otros,1330163,1067971,402771,2208405,80.28873153139878,2018-11-01
2018,11,Salamanca,Ciudades,Interior,37260,15781,13669,24733,42.35373054213634,2018-11-01
2018,11,San Cristóbal de las Casas,Ciudades,Interior,98730,38463,66158,75672,38.95776359769067,2018-11-01
2018,11,San Felipe,Centros de Playa,Otros,21510,5568,14047,14245,25.88563458856346,2018-11-01
2018,11,San Juan de los Lagos,Ciudades,Interior,110160,21547,77509,77771,19.55973129992738,2018-11-01
2018,11,San Juan del Río,Ciudades,Interior,33387,18339,19376,33070,54.928565010333365,2018-11-01
2018,11,San Luis Potosí,Ciudades,Interior,168689,109702,94485,183495,65.03210049262252,2018-11-01
2018,11,San Miguel de Allende,Ciudades,Interior,57000,27333,41874,55393,47.95263157894737,2018-11-01
2018,11,Taxco,Ciudades,Interior,26778,11084,24759,24759,41.39218761670028,2018-11-01
2018,11,Tecate,Ciudades,Fronterizas,8520,3278,6463,6471,38.47417840375587,2018-11-01
2018,11,Tequisquiapan,Ciudades,Interior,26216,6670,10488,15131,25.442477876106196,2018-11-01
2018,11,Tijuana,Ciudades,Fronterizas,153879,86943,90968,98737,56.50088706061256,2018-11-01
2018,11,Tlaxcala,Ciudades,Interior,19345,9509,14746,19176,49.1548203670199,2018-11-01
2018,11,Toluca,Ciudades,Interior,114210,56238,81564,98695,49.24087207775151,2018-11-01
2018,11,Tonalá Puerto Arista,Centros de Playa,Otros,23160,5030,10460,10789,21.71848013816926,2018-11-01
2018,11,Tuxtla Gutiérrez,Ciudades,Interior,129480,48198,60473,89044,37.22428174235403,2018-11-01
2018,11,Valle de Bravo,Ciudades,Interior,36131,9348,19786,19961,25.87251944313747,2018-11-01
2018,11,Veracruz-Boca del Río,Centros de Playa,Tradicionales,260045,111036,192283,238630,42.6987636755177,2018-11-01
2018,11,Villahermosa,Ciudades,Interior,152901,72605,69069,112829,47.48497393738432,2018-11-01
2018,11,Xalapa,Ciudades,Interior,69829,31089,48513,55505,44.52161709318478,2018-11-01
2018,11,Zacatecas,Ciudades,Interior,96386,59089,55458,104275,61.30454630340506,2018-11-01
2018,12,Acapulco,Centros de Playa,Tradicionales,586687,318459,639995,889006,54.28090276416556,2018-12-01
2018,12,Aguascalientes,Ciudades,Interior,163330,86761,59331,134994,53.12006367476887,2018-12-01
2018,12,Bahías de Huatulco,Centros de Playa,Integralmente Planeados,131311,85044,53745,191015,64.7653281141717,2018-12-01
2018,12,Campeche,Ciudades,Interior,43803,21522,27027,40358,49.13362098486405,2018-12-01
2018,12,Cancún,Centros de Playa,Integralmente Planeados,1084984,771768,809036,2722364,71.13174019156043,2018-12-01
2018,12,Celaya,Ciudades,Interior,98111,35367,52021,64287,36.047945694162735,2018-12-01
2018,12,Chihuahua,Ciudades,Interior,123814,63515,72779,120094,51.29872227696383,2018-12-01
2018,12,Ciudad Juárez,Ciudades,Fronterizas,140136,77982,114098,120057,55.64737112519267,2018-12-01
2018,12,Ciudad de México,Ciudades,Grandes,1585812,980696,991200,1917285,61.841882896585474,2018-12-01
2018,12,Coatzacoalcos,Ciudades,Interior,54831,17621,26831,29801,32.13692983895971,2018-12-01
2018,12,Colima,Ciudades,Interior,43170,18847,21508,37134,43.657632615242065,2018-12-01
2018,12,Comitán de Domínguez,Ciudades,Interior,43147,17058,34816,38223,39.534614225786264,2018-12-01
2018,12,Cozumel,Centros de Playa,Tradicionales,141083,87838,67072,197273,62.25980451223748,2018-12-01
2018,12,Culiacán,Ciudades,Interior,86862,37326,61650,72499,42.971610140222424,2018-12-01
2018,12,Durango,Ciudades,Interior,58348,26097,25639,42077,44.7264687735655,2018-12-01
2018,12,El Fuerte,Ciudades,Interior,12245,3156,6050,6876,25.773785218456513,2018-12-01
2018,12,Guadalajara,Ciudades,Grandes,563617,277016,284870,546088,49.14968852962207,2018-12-01
2018,12,Guanajuato,Ciudades,Interior,100695,42515,78246,97146,42.221560156909476,2018-12-01
2018,12,Hermosillo,Ciudades,Interior,86025,42477,44492,77130,49.37750653879686,2018-12-01
2018,12,Irapuato,Ciudades,Interior,78638,27781,42296,50823,35.32770416338157,2018-12-01
2018,12,Isla Mujeres,Centros de Playa,Otros,49140,27325,37274,68645,55.60643060643061,2018-12-01
2018,12,Ixtapa - Zihuatanejo,Centros de Playa,Integralmente Planeados,194370,112525,98181,262447,57.89216442866697,2018-12-01
2018,12,La Paz,Centros de Playa,Tradicionales,77561,28586,26811,52830,36.85615193202769,2018-12-01
2018,12,León,Ciudades,Interior,200643,83571,129349,155997,41.651590137707274,2018-12-01
2018,12,Loreto,Centros de Playa,Integralmente Planeados,27776,10654,8635,25661,38.35685483870968,2018-12-01
2018,12,Los Cabos,Centros de Playa,Integralmente Planeados,617258,438069,237018,1061125,70.97016158559306,2018-12-01
2018,12,Los Mochis,Ciudades,Interior,44330,23409,29653,38706,52.806226032032484,2018-12-01
2018,12,Manzanillo,Centros de Playa,Tradicionales,136255,66644,62785,186149,48.91123261531687,2018-12-01
2018,12,Mazatlán,Centros de Playa,Tradicionales,296117,168472,200247,493085,56.89372781704529,2018-12-01
2018,12,Mexicali,Ciudades,Fronterizas,63388,35198,46563,62103,55.52786016280684,2018-12-01
2018,12,Monterrey,Ciudades,Grandes,426917,275053,236007,425417,64.42774590845528,2018-12-01
2018,12,Morelia,Ciudades,Interior,95809,56541,66887,105605,59.01428884551556,2018-12-01
2018,12,Mérida,Ciudades,Interior,212424,124407,136958,223435,58.565416337137044,2018-12-01
2018,12,Nuevo Nayarit,Centros de Playa,Otros,307272,247953,101473,596547,80.69495430758415,2018-12-01
2018,12,Oaxaca,Ciudades,Interior,182713,99837,110470,212449,54.64143219146968,2018-12-01
2018,12,Pachuca,Ciudades,Interior,47651,24746,40663,51727,51.93175379320476,2018-12-01
2018,12,Palenque,Ciudades,Interior,65152,25696,50879,53628,39.44007858546169,2018-12-01
2018,12,Piedras Negras,Ciudades,Fronterizas,23482,10329,15237,19047,43.98688357039435,2018-12-01
2018,12,Playas de Rosarito,Centros de Playa,Otros,69191,10924,26989,33735,15.788180543712333,2018-12-01
2018,12,Puebla,Ciudades,Interior,288684,174243,252474,503885,60.357692147815605,2018-12-01
2018,12,Puerto Escondido,Centros de Playa,Otros,74896,32843,38709,78767,43.85147404400769,2018-12-01
2018,12,Puerto Vallarta,Centros de Playa,Tradicionales,398267,303259,193251,650106,76.14464668174868,2018-12-01
2018,12,Querétaro,Ciudades,Interior,230604,126853,119323,221158,55.00901979150405,2018-12-01
2018,12,Riviera Maya,Centros de Playa,Otros,1376922,1090224,401398,2339947,79.17834125680322,2018-12-01
2018,12,Salamanca,Ciudades,Interior,38502,15428,18986,29743,40.07064568074386,2018-12-01
2018,12,San Cristóbal de las Casas,Ciudades,Interior,102703,41519,88705,93976,40.42627771340662,2018-12-01
2018,12,San Felipe,Centros de Playa,Otros,22227,2730,6693,6708,12.282359292752059,2018-12-01
2018,12,San Juan de los Lagos,Ciudades,Interior,113956,33424,122073,122093,29.330618835339955,2018-12-01
2018,12,San Juan del Río,Ciudades,Interior,35027,15342,18577,29128,43.80049675964256,2018-12-01
2018,12,San Luis Potosí,Ciudades,Interior,171664,95515,100284,176917,55.64067014633237,2018-12-01
2018,12,San Miguel de Allende,Ciudades,Interior,58900,25231,38170,52929,42.83701188455009,2018-12-01
2018,12,Taxco,Ciudades,Interior,27370,12514,30166,30166,45.721592985020095,2018-12-01
2018,12,Tecate,Ciudades,Fronterizas,8804,3362,6619,6619,38.18718764198092,2018-12-01
2018,12,Tequisquiapan,Ciudades,Interior,27179,6868,11517,15834,25.26950954781265,2018-12-01
2018,12,Tijuana,Ciudades,Fronterizas,159994,81940,85947,92822,51.21442054077028,2018-12-01
2018,12,Tlaxcala,Ciudades,Interior,20004,6394,10387,13424,31.96360727854429,2018-12-01
2018,12,Toluca,Ciudades,Interior,118017,42997,62552,71014,36.43288678749671,2018-12-01
2018,12,Tonalá Puerto Arista,Centros de Playa,Otros,23932,8738,16613,19845,36.51178338626107,2018-12-01
2018,12,Tuxtla Gutiérrez,Ciudades,Interior,133699,52612,72467,104222,39.35107966402142,2018-12-01
2018,12,Valle de Bravo,Ciudades,Interior,37320,9633,22141,22595,25.811897106109324,2018-12-01
2018,12,Veracruz-Boca del Río,Centros de Playa,Tradicionales,268704,128059,220426,284586,47.658017744432534,2018-12-01
2018,12,Villahermosa,Ciudades,Interior,158058,74390,83466,130250,47.065001455162026,2018-12-01
2018,12,Xalapa,Ciudades,Interior,72168,28323,44160,51456,39.24592617226472,2018-12-01
2018,12,Zacatecas,Ciudades,Interior,98494,52596,55903,101395,53.40020711921538,2018-12-01
2019,1,Acapulco,Centros de Playa,Tradicionales,585997,296638,574325,801486,50.62107826490579,2019-01-01
2019,1,Aguascalientes,Ciudades,Interior,163575,79050,51238,112938,48.326455754241174,2019-01-01
2019,1,Bahías de Huatulco,Centros de Playa,Integralmente Planeados,131347,97631,52104,208255,74.33058996398852,2019-01-01
2019,1,Campeche,Ciudades,Interior,43785,20509,25365,40493,46.840242092040654,2019-01-01
2019,1,Cancún,Centros de Playa,Integralmente Planeados,1091790,853835,777268,2252757,78.20505774920085,2019-01-01
2019,1,Celaya,Ciudades,Interior,101512,31472,43070,51734,31.003231145086296,2019-01-01
2019,1,Chihuahua,Ciudades,Interior,122931,51479,49687,91386,41.87633713221238,2019-01-01
2019,1,Ciudad Juárez,Ciudades,Fronterizas,140381,85144,124094,131803,60.6520825467834,2019-01-01
2019,1,Ciudad de México,Ciudades,Grandes,1589817,898994,874769,1643310,56.54701138558715,2019-01-01
2019,1,Coatzacoalcos,Ciudades,Interior,54901,17960,28037,29847,32.713429627875634,2019-01-01
2019,1,Colima,Ciudades,Interior,40395,14777,17154,27244,36.58126005693774,2019-01-01
2019,1,Comitán de Domínguez,Ciudades,Interior,43025,11770,23169,24089,27.356188262638,2019-01-01
2019,1,Cozumel,Centros de Playa,Tradicionales,145018,86724,73039,189005,59.8022314471307,2019-01-01
2019,1,Culiacán,Ciudades,Interior,86986,36704,60754,70423,42.19529579472559,2019-01-01
2019,1,Durango,Ciudades,Interior,58404,24031,22968,36618,41.14615437298815,2019-01-01
2019,1,El Fuerte,Ciudades,Interior,12340,2235,4424,4546,18.111831442463533,2019-01-01
2019,1,Guadalajara,Ciudades,Grandes,610479,250090,246766,445422,40.96619212126871,2019-01-01
2019,1,Guanajuato,Ciudades,Interior,99417,29391,47523,65265,29.563354355894866,2019-01-01
2019,1,Hermosillo,Ciudades,Interior,86025,43260,41024,76911,50.28770706190061,2019-01-01
2019,1,Irapuato,Ciudades,Interior,82646,27736,33744,46544,33.5600029039518,2019-01-01
2019,1,Isla Mujeres,Centros de Playa,Otros,51026,32733,42515,70017,64.14964919844785,2019-01-01
2019,1,Ixtapa - Zihuatanejo,Centros de Playa,Integralmente Planeados,194370,130091,86025,275824,66.92956732005968,2019-01-01
2019,1,La Paz,Centros de Playa,Tradicionales,84413,31068,32406,57938,36.804757561039175,2019-01-01
2019,1,León,Ciudades,Interior,207283,92370,134501,171166,44.562265115807854,2019-01-01
2019,1,Loreto,Centros de Playa,Integralmente Planeados,27779,7650,7876,16257,27.538788293315093,2019-01-01
2019,1,Los Cabos,Centros de Playa,Integralmente Planeados,626508,463557,203914,1048289,73.99059549119883,2019-01-01
2019,1,Los Mochis,Ciudades,Interior,48576,22928,32317,38412,47.20026350461133,2019-01-01
2019,1,Manzanillo,Centros de Playa,Tradicionales,136276,56686,51592,147066,41.59646599547976,2019-01-01
2019,1,Mazatlán,Centros de Playa,Tradicionales,296027,156032,169802,458403,52.70870562482476,2019-01-01
2019,1,Mexicali,Ciudades,Fronterizas,78430,41404,47842,60825,52.79102384291725,2019-01-01
2019,1,Monterrey,Ciudades,Grandes,427083,235351,172053,332779,55.106618619799896,2019-01-01
2019,1,Morelia,Ciudades,Interior,130355,58242,50380,98521,44.67952897855855,2019-01-01
2019,1,Mérida,Ciudades,Interior,212420,127406,136068,218774,59.97834478862631,2019-01-01
2019,1,Nuevo Nayarit,Centros de Playa,Otros,297228,263649,82451,589761,88.70261213613792,2019-01-01
2019,1,Oaxaca,Ciudades,Interior,182684,82699,83553,164983,45.26887959536686,2019-01-01
2019,1,Pachuca,Ciudades,Interior,47678,21958,34389,40851,46.054784177188644,2019-01-01
2019,1,Palenque,Ciudades,Interior,65059,21365,40852,43057,32.839422677877,2019-01-01
2019,1,Piedras Negras,Ciudades,Fronterizas,24272,8978,12678,15560,36.98912326961108,2019-01-01
2019,1,Playas de Rosarito,Centros de Playa,Otros,69191,10551,26151,32549,15.249093090141782,2019-01-01
2019,1,Puebla,Ciudades,Interior,291287,160821,237929,470713,55.21049686391772,2019-01-01
2019,1,Puerto Escondido,Centros de Playa,Otros,74888,32576,38118,75110,43.49962610832176,2019-01-01
2019,1,Puerto Vallarta,Centros de Playa,Tradicionales,398297,329525,147664,667891,82.73348782441244,2019-01-01
2019,1,Querétaro,Ciudades,Interior,230043,106812,86039,165573,46.43131936203232,2019-01-01
2019,1,Riviera Maya,Centros de Playa,Otros,1415637,1127714,389913,2359942,79.66124084069574,2019-01-01
2019,1,Salamanca,Ciudades,Interior,38502,12066,14073,20639,31.338631759389123,2019-01-01
2019,1,San Cristóbal de las Casas,Ciudades,Interior,102840,29483,51861,59221,28.66880591209646,2019-01-01
2019,1,San Felipe,Centros de Playa,Otros,27683,3271,6323,6618,11.815915905068092,2019-01-01
2019,1,San Juan de los Lagos,Ciudades,Interior,113956,21629,74810,74817,18.980132682789847,2019-01-01
2019,1,San Juan del Río,Ciudades,Interior,34452,14068,15644,24744,40.83362359224428,2019-01-01
2019,1,San Luis Potosí,Ciudades,Interior,168809,87243,78330,141711,51.68148617668489,2019-01-01
2019,1,San Miguel de Allende,Ciudades,Interior,63733,22924,32741,45881,35.968807368239375,2019-01-01
2019,1,Taxco,Ciudades,Interior,27369,9301,21919,21919,33.983704190872885,2019-01-01
2019,1,Tecate,Ciudades,Fronterizas,8804,3040,6517,6517,34.52975920036347,2019-01-01
2019,1,Tequisquiapan,Ciudades,Interior,26958,4122,6596,9039,15.290451813932785,2019-01-01
2019,1,Tijuana,Ciudades,Fronterizas,159708,76682,77922,85618,48.0138753224635,2019-01-01
2019,1,Tlaxcala,Ciudades,Interior,20016,3163,3694,5614,15.802358113509193,2019-01-01
2019,1,Toluca,Ciudades,Interior,118017,39273,54074,63420,33.27740918681207,2019-01-01
2019,1,Tonalá Puerto Arista,Centros de Playa,Otros,23537,6819,15053,16690,28.97140672133237,2019-01-01
2019,1,Tuxtla Gutiérrez,Ciudades,Interior,133631,43443,54746,80377,32.5096721569097,2019-01-01
2019,1,Valle de Bravo,Ciudades,Interior,37882,7065,14468,14760,18.65001847843303,2019-01-01
2019,1,Veracruz-Boca del Río,Centros de Playa,Tradicionales,268874,108300,186745,238388,40.279089833899896,2019-01-01
2019,1,Villahermosa,Ciudades,Interior,156932,68339,70916,115680,43.54688654958836,2019-01-01
2019,1,Xalapa,Ciudades,Interior,72176,23896,36693,43371,33.10795832409665,2019-01-01
2019,1,Zacatecas,Ciudades,Interior,98221,40009,37570,67057,40.733651663086306,2019-01-01
2019,2,Acapulco,Centros de Playa,Tradicionales,528166,259805,462280,652000,49.19002737775624,2019-02-01
2019,2,Aguascalientes,Ciudades,Interior,147545,82474,52786,119475,55.897522789657394,2019-02-01
2019,2,Bahías de Huatulco,Centros de Playa,Integralmente Planeados,118636,91406,49254,186812,77.04743922586736,2019-02-01
2019,2,Campeche,Ciudades,Interior,38192,18232,23001,35118,47.7377461248429,2019-02-01
2019,2,Cancún,Centros de Playa,Integralmente Planeados,986205,802468,691817,1953680,81.36928934653545,2019-02-01
2019,2,Celaya,Ciudades,Interior,91930,35135,51538,60744,38.219297291417384,2019-02-01
2019,2,Chihuahua,Ciudades,Interior,111832,51983,52829,86025,46.48311753344302,2019-02-01
2019,2,Ciudad Juárez,Ciudades,Fronterizas,126876,88198,133463,139669,69.51511712222958,2019-02-01
2019,2,Ciudad de México,Ciudades,Grandes,1434576,943347,851724,1665315,65.75789640981029,2019-02-01
2019,2,Coatzacoalcos,Ciudades,Interior,49558,16692,24016,25990,33.681746640300254,2019-02-01
2019,2,Colima,Ciudades,Interior,39014,20121,22561,35150,51.57379402265853,2019-02-01
2019,2,Comitán de Domínguez,Ciudades,Interior,38941,10490,19336,19997,26.938188541639917,2019-02-01
2019,2,Cozumel,Centros de Playa,Tradicionales,130984,89744,71309,188872,68.51523850241252,2019-02-01
2019,2,Culiacán,Ciudades,Interior,78552,40184,66347,77783,51.15592219166921,2019-02-01
2019,2,Durango,Ciudades,Interior,52807,24651,22532,36957,46.68131118980438,2019-02-01
2019,2,El Fuerte,Ciudades,Interior,11340,2523,4330,4945,22.24867724867725,2019-02-01
2019,2,Guadalajara,Ciudades,Grandes,551353,273529,252043,474907,49.610503615650956,2019-02-01
2019,2,Guanajuato,Ciudades,Interior,90214,32162,55422,69232,35.65078590906068,2019-02-01
2019,2,Hermosillo,Ciudades,Interior,77700,44538,39412,78709,57.32046332046332,2019-02-01
2019,2,Irapuato,Ciudades,Interior,74648,27585,31303,43330,36.95343478726824,2019-02-01
2019,2,Isla Mujeres,Centros de Playa,Otros,46088,33894,47020,72895,73.5419198055893,2019-02-01
2019,2,Ixtapa - Zihuatanejo,Centros de Playa,Integralmente Planeados,175883,117484,81364,225188,66.79667733663857,2019-02-01
2019,2,La Paz,Centros de Playa,Tradicionales,76178,41067,41988,79632,53.90926514216703,2019-02-01
2019,2,León,Ciudades,Interior,185164,97921,125308,175834,52.88338985979996,2019-02-01
2019,2,Loreto,Centros de Playa,Integralmente Planeados,25088,14736,12766,29047,58.73724489795919,2019-02-01
2019,2,Los Cabos,Centros de Playa,Integralmente Planeados,565517,454147,207531,1077929,80.30651598448853,2019-02-01
2019,2,Los Mochis,Ciudades,Interior,43986,23778,33464,40759,54.05810939844496,2019-02-01
2019,2,Manzanillo,Centros de Playa,Tradicionales,123102,47429,46321,112862,38.52821237672824,2019-02-01
2019,2,Mazatlán,Centros de Playa,Tradicionales,267658,160947,171920,447600,60.13158582967817,2019-02-01
2019,2,Mexicali,Ciudades,Fronterizas,70840,45117,51790,66813,63.68859401468097,2019-02-01
2019,2,Monterrey,Ciudades,Grandes,387299,269872,191732,387400,69.68053106256407,2019-02-01
2019,2,Morelia,Ciudades,Interior,117740,74229,54586,118215,63.0448445727875,2019-02-01
2019,2,Mérida,Ciudades,Interior,200627,123825,124249,209132,61.719010900825914,2019-02-01
2019,2,Nuevo Nayarit,Centros de Playa,Otros,268472,243399,77149,536113,90.66085103846956,2019-02-01
2019,2,Oaxaca,Ciudades,Interior,165032,78954,74345,147831,47.84163071404334,2019-02-01
2019,2,Pachuca,Ciudades,Interior,43064,23053,36866,44888,53.53195244287572,2019-02-01
2019,2,Palenque,Ciudades,Interior,58856,19249,35137,37078,32.70524670381949,2019-02-01
2019,2,Piedras Negras,Ciudades,Fronterizas,21997,9883,15438,18268,44.92885393462745,2019-02-01
2019,2,Playas de Rosarito,Centros de Playa,Otros,62496,12026,29817,37261,19.24283154121864,2019-02-01
2019,2,Puebla,Ciudades,Interior,264142,158666,219373,470190,60.0684480317405,2019-02-01
2019,2,Puerto Escondido,Centros de Playa,Otros,67648,29964,25519,61615,44.29399243140965,2019-02-01
2019,2,Puerto Vallarta,Centros de Playa,Tradicionales,359783,318538,129750,635312,88.53614539875424,2019-02-01
2019,2,Querétaro,Ciudades,Interior,208037,120157,92347,182534,57.75751428832371,2019-02-01
2019,2,Riviera Maya,Centros de Playa,Otros,1277665,1081688,394919,2250325,84.66131575960834,2019-02-01
2019,2,Salamanca,Ciudades,Interior,34765,10593,11368,16810,30.47030058967352,2019-02-01
2019,2,San Cristóbal de las Casas,Ciudades,Interior,93154,27169,44653,51274,29.165682633059234,2019-02-01
2019,2,San Felipe,Centros de Playa,Otros,25004,3457,6864,7040,13.82578787394017,2019-02-01
2019,2,San Juan de los Lagos,Ciudades,Interior,102928,15566,54169,54973,15.123192911549822,2019-02-01
2019,2,San Juan del Río,Ciudades,Interior,31519,14855,15346,25571,47.13030235730829,2019-02-01
2019,2,San Luis Potosí,Ciudades,Interior,156552,92861,79105,145431,59.31639327507793,2019-02-01
2019,2,San Miguel de Allende,Ciudades,Interior,57540,26013,37479,51203,45.208550573514074,2019-02-01
2019,2,Taxco,Ciudades,Interior,24661,9082,20425,20425,36.82737926280362,2019-02-01
2019,2,Tecate,Ciudades,Fronterizas,7952,3746,7870,7870,47.10764587525151,2019-02-01
2019,2,Tequisquiapan,Ciudades,Interior,24359,4846,7957,10748,19.894084322016504,2019-02-01
2019,2,Tijuana,Ciudades,Fronterizas,144721,79581,83453,90893,54.9892551875678,2019-02-01
2019,2,Tlaxcala,Ciudades,Interior,18084,4213,5670,7584,23.29683698296837,2019-02-01
2019,2,Toluca,Ciudades,Interior,106260,50407,70113,81293,47.43741765480896,2019-02-01
2019,2,Tonalá Puerto Arista,Centros de Playa,Otros,21513,6481,16519,16581,30.125970343513224,2019-02-01
2019,2,Tuxtla Gutiérrez,Ciudades,Interior,120772,39943,49297,70589,33.073063292816215,2019-02-01
2019,2,Valle de Bravo,Ciudades,Interior,34216,7747,16072,16333,22.64145429039046,2019-02-01
2019,2,Veracruz-Boca del Río,Centros de Playa,Tradicionales,243154,105081,179488,223773,43.21582207160894,2019-02-01
2019,2,Villahermosa,Ciudades,Interior,141166,66947,61359,105401,47.42430896958191,2019-02-01
2019,2,Xalapa,Ciudades,Interior,65232,19786,30609,34907,30.331739023792004,2019-02-01
2019,2,Zacatecas,Ciudades,Interior,89332,42546,39222,70265,47.62683025119778,2019-02-01
2019,3,Acapulco,Centros de Playa,Tradicionales,583992,287989,562680,751910,49.31386046384197,2019-03-01
2019,3,Aguascalientes,Ciudades,Interior,164273,102989,63115,158645,62.69380847735172,2019-03-01
2019,3,Bahías de Huatulco,Centros de Playa,Integralmente Planeados,131440,93131,54093,199470,70.85438222763239,2019-03-01
2019,3,Campeche,Ciudades,Interior,43741,23924,28225,47171,54.69468004846711,2019-03-01
2019,3,Cancún,Centros de Playa,Integralmente Planeados,1092263,875883,773634,2415870,80.18975283425328,2019-03-01
2019,3,Celaya,Ciudades,Interior,100684,40236,54604,66386,39.962655436812206,2019-03-01
2019,3,Chihuahua,Ciudades,Interior,116117,63749,56985,112737,54.900660540661576,2019-03-01
2019,3,Ciudad Juárez,Ciudades,Fronterizas,140406,101708,154543,161906,72.43849977921171,2019-03-01
2019,3,Ciudad de México,Ciudades,Grandes,1587342,1056234,904354,1944824,66.54104786492135,2019-03-01
2019,3,Coatzacoalcos,Ciudades,Interior,54829,18550,27713,29994,33.832460923963595,2019-03-01
2019,3,Colima,Ciudades,Interior,42572,19691,22116,36690,46.253405994550405,2019-03-01
2019,3,Comitán de Domínguez,Ciudades,Interior,43118,11373,21818,22470,26.376455308687788,2019-03-01
2019,3,Cozumel,Centros de Playa,Tradicionales,145018,103732,81287,219076,71.53043070515385,2019-03-01
2019,3,Culiacán,Ciudades,Interior,86929,43385,70770,83353,49.90854605482635,2019-03-01
2019,3,Durango,Ciudades,Interior,58500,29353,28496,43748,50.17606837606838,2019-03-01
2019,3,El Fuerte,Ciudades,Interior,12586,3128,5611,6445,24.853011282377246,2019-03-01
2019,3,Guadalajara,Ciudades,Grandes,681596,362362,329445,624053,53.16375096097982,2019-03-01
2019,3,Guanajuato,Ciudades,Interior,97316,37983,63231,80188,39.03058078835957,2019-03-01
2019,3,Hermosillo,Ciudades,Interior,86025,53260,52547,95444,61.91223481546062,2019-03-01
2019,3,Irapuato,Ciudades,Interior,80755,33061,38643,52597,40.939879883598536,2019-03-01
2019,3,Isla Mujeres,Centros de Playa,Otros,51008,35880,49928,78161,70.34190715181933,2019-03-01
2019,3,Ixtapa - Zihuatanejo,Centros de Playa,Integralmente Planeados,194651,120604,92350,242269,61.95909602313885,2019-03-01
2019,3,La Paz,Centros de Playa,Tradicionales,84483,48051,46873,92528,56.876531373175666,2019-03-01
2019,3,León,Ciudades,Interior,202579,112964,145779,202518,55.76293692830945,2019-03-01
2019,3,Loreto,Centros de Playa,Integralmente Planeados,27674,17677,13649,38745,63.8758401387584,2019-03-01
2019,3,Los Cabos,Centros de Playa,Integralmente Planeados,626255,510214,250578,1257027,81.47064694094259,2019-03-01
2019,3,Los Mochis,Ciudades,Interior,48107,25320,35894,41993,52.632672999771344,2019-03-01
2019,3,Manzanillo,Centros de Playa,Tradicionales,135408,56923,59722,143795,42.03813659458821,2019-03-01
2019,3,Mazatlán,Centros de Playa,Tradicionales,295864,192382,224765,545439,65.02379471649137,2019-03-01
2019,3,Mexicali,Ciudades,Fronterizas,78430,54140,66066,84432,69.02970801989035,2019-03-01
2019,3,Monterrey,Ciudades,Grandes,429985,322709,237566,521030,75.05122271707152,2019-03-01
2019,3,Morelia,Ciudades,Interior,115072,76961,60197,130153,66.88073553948833,2019-03-01
2019,3,Mérida,Ciudades,Interior,222286,144590,149135,250610,65.04683155934246,2019-03-01
2019,3,Nuevo Nayarit,Centros de Playa,Otros,297259,260438,107333,602089,87.61315889510495,2019-03-01
2019,3,Oaxaca,Ciudades,Interior,182713,95877,84126,175579,52.4740987231341,2019-03-01
2019,3,Pachuca,Ciudades,Interior,47649,26594,37353,45675,55.812294067031836,2019-03-01
2019,3,Palenque,Ciudades,Interior,65162,23349,44259,46807,35.8322335103281,2019-03-01
2019,3,Piedras Negras,Ciudades,Fronterizas,23526,10585,17313,19706,44.992773952223075,2019-03-01
2019,3,Playas de Rosarito,Centros de Playa,Otros,69192,27238,67184,84439,39.36582263845531,2019-03-01
2019,3,Puebla,Ciudades,Interior,292971,181181,262852,482125,61.842639715193656,2019-03-01
2019,3,Puerto Escondido,Centros de Playa,Otros,74896,24125,25329,51547,32.21133304849391,2019-03-01
2019,3,Puerto Vallarta,Centros de Playa,Tradicionales,398314,324836,158808,677715,81.55274481941383,2019-03-01
2019,3,Querétaro,Ciudades,Interior,230414,146107,113731,227873,63.41064345048478,2019-03-01
2019,3,Riviera Maya,Centros de Playa,Otros,1413331,1201032,452597,2570464,84.97881954050396,2019-03-01
2019,3,Salamanca,Ciudades,Interior,38502,12350,13110,20181,32.076255778920576,2019-03-01
2019,3,San Cristóbal de las Casas,Ciudades,Interior,103170,35225,58827,67072,34.142677134826016,2019-03-01
2019,3,San Felipe,Centros de Playa,Otros,27683,5274,10771,11967,19.051403388361088,2019-03-01
2019,3,San Juan de los Lagos,Ciudades,Interior,113956,22130,75050,76717,19.419776053915545,2019-03-01
2019,3,San Juan del Río,Ciudades,Interior,34935,18589,18221,32647,53.210247602690714,2019-03-01
2019,3,San Luis Potosí,Ciudades,Interior,175819,109321,91571,181583,62.178149119264695,2019-03-01
2019,3,San Miguel de Allende,Ciudades,Interior,63561,32143,44413,63394,50.57031827693082,2019-03-01
2019,3,Taxco,Ciudades,Interior,27350,10263,23351,23351,37.52468007312614,2019-03-01
2019,3,Tecate,Ciudades,Fronterizas,9000,3729,7578,7578,41.43333333333333,2019-03-01
2019,3,Tequisquiapan,Ciudades,Interior,27107,6767,11303,15477,24.964031430995682,2019-03-01
2019,3,Tijuana,Ciudades,Fronterizas,160555,105313,109225,116218,65.5930989380586,2019-03-01
2019,3,Tlaxcala,Ciudades,Interior,20051,6171,8900,11727,30.77651987432048,2019-03-01
2019,3,Toluca,Ciudades,Interior,117645,53762,73734,79338,45.698499723745165,2019-03-01
2019,3,Tonalá Puerto Arista,Centros de Playa,Otros,23837,6194,15614,15622,25.984813525191928,2019-03-01
2019,3,Tuxtla Gutiérrez,Ciudades,Interior,133574,46275,56948,85017,34.643718088849624,2019-03-01
2019,3,Valle de Bravo,Ciudades,Interior,37882,8114,17295,17734,21.41914365661792,2019-03-01
2019,3,Veracruz-Boca del Río,Centros de Playa,Tradicionales,271407,127978,212395,284899,47.15353693898831,2019-03-01
2019,3,Villahermosa,Ciudades,Interior,156302,76488,69402,138896,48.93603408785556,2019-03-01
2019,3,Xalapa,Ciudades,Interior,72230,24989,39349,44198,34.59642807697632,2019-03-01
2019,3,Zacatecas,Ciudades,Interior,98720,46153,46067,77990,46.751418152350084,2019-03-01
2019,4,Acapulco,Centros de Playa,Tradicionales,570333,337251,695995,910978,59.13229639526382,2019-04-01
2019,4,Aguascalientes,Ciudades,Interior,159352,103566,70954,171994,64.9919674682464,2019-04-01
2019,4,Bahías de Huatulco,Centros de Playa,Integralmente Planeados,127200,82660,57610,185096,64.98427672955975,2019-04-01
2019,4,Campeche,Ciudades,Interior,42450,22714,28501,42935,53.50765606595995,2019-04-01
2019,4,Cancún,Centros de Playa,Integralmente Planeados,1057764,780498,736227,2134315,73.78753672841957,2019-04-01
2019,4,Celaya,Ciudades,Interior,96469,37397,49920,60787,38.7658211446164,2019-04-01
2019,4,Chihuahua,Ciudades,Interior,118353,63079,57759,104902,53.29733931543772,2019-04-01
2019,4,Ciudad Juárez,Ciudades,Fronterizas,136230,95984,148274,153509,70.45731483520517,2019-04-01
2019,4,Ciudad de México,Ciudades,Grandes,1536262,986597,876453,1881714,64.22062122216133,2019-04-01
2019,4,Coatzacoalcos,Ciudades,Interior,53124,19592,28968,33668,36.87975303064528,2019-04-01
2019,4,Colima,Ciudades,Interior,40976,19076,19878,35976,46.55408043732917,2019-04-01
2019,4,Comitán de Domínguez,Ciudades,Interior,41730,17519,36947,37387,41.98178768272226,2019-04-01
2019,4,Cozumel,Centros de Playa,Tradicionales,139811,75963,58196,158815,54.33263477122687,2019-04-01
2019,4,Culiacán,Ciudades,Interior,84134,37526,62345,72917,44.60265766515321,2019-04-01
2019,4,Durango,Ciudades,Interior,56610,37272,37588,59283,65.83995760466348,2019-04-01
2019,4,El Fuerte,Ciudades,Interior,12150,3627,6878,7749,29.85185185185185,2019-04-01
2019,4,Guadalajara,Ciudades,Grandes,665696,353154,366789,674405,53.05034129692833,2019-04-01
2019,4,Guanajuato,Ciudades,Interior,94866,40876,69270,90223,43.08814538401535,2019-04-01
2019,4,Hermosillo,Ciudades,Interior,83250,50733,53950,95146,60.94054054054054,2019-04-01
2019,4,Irapuato,Ciudades,Interior,79980,30243,35507,52379,37.81320330082521,2019-04-01
2019,4,Isla Mujeres,Centros de Playa,Otros,49380,30098,38753,65134,60.9518023491292,2019-04-01
2019,4,Ixtapa - Zihuatanejo,Centros de Playa,Integralmente Planeados,188460,109264,106585,235468,57.977289610527436,2019-04-01
2019,4,La Paz,Centros de Playa,Tradicionales,81681,38215,46076,76160,46.785666189199446,2019-04-01
2019,4,León,Ciudades,Interior,198380,95109,138857,179011,47.94283697953423,2019-04-01
2019,4,Loreto,Centros de Playa,Integralmente Planeados,26880,16995,16859,38203,63.22544642857143,2019-04-01
2019,4,Los Cabos,Centros de Playa,Integralmente Planeados,614654,456211,233617,1148793,74.22240805396207,2019-04-01
2019,4,Los Mochis,Ciudades,Interior,46465,24706,32522,40370,53.17120413214247,2019-04-01
2019,4,Manzanillo,Centros de Playa,Tradicionales,131853,68205,71619,195552,51.72806079497622,2019-04-01
2019,4,Mazatlán,Centros de Playa,Tradicionales,286138,191986,242253,571055,67.09559722930894,2019-04-01
2019,4,Mexicali,Ciudades,Fronterizas,75893,45560,55336,71098,60.03188699880094,2019-04-01
2019,4,Monterrey,Ciudades,Grandes,415155,279802,222810,469333,67.39699630258578,2019-04-01
2019,4,Morelia,Ciudades,Interior,111360,71194,75865,167290,63.93139367816092,2019-04-01
2019,4,Mérida,Ciudades,Interior,214923,136731,153813,244710,63.61859828868944,2019-04-01
2019,4,Nuevo Nayarit,Centros de Playa,Otros,287670,236546,110594,603796,82.22824764487086,2019-04-01
2019,4,Oaxaca,Ciudades,Interior,176816,94878,97165,197048,53.659171115736136,2019-04-01
2019,4,Pachuca,Ciudades,Interior,46140,27861,47204,55952,60.38361508452536,2019-04-01
2019,4,Palenque,Ciudades,Interior,63088,29961,60631,63949,47.49080649251839,2019-04-01
2019,4,Piedras Negras,Ciudades,Fronterizas,23790,10599,17948,20701,44.55233291298865,2019-04-01
2019,4,Playas de Rosarito,Centros de Playa,Otros,67337,23842,59550,74261,35.406982788065996,2019-04-01
2019,4,Puebla,Ciudades,Interior,282628,172107,283212,531436,60.89524038665667,2019-04-01
2019,4,Puerto Escondido,Centros de Playa,Otros,72453,30841,35993,70388,42.5669054421487,2019-04-01
2019,4,Puerto Vallarta,Centros de Playa,Tradicionales,385698,282274,171264,628028,73.18523819153846,2019-04-01
2019,4,Querétaro,Ciudades,Interior,223080,143322,115523,244362,64.24690693921463,2019-04-01
2019,4,Riviera Maya,Centros de Playa,Otros,1367528,1129877,420471,2427873,82.62185490900369,2019-04-01
2019,4,Salamanca,Ciudades,Interior,37257,10202,9404,15556,27.3827737069544,2019-04-01
2019,4,San Cristóbal de las Casas,Ciudades,Interior,99907,45388,92332,96741,45.43025013262334,2019-04-01
2019,4,San Felipe,Centros de Playa,Otros,26790,11634,24855,26883,43.42665173572228,2019-04-01
2019,4,San Juan de los Lagos,Ciudades,Interior,110280,22277,79017,80056,20.200398984403336,2019-04-01
2019,4,San Juan del Río,Ciudades,Interior,33617,17504,18025,33047,52.06889371448969,2019-04-01
2019,4,San Luis Potosí,Ciudades,Interior,170335,114014,101190,206180,66.93515719024276,2019-04-01
2019,4,San Miguel de Allende,Ciudades,Interior,61664,26558,39474,54829,43.0688894654904,2019-04-01
2019,4,Taxco,Ciudades,Interior,26876,12227,30209,30209,45.494121148980504,2019-04-01
2019,4,Tecate,Ciudades,Fronterizas,8514,3837,8849,8849,45.06694855532065,2019-04-01
2019,4,Tequisquiapan,Ciudades,Interior,26148,8670,12933,20371,33.15741165672327,2019-04-01
2019,4,Tijuana,Ciudades,Fronterizas,155134,94531,97813,106037,60.93506259105032,2019-04-01
2019,4,Tlaxcala,Ciudades,Interior,19645,7150,12584,15662,36.39602952405192,2019-04-01
2019,4,Toluca,Ciudades,Interior,113826,54215,76834,80624,47.62971553072233,2019-04-01
2019,4,Tonalá Puerto Arista,Centros de Playa,Otros,23130,9306,22004,22062,40.233463035019454,2019-04-01
2019,4,Tuxtla Gutiérrez,Ciudades,Interior,129312,54313,70928,105494,42.00151571393219,2019-04-01
2019,4,Valle de Bravo,Ciudades,Interior,36614,10070,23730,24384,27.503140875075108,2019-04-01
2019,4,Veracruz-Boca del Río,Centros de Playa,Tradicionales,263040,133594,193989,325054,50.78847323600973,2019-04-01
2019,4,Villahermosa,Ciudades,Interior,153611,73657,73651,130735,47.95034209789664,2019-04-01
2019,4,Xalapa,Ciudades,Interior,70088,26695,42922,48807,38.08783243921927,2019-04-01
2019,4,Zacatecas,Ciudades,Interior,96535,59913,65217,113315,62.06350028487077,2019-04-01
2019,5,Acapulco,Centros de Playa,Tradicionales,580011,274532,573188,752090,47.33220576851129,2019-05-01
2019,5,Aguascalientes,Ciudades,Interior,164052,100163,66790,157319,61.055640894350574,2019-05-01
2019,5,Bahías de Huatulco,Centros de Playa,Integralmente Planeados,131440,76213,58749,171635,57.98311016433354,2019-05-01
2019,5,Campeche,Ciudades,Interior,43865,18904,20765,35021,43.095862304798814,2019-05-01
2019,5,Cancún,Centros de Playa,Integralmente Planeados,1091184,769017,682194,1994010,70.47546518277395,2019-05-01
2019,5,Celaya,Ciudades,Interior,99539,43308,54519,68286,43.50857452857674,2019-05-01
2019,5,Chihuahua,Ciudades,Interior,110353,81351,67179,137847,73.71888394515781,2019-05-01
2019,5,Ciudad Juárez,Ciudades,Fronterizas,140678,103050,158743,163716,73.25239198737542,2019-05-01
2019,5,Ciudad de México,Ciudades,Grandes,1587417,1049531,850175,1817768,66.11564573139887,2019-05-01
2019,5,Coatzacoalcos,Ciudades,Interior,54551,18654,24532,27029,34.1955234551154,2019-05-01
2019,5,Colima,Ciudades,Interior,37189,18166,20278,33860,48.847777568635884,2019-05-01
2019,5,Comitán de Domínguez,Ciudades,Interior,43121,12094,22722,23053,28.0466594002922,2019-05-01
2019,5,Cozumel,Centros de Playa,Tradicionales,144673,69079,53351,142940,47.748370463044246,2019-05-01
2019,5,Culiacán,Ciudades,Interior,86929,45330,74437,87360,52.14600421033257,2019-05-01
2019,5,Durango,Ciudades,Interior,58497,37044,34957,57184,63.326324426893684,2019-05-01
2019,5,El Fuerte,Ciudades,Interior,12555,2026,3929,4079,16.136997212266028,2019-05-01
2019,5,Guadalajara,Ciudades,Grandes,686755,363736,364087,649009,52.96444874809794,2019-05-01
2019,5,Guanajuato,Ciudades,Interior,99904,35178,60111,75710,35.21180333119795,2019-05-01
2019,5,Hermosillo,Ciudades,Interior,86025,57005,57304,107047,66.26562045916884,2019-05-01
2019,5,Irapuato,Ciudades,Interior,82646,30081,33050,48831,36.39740580306367,2019-05-01
2019,5,Isla Mujeres,Centros de Playa,Otros,51026,30082,36513,64070,58.95425861325599,2019-05-01
2019,5,Ixtapa - Zihuatanejo,Centros de Playa,Integralmente Planeados,194536,114670,103123,253693,58.94538800016449,2019-05-01
2019,5,La Paz,Centros de Playa,Tradicionales,84404,37905,44591,74550,44.90900905170371,2019-05-01
2019,5,León,Ciudades,Interior,202669,90782,130097,159215,44.79323428842102,2019-05-01
2019,5,Loreto,Centros de Playa,Integralmente Planeados,27659,15395,14423,31513,55.66000216927582,2019-05-01
2019,5,Los Cabos,Centros de Playa,Integralmente Planeados,636819,431808,199805,977651,67.80702208947912,2019-05-01
2019,5,Los Mochis,Ciudades,Interior,48050,27310,37171,44434,56.8366285119667,2019-05-01
2019,5,Manzanillo,Centros de Playa,Tradicionales,143809,77354,83750,209929,53.789401219673316,2019-05-01
2019,5,Mazatlán,Centros de Playa,Tradicionales,295851,181377,243356,528414,61.306874068365495,2019-05-01
2019,5,Mexicali,Ciudades,Fronterizas,78430,48177,56417,71899,61.42674996812444,2019-05-01
2019,5,Monterrey,Ciudades,Grandes,430327,313824,236702,481899,72.92686724281766,2019-05-01
2019,5,Morelia,Ciudades,Interior,115072,65605,53539,112854,57.01213153503893,2019-05-01
2019,5,Mérida,Ciudades,Interior,221947,134468,135636,246901,60.585635309330605,2019-05-01
2019,5,Nuevo Nayarit,Centros de Playa,Otros,302932,212678,118433,536306,70.20651499346388,2019-05-01
2019,5,Oaxaca,Ciudades,Interior,182664,82466,81559,153950,45.14627950773004,2019-05-01
2019,5,Pachuca,Ciudades,Interior,47554,25999,35104,43528,54.67258274803381,2019-05-01
2019,5,Palenque,Ciudades,Interior,64749,19436,37262,40568,30.017452006980804,2019-05-01
2019,5,Piedras Negras,Ciudades,Fronterizas,23281,12424,19881,23679,53.365405266096815,2019-05-01
2019,5,Playas de Rosarito,Centros de Playa,Otros,69537,22167,55416,68924,31.877993010915052,2019-05-01
2019,5,Puebla,Ciudades,Interior,292641,182011,273945,542374,62.19600124384485,2019-05-01
2019,5,Puerto Escondido,Centros de Playa,Otros,74856,24654,28020,51812,32.93523565245271,2019-05-01
2019,5,Puerto Vallarta,Centros de Playa,Tradicionales,398418,270555,183742,589551,67.90732346430131,2019-05-01
2019,5,Querétaro,Ciudades,Interior,231027,143669,110692,228272,62.187103671865195,2019-05-01
2019,5,Riviera Maya,Centros de Playa,Otros,1412540,1107877,415378,2320300,78.43154884109477,2019-05-01
2019,5,Salamanca,Ciudades,Interior,38724,11023,10254,16886,28.465551079433943,2019-05-01
2019,5,San Cristóbal de las Casas,Ciudades,Interior,103254,31097,58074,61423,30.116993046274235,2019-05-01
2019,5,San Felipe,Centros de Playa,Otros,27683,7312,16116,16937,26.41332225553589,2019-05-01
2019,5,San Juan de los Lagos,Ciudades,Interior,113119,14996,46172,48221,13.256835721673635,2019-05-01
2019,5,San Juan del Río,Ciudades,Interior,34812,16032,17504,28652,46.05308514305412,2019-05-01
2019,5,San Luis Potosí,Ciudades,Interior,176289,108432,87703,174782,61.508091826489455,2019-05-01
2019,5,San Miguel de Allende,Ciudades,Interior,63736,23409,36161,46716,36.72806577130664,2019-05-01
2019,5,Taxco,Ciudades,Interior,29289,9432,21264,21264,32.20321622452115,2019-05-01
2019,5,Tecate,Ciudades,Fronterizas,8804,4227,8725,8725,48.012267151294864,2019-05-01
2019,5,Tequisquiapan,Ciudades,Interior,26958,6271,10131,14075,23.262111432598857,2019-05-01
2019,5,Tijuana,Ciudades,Fronterizas,160538,101860,106117,114530,63.44915222564128,2019-05-01
2019,5,Tlaxcala,Ciudades,Interior,20305,7423,11973,14420,36.557498153164246,2019-05-01
2019,5,Toluca,Ciudades,Interior,117645,51659,71777,75003,43.91091844107272,2019-05-01
2019,5,Tonalá Puerto Arista,Centros de Playa,Otros,23886,5194,12316,12321,21.74495520388512,2019-05-01
2019,5,Tuxtla Gutiérrez,Ciudades,Interior,133581,52226,61374,94064,39.09687754995097,2019-05-01
2019,5,Valle de Bravo,Ciudades,Interior,37882,7199,15686,16027,19.003748482128717,2019-05-01
2019,5,Veracruz-Boca del Río,Centros de Playa,Tradicionales,271674,137027,170407,325637,50.438024985828605,2019-05-01
2019,5,Villahermosa,Ciudades,Interior,158778,81921,73545,136345,51.5946793636398,2019-05-01
2019,5,Xalapa,Ciudades,Interior,76402,32317,47821,65032,42.29863092589199,2019-05-01
2019,5,Zacatecas,Ciudades,Interior,99233,52529,48842,91443,52.9350115385003,2019-05-01
2019,6,Acapulco,Centros de Playa,Tradicionales,562162,286640,575608,770215,50.9888608621714,2019-06-01
2019,6,Aguascalientes,Ciudades,Interior,157628,90467,61007,139065,57.392722105209735,2019-06-01
2019,6,Bahías de Huatulco,Centros de Playa,Integralmente Planeados,127186,74106,53587,165528,58.265846869938514,2019-06-01
2019,6,Campeche,Ciudades,Interior,42450,14766,17091,27004,34.78445229681979,2019-06-01
2019,6,Cancún,Centros de Playa,Integralmente Planeados,1040901,768077,758570,2125613,73.78963032987767,2019-06-01
2019,6,Celaya,Ciudades,Interior,96513,37912,54493,63677,39.281754789510224,2019-06-01
2019,6,Chihuahua,Ciudades,Interior,113622,64543,61254,113040,56.805020154547535,2019-06-01
2019,6,Ciudad Juárez,Ciudades,Fronterizas,136040,104437,163386,169076,76.76933254925022,2019-06-01
2019,6,Ciudad de México,Ciudades,Grandes,1537177,990112,873158,1828293,64.41106001455915,2019-06-01
2019,6,Coatzacoalcos,Ciudades,Interior,52878,17825,24291,26226,33.70967131888498,2019-06-01
2019,6,Colima,Ciudades,Interior,35652,16374,18607,30983,45.927297206327836,2019-06-01
2019,6,Comitán de Domínguez,Ciudades,Interior,41740,11975,22308,22679,28.68950646861524,2019-06-01
2019,6,Cozumel,Centros de Playa,Tradicionales,139774,70842,76774,151206,50.683245811095055,2019-06-01
2019,6,Culiacán,Ciudades,Interior,84180,38418,63820,73571,45.63791874554526,2019-06-01
2019,6,Durango,Ciudades,Interior,56715,34431,33660,53813,60.708807193864054,2019-06-01
2019,6,El Fuerte,Ciudades,Interior,12150,1674,2893,3372,13.777777777777779,2019-06-01
2019,6,Guadalajara,Ciudades,Grandes,666579,341146,319251,591305,51.178629989843664,2019-06-01
2019,6,Guanajuato,Ciudades,Interior,96630,37202,62773,79516,38.49943081858636,2019-06-01
2019,6,Hermosillo,Ciudades,Interior,83250,47934,52166,86872,57.57837837837838,2019-06-01
2019,6,Irapuato,Ciudades,Interior,79980,27972,31724,45719,34.973743435858964,2019-06-01
2019,6,Isla Mujeres,Centros de Playa,Otros,49380,27738,37003,62780,56.172539489671934,2019-06-01
2019,6,Ixtapa - Zihuatanejo,Centros de Playa,Integralmente Planeados,188490,97135,71104,210451,51.53323783755106,2019-06-01
2019,6,La Paz,Centros de Playa,Tradicionales,81606,43646,40156,82671,53.48381246476975,2019-06-01
2019,6,León,Ciudades,Interior,198870,86620,112612,147508,43.5560919193443,2019-06-01
2019,6,Loreto,Centros de Playa,Integralmente Planeados,26778,10961,11905,26961,40.93285532900142,2019-06-01
2019,6,Los Cabos,Centros de Playa,Integralmente Planeados,634203,455899,235125,1139906,71.88534270572671,2019-06-01
2019,6,Los Mochis,Ciudades,Interior,46010,25101,33022,39565,54.55553140621604,2019-06-01
2019,6,Manzanillo,Centros de Playa,Tradicionales,139170,72463,90058,197417,52.06797441977438,2019-06-01
2019,6,Mazatlán,Centros de Playa,Tradicionales,286471,202321,276080,625579,70.62529889587428,2019-06-01
2019,6,Mexicali,Ciudades,Fronterizas,75900,44124,55324,69493,58.134387351778656,2019-06-01
2019,6,Monterrey,Ciudades,Grandes,401165,282594,210328,451111,70.44333379033564,2019-06-01
2019,6,Morelia,Ciudades,Interior,92430,55832,43601,93651,60.40463053121281,2019-06-01
2019,6,Mérida,Ciudades,Interior,214830,118003,128445,202808,54.92854815435461,2019-06-01
2019,6,Nuevo Nayarit,Centros de Playa,Otros,291367,224972,130906,568207,77.21258756139164,2019-06-01
2019,6,Oaxaca,Ciudades,Interior,176728,74505,72187,138077,42.15800552261102,2019-06-01
2019,6,Pachuca,Ciudades,Interior,47370,28410,39893,47802,59.97466751108296,2019-06-01
2019,6,Palenque,Ciudades,Interior,62621,16352,31283,34410,26.112645917503713,2019-06-01
2019,6,Piedras Negras,Ciudades,Fronterizas,22740,12569,20949,24451,55.2726473175022,2019-06-01
2019,6,Playas de Rosarito,Centros de Playa,Otros,67356,22253,55360,69128,33.03788823564345,2019-06-01
2019,6,Puebla,Ciudades,Interior,283744,177138,255981,494357,62.428809067328295,2019-06-01
2019,6,Puerto Escondido,Centros de Playa,Otros,72480,21292,22909,44898,29.37637969094923,2019-06-01
2019,6,Puerto Vallarta,Centros de Playa,Tradicionales,385427,259436,181069,594694,67.31131965326767,2019-06-01
2019,6,Querétaro,Ciudades,Interior,223914,126333,99377,195635,56.42032208794448,2019-06-01
2019,6,Riviera Maya,Centros de Playa,Otros,1365967,1071794,415283,2324534,78.46412102195734,2019-06-01
2019,6,Salamanca,Ciudades,Interior,37260,11193,10309,17057,30.0402576489533,2019-06-01
2019,6,San Cristóbal de las Casas,Ciudades,Interior,99776,29482,53635,57461,29.548187940987813,2019-06-01
2019,6,San Felipe,Centros de Playa,Otros,26790,6491,13913,14440,24.229189996267262,2019-06-01
2019,6,San Juan de los Lagos,Ciudades,Interior,110280,12582,41092,41868,11.409140369967355,2019-06-01
2019,6,San Juan del Río,Ciudades,Interior,33867,16671,18641,30690,49.224909203649574,2019-06-01
2019,6,San Luis Potosí,Ciudades,Interior,172576,115202,87554,181530,66.75435750046357,2019-06-01
2019,6,San Miguel de Allende,Ciudades,Interior,61631,21410,32936,43577,34.73901121189012,2019-06-01
2019,6,Taxco,Ciudades,Interior,26362,9351,21664,21664,35.471512024884305,2019-06-01
2019,6,Tecate,Ciudades,Fronterizas,9480,3918,7979,7979,41.32911392405063,2019-06-01
2019,6,Tequisquiapan,Ciudades,Interior,26101,6856,10770,15308,26.267192827861003,2019-06-01
2019,6,Tijuana,Ciudades,Fronterizas,155133,95154,100709,114482,61.33704627642088,2019-06-01
2019,6,Tlaxcala,Ciudades,Interior,19650,6257,8965,11260,31.842239185750635,2019-06-01
2019,6,Toluca,Ciudades,Interior,113850,48916,65472,67333,42.96530522617479,2019-06-01
2019,6,Tonalá Puerto Arista,Centros de Playa,Otros,23130,4862,11391,11392,21.020319930825767,2019-06-01
2019,6,Tuxtla Gutiérrez,Ciudades,Interior,129280,46399,58562,85896,35.89031559405941,2019-06-01
2019,6,Valle de Bravo,Ciudades,Interior,36587,8153,17019,17220,22.283871320414356,2019-06-01
2019,6,Veracruz-Boca del Río,Centros de Playa,Tradicionales,263040,120392,143746,284158,45.76946472019465,2019-06-01
2019,6,Villahermosa,Ciudades,Interior,153409,76301,70300,128094,49.736977621912665,2019-06-01
2019,6,Xalapa,Ciudades,Interior,73948,30554,42149,62804,41.318223616595446,2019-06-01
2019,6,Zacatecas,Ciudades,Interior,95755,47457,47440,81190,49.56085844081249,2019-06-01
2019,7,Acapulco,Centros de Playa,Tradicionales,591519,342609,704323,961371,57.92020205606244,2019-07-01
2019,7,Aguascalientes,Ciudades,Interior,164451,103991,66945,171108,63.23524940559802,2019-07-01
2019,7,Bahías de Huatulco,Centros de Playa,Integralmente Planeados,131440,94706,67349,228805,72.05264759586123,2019-07-01
2019,7,Campeche,Ciudades,Interior,43865,25535,32298,49660,58.2126980508378,2019-07-01
2019,7,Cancún,Centros de Playa,Integralmente Planeados,1088123,856110,811123,2311103,78.67768625421942,2019-07-01
2019,7,Celaya,Ciudades,Interior,92902,40140,51115,68181,43.206820089987296,2019-07-01
2019,7,Chihuahua,Ciudades,Interior,118402,66170,59468,109744,55.88588030607591,2019-07-01
2019,7,Ciudad Juárez,Ciudades,Fronterizas,140678,106941,162925,169906,76.01828288716075,2019-07-01
2019,7,Ciudad de México,Ciudades,Grandes,1588409,1076301,1069078,2111843,67.75968909770721,2019-07-01
2019,7,Coatzacoalcos,Ciudades,Interior,54963,20108,28692,31410,36.584611465895236,2019-07-01
2019,7,Colima,Ciudades,Interior,36840,17400,19855,34764,47.23127035830619,2019-07-01
2019,7,Comitán de Domínguez,Ciudades,Interior,43120,19790,39247,39832,45.89517625231911,2019-07-01
2019,7,Cozumel,Centros de Playa,Tradicionales,144968,86599,80731,206778,59.73663153247613,2019-07-01
2019,7,Culiacán,Ciudades,Interior,86986,40865,67822,78913,46.97882417860345,2019-07-01
2019,7,Durango,Ciudades,Interior,58733,45788,49958,76469,77.9595797933019,2019-07-01
2019,7,El Fuerte,Ciudades,Interior,12586,2779,5860,6123,22.08008898776418,2019-07-01
2019,7,Guadalajara,Ciudades,Grandes,688188,430199,476818,860899,62.51184269414753,2019-07-01
2019,7,Guanajuato,Ciudades,Interior,95790,49026,92515,116901,51.1807077983088,2019-07-01
2019,7,Hermosillo,Ciudades,Interior,86025,54440,60658,108740,63.2839290903807,2019-07-01
2019,7,Irapuato,Ciudades,Interior,82646,29646,34598,48936,35.87106454032863,2019-07-01
2019,7,Isla Mujeres,Centros de Playa,Otros,51026,30390,40108,71070,59.557872457178696,2019-07-01
2019,7,Ixtapa - Zihuatanejo,Centros de Playa,Integralmente Planeados,194632,135038,109263,340253,69.38119117103045,2019-07-01
2019,7,La Paz,Centros de Playa,Tradicionales,84381,49188,50148,100594,58.29274362711985,2019-07-01
2019,7,León,Ciudades,Interior,202780,98134,148810,178659,48.39431896636749,2019-07-01
2019,7,Loreto,Centros de Playa,Integralmente Planeados,27776,15604,19873,38226,56.17799539170507,2019-07-01
2019,7,Los Cabos,Centros de Playa,Integralmente Planeados,684372,510822,272441,1364415,74.64098472760429,2019-07-01
2019,7,Los Mochis,Ciudades,Interior,48018,29430,41136,49730,61.28951643133825,2019-07-01
2019,7,Manzanillo,Centros de Playa,Tradicionales,143840,88009,117448,255183,61.185344827586206,2019-07-01
2019,7,Mazatlán,Centros de Playa,Tradicionales,295974,243924,335440,775328,82.4139958239575,2019-07-01
2019,7,Mexicali,Ciudades,Fronterizas,82250,43111,53250,67662,52.414589665653494,2019-07-01
2019,7,Monterrey,Ciudades,Grandes,414171,274261,204459,448818,66.21926692115093,2019-07-01
2019,7,Morelia,Ciudades,Interior,123311,81087,80803,174642,65.75812376835806,2019-07-01
2019,7,Mérida,Ciudades,Interior,222150,150369,171072,268682,67.68804861580014,2019-07-01
2019,7,Nuevo Nayarit,Centros de Playa,Otros,303614,256684,150194,737261,84.5428735170315,2019-07-01
2019,7,Oaxaca,Ciudades,Interior,187269,123830,130284,272702,66.12413159679392,2019-07-01
2019,7,Pachuca,Ciudades,Interior,48949,31447,47806,56340,64.2444176591963,2019-07-01
2019,7,Palenque,Ciudades,Interior,64943,33016,69336,73537,50.83842754415411,2019-07-01
2019,7,Piedras Negras,Ciudades,Fronterizas,23746,12468,21497,25332,52.5056851680283,2019-07-01
2019,7,Playas de Rosarito,Centros de Playa,Otros,80910,40771,101418,126299,50.39055740946731,2019-07-01
2019,7,Puebla,Ciudades,Interior,293205,190325,272292,533251,64.91192169301343,2019-07-01
2019,7,Puerto Escondido,Centros de Playa,Otros,77438,35849,39281,80068,46.29380924094114,2019-07-01
2019,7,Puerto Vallarta,Centros de Playa,Tradicionales,398067,309398,216314,758884,77.72510657753594,2019-07-01
2019,7,Querétaro,Ciudades,Interior,231292,146374,117564,241434,63.285370873181954,2019-07-01
2019,7,Riviera Maya,Centros de Playa,Otros,1414697,1178576,465943,2673883,83.30942951034744,2019-07-01
2019,7,Salamanca,Ciudades,Interior,38502,11928,11682,19264,30.98020882032102,2019-07-01
2019,7,San Cristóbal de las Casas,Ciudades,Interior,103177,49487,99483,106966,47.963208854686606,2019-07-01
2019,7,San Felipe,Centros de Playa,Otros,25513,8378,21684,23281,32.83816093756124,2019-07-01
2019,7,San Juan de los Lagos,Ciudades,Interior,113956,23423,81231,83307,20.55442451472498,2019-07-01
2019,7,San Juan del Río,Ciudades,Interior,35014,17712,19784,33584,50.585480093676814,2019-07-01
2019,7,San Luis Potosí,Ciudades,Interior,180426,126224,107602,227917,69.95887510669193,2019-07-01
2019,7,San Miguel de Allende,Ciudades,Interior,63674,27462,40491,57508,43.129063668059175,2019-07-01
2019,7,Taxco,Ciudades,Interior,27445,13403,33157,33157,48.83585352523228,2019-07-01
2019,7,Tecate,Ciudades,Fronterizas,9796,4799,9825,9827,48.98938342180482,2019-07-01
2019,7,Tequisquiapan,Ciudades,Interior,27621,8714,13117,19272,31.548459505448754,2019-07-01
2019,7,Tijuana,Ciudades,Fronterizas,171845,112101,116086,134303,65.23378626087462,2019-07-01
2019,7,Tlaxcala,Ciudades,Interior,20305,8423,12967,16007,41.48239349913814,2019-07-01
2019,7,Toluca,Ciudades,Interior,117645,54600,73151,79938,46.41081218921331,2019-07-01
2019,7,Tonalá Puerto Arista,Centros de Playa,Otros,23891,7150,16824,16847,29.927587794566993,2019-07-01
2019,7,Tuxtla Gutiérrez,Ciudades,Interior,133618,63073,87153,129186,47.20396952506399,2019-07-01
2019,7,Valle de Bravo,Ciudades,Interior,37882,8969,19103,19784,23.67615226228816,2019-07-01
2019,7,Veracruz-Boca del Río,Centros de Playa,Tradicionales,271800,150904,195297,381811,55.52023546725533,2019-07-01
2019,7,Villahermosa,Ciudades,Interior,158659,86945,85805,153854,54.799916802702654,2019-07-01
2019,7,Xalapa,Ciudades,Interior,76463,33021,48389,77127,43.185593031923936,2019-07-01
2019,7,Zacatecas,Ciudades,Interior,99635,68464,73800,133683,68.71480905304361,2019-07-01
2019,8,Acapulco,Centros de Playa,Tradicionales,587368,289124,575058,775273,49.22365535745904,2019-08-01
2019,8,Aguascalientes,Ciudades,Interior,163392,83943,54394,126845,51.37522032902468,2019-08-01
2019,8,Bahías de Huatulco,Centros de Playa,Integralmente Planeados,131440,75762,53425,177892,57.63998782714547,2019-08-01
2019,8,Campeche,Ciudades,Interior,43803,21522,28363,42585,49.13362098486405,2019-08-01
2019,8,Cancún,Centros de Playa,Integralmente Planeados,1088455,774329,774638,2345078,71.14019412837462,2019-08-01
2019,8,Celaya,Ciudades,Interior,96638,32687,45199,57262,33.82416854653449,2019-08-01
2019,8,Chihuahua,Ciudades,Interior,120340,61765,58639,109302,51.3254113345521,2019-08-01
2019,8,Ciudad Juárez,Ciudades,Fronterizas,140597,101101,134739,139705,71.90836219833993,2019-08-01
2019,8,Ciudad de México,Ciudades,Grandes,1591053,1040542,974905,1952822,65.39958128359018,2019-08-01
2019,8,Coatzacoalcos,Ciudades,Interior,54937,20687,29403,32302,37.65586034912718,2019-08-01
2019,8,Colima,Ciudades,Interior,36271,14108,16668,26494,38.89608778362879,2019-08-01
2019,8,Comitán de Domínguez,Ciudades,Interior,43121,14790,28807,29286,34.298833514992694,2019-08-01
2019,8,Cozumel,Centros de Playa,Tradicionales,144478,70716,63373,197375,48.94586026938357,2019-08-01
2019,8,Culiacán,Ciudades,Interior,86986,39240,64457,74806,45.11070747016761,2019-08-01
2019,8,Durango,Ciudades,Interior,58563,35551,35037,57397,60.70556494715093,2019-08-01
2019,8,El Fuerte,Ciudades,Interior,12562,2409,4815,4876,19.176882661996498,2019-08-01
2019,8,Guadalajara,Ciudades,Grandes,688228,363002,379763,674515,52.74443934277594,2019-08-01
2019,8,Guanajuato,Ciudades,Interior,96581,39094,68560,87464,40.4779407958087,2019-08-01
2019,8,Hermosillo,Ciudades,Interior,86025,53321,58382,97288,61.983144434757335,2019-08-01
2019,8,Irapuato,Ciudades,Interior,82652,28307,31411,45439,34.24841504137831,2019-08-01
2019,8,Isla Mujeres,Centros de Playa,Otros,51057,31832,47745,75451,62.34600544489492,2019-08-01
2019,8,Ixtapa - Zihuatanejo,Centros de Playa,Integralmente Planeados,194870,115246,93042,279613,59.13993944681069,2019-08-01
2019,8,La Paz,Centros de Playa,Tradicionales,84367,46912,45632,91341,55.60467955480223,2019-08-01
2019,8,León,Ciudades,Interior,202698,89592,125730,165540,44.19974543409407,2019-08-01
2019,8,Loreto,Centros de Playa,Integralmente Planeados,27626,11512,12067,27488,41.67088974154782,2019-08-01
2019,8,Los Cabos,Centros de Playa,Integralmente Planeados,685667,402237,208279,1037391,58.66360784462429,2019-08-01
2019,8,Los Mochis,Ciudades,Interior,48118,24181,32772,39464,50.2535433725425,2019-08-01
2019,8,Manzanillo,Centros de Playa,Tradicionales,143370,71149,89375,192765,49.626142149682636,2019-08-01
2019,8,Mazatlán,Centros de Playa,Tradicionales,295486,214548,296713,676760,72.60851613951253,2019-08-01
2019,8,Mexicali,Ciudades,Fronterizas,82345,43491,52101,67099,52.815592932175605,2019-08-01
2019,8,Monterrey,Ciudades,Grandes,413694,287561,220932,457394,69.51055611152205,2019-08-01
2019,8,Morelia,Ciudades,Interior,123253,76775,71113,156692,62.29057304893187,2019-08-01
2019,8,Mérida,Ciudades,Interior,221973,125736,142779,213245,56.64472706139936,2019-08-01
2019,8,Nuevo Nayarit,Centros de Playa,Otros,303616,205866,122685,570251,67.80472702360876,2019-08-01
2019,8,Oaxaca,Ciudades,Interior,187367,94917,99386,188590,50.658333644665284,2019-08-01
2019,8,Pachuca,Ciudades,Interior,48949,30265,48614,54415,61.82965944145948,2019-08-01
2019,8,Palenque,Ciudades,Interior,65162,25294,50079,54223,38.8171019919585,2019-08-01
2019,8,Piedras Negras,Ciudades,Fronterizas,23901,12986,21266,24779,54.33245470900799,2019-08-01
2019,8,Playas de Rosarito,Centros de Playa,Otros,80667,39502,98436,122428,48.96921913545812,2019-08-01
2019,8,Puebla,Ciudades,Interior,295901,187927,286666,525254,63.510092902693806,2019-08-01
2019,8,Puerto Escondido,Centros de Playa,Otros,77438,24812,27416,54567,32.04111676437925,2019-08-01
2019,8,Puerto Vallarta,Centros de Playa,Tradicionales,397561,261783,179326,623045,65.84725362900285,2019-08-01
2019,8,Querétaro,Ciudades,Interior,231710,146244,117228,235482,63.11510077251737,2019-08-01
2019,8,Riviera Maya,Centros de Playa,Otros,1413210,1038752,399445,2319762,73.50301795203826,2019-08-01
2019,8,Salamanca,Ciudades,Interior,38301,13119,12772,20232,34.25236938983316,2019-08-01
2019,8,San Cristóbal de las Casas,Ciudades,Interior,103262,38876,77595,83099,37.64792469640332,2019-08-01
2019,8,San Felipe,Centros de Playa,Otros,25513,7540,19482,20726,29.553560929722103,2019-08-01
2019,8,San Juan de los Lagos,Ciudades,Interior,113956,40992,150939,154540,35.971778581206785,2019-08-01
2019,8,San Juan del Río,Ciudades,Interior,34977,19016,20352,35247,54.36715555936758,2019-08-01
2019,8,San Luis Potosí,Ciudades,Interior,181816,107602,94174,180777,59.18181018172218,2019-08-01
2019,8,San Miguel de Allende,Ciudades,Interior,63612,24364,36363,49880,38.300949506382445,2019-08-01
2019,8,Taxco,Ciudades,Interior,29177,11349,27518,27518,38.89707646433835,2019-08-01
2019,8,Tecate,Ciudades,Fronterizas,9796,4290,8958,8958,43.79338505512454,2019-08-01
2019,8,Tequisquiapan,Ciudades,Interior,27723,7053,11499,16063,25.440969592035493,2019-08-01
2019,8,Tijuana,Ciudades,Fronterizas,171827,119947,125684,149869,69.80684060130247,2019-08-01
2019,8,Tlaxcala,Ciudades,Interior,20305,5540,8211,9992,27.283920216695396,2019-08-01
2019,8,Toluca,Ciudades,Interior,117645,48063,63679,66845,40.854264949636615,2019-08-01
2019,8,Tonalá Puerto Arista,Centros de Playa,Otros,23839,6264,14930,14931,26.276269977767523,2019-08-01
2019,8,Tuxtla Gutiérrez,Ciudades,Interior,133643,55073,70775,105911,41.209041999955105,2019-08-01
2019,8,Valle de Bravo,Ciudades,Interior,37882,8345,17145,17774,22.028931946570932,2019-08-01
2019,8,Veracruz-Boca del Río,Centros de Playa,Tradicionales,271790,136541,193255,341757,50.237683505647745,2019-08-01
2019,8,Villahermosa,Ciudades,Interior,158605,75118,75436,131021,47.36168468837678,2019-08-01
2019,8,Xalapa,Ciudades,Interior,76415,31869,45616,72182,41.70516259896617,2019-08-01
2019,8,Zacatecas,Ciudades,Interior,99175,58981,59756,109267,59.47164103856819,2019-08-01
2019,9,Acapulco,Centros de Playa,Tradicionales,559115,200976,394057,515785,35.945377963388566,2019-09-01
2019,9,Aguascalientes,Ciudades,Interior,157438,85204,54991,123519,54.11908179727893,2019-09-01
2019,9,Bahías de Huatulco,Centros de Playa,Integralmente Planeados,127200,53227,40849,117446,41.84512578616352,2019-09-01
2019,9,Campeche,Ciudades,Interior,42246,15285,17792,27827,36.18094020735691,2019-09-01
2019,9,Cancún,Centros de Playa,Integralmente Planeados,1050121,617879,565121,1654054,58.838838571935995,2019-09-01
2019,9,Celaya,Ciudades,Interior,93594,29636,40119,51466,31.664422933094002,2019-09-01
2019,9,Chihuahua,Ciudades,Interior,120092,65231,59761,113563,54.317523232188655,2019-09-01
2019,9,Ciudad Juárez,Ciudades,Fronterizas,133938,91639,136421,141065,68.4189699711807,2019-09-01
2019,9,Ciudad de México,Ciudades,Grandes,1539720,1007895,958657,1870789,65.45962902345882,2019-09-01
2019,9,Coatzacoalcos,Ciudades,Interior,53190,17514,23173,25277,32.92724196277496,2019-09-01
2019,9,Colima,Ciudades,Interior,36346,12657,12656,21778,34.823639465140594,2019-09-01
2019,9,Comitán de Domínguez,Ciudades,Interior,41730,11975,22303,22829,28.696381500119816,2019-09-01
2019,9,Cozumel,Centros de Playa,Tradicionales,139903,51625,46062,111114,36.900566821297616,2019-09-01
2019,9,Culiacán,Ciudades,Interior,84178,38467,67946,77186,45.69721304854,2019-09-01
2019,9,Durango,Ciudades,Interior,56490,28279,25390,42026,50.060187643830766,2019-09-01
2019,9,El Fuerte,Ciudades,Interior,12180,3174,6360,6438,26.059113300492612,2019-09-01
2019,9,Guadalajara,Ciudades,Grandes,664728,336597,336407,602959,50.63680181969166,2019-09-01
2019,9,Guanajuato,Ciudades,Interior,90614,37425,65316,79764,41.30156487959918,2019-09-01
2019,9,Hermosillo,Ciudades,Interior,83250,41830,40581,71762,50.246246246246244,2019-09-01
2019,9,Irapuato,Ciudades,Interior,79993,28069,27257,42180,35.08932031552761,2019-09-01
2019,9,Isla Mujeres,Centros de Playa,Otros,49410,23779,30508,45345,48.12588544828982,2019-09-01
2019,9,Ixtapa - Zihuatanejo,Centros de Playa,Integralmente Planeados,188534,79452,67513,177734,42.142000912302294,2019-09-01
2019,9,La Paz,Centros de Playa,Tradicionales,81736,38637,33636,71057,47.27048057159636,2019-09-01
2019,9,León,Ciudades,Interior,196242,90522,131991,163641,46.127740239092546,2019-09-01
2019,9,Loreto,Centros de Playa,Integralmente Planeados,26796,7859,9759,16980,29.32900432900433,2019-09-01
2019,9,Los Cabos,Centros de Playa,Integralmente Planeados,660094,290336,157094,666748,43.98403863692141,2019-09-01
2019,9,Los Mochis,Ciudades,Interior,42780,22154,27135,35305,51.785881252921925,2019-09-01
2019,9,Manzanillo,Centros de Playa,Tradicionales,139200,44294,56567,115352,31.820402298850574,2019-09-01
2019,9,Mazatlán,Centros de Playa,Tradicionales,292872,160882,239323,538739,54.9325302521238,2019-09-01
2019,9,Mexicali,Ciudades,Fronterizas,79680,45094,55314,68747,56.59387550200803,2019-09-01
2019,9,Monterrey,Ciudades,Grandes,400291,256393,191167,377056,64.05165242286236,2019-09-01
2019,9,Morelia,Ciudades,Interior,119262,71128,54334,119659,59.640120071774746,2019-09-01
2019,9,Mérida,Ciudades,Interior,214723,112557,127947,188948,52.41962901039945,2019-09-01
2019,9,Nuevo Nayarit,Centros de Playa,Otros,293740,149707,82404,357293,50.965820113025124,2019-09-01
2019,9,Oaxaca,Ciudades,Interior,181114,73528,76729,136683,40.59763463895668,2019-09-01
2019,9,Pachuca,Ciudades,Interior,47370,28133,41654,48429,59.38990922524805,2019-09-01
2019,9,Palenque,Ciudades,Interior,62838,15276,29340,30859,24.310130812565646,2019-09-01
2019,9,Piedras Negras,Ciudades,Fronterizas,23530,11876,19179,22234,50.471738206544835,2019-09-01
2019,9,Playas de Rosarito,Centros de Playa,Otros,78132,25414,63369,78685,32.527005580300006,2019-09-01
2019,9,Puebla,Ciudades,Interior,286211,176006,229840,443621,61.49519061112257,2019-09-01
2019,9,Puerto Escondido,Centros de Playa,Otros,74940,17245,19543,36054,23.011742727515344,2019-09-01
2019,9,Puerto Vallarta,Centros de Playa,Tradicionales,384203,197278,132731,412735,51.34733461217117,2019-09-01
2019,9,Querétaro,Ciudades,Interior,224813,125170,105693,193015,55.67738520459226,2019-09-01
2019,9,Riviera Maya,Centros de Playa,Otros,1364683,804529,323805,1667234,58.95354452279394,2019-09-01
2019,9,Salamanca,Ciudades,Interior,37260,11456,11542,16863,30.74610842726785,2019-09-01
2019,9,San Cristóbal de las Casas,Ciudades,Interior,99960,30554,59282,62151,30.56622649059624,2019-09-01
2019,9,San Felipe,Centros de Playa,Otros,24690,5623,14450,14937,22.774402592142568,2019-09-01
2019,9,San Juan de los Lagos,Ciudades,Interior,110280,15965,53639,54203,14.476786361987667,2019-09-01
2019,9,San Juan del Río,Ciudades,Interior,33735,15676,16426,27858,46.4680598784645,2019-09-01
2019,9,San Luis Potosí,Ciudades,Interior,175731,97390,79899,157410,55.41993160000228,2019-09-01
2019,9,San Miguel de Allende,Ciudades,Interior,59536,20614,31018,41962,34.624428916957804,2019-09-01
2019,9,Taxco,Ciudades,Interior,26561,9677,22324,22324,36.43311622303377,2019-09-01
2019,9,Tecate,Ciudades,Fronterizas,9480,3680,7971,7971,38.81856540084388,2019-09-01
2019,9,Tequisquiapan,Ciudades,Interior,26944,5371,8589,12437,19.93393705463183,2019-09-01
2019,9,Tijuana,Ciudades,Fronterizas,166793,98711,100987,116174,59.1817402408974,2019-09-01
2019,9,Tlaxcala,Ciudades,Interior,19615,4542,5884,7817,23.15574815192455,2019-09-01
2019,9,Toluca,Ciudades,Interior,113850,49080,66619,68355,43.10935441370224,2019-09-01
2019,9,Tonalá Puerto Arista,Centros de Playa,Otros,23070,3743,8013,8014,16.22453402687473,2019-09-01
2019,9,Tuxtla Gutiérrez,Ciudades,Interior,129258,49483,57289,84794,38.28235002862492,2019-09-01
2019,9,Valle de Bravo,Ciudades,Interior,36660,7428,14735,14854,20.261865793780686,2019-09-01
2019,9,Veracruz-Boca del Río,Centros de Playa,Tradicionales,262950,112991,143250,270478,42.970526716105724,2019-09-01
2019,9,Villahermosa,Ciudades,Interior,153394,68524,66154,118931,44.6718906867283,2019-09-01
2019,9,Xalapa,Ciudades,Interior,74003,29785,42786,68804,40.24836830939286,2019-09-01
2019,9,Zacatecas,Ciudades,Interior,96022,57877,58362,102845,60.27472870800442,2019-09-01
2019,10,Acapulco,Centros de Playa,Tradicionales,573647,216002,416304,538647,37.65416710973822,2019-10-01
2019,10,Aguascalientes,Ciudades,Interior,162677,93574,59511,135824,57.52134598007094,2019-10-01
2019,10,Bahías de Huatulco,Centros de Playa,Integralmente Planeados,131440,58202,40623,122101,44.28027997565429,2019-10-01
2019,10,Campeche,Ciudades,Interior,43803,17667,20612,32347,40.332853914115475,2019-10-01
2019,10,Cancún,Centros de Playa,Integralmente Planeados,1090636,659573,576136,1685767,60.475997491372006,2019-10-01
2019,10,Celaya,Ciudades,Interior,101403,32105,44098,56081,31.660798990167944,2019-10-01
2019,10,Chihuahua,Ciudades,Interior,124356,67843,61081,119442,54.55546978030815,2019-10-01
2019,10,Ciudad Juárez,Ciudades,Fronterizas,140772,100511,156492,157242,71.39985224334384,2019-10-01
2019,10,Ciudad de México,Ciudades,Grandes,1590796,1104866,1047684,1960265,69.45365716282917,2019-10-01
2019,10,Coatzacoalcos,Ciudades,Interior,54963,19146,25030,27545,34.83434310354238,2019-10-01
2019,10,Colima,Ciudades,Interior,37036,18778,19924,37144,50.702019656550384,2019-10-01
2019,10,Comitán de Domínguez,Ciudades,Interior,43121,12864,24037,24227,29.832332274297904,2019-10-01
2019,10,Cozumel,Centros de Playa,Tradicionales,144449,58173,48606,123773,40.27234525680344,2019-10-01
2019,10,Culiacán,Ciudades,Interior,86978,41340,70882,81430,47.52926027271264,2019-10-01
2019,10,Durango,Ciudades,Interior,58554,29983,26665,42118,51.20572463025583,2019-10-01
2019,10,El Fuerte,Ciudades,Interior,12586,3899,6983,8834,30.978865406006673,2019-10-01
2019,10,Guadalajara,Ciudades,Grandes,687912,369594,366642,666915,53.72693018874507,2019-10-01
2019,10,Guanajuato,Ciudades,Interior,96229,48977,80923,103203,50.896299452348046,2019-10-01
2019,10,Hermosillo,Ciudades,Interior,86025,55434,52038,96362,64.43940714908457,2019-10-01
2019,10,Irapuato,Ciudades,Interior,90109,30628,33609,46761,33.98994551043736,2019-10-01
2019,10,Isla Mujeres,Centros de Playa,Otros,51057,26776,29161,54400,52.44334763107899,2019-10-01
2019,10,Ixtapa - Zihuatanejo,Centros de Playa,Integralmente Planeados,194928,93087,75468,208790,47.75455552819503,2019-10-01
2019,10,La Paz,Centros de Playa,Tradicionales,84399,39958,39020,74603,47.34416284553134,2019-10-01
2019,10,León,Ciudades,Interior,219108,117024,166693,201540,53.40927761651788,2019-10-01
2019,10,Loreto,Centros de Playa,Integralmente Planeados,27776,8062,7621,16654,29.025057603686637,2019-10-01
2019,10,Los Cabos,Centros de Playa,Integralmente Planeados,684684,433216,193146,958125,63.27240011450538,2019-10-01
2019,10,Los Mochis,Ciudades,Interior,48019,25794,33580,42648,53.71623732272642,2019-10-01
2019,10,Manzanillo,Centros de Playa,Tradicionales,142569,56511,80252,148188,39.63764913831198,2019-10-01
2019,10,Mazatlán,Centros de Playa,Tradicionales,305429,171141,237036,524256,56.0329896637189,2019-10-01
2019,10,Mexicali,Ciudades,Fronterizas,82336,54544,63493,84547,66.24562767197824,2019-10-01
2019,10,Monterrey,Ciudades,Grandes,476873,334587,238554,505963,70.16270579378576,2019-10-01
2019,10,Morelia,Ciudades,Interior,123256,79215,59449,133090,64.26867657558253,2019-10-01
2019,10,Mérida,Ciudades,Interior,222232,121751,135565,210704,54.785539436264806,2019-10-01
2019,10,Nuevo Nayarit,Centros de Playa,Otros,306583,207538,113658,464169,67.69390344539651,2019-10-01
2019,10,Oaxaca,Ciudades,Interior,187589,96591,97422,176460,51.49075905303616,2019-10-01
2019,10,Pachuca,Ciudades,Interior,48948,34725,59830,71068,70.9426329982839,2019-10-01
2019,10,Palenque,Ciudades,Interior,65193,17259,33110,34853,26.473701164235425,2019-10-01
2019,10,Piedras Negras,Ciudades,Fronterizas,24261,13341,21443,25059,54.989489303820946,2019-10-01
2019,10,Playas de Rosarito,Centros de Playa,Otros,81096,20786,51492,63677,25.631350498175003,2019-10-01
2019,10,Puebla,Ciudades,Interior,300959,186915,231326,438454,62.106466329300666,2019-10-01
2019,10,Puerto Escondido,Centros de Playa,Otros,77438,17601,20177,37087,22.72915106278571,2019-10-01
2019,10,Puerto Vallarta,Centros de Playa,Tradicionales,396962,224827,152187,473630,56.63690731102725,2019-10-01
2019,10,Querétaro,Ciudades,Interior,232397,147389,111437,218518,63.42121455956833,2019-10-01
2019,10,Riviera Maya,Centros de Playa,Otros,1408311,874882,370415,1816902,62.122783958940886,2019-10-01
2019,10,Salamanca,Ciudades,Interior,36084,13668,11260,19599,37.878284003990686,2019-10-01
2019,10,San Cristóbal de las Casas,Ciudades,Interior,103292,37492,70649,74613,36.297099484955275,2019-10-01
2019,10,San Felipe,Centros de Playa,Otros,25513,6185,15153,15499,24.242543017285307,2019-10-01
2019,10,San Juan de los Lagos,Ciudades,Interior,113956,25565,90797,92223,22.43409737091509,2019-10-01
2019,10,San Juan del Río,Ciudades,Interior,34990,15646,16680,27449,44.71563303801086,2019-10-01
2019,10,San Luis Potosí,Ciudades,Interior,181619,108287,87088,176667,59.6231671796453,2019-10-01
2019,10,San Miguel de Allende,Ciudades,Interior,64108,26780,37929,51647,41.77325762775317,2019-10-01
2019,10,Taxco,Ciudades,Interior,27368,9385,21104,21104,34.29187372113417,2019-10-01
2019,10,Tecate,Ciudades,Fronterizas,9796,3400,7189,7189,34.7080440996325,2019-10-01
2019,10,Tequisquiapan,Ciudades,Interior,27834,4822,8153,10675,17.324135948839547,2019-10-01
2019,10,Tijuana,Ciudades,Fronterizas,172453,94267,94112,110203,54.662429763471785,2019-10-01
2019,10,Tlaxcala,Ciudades,Interior,20305,7059,11679,14249,34.764836247229745,2019-10-01
2019,10,Toluca,Ciudades,Interior,117645,55394,75817,78306,47.08572400017,2019-10-01
2019,10,Tonalá Puerto Arista,Centros de Playa,Otros,23839,3943,8253,8259,16.540123327320778,2019-10-01
2019,10,Tuxtla Gutiérrez,Ciudades,Interior,133568,50176,56783,86770,37.565884044082416,2019-10-01
2019,10,Valle de Bravo,Ciudades,Interior,37882,7847,14565,15493,20.71432342537353,2019-10-01
2019,10,Veracruz-Boca del Río,Centros de Playa,Tradicionales,271560,117908,159548,279218,43.418765650316686,2019-10-01
2019,10,Villahermosa,Ciudades,Interior,161678,82426,72220,132976,50.98158067269511,2019-10-01
2019,10,Xalapa,Ciudades,Interior,76415,36315,47201,75429,47.52339200418766,2019-10-01
2019,10,Zacatecas,Ciudades,Interior,98888,52583,50884,93068,53.17429819593884,2019-10-01
2019,11,Acapulco,Centros de Playa,Tradicionales,558996,252505,524734,650151,45.171164015484905,2019-11-01
2019,11,Aguascalientes,Ciudades,Interior,159253,103234,69030,163711,64.82389656709763,2019-11-01
2019,11,Bahías de Huatulco,Centros de Playa,Integralmente Planeados,127230,76756,49577,163594,60.32853886661951,2019-11-01
2019,11,Campeche,Ciudades,Interior,42390,22378,27805,40647,52.790752535975464,2019-11-01
2019,11,Cancún,Centros de Playa,Integralmente Planeados,1051886,754610,664046,2081609,71.73876256552516,2019-11-01
2019,11,Celaya,Ciudades,Interior,97400,34650,48561,61745,35.57494866529774,2019-11-01
2019,11,Chihuahua,Ciudades,Interior,120297,58786,50322,102370,48.867386551618075,2019-11-01
2019,11,Ciudad Juárez,Ciudades,Fronterizas,136182,101439,157954,158268,74.487817773274,2019-11-01
2019,11,Ciudad de México,Ciudades,Grandes,1539990,1133126,1083422,2124611,73.5800881823908,2019-11-01
2019,11,Coatzacoalcos,Ciudades,Interior,53190,16960,23584,25555,31.885692799398385,2019-11-01
2019,11,Colima,Ciudades,Interior,35555,18492,19706,34571,52.009562649416395,2019-11-01
2019,11,Comitán de Domínguez,Ciudades,Interior,41722,15920,31434,31677,38.1573270696515,2019-11-01
2019,11,Cozumel,Centros de Playa,Tradicionales,154526,83058,62176,177582,53.75017796357894,2019-11-01
2019,11,Culiacán,Ciudades,Interior,84198,44691,74071,87417,53.07845792061569,2019-11-01
2019,11,Durango,Ciudades,Interior,56670,27577,25698,41020,48.66243162166931,2019-11-01
2019,11,El Fuerte,Ciudades,Interior,12998,3008,5081,5892,23.14202184951531,2019-11-01
2019,11,Guadalajara,Ciudades,Grandes,665362,383733,416049,719924,57.672815700325536,2019-11-01
2019,11,Guanajuato,Ciudades,Interior,92126,47017,89531,105357,51.03553828452337,2019-11-01
2019,11,Hermosillo,Ciudades,Interior,87780,54404,51294,95105,61.97767145135566,2019-11-01
2019,11,Irapuato,Ciudades,Interior,87150,40710,47467,68702,46.71256454388985,2019-11-01
2019,11,Isla Mujeres,Centros de Playa,Otros,49410,29554,33534,62012,59.81380287391217,2019-11-01
2019,11,Ixtapa - Zihuatanejo,Centros de Playa,Integralmente Planeados,188640,109286,87281,248832,57.933630195080575,2019-11-01
2019,11,La Paz,Centros de Playa,Tradicionales,81690,44341,40737,79945,54.279593585506184,2019-11-01
2019,11,León,Ciudades,Interior,210517,104908,167698,190468,49.83350513260212,2019-11-01
2019,11,Loreto,Centros de Playa,Integralmente Planeados,26820,7479,7488,16110,27.885906040268456,2019-11-01
2019,11,Los Cabos,Centros de Playa,Integralmente Planeados,663280,479317,234394,1103274,72.26465444457845,2019-11-01
2019,11,Los Mochis,Ciudades,Interior,45952,26812,36605,43347,58.34784122562674,2019-11-01
2019,11,Manzanillo,Centros de Playa,Tradicionales,140820,59481,88391,167458,42.23902854708138,2019-11-01
2019,11,Mazatlán,Centros de Playa,Tradicionales,295920,189937,250715,590318,64.1852527710192,2019-11-01
2019,11,Mexicali,Ciudades,Fronterizas,79680,53007,63548,82430,66.52484939759036,2019-11-01
2019,11,Monterrey,Ciudades,Grandes,461218,316555,234736,478046,68.63457193778213,2019-11-01
2019,11,Morelia,Ciudades,Interior,119280,84508,83461,178558,70.84842387659289,2019-11-01
2019,11,Mérida,Ciudades,Interior,215290,155481,179689,258831,72.21933206372799,2019-11-01
2019,11,Nuevo Nayarit,Centros de Playa,Otros,300421,241479,101111,523725,80.3801997862999,2019-11-01
2019,11,Oaxaca,Ciudades,Interior,181376,109138,115571,211661,60.172238884968245,2019-11-01
2019,11,Pachuca,Ciudades,Interior,47370,33166,57584,65678,70.0147772852016,2019-11-01
2019,11,Palenque,Ciudades,Interior,63060,24826,47723,50145,39.36885505867428,2019-11-01
2019,11,Piedras Negras,Ciudades,Fronterizas,23430,14408,20814,25449,61.49381135296628,2019-11-01
2019,11,Playas de Rosarito,Centros de Playa,Otros,78495,21327,53383,66939,27.16988343206574,2019-11-01
2019,11,Puebla,Ciudades,Interior,290126,178824,245185,454176,61.63666820622764,2019-11-01
2019,11,Puerto Escondido,Centros de Playa,Otros,74940,31012,31665,66173,41.38243928476114,2019-11-01
2019,11,Puerto Vallarta,Centros de Playa,Tradicionales,389468,303021,187956,618171,77.80382470446865,2019-11-01
2019,11,Querétaro,Ciudades,Interior,224386,153525,121616,242504,68.42004403126755,2019-11-01
2019,11,Riviera Maya,Centros de Playa,Otros,1366205,1070778,424482,2209252,78.3760855801289,2019-11-01
2019,11,Salamanca,Ciudades,Interior,34919,13823,13685,21899,39.585898794352644,2019-11-01
2019,11,San Cristóbal de las Casas,Ciudades,Interior,99854,41982,78461,83847,42.04338333967593,2019-11-01
2019,11,San Felipe,Centros de Playa,Otros,24690,4751,11662,11973,19.24260834345889,2019-11-01
2019,11,San Juan de los Lagos,Ciudades,Interior,110280,26741,96541,98069,24.248277112803773,2019-11-01
2019,11,San Juan del Río,Ciudades,Interior,33804,15941,17628,29135,47.15714116672583,2019-11-01
2019,11,San Luis Potosí,Ciudades,Interior,175786,99593,78202,158040,56.65582014494897,2019-11-01
2019,11,San Miguel de Allende,Ciudades,Interior,62228,26517,39329,51346,42.612650253904995,2019-11-01
2019,11,Taxco,Ciudades,Interior,26646,12233,28807,28807,45.90932973054117,2019-11-01
2019,11,Tecate,Ciudades,Fronterizas,9480,3269,6673,6673,34.483122362869196,2019-11-01
2019,11,Tequisquiapan,Ciudades,Interior,27629,6569,10603,14843,23.77574287885917,2019-11-01
2019,11,Tijuana,Ciudades,Fronterizas,166890,92921,96904,115039,55.67799149140152,2019-11-01
2019,11,Tlaxcala,Ciudades,Interior,19650,8275,13510,16409,42.1119592875318,2019-11-01
2019,11,Toluca,Ciudades,Interior,113850,61884,85870,89056,54.355731225296445,2019-11-01
2019,11,Tonalá Puerto Arista,Centros de Playa,Otros,23032,4150,8793,8795,18.018409169850642,2019-11-01
2019,11,Tuxtla Gutiérrez,Ciudades,Interior,129223,50473,59709,90686,39.05883627527607,2019-11-01
2019,11,Valle de Bravo,Ciudades,Interior,36660,9073,18015,18842,24.749045280960175,2019-11-01
2019,11,Veracruz-Boca del Río,Centros de Playa,Tradicionales,262950,118151,156308,279584,44.93287697280852,2019-11-01
2019,11,Villahermosa,Ciudades,Interior,156372,75572,64086,126365,48.32834522804594,2019-11-01
2019,11,Xalapa,Ciudades,Interior,74006,34876,49382,80962,47.12590871010459,2019-11-01
2019,11,Zacatecas,Ciudades,Interior,95745,51670,51418,91659,53.96626455689592,2019-11-01
2019,12,Acapulco,Centros de Playa,Tradicionales,584267,335031,724537,923297,57.342105578442734,2019-12-01
2019,12,Aguascalientes,Ciudades,Interior,162028,78952,59793,124015,48.72738045276125,2019-12-01
2019,12,Bahías de Huatulco,Centros de Playa,Integralmente Planeados,131440,90520,55309,196166,68.86792452830188,2019-12-01
2019,12,Campeche,Ciudades,Interior,43639,21128,26529,41644,48.41540823575242,2019-12-01
2019,12,Cancún,Centros de Playa,Integralmente Planeados,1087560,806070,845796,2666104,74.11729008054728,2019-12-01
2019,12,Celaya,Ciudades,Interior,96626,31922,45365,56937,33.03665680044708,2019-12-01
2019,12,Chihuahua,Ciudades,Interior,124342,60436,55378,106580,48.60465490341156,2019-12-01
2019,12,Ciudad Juárez,Ciudades,Fronterizas,140731,85108,130234,132169,60.475659236415574,2019-12-01
2019,12,Ciudad de México,Ciudades,Grandes,1592945,965789,967237,1924063,60.62914915455336,2019-12-01
2019,12,Coatzacoalcos,Ciudades,Interior,54910,17457,26878,29564,31.792023310872338,2019-12-01
2019,12,Colima,Ciudades,Interior,39198,16239,17163,31291,41.428134088473904,2019-12-01
2019,12,Comitán de Domínguez,Ciudades,Interior,43116,18388,37133,37843,42.647740977827254,2019-12-01
2019,12,Cozumel,Centros de Playa,Tradicionales,159805,95100,73013,210597,59.51002784643784,2019-12-01
2019,12,Culiacán,Ciudades,Interior,86986,38642,66636,77417,44.42324052146322,2019-12-01
2019,12,Durango,Ciudades,Interior,58559,25007,27502,40460,42.7039396164552,2019-12-01
2019,12,El Fuerte,Ciudades,Interior,13431,3069,5272,6277,22.85012285012285,2019-12-01
2019,12,Guadalajara,Ciudades,Grandes,687620,323757,360926,614480,47.08370902533376,2019-12-01
2019,12,Guanajuato,Ciudades,Interior,96071,38686,73843,88978,40.26813502513766,2019-12-01
2019,12,Hermosillo,Ciudades,Interior,90706,43457,45455,78453,47.90973033757414,2019-12-01
2019,12,Irapuato,Ciudades,Interior,89255,27452,29932,43928,30.756820346199092,2019-12-01
2019,12,Isla Mujeres,Centros de Playa,Otros,51057,30040,38743,75589,58.83620267544117,2019-12-01
2019,12,Ixtapa - Zihuatanejo,Centros de Playa,Integralmente Planeados,194928,127705,83988,289946,65.51393334974965,2019-12-01
2019,12,La Paz,Centros de Playa,Tradicionales,84467,42376,42402,83335,50.16870493802313,2019-12-01
2019,12,León,Ciudades,Interior,214858,70808,119014,131754,32.95571959154418,2019-12-01
2019,12,Loreto,Centros de Playa,Integralmente Planeados,27714,8839,10310,19955,31.893627769358446,2019-12-01
2019,12,Los Cabos,Centros de Playa,Integralmente Planeados,686070,497315,241024,1198780,72.48750127538007,2019-12-01
2019,12,Los Mochis,Ciudades,Interior,47396,24552,35936,40798,51.80183981770614,2019-12-01
2019,12,Manzanillo,Centros de Playa,Tradicionales,138597,71686,102248,202709,51.72262025873576,2019-12-01
2019,12,Mazatlán,Centros de Playa,Tradicionales,305657,189028,234175,579519,61.84317715609327,2019-12-01
2019,12,Mexicali,Ciudades,Fronterizas,82336,47727,62262,80750,57.966138748542555,2019-12-01
2019,12,Monterrey,Ciudades,Grandes,475735,281380,243298,446947,59.14637350625873,2019-12-01
2019,12,Morelia,Ciudades,Interior,123614,75532,81303,170860,61.10311129807303,2019-12-01
2019,12,Mérida,Ciudades,Interior,222208,137034,153412,240422,61.66924683179724,2019-12-01
2019,12,Nuevo Nayarit,Centros de Playa,Otros,310496,253309,101316,582919,81.58204936617541,2019-12-01
2019,12,Oaxaca,Ciudades,Interior,187414,100438,125468,214585,53.591513974409594,2019-12-01
2019,12,Pachuca,Ciudades,Interior,48949,29042,45228,49935,59.33114057488406,2019-12-01
2019,12,Palenque,Ciudades,Interior,65146,26828,53549,56243,41.181346513983975,2019-12-01
2019,12,Piedras Negras,Ciudades,Fronterizas,25142,12155,17639,23396,48.345398138572904,2019-12-01
2019,12,Playas de Rosarito,Centros de Playa,Otros,81251,17683,43827,54763,21.763424450160613,2019-12-01
2019,12,Puebla,Ciudades,Interior,299681,178827,255127,481679,59.672451706981754,2019-12-01
2019,12,Puerto Escondido,Centros de Playa,Otros,77438,35364,33924,80635,45.66750174333015,2019-12-01
2019,12,Puerto Vallarta,Centros de Playa,Tradicionales,403117,317025,199885,679464,78.64342114076062,2019-12-01
2019,12,Querétaro,Ciudades,Interior,232271,126915,115778,211293,54.64091513792079,2019-12-01
2019,12,Riviera Maya,Centros de Playa,Otros,1413282,1131112,426367,2422100,80.03441634436723,2019-12-01
2019,12,Salamanca,Ciudades,Interior,35847,11168,11934,19117,31.154629397160154,2019-12-01
2019,12,San Cristóbal de las Casas,Ciudades,Interior,103263,45053,91723,95548,43.629373541345885,2019-12-01
2019,12,San Felipe,Centros de Playa,Otros,25513,3488,8852,8963,13.671461607807784,2019-12-01
2019,12,San Juan de los Lagos,Ciudades,Interior,113956,32296,116946,118322,28.340763101547967,2019-12-01
2019,12,San Juan del Río,Ciudades,Interior,34913,14306,17279,27807,40.976140692578696,2019-12-01
2019,12,San Luis Potosí,Ciudades,Interior,180956,95715,120181,198319,52.89407369747342,2019-12-01
2019,12,San Miguel de Allende,Ciudades,Interior,63572,26242,37467,51266,41.27917951299314,2019-12-01
2019,12,Taxco,Ciudades,Interior,27362,13218,33514,33514,48.30787223156202,2019-12-01
2019,12,Tecate,Ciudades,Fronterizas,9796,3045,6420,6420,31.084115965700285,2019-12-01
2019,12,Tequisquiapan,Ciudades,Interior,28623,8147,11734,18164,28.46312406106977,2019-12-01
2019,12,Tijuana,Ciudades,Fronterizas,172453,66810,70565,77522,38.740990298806054,2019-12-01
2019,12,Tlaxcala,Ciudades,Interior,20305,4804,7321,9423,23.659197242058607,2019-12-01
2019,12,Toluca,Ciudades,Interior,115347,47935,68914,71441,41.557214318534506,2019-12-01
2019,12,Tonalá Puerto Arista,Centros de Playa,Otros,23839,6726,14212,14212,28.21427073283275,2019-12-01
2019,12,Tuxtla Gutiérrez,Ciudades,Interior,133508,55545,79192,109202,41.60424843455074,2019-12-01
2019,12,Valle de Bravo,Ciudades,Interior,37882,9279,20505,21454,24.494482867852806,2019-12-01
2019,12,Veracruz-Boca del Río,Centros de Playa,Tradicionales,271528,130291,182663,314057,47.98436993606553,2019-12-01
2019,12,Villahermosa,Ciudades,Interior,161445,75971,85164,140552,47.056892440149895,2019-12-01
2019,12,Xalapa,Ciudades,Interior,76439,29473,44301,61169,38.557542615680475,2019-12-01
2019,12,Zacatecas,Ciudades,Interior,99165,53464,56661,102137,53.914183431654315,2019-12-01
2020,1,Acapulco,Centros de Playa,Tradicionales,566850,318354,649097,829364,56.161947605186555,2020-01-01
2020,1,Aguascalientes,Ciudades,Interior,164138,76930,54261,115176,46.86909795416052,2020-01-01
2020,1,Bahías de Huatulco,Centros de Playa,Integralmente Planeados,132897,95651,49121,201029,71.97378420882337,2020-01-01
2020,1,Campeche,Ciudades,Interior,43655,20416,26098,39884,46.76669339136411,2020-01-01
2020,1,Cancún,Centros de Playa,Integralmente Planeados,1096593,830106,757476,2190008,75.69864115492257,2020-01-01
2020,1,Celaya,Ciudades,Interior,97485,30496,42394,54008,31.282761450479562,2020-01-01
2020,1,Chihuahua,Ciudades,Interior,150706,59766,55505,104669,39.657346091064724,2020-01-01
2020,1,Ciudad Juárez,Ciudades,Fronterizas,140771,82716,129227,130178,58.75926149562055,2020-01-01
2020,1,Ciudad de México,Ciudades,Grandes,1599479,888346,865354,1651554,55.53971011810721,2020-01-01
2020,1,Coatzacoalcos,Ciudades,Interior,54588,17596,25819,28243,32.234190664614935,2020-01-01
2020,1,Colima,Ciudades,Interior,37631,11862,12875,21054,31.52188355345327,2020-01-01
2020,1,Comitán de Domínguez,Ciudades,Interior,43121,11677,20686,20827,27.07961318151249,2020-01-01
2020,1,Cozumel,Centros de Playa,Tradicionales,159898,102437,80576,224983,64.06396577818359,2020-01-01
2020,1,Culiacán,Ciudades,Interior,86937,39393,67775,77932,45.31212257151731,2020-01-01
2020,1,Durango,Ciudades,Interior,58565,25216,24171,37149,43.056433023136684,2020-01-01
2020,1,El Fuerte,Ciudades,Interior,12586,1850,3762,3977,14.698871762275544,2020-01-01
2020,1,Guadalajara,Ciudades,Grandes,691118,284927,295355,504971,41.22696847716309,2020-01-01
2020,1,Guanajuato,Ciudades,Interior,93776,30152,53058,67190,32.15321617471421,2020-01-01
2020,1,Hermosillo,Ciudades,Interior,90706,41661,40388,72109,45.929706965360616,2020-01-01
2020,1,Irapuato,Ciudades,Interior,88728,29111,31566,42994,32.8092597601659,2020-01-01
2020,1,Isla Mujeres,Centros de Playa,Otros,51057,34204,44638,72321,66.99179348571205,2020-01-01
2020,1,Ixtapa - Zihuatanejo,Centros de Playa,Integralmente Planeados,194928,136860,77774,302189,70.21053927604038,2020-01-01
2020,1,La Paz,Centros de Playa,Tradicionales,68386,32931,34542,68749,48.15459304536016,2020-01-01
2020,1,León,Ciudades,Interior,215534,86961,136448,154721,40.34676663542643,2020-01-01
2020,1,Loreto,Centros de Playa,Integralmente Planeados,27714,7903,9888,16876,28.516273363642924,2020-01-01
2020,1,Los Cabos,Centros de Playa,Integralmente Planeados,675262,497918,223642,1133750,73.73700874623479,2020-01-01
2020,1,Los Mochis,Ciudades,Interior,47056,22283,30842,36599,47.35421625297518,2020-01-01
2020,1,Manzanillo,Centros de Playa,Tradicionales,145877,63749,81738,173236,43.70051481727757,2020-01-01
2020,1,Mazatlán,Centros de Playa,Tradicionales,305561,185055,233758,559871,60.56237543403772,2020-01-01
2020,1,Mexicali,Ciudades,Fronterizas,80784,46247,55910,69718,57.247722321251736,2020-01-01
2020,1,Monterrey,Ciudades,Grandes,474995,231052,182433,337514,48.643038347772084,2020-01-01
2020,1,Morelia,Ciudades,Interior,123597,68398,65504,113400,55.33953089476282,2020-01-01
2020,1,Mérida,Ciudades,Interior,221968,121732,136823,215396,54.84213940748216,2020-01-01
2020,1,Nuevo Nayarit,Centros de Playa,Otros,320572,281040,99317,632159,87.66829292639407,2020-01-01
2020,1,Oaxaca,Ciudades,Interior,191801,90980,110900,180961,47.434580633051965,2020-01-01
2020,1,Pachuca,Ciudades,Interior,48949,26004,38567,41867,53.12468079021022,2020-01-01
2020,1,Palenque,Ciudades,Interior,65100,22636,45174,47592,34.77112135176651,2020-01-01
2020,1,Piedras Negras,Ciudades,Fronterizas,25141,10793,15967,19851,42.929875502167775,2020-01-01
2020,1,Playas de Rosarito,Centros de Playa,Otros,81251,18039,45174,56549,22.20157290371811,2020-01-01
2020,1,Puebla,Ciudades,Interior,299790,168156,238408,480290,56.091263884719304,2020-01-01
2020,1,Puerto Escondido,Centros de Playa,Otros,77438,35893,32412,81960,46.35062889020894,2020-01-01
2020,1,Puerto Vallarta,Centros de Playa,Tradicionales,403180,333498,167289,692250,82.7169006399127,2020-01-01
2020,1,Querétaro,Ciudades,Interior,232156,104035,85749,158748,44.812539843898065,2020-01-01
2020,1,Riviera Maya,Centros de Playa,Otros,1420925,1127771,399791,2401164,79.36879145626969,2020-01-01
2020,1,Salamanca,Ciudades,Interior,36047,8818,8663,13518,24.462507282159404,2020-01-01
2020,1,San Cristóbal de las Casas,Ciudades,Interior,103261,34794,68143,70833,33.69519954290584,2020-01-01
2020,1,San Felipe,Centros de Playa,Otros,25482,3388,7477,7934,13.295659681343693,2020-01-01
2020,1,San Juan de los Lagos,Ciudades,Interior,113956,23713,82916,84430,20.80890870160413,2020-01-01
2020,1,San Juan del Río,Ciudades,Interior,34918,14596,15781,26234,41.80079042327739,2020-01-01
2020,1,San Luis Potosí,Ciudades,Interior,185780,88258,86204,148868,47.506728388416406,2020-01-01
2020,1,San Miguel de Allende,Ciudades,Interior,63728,19836,27023,39151,31.126035651518954,2020-01-01
2020,1,Taxco,Ciudades,Interior,27464,11708,27880,27880,42.63035246140402,2020-01-01
2020,1,Tecate,Ciudades,Fronterizas,9796,2824,5707,5707,28.828093099224173,2020-01-01
2020,1,Tequisquiapan,Ciudades,Interior,28617,4790,7246,10518,16.738302407659784,2020-01-01
2020,1,Tijuana,Ciudades,Fronterizas,172355,69917,71562,78693,40.565692901279334,2020-01-01
2020,1,Tlaxcala,Ciudades,Interior,20305,3802,5474,6750,18.72445210539276,2020-01-01
2020,1,Toluca,Ciudades,Interior,117037,46423,62949,66040,39.66523407127661,2020-01-01
2020,1,Tonalá Puerto Arista,Centros de Playa,Otros,23085,6744,13931,13934,29.21377517868746,2020-01-01
2020,1,Tuxtla Gutiérrez,Ciudades,Interior,133487,48422,61062,88727,36.27469341583824,2020-01-01
2020,1,Valle de Bravo,Ciudades,Interior,37851,7123,13917,14473,18.818525270138174,2020-01-01
2020,1,Veracruz-Boca del Río,Centros de Playa,Tradicionales,309876,133785,181168,342902,43.173721101343766,2020-01-01
2020,1,Villahermosa,Ciudades,Interior,161784,70802,70544,121789,43.76328932403699,2020-01-01
2020,1,Xalapa,Ciudades,Interior,91915,34360,52948,63179,37.382364140782244,2020-01-01
2020,1,Zacatecas,Ciudades,Interior,101460,45535,43799,76922,44.87975556869702,2020-01-01
2020,2,Acapulco,Centros de Playa,Tradicionales,541987,284314,536308,697893,52.45771577547063,2020-02-01
2020,2,Aguascalientes,Ciudades,Interior,155184,79271,57036,119549,51.08194143726158,2020-02-01
2020,2,Bahías de Huatulco,Centros de Playa,Integralmente Planeados,124323,92299,44163,189838,74.24129083114146,2020-02-01
2020,2,Campeche,Ciudades,Interior,40666,19800,26668,37708,48.68932277578321,2020-02-01
2020,2,Cancún,Centros de Playa,Integralmente Planeados,1025807,792186,717759,2069469,77.22563796113694,2020-02-01
2020,2,Celaya,Ciudades,Interior,90914,30377,38188,51120,33.412895703632,2020-02-01
2020,2,Chihuahua,Ciudades,Interior,141288,62525,57864,108583,44.25358133741011,2020-02-01
2020,2,Ciudad Juárez,Ciudades,Fronterizas,131698,86466,131678,131763,65.6547555771538,2020-02-01
2020,2,Ciudad de México,Ciudades,Grandes,1495939,973567,868232,1727699,65.08066171147352,2020-02-01
2020,2,Coatzacoalcos,Ciudades,Interior,51011,16618,23171,25147,32.57728725176923,2020-02-01
2020,2,Colima,Ciudades,Interior,37004,16049,16320,27401,43.37098692033294,2020-02-01
2020,2,Comitán de Domínguez,Ciudades,Interior,40338,10536,17720,17781,26.119291982745796,2020-02-01
2020,2,Cozumel,Centros de Playa,Tradicionales,149582,106671,84688,224508,71.31272479309008,2020-02-01
2020,2,Culiacán,Ciudades,Interior,81229,42688,75430,85415,52.55265976436987,2020-02-01
2020,2,Durango,Ciudades,Interior,54810,26120,24150,38355,47.655537310709725,2020-02-01
2020,2,El Fuerte,Ciudades,Interior,11774,2430,4365,4809,20.63869543060982,2020-02-01
2020,2,Guadalajara,Ciudades,Grandes,646913,324909,329720,574216,50.22452787314523,2020-02-01
2020,2,Guanajuato,Ciudades,Interior,89468,26740,47441,57210,29.887781106093797,2020-02-01
2020,2,Hermosillo,Ciudades,Interior,81084,42193,38530,71084,52.036160031572194,2020-02-01
2020,2,Irapuato,Ciudades,Interior,83002,29284,30693,43494,35.281077564396035,2020-02-01
2020,2,Isla Mujeres,Centros de Playa,Otros,47763,36748,52439,79763,76.93821577371605,2020-02-01
2020,2,Ixtapa - Zihuatanejo,Centros de Playa,Integralmente Planeados,182352,119615,62633,252531,65.5956611388962,2020-02-01
2020,2,La Paz,Centros de Playa,Tradicionales,79037,45389,50181,96635,57.42753393980035,2020-02-01
2020,2,León,Ciudades,Interior,203115,86061,117509,144646,42.370578243852,2020-02-01
2020,2,Loreto,Centros de Playa,Integralmente Planeados,25926,11396,12741,23620,43.95587441178739,2020-02-01
2020,2,Los Cabos,Centros de Playa,Integralmente Planeados,630699,506241,231420,1194147,80.26665651919537,2020-02-01
2020,2,Los Mochis,Ciudades,Interior,44079,20839,27765,33691,47.276480863903444,2020-02-01
2020,2,Manzanillo,Centros de Playa,Tradicionales,136452,57083,71676,149368,41.83375839122915,2020-02-01
2020,2,Mazatlán,Centros de Playa,Tradicionales,286130,186133,233390,571394,65.0518994862475,2020-02-01
2020,2,Mexicali,Ciudades,Fronterizas,75670,45415,55280,69295,60.017179859918066,2020-02-01
2020,2,Monterrey,Ciudades,Grandes,444866,269701,211364,394732,60.62522197695486,2020-02-01
2020,2,Morelia,Ciudades,Interior,115631,68568,61517,108778,59.298976917954526,2020-02-01
2020,2,Mérida,Ciudades,Interior,207885,128737,143860,223510,61.927026962022275,2020-02-01
2020,2,Nuevo Nayarit,Centros de Playa,Otros,300179,271957,88879,596327,90.59827636177081,2020-02-01
2020,2,Oaxaca,Ciudades,Interior,179458,89812,101745,172200,50.046250376132576,2020-02-01
2020,2,Pachuca,Ciudades,Interior,45791,25354,35074,38180,55.36895896573562,2020-02-01
2020,2,Palenque,Ciudades,Interior,60932,19630,37385,39498,32.216241055602964,2020-02-01
2020,2,Piedras Negras,Ciudades,Fronterizas,23519,9110,13615,16809,38.73464007823462,2020-02-01
2020,2,Playas de Rosarito,Centros de Playa,Otros,75713,21782,54353,68275,28.769167778320764,2020-02-01
2020,2,Puebla,Ciudades,Interior,281061,168926,219816,438663,60.10296697158268,2020-02-01
2020,2,Puerto Escondido,Centros de Playa,Otros,72442,30927,27975,65416,42.69208470224456,2020-02-01
2020,2,Puerto Vallarta,Centros de Playa,Tradicionales,376501,326525,155104,652008,86.72619727437643,2020-02-01
2020,2,Querétaro,Ciudades,Interior,217281,119213,91947,180515,54.86581891651824,2020-02-01
2020,2,Riviera Maya,Centros de Playa,Otros,1328558,1108821,376943,2331461,83.46048874042383,2020-02-01
2020,2,Salamanca,Ciudades,Interior,33647,10444,11429,16953,31.039914405444765,2020-02-01
2020,2,San Cristóbal de las Casas,Ciudades,Interior,96582,35567,69517,71767,36.82570251185521,2020-02-01
2020,2,San Felipe,Centros de Playa,Otros,23867,3830,8745,8902,16.047261909749864,2020-02-01
2020,2,San Juan de los Lagos,Ciudades,Interior,106604,20180,71811,72542,18.92987129938839,2020-02-01
2020,2,San Juan del Río,Ciudades,Interior,35740,14927,15558,26419,41.76552881925014,2020-02-01
2020,2,San Luis Potosí,Ciudades,Interior,174131,89302,68544,135764,51.284377853455155,2020-02-01
2020,2,San Miguel de Allende,Ciudades,Interior,61572,23188,30754,45180,37.65997531345417,2020-02-01
2020,2,Taxco,Ciudades,Interior,26583,9885,22708,22708,37.185419252905994,2020-02-01
2020,2,Tecate,Ciudades,Fronterizas,9164,3070,6365,6365,33.50065473592318,2020-02-01
2020,2,Tequisquiapan,Ciudades,Interior,26822,5833,9252,12884,21.747073298038924,2020-02-01
2020,2,Tijuana,Ciudades,Fronterizas,161327,84574,86755,95875,52.42395879177075,2020-02-01
2020,2,Tlaxcala,Ciudades,Interior,18992,4956,7710,9499,26.095197978096042,2020-02-01
2020,2,Toluca,Ciudades,Interior,110055,47812,64681,71190,43.44373267911499,2020-02-01
2020,2,Tonalá Puerto Arista,Centros de Playa,Otros,21663,5614,11592,11592,25.915154872363015,2020-02-01
2020,2,Tuxtla Gutiérrez,Ciudades,Interior,124967,47403,56311,80428,37.93241415733754,2020-02-01
2020,2,Valle de Bravo,Ciudades,Interior,35409,7733,16107,16286,21.839080459770116,2020-02-01
2020,2,Veracruz-Boca del Río,Centros de Playa,Tradicionales,290029,138658,181484,323176,47.80832261601426,2020-02-01
2020,2,Villahermosa,Ciudades,Interior,152246,74417,72459,124747,48.87944510857428,2020-02-01
2020,2,Xalapa,Ciudades,Interior,85724,35629,53834,64788,41.56245625495777,2020-02-01
2020,2,Zacatecas,Ciudades,Interior,94715,40065,38866,68240,42.30058596843161,2020-02-01
2020,3,Acapulco,Centros de Playa,Tradicionales,587274,199437,421776,523040,33.959787084052756,2020-03-01
2020,3,Aguascalientes,Ciudades,Interior,149068,58274,41876,87931,39.09222636649046,2020-03-01
2020,3,Bahías de Huatulco,Centros de Playa,Integralmente Planeados,130454,62010,30356,128397,47.533996657825746,2020-03-01
2020,3,Campeche,Ciudades,Interior,43756,18269,21649,32032,41.7519882987476,2020-03-01
2020,3,Cancún,Centros de Playa,Integralmente Planeados,1038175,452465,355732,1231179,43.58272930864257,2020-03-01
2020,3,Celaya,Ciudades,Interior,96589,25919,33894,43343,26.83431860770895,2020-03-01
2020,3,Chihuahua,Ciudades,Interior,150874,54040,46486,96707,35.81796731047099,2020-03-01
2020,3,Ciudad Juárez,Ciudades,Fronterizas,140219,72446,110045,110045,51.66632196777898,2020-03-01
2020,3,Ciudad de México,Ciudades,Grandes,1471477,591450,567598,1135988,40.194308167915636,2020-03-01
2020,3,Coatzacoalcos,Ciudades,Interior,54621,12963,18487,19995,23.73263030702477,2020-03-01
2020,3,Colima,Ciudades,Interior,39919,10142,9992,16366,25.406448057316066,2020-03-01
2020,3,Comitán de Domínguez,Ciudades,Interior,43107,8775,14570,14594,20.356322639014547,2020-03-01
2020,3,Cozumel,Centros de Playa,Tradicionales,143975,71747,50551,151218,49.83295711060948,2020-03-01
2020,3,Culiacán,Ciudades,Interior,86831,25822,46983,52432,29.7382271308634,2020-03-01
2020,3,Durango,Ciudades,Interior,58527,21062,18435,31054,35.98680950672339,2020-03-01
2020,3,El Fuerte,Ciudades,Interior,11439,2763,5278,5974,24.154209284028322,2020-03-01
2020,3,Guadalajara,Ciudades,Grandes,677820,242956,237266,432493,35.84373432474698,2020-03-01
2020,3,Guanajuato,Ciudades,Interior,93269,17303,30049,36848,18.551716004245783,2020-03-01
2020,3,Hermosillo,Ciudades,Interior,86120,40842,39972,71611,47.424523920111476,2020-03-01
2020,3,Irapuato,Ciudades,Interior,87005,27364,35339,50071,31.45106603068789,2020-03-01
2020,3,Isla Mujeres,Centros de Playa,Otros,49933,18885,23882,41403,37.82067971081249,2020-03-01
2020,3,Ixtapa - Zihuatanejo,Centros de Playa,Integralmente Planeados,194928,79824,41117,168048,40.950504801772965,2020-03-01
2020,3,La Paz,Centros de Playa,Tradicionales,82392,32513,33833,67825,39.46135547140499,2020-03-01
2020,3,León,Ciudades,Interior,208713,63826,83856,110474,30.580749641852687,2020-03-01
2020,3,Loreto,Centros de Playa,Integralmente Planeados,27768,13834,14714,33849,49.81993661768943,2020-03-01
2020,3,Los Cabos,Centros de Playa,Integralmente Planeados,675677,308672,147388,759278,45.68336646060174,2020-03-01
2020,3,Los Mochis,Ciudades,Interior,42470,19392,22410,30181,45.66046621144337,2020-03-01
2020,3,Manzanillo,Centros de Playa,Tradicionales,146072,34736,48697,94792,23.780053672161674,2020-03-01
2020,3,Mazatlán,Centros de Playa,Tradicionales,299959,137682,185167,423072,45.9002730373151,2020-03-01
2020,3,Mexicali,Ciudades,Fronterizas,81958,35131,44116,48756,42.86463798530955,2020-03-01
2020,3,Monterrey,Ciudades,Grandes,469740,204024,150744,308431,43.43338868310129,2020-03-01
2020,3,Morelia,Ciudades,Interior,120404,48312,41141,75725,40.124912793594895,2020-03-01
2020,3,Mérida,Ciudades,Interior,222549,76602,67779,141951,34.42028497095022,2020-03-01
2020,3,Nuevo Nayarit,Centros de Playa,Otros,320726,166651,50547,370689,51.96055199765532,2020-03-01
2020,3,Oaxaca,Ciudades,Interior,188257,63383,70482,116632,33.66833636996234,2020-03-01
2020,3,Pachuca,Ciudades,Interior,48922,19696,29703,32850,40.260005723396425,2020-03-01
2020,3,Palenque,Ciudades,Interior,65009,15158,29128,30403,23.31677152394284,2020-03-01
2020,3,Piedras Negras,Ciudades,Fronterizas,25141,9008,13721,16880,35.829919255399545,2020-03-01
2020,3,Playas de Rosarito,Centros de Playa,Otros,81251,14355,35900,44998,17.667474861847854,2020-03-01
2020,3,Puebla,Ciudades,Interior,301066,108731,167404,309143,36.11533683644118,2020-03-01
2020,3,Puerto Escondido,Centros de Playa,Otros,75422,21035,21322,43366,27.889740394049483,2020-03-01
2020,3,Puerto Vallarta,Centros de Playa,Tradicionales,387556,214959,114763,438323,55.4652746957859,2020-03-01
2020,3,Querétaro,Ciudades,Interior,232400,83726,65309,131122,36.026678141135974,2020-03-01
2020,3,Riviera Maya,Centros de Playa,Otros,1419993,700613,230839,1477868,49.33918688331562,2020-03-01
2020,3,Salamanca,Ciudades,Interior,36051,8174,8428,12561,22.673434856175973,2020-03-01
2020,3,San Cristóbal de las Casas,Ciudades,Interior,101261,24932,46409,48780,24.621522600013826,2020-03-01
2020,3,San Felipe,Centros de Playa,Otros,25513,3442,7836,8856,13.491161368713989,2020-03-01
2020,3,San Juan de los Lagos,Ciudades,Interior,111886,18461,66049,67553,16.49983018429473,2020-03-01
2020,3,San Juan del Río,Ciudades,Interior,37206,10306,11988,18201,27.699833360210718,2020-03-01
2020,3,San Luis Potosí,Ciudades,Interior,184117,54918,42377,85730,29.827772557667135,2020-03-01
2020,3,San Miguel de Allende,Ciudades,Interior,64865,16589,20690,31295,25.574655052801972,2020-03-01
2020,3,Taxco,Ciudades,Interior,27553,7945,18252,18252,28.83533553515044,2020-03-01
2020,3,Tecate,Ciudades,Fronterizas,9796,2633,5294,5294,26.878317680685996,2020-03-01
2020,3,Tequisquiapan,Ciudades,Interior,28712,4193,6503,9110,14.603650041794372,2020-03-01
2020,3,Tijuana,Ciudades,Fronterizas,172453,61927,63786,68357,35.909494181023234,2020-03-01
2020,3,Tlaxcala,Ciudades,Interior,20303,3376,4537,5800,16.628084519529132,2020-03-01
2020,3,Toluca,Ciudades,Interior,117645,36893,50972,52396,31.359598792978876,2020-03-01
2020,3,Tonalá Puerto Arista,Centros de Playa,Otros,23157,3746,7691,7691,16.176534093362697,2020-03-01
2020,3,Tuxtla Gutiérrez,Ciudades,Interior,133710,35657,42587,61902,26.667414553885273,2020-03-01
2020,3,Valle de Bravo,Ciudades,Interior,37844,4284,8788,8827,11.320156431666843,2020-03-01
2020,3,Veracruz-Boca del Río,Centros de Playa,Tradicionales,310155,110021,147374,255482,35.472908706936856,2020-03-01
2020,3,Villahermosa,Ciudades,Interior,162301,57920,52586,92736,35.686779502282796,2020-03-01
2020,3,Xalapa,Ciudades,Interior,91767,31183,48487,57624,33.980624843353276,2020-03-01
2020,3,Zacatecas,Ciudades,Interior,96218,32411,33845,56166,33.68496539109106,2020-03-01
2020,4,Acapulco,Centros de Playa,Tradicionales,573467,4531,8351,10674,0.790106492614222,2020-04-01
2020,4,Aguascalientes,Ciudades,Interior,159602,14604,11587,21539,9.150261274921366,2020-04-01
2020,4,Bahías de Huatulco,Centros de Playa,Integralmente Planeados,129600,75,16,193,0.05787037037037037,2020-04-01
2020,4,Campeche,Ciudades,Interior,41874,2077,2130,3226,4.960118450589865,2020-04-01
2020,4,Cancún,Centros de Playa,Integralmente Planeados,1061829,3754,2838,9214,0.35354091854714836,2020-04-01
2020,4,Celaya,Ciudades,Interior,98265,12314,17373,21243,12.531420139418918,2020-04-01
2020,4,Chihuahua,Ciudades,Interior,146416,8741,8421,15865,5.969975958911594,2020-04-01
2020,4,Ciudad Juárez,Ciudades,Fronterizas,135480,15526,23603,23611,11.459994095069383,2020-04-01
2020,4,Ciudad de México,Ciudades,Grandes,1549140,21451,18315,36352,1.384703771124624,2020-04-01
2020,4,Coatzacoalcos,Ciudades,Interior,52572,4585,6387,7385,8.721372593776154,2020-04-01
2020,4,Colima,Ciudades,Interior,42118,3483,2724,5236,8.26962343890973,2020-04-01
2020,4,Comitán de Domínguez,Ciudades,Interior,41775,852,1106,1106,2.0394973070017954,2020-04-01
2020,4,Cozumel,Centros de Playa,Tradicionales,154740,762,676,1554,0.49243892981775883,2020-04-01
2020,4,Culiacán,Ciudades,Interior,85350,283,309,542,0.3315758640890451,2020-04-01
2020,4,Durango,Ciudades,Interior,56338,4417,4287,6804,7.84017892008946,2020-04-01
2020,4,El Fuerte,Ciudades,Interior,12180,588,982,1177,4.827586206896552,2020-04-01
2020,4,Guadalajara,Ciudades,Grandes,651045,48889,61428,93371,7.509311952322804,2020-04-01
2020,4,Guanajuato,Ciudades,Interior,98640,121,162,162,0.12266828872668288,2020-04-01
2020,4,Hermosillo,Ciudades,Interior,83880,4726,4851,8506,5.634239389604197,2020-04-01
2020,4,Irapuato,Ciudades,Interior,87174,8763,11823,14652,10.05230917475394,2020-04-01
2020,4,Isla Mujeres,Centros de Playa,Otros,49410,95,221,221,0.1922687715037442,2020-04-01
2020,4,Ixtapa - Zihuatanejo,Centros de Playa,Integralmente Planeados,188760,2350,1734,4868,1.2449671540580631,2020-04-01
2020,4,La Paz,Centros de Playa,Tradicionales,81870,67,32,99,0.08183705875167949,2020-04-01
2020,4,León,Ciudades,Interior,209610,9542,12920,15536,4.552263727875578,2020-04-01
2020,4,Loreto,Centros de Playa,Integralmente Planeados,14010,300,586,586,2.1413276231263385,2020-04-01
2020,4,Los Cabos,Centros de Playa,Integralmente Planeados,661590,1766,483,3195,0.2669326924530298,2020-04-01
2020,4,Los Mochis,Ciudades,Interior,48191,1307,1550,2133,2.7121246705816437,2020-04-01
2020,4,Manzanillo,Centros de Playa,Tradicionales,142830,2084,1392,3636,1.4590772246726877,2020-04-01
2020,4,Mazatlán,Centros de Playa,Tradicionales,296309,144,214,379,0.04859791636433588,2020-04-01
2020,4,Mexicali,Ciudades,Fronterizas,79770,9722,12624,15268,12.187539175128494,2020-04-01
2020,4,Monterrey,Ciudades,Grandes,456262,28120,15186,46541,6.1631255725876795,2020-04-01
2020,4,Morelia,Ciudades,Interior,116380,7291,7301,13541,6.264822134387352,2020-04-01
2020,4,Mérida,Ciudades,Interior,215463,1980,592,2836,0.9189512816585679,2020-04-01
2020,4,Nuevo Nayarit,Centros de Playa,Otros,300891,595,20,882,0.19774602763126847,2020-04-01
2020,4,Oaxaca,Ciudades,Interior,186150,2179,2295,3164,1.1705613752350255,2020-04-01
2020,4,Pachuca,Ciudades,Interior,47280,4787,7687,8305,10.124788494077833,2020-04-01
2020,4,Palenque,Ciudades,Interior,63540,2154,4052,4070,3.389990557129367,2020-04-01
2020,4,Piedras Negras,Ciudades,Fronterizas,24330,4373,7643,8413,17.973695026715987,2020-04-01
2020,4,Playas de Rosarito,Centros de Playa,Otros,78630,4907,12286,15482,6.2406206282589345,2020-04-01
2020,4,Puebla,Ciudades,Interior,291597,4986,5577,8008,1.70989413471332,2020-04-01
2020,4,Puerto Escondido,Centros de Playa,Otros,75720,533,532,771,0.7039091389329107,2020-04-01
2020,4,Puerto Vallarta,Centros de Playa,Tradicionales,390630,1868,991,3009,0.47820187901594857,2020-04-01
2020,4,Querétaro,Ciudades,Interior,222516,12701,9118,17605,5.707904150712758,2020-04-01
2020,4,Riviera Maya,Centros de Playa,Otros,1378792,2889,1051,6739,0.20953124184068372,2020-04-01
2020,4,Salamanca,Ciudades,Interior,36768,2936,2784,4682,7.9852045256745,2020-04-01
2020,4,San Cristóbal de las Casas,Ciudades,Interior,99990,744,1246,1271,0.744074407440744,2020-04-01
2020,4,San Felipe,Centros de Playa,Otros,24690,233,565,649,0.9437019036046983,2020-04-01
2020,4,San Juan de los Lagos,Ciudades,Interior,107460,1754,3099,3483,1.6322352503257025,2020-04-01
2020,4,San Juan del Río,Ciudades,Interior,36067,2682,3746,4954,7.4361604791083264,2020-04-01
2020,4,San Luis Potosí,Ciudades,Interior,180514,11218,10324,17855,6.214476439500538,2020-04-01
2020,4,San Miguel de Allende,Ciudades,Interior,64140,805,806,1444,1.2550670408481446,2020-04-01
2020,4,Taxco,Ciudades,Interior,26700,364,815,815,1.3632958801498127,2020-04-01
2020,4,Tecate,Ciudades,Fronterizas,9480,1327,2654,2654,13.99789029535865,2020-04-01
2020,4,Tequisquiapan,Ciudades,Interior,27650,317,427,591,1.1464737793851718,2020-04-01
2020,4,Tijuana,Ciudades,Fronterizas,143940,14923,15010,16440,10.367514242045297,2020-04-01
2020,4,Tlaxcala,Ciudades,Interior,19680,706,1029,1290,3.58739837398374,2020-04-01
2020,4,Toluca,Ciudades,Interior,113850,5797,6846,8009,5.091787439613527,2020-04-01
2020,4,Tonalá Puerto Arista,Centros de Playa,Otros,22410,825,1723,1724,3.681392235609103,2020-04-01
2020,4,Tuxtla Gutiérrez,Ciudades,Interior,134304,8233,10500,14337,6.130122706695259,2020-04-01
2020,4,Valle de Bravo,Ciudades,Interior,36630,86,174,174,0.23478023478023477,2020-04-01
2020,4,Veracruz-Boca del Río,Centros de Playa,Tradicionales,301530,15820,24038,34736,5.2465757967698075,2020-04-01
2020,4,Villahermosa,Ciudades,Interior,156986,15352,10173,25240,9.779215981042896,2020-04-01
2020,4,Xalapa,Ciudades,Interior,88428,5515,7914,9574,6.236712353553173,2020-04-01
2020,4,Zacatecas,Ciudades,Interior,95879,3801,3932,6745,3.9643717602394686,2020-04-01
2020,5,Acapulco,Centros de Playa,Tradicionales,592627,552,662,985,0.09314459179213908,2020-05-01
2020,5,Aguascalientes,Ciudades,Interior,165216,16713,13406,25569,10.115848343986055,2020-05-01
2020,5,Bahías de Huatulco,Centros de Playa,Integralmente Planeados,133770,0,0,0,0.0,2020-05-01
2020,5,Campeche,Ciudades,Interior,43084,2466,2188,4142,5.723702534583604,2020-05-01
2020,5,Cancún,Centros de Playa,Integralmente Planeados,1097949,426,221,1039,0.038799616375624006,2020-05-01
2020,5,Celaya,Ciudades,Interior,101510,11850,16503,20698,11.673726726430894,2020-05-01
2020,5,Chihuahua,Ciudades,Interior,148168,15071,14902,25597,10.171562010690568,2020-05-01
2020,5,Ciudad Juárez,Ciudades,Fronterizas,140802,23857,33778,36751,16.943651368588515,2020-05-01
2020,5,Ciudad de México,Ciudades,Grandes,1600676,14670,12199,22191,0.9164877839112975,2020-05-01
2020,5,Coatzacoalcos,Ciudades,Interior,54407,3974,5319,5920,7.304207179223262,2020-05-01
2020,5,Colima,Ciudades,Interior,43463,3873,3075,5883,8.911027770747532,2020-05-01
2020,5,Comitán de Domínguez,Ciudades,Interior,43710,791,1135,1135,1.8096545412948981,2020-05-01
2020,5,Cozumel,Centros de Playa,Tradicionales,159898,551,528,1127,0.3445946791079313,2020-05-01
2020,5,Culiacán,Ciudades,Interior,88195,1459,1909,2816,1.654288791881626,2020-05-01
2020,5,Durango,Ciudades,Interior,58548,5951,5924,8553,10.16430962628954,2020-05-01
2020,5,El Fuerte,Ciudades,Interior,12586,444,805,958,3.527729222946131,2020-05-01
2020,5,Guadalajara,Ciudades,Grandes,672489,59380,74901,110007,8.829884206284415,2020-05-01
2020,5,Guanajuato,Ciudades,Interior,101918,166,205,205,0.16287603759885397,2020-05-01
2020,5,Hermosillo,Ciudades,Interior,86676,4493,4634,8272,5.183672527573954,2020-05-01
2020,5,Irapuato,Ciudades,Interior,90241,10564,11993,15999,11.706430558172006,2020-05-01
2020,5,Isla Mujeres,Centros de Playa,Otros,51057,96,181,191,0.18802514836359363,2020-05-01
2020,5,Ixtapa - Zihuatanejo,Centros de Playa,Integralmente Planeados,195083,174,42,383,0.08919280511372082,2020-05-01
2020,5,La Paz,Centros de Playa,Tradicionales,48546,0,0,0,0.0,2020-05-01
2020,5,León,Ciudades,Interior,216574,11703,18006,19598,5.403695734483364,2020-05-01
2020,5,Loreto,Centros de Playa,Integralmente Planeados,14495,855,1710,1710,5.898585719213522,2020-05-01
2020,5,Los Cabos,Centros de Playa,Integralmente Planeados,682437,1561,565,2485,0.22873906309300346,2020-05-01
2020,5,Los Mochis,Ciudades,Interior,50003,1510,1854,2189,3.0198188108713477,2020-05-01
2020,5,Manzanillo,Centros de Playa,Tradicionales,145731,3913,2337,5500,2.685084161914761,2020-05-01
2020,5,Mazatlán,Centros de Playa,Tradicionales,307520,0,0,0,0.0,2020-05-01
2020,5,Mexicali,Ciudades,Fronterizas,82429,16346,20176,24730,19.83039949532325,2020-05-01
2020,5,Monterrey,Ciudades,Grandes,464379,29935,20100,52363,6.446243262507564,2020-05-01
2020,5,Morelia,Ciudades,Interior,120404,6484,5592,10102,5.38520314939703,2020-05-01
2020,5,Mérida,Ciudades,Interior,223417,0,0,0,0.0,2020-05-01
2020,5,Nuevo Nayarit,Centros de Playa,Otros,320804,618,17,908,0.19264098951384645,2020-05-01
2020,5,Oaxaca,Ciudades,Interior,192265,2111,1766,2973,1.0979637479520454,2020-05-01
2020,5,Pachuca,Ciudades,Interior,48949,1573,1867,1967,3.213548795685305,2020-05-01
2020,5,Palenque,Ciudades,Interior,65617,2438,3958,3996,3.7155005562582866,2020-05-01
2020,5,Piedras Negras,Ciudades,Fronterizas,25141,6876,12447,13577,27.349747424525674,2020-05-01
2020,5,Playas de Rosarito,Centros de Playa,Otros,81251,7425,18622,23512,9.138349066473028,2020-05-01
2020,5,Puebla,Ciudades,Interior,299674,8646,8694,14641,2.8851351802291823,2020-05-01
2020,5,Puerto Escondido,Centros de Playa,Otros,78244,0,0,0,0.0,2020-05-01
2020,5,Puerto Vallarta,Centros de Playa,Tradicionales,387845,711,386,879,0.18332065644780776,2020-05-01
2020,5,Querétaro,Ciudades,Interior,219976,12369,7564,15636,5.6228861330326945,2020-05-01
2020,5,Riviera Maya,Centros de Playa,Otros,1423979,1765,325,3716,0.12394845710505563,2020-05-01
2020,5,Salamanca,Ciudades,Interior,38006,3934,3816,6507,10.350997210966689,2020-05-01
2020,5,San Cristóbal de las Casas,Ciudades,Interior,103323,1098,1726,1793,1.0626869138526756,2020-05-01
2020,5,San Felipe,Centros de Playa,Otros,25513,236,559,596,0.9250186179594716,2020-05-01
2020,5,San Juan de los Lagos,Ciudades,Interior,111880,1546,3078,3078,1.3818376832320343,2020-05-01
2020,5,San Juan del Río,Ciudades,Interior,35840,2729,2879,4728,7.614397321428571,2020-05-01
2020,5,San Luis Potosí,Ciudades,Interior,187023,14631,12839,23330,7.82310197141528,2020-05-01
2020,5,San Miguel de Allende,Ciudades,Interior,65906,0,0,0,0.0,2020-05-01
2020,5,Taxco,Ciudades,Interior,27743,68,101,101,0.24510687380600513,2020-05-01
2020,5,Tecate,Ciudades,Fronterizas,9796,1708,2940,2940,17.435688035933033,2020-05-01
2020,5,Tequisquiapan,Ciudades,Interior,28340,609,291,640,2.1489061397318276,2020-05-01
2020,5,Tijuana,Ciudades,Fronterizas,148738,20469,21153,23035,13.761782463123076,2020-05-01
2020,5,Tlaxcala,Ciudades,Interior,20336,730,1091,1273,3.5896931549960662,2020-05-01
2020,5,Toluca,Ciudades,Interior,117645,4561,4331,5441,3.876917846062306,2020-05-01
2020,5,Tonalá Puerto Arista,Centros de Playa,Otros,23157,1072,2266,2267,4.6292697672410075,2020-05-01
2020,5,Tuxtla Gutiérrez,Ciudades,Interior,138808,9370,12726,16763,6.750331393003285,2020-05-01
2020,5,Valle de Bravo,Ciudades,Interior,37851,221,386,386,0.5838683258038097,2020-05-01
2020,5,Veracruz-Boca del Río,Centros de Playa,Tradicionales,312201,19295,28795,41830,6.180313323788201,2020-05-01
2020,5,Villahermosa,Ciudades,Interior,161858,18225,9093,28062,11.259869762384312,2020-05-01
2020,5,Xalapa,Ciudades,Interior,91571,6660,10012,12139,7.273044959648797,2020-05-01
2020,5,Zacatecas,Ciudades,Interior,99293,5129,2882,7040,5.165520228012046,2020-05-01
2020,6,Acapulco,Centros de Playa,Tradicionales,573510,785,628,1291,0.13687642761242175,2020-06-01
2020,6,Aguascalientes,Ciudades,Interior,158962,26547,20519,38909,16.70021766208276,2020-06-01
2020,6,Bahías de Huatulco,Centros de Playa,Integralmente Planeados,129600,0,0,0,0.0,2020-06-01
2020,6,Campeche,Ciudades,Interior,41304,4140,3307,5360,10.023242300987798,2020-06-01
2020,6,Cancún,Centros de Playa,Integralmente Planeados,1062369,53039,42963,141138,4.992521430877595,2020-06-01
2020,6,Celaya,Ciudades,Interior,97837,14100,20145,24605,14.411725625274691,2020-06-01
2020,6,Chihuahua,Ciudades,Interior,146380,26556,27174,42712,18.141822653367946,2020-06-01
2020,6,Ciudad Juárez,Ciudades,Fronterizas,136231,13801,19397,21327,10.130587017639156,2020-06-01
2020,6,Ciudad de México,Ciudades,Grandes,1549040,56286,36089,101705,3.633605329752621,2020-06-01
2020,6,Coatzacoalcos,Ciudades,Interior,52780,5644,8029,8812,10.693444486547936,2020-06-01
2020,6,Colima,Ciudades,Interior,42063,6079,6310,9539,14.452131326819295,2020-06-01
2020,6,Comitán de Domínguez,Ciudades,Interior,42006,1807,2488,2488,4.301766414321763,2020-06-01
2020,6,Cozumel,Centros de Playa,Tradicionales,154740,2945,2963,6616,1.903192451854724,2020-06-01
2020,6,Culiacán,Ciudades,Interior,85350,2809,3537,5226,3.291154071470416,2020-06-01
2020,6,Durango,Ciudades,Interior,56776,9568,9233,14129,16.85219106664788,2020-06-01
2020,6,El Fuerte,Ciudades,Interior,12180,121,207,235,0.993431855500821,2020-06-01
2020,6,Guadalajara,Ciudades,Grandes,655167,90774,93535,156622,13.855093434193114,2020-06-01
2020,6,Guanajuato,Ciudades,Interior,97380,1948,3097,3736,2.000410761963442,2020-06-01
2020,6,Hermosillo,Ciudades,Interior,83880,9506,9393,16021,11.332856461611826,2020-06-01
2020,6,Irapuato,Ciudades,Interior,87330,12512,16414,19742,14.327264399404557,2020-06-01
2020,6,Isla Mujeres,Centros de Playa,Otros,49410,331,638,714,0.6699048775551508,2020-06-01
2020,6,Ixtapa - Zihuatanejo,Centros de Playa,Integralmente Planeados,188790,142,89,258,0.07521584829704964,2020-06-01
2020,6,La Paz,Centros de Playa,Tradicionales,66148,6776,11682,14301,10.243695954526213,2020-06-01
2020,6,León,Ciudades,Interior,209502,17854,24795,29491,8.522114347357066,2020-06-01
2020,6,Loreto,Centros de Playa,Integralmente Planeados,26880,2135,4270,4270,7.942708333333333,2020-06-01
2020,6,Los Cabos,Centros de Playa,Integralmente Planeados,659250,19748,12972,49066,2.9955252180508154,2020-06-01
2020,6,Los Mochis,Ciudades,Interior,48390,2758,2847,4229,5.699524695184955,2020-06-01
2020,6,Manzanillo,Centros de Playa,Tradicionales,142710,11690,9276,17892,8.191437180295704,2020-06-01
2020,6,Mazatlán,Centros de Playa,Tradicionales,296880,475,698,954,0.15999730530854217,2020-06-01
2020,6,Mexicali,Ciudades,Fronterizas,79770,16493,20573,24832,20.675692616271782,2020-06-01
2020,6,Monterrey,Ciudades,Grandes,450953,49995,36971,81841,11.086521211744905,2020-06-01
2020,6,Morelia,Ciudades,Interior,116520,13618,11755,20963,11.687263989014761,2020-06-01
2020,6,Mérida,Ciudades,Interior,216038,3481,4599,7142,1.611290606282228,2020-06-01
2020,6,Nuevo Nayarit,Centros de Playa,Otros,309374,7485,6391,20253,2.4194017596824557,2020-06-01
2020,6,Oaxaca,Ciudades,Interior,185921,1281,1037,1885,0.6890023181889082,2020-06-01
2020,6,Pachuca,Ciudades,Interior,47370,2281,2175,2700,4.815283934979945,2020-06-01
2020,6,Palenque,Ciudades,Interior,63540,3992,6993,7284,6.282656594271325,2020-06-01
2020,6,Piedras Negras,Ciudades,Fronterizas,24330,9243,15311,17192,37.9901356350185,2020-06-01
2020,6,Playas de Rosarito,Centros de Playa,Otros,78503,9063,22760,28532,11.544781728086825,2020-06-01
2020,6,Puebla,Ciudades,Interior,291600,13447,14649,21099,4.611454046639232,2020-06-01
2020,6,Puerto Escondido,Centros de Playa,Otros,75720,0,0,0,0.0,2020-06-01
2020,6,Puerto Vallarta,Centros de Playa,Tradicionales,386554,11896,10281,23706,3.077448428938777,2020-06-01
2020,6,Querétaro,Ciudades,Interior,214936,11204,9634,15040,5.21271448245059,2020-06-01
2020,6,Riviera Maya,Centros de Playa,Otros,1378132,12358,7112,28693,0.8967210688090836,2020-06-01
2020,6,Salamanca,Ciudades,Interior,36780,4597,4227,7285,12.498640565524742,2020-06-01
2020,6,San Cristóbal de las Casas,Ciudades,Interior,99968,1389,2403,2427,1.3894446222791292,2020-06-01
2020,6,San Felipe,Centros de Playa,Otros,24690,0,0,0,0.0,2020-06-01
2020,6,San Juan de los Lagos,Ciudades,Interior,110280,1602,3962,3962,1.4526659412404788,2020-06-01
2020,6,San Juan del Río,Ciudades,Interior,32009,2834,3073,4418,8.85375988003374,2020-06-01
2020,6,San Luis Potosí,Ciudades,Interior,178222,26070,23011,41028,14.627823725465992,2020-06-01
2020,6,San Miguel de Allende,Ciudades,Interior,63780,0,0,0,0.0,2020-06-01
2020,6,Taxco,Ciudades,Interior,29031,68,120,120,0.2342323722916882,2020-06-01
2020,6,Tecate,Ciudades,Fronterizas,9479,2061,4030,4048,21.74279987340437,2020-06-01
2020,6,Tequisquiapan,Ciudades,Interior,25711,363,596,653,1.41184706934775,2020-06-01
2020,6,Tijuana,Ciudades,Fronterizas,143940,24452,25733,29579,16.987633736279005,2020-06-01
2020,6,Tlaxcala,Ciudades,Interior,19680,964,1410,1613,4.8983739837398375,2020-06-01
2020,6,Toluca,Ciudades,Interior,113850,10136,11190,12471,8.902942468159859,2020-06-01
2020,6,Tonalá Puerto Arista,Centros de Playa,Otros,22410,1231,2613,2623,5.493083444890674,2020-06-01
2020,6,Tuxtla Gutiérrez,Ciudades,Interior,134121,9755,13323,17143,7.273283080203696,2020-06-01
2020,6,Valle de Bravo,Ciudades,Interior,36630,934,1884,1884,2.54982254982255,2020-06-01
2020,6,Veracruz-Boca del Río,Centros de Playa,Tradicionales,302130,31187,46266,70194,10.322377784397444,2020-06-01
2020,6,Villahermosa,Ciudades,Interior,156092,21892,12583,34397,14.025062142838838,2020-06-01
2020,6,Xalapa,Ciudades,Interior,88620,9120,14011,16962,10.291130670277589,2020-06-01
2020,6,Zacatecas,Ciudades,Interior,92304,11998,11987,20059,12.998353267464031,2020-06-01
2020,7,Acapulco,Centros de Playa,Tradicionales,592627,59332,124133,163983,10.011693696034774,2020-07-01
2020,7,Aguascalientes,Ciudades,Interior,164187,35433,28100,52825,21.58088033766376,2020-07-01
2020,7,Bahías de Huatulco,Centros de Playa,Integralmente Planeados,133920,10869,9371,24513,8.116039426523297,2020-07-01
2020,7,Campeche,Ciudades,Interior,42718,6014,5304,7915,14.078374455732947,2020-07-01
2020,7,Cancún,Centros de Playa,Integralmente Planeados,1097958,210074,164112,596289,19.13315445581707,2020-07-01
2020,7,Celaya,Ciudades,Interior,100922,15519,21504,26841,15.377222013039773,2020-07-01
2020,7,Chihuahua,Ciudades,Interior,151271,29673,32143,52268,19.615788882204786,2020-07-01
2020,7,Ciudad Juárez,Ciudades,Fronterizas,140746,21452,29825,32622,15.24164097025848,2020-07-01
2020,7,Ciudad de México,Ciudades,Grandes,1600564,198264,212530,391314,12.387133535428761,2020-07-01
2020,7,Coatzacoalcos,Ciudades,Interior,54643,7887,10552,11510,14.433687755064692,2020-07-01
2020,7,Colima,Ciudades,Interior,43528,7933,9195,13739,18.225050542179748,2020-07-01
2020,7,Comitán de Domínguez,Ciudades,Interior,43431,2919,5510,5510,6.721005733232023,2020-07-01
2020,7,Cozumel,Centros de Playa,Tradicionales,159898,15050,13265,34894,9.412250309572352,2020-07-01
2020,7,Culiacán,Ciudades,Interior,88175,20290,30913,38295,23.011057555996597,2020-07-01
2020,7,Durango,Ciudades,Interior,58642,12489,12135,19255,21.29702261177995,2020-07-01
2020,7,El Fuerte,Ciudades,Interior,12586,1002,1726,1957,7.961226759891943,2020-07-01
2020,7,Guadalajara,Ciudades,Grandes,678061,111401,108837,182869,16.42934780204141,2020-07-01
2020,7,Guanajuato,Ciudades,Interior,100688,3435,5494,7587,3.4115286826632767,2020-07-01
2020,7,Hermosillo,Ciudades,Interior,86676,15247,16279,28252,17.59079791407079,2020-07-01
2020,7,Irapuato,Ciudades,Interior,90241,12234,16783,20130,13.557030618011769,2020-07-01
2020,7,Isla Mujeres,Centros de Playa,Otros,51057,3302,6328,7660,6.467281665589439,2020-07-01
2020,7,Ixtapa - Zihuatanejo,Centros de Playa,Integralmente Planeados,194928,42407,35875,109095,21.755212180907822,2020-07-01
2020,7,La Paz,Centros de Playa,Tradicionales,84145,14851,16822,31213,17.64929585833977,2020-07-01
2020,7,León,Ciudades,Interior,216473,25225,34712,41507,11.652723434331302,2020-07-01
2020,7,Loreto,Centros de Playa,Integralmente Planeados,27783,7629,10080,18137,27.459237663319296,2020-07-01
2020,7,Los Cabos,Centros de Playa,Integralmente Planeados,673971,120417,72234,317696,17.86679248810409,2020-07-01
2020,7,Los Mochis,Ciudades,Interior,47426,11079,13194,16944,23.36060388816261,2020-07-01
2020,7,Manzanillo,Centros de Playa,Tradicionales,147467,30763,41998,79117,20.860938379434042,2020-07-01
2020,7,Mazatlán,Centros de Playa,Tradicionales,300635,118072,176105,368149,39.274202937116435,2020-07-01
2020,7,Mexicali,Ciudades,Fronterizas,78973,19840,23560,30339,25.122510225013613,2020-07-01
2020,7,Monterrey,Ciudades,Grandes,465276,66778,52065,105679,14.352341405961193,2020-07-01
2020,7,Morelia,Ciudades,Interior,121024,22938,20002,36647,18.953265468006347,2020-07-01
2020,7,Mérida,Ciudades,Interior,221393,19435,25726,36568,8.77850699886627,2020-07-01
2020,7,Nuevo Nayarit,Centros de Playa,Otros,318728,71139,59531,255945,22.319658141110917,2020-07-01
2020,7,Oaxaca,Ciudades,Interior,192179,10447,10976,17603,5.436077823279339,2020-07-01
2020,7,Pachuca,Ciudades,Interior,48949,5775,6045,6787,11.797993830313183,2020-07-01
2020,7,Palenque,Ciudades,Interior,65658,5366,8986,9674,8.172652228212861,2020-07-01
2020,7,Piedras Negras,Ciudades,Fronterizas,25141,8633,15405,17786,34.3383318085995,2020-07-01
2020,7,Playas de Rosarito,Centros de Playa,Otros,81251,15584,39204,49316,19.18007162988763,2020-07-01
2020,7,Puebla,Ciudades,Interior,301268,18423,19678,27431,6.115153285446845,2020-07-01
2020,7,Puerto Escondido,Centros de Playa,Otros,78244,6797,8603,14422,8.686928071162006,2020-07-01
2020,7,Puerto Vallarta,Centros de Playa,Tradicionales,376643,99809,66800,226427,26.49962962274621,2020-07-01
2020,7,Querétaro,Ciudades,Interior,229147,26664,28241,42369,11.636198597406905,2020-07-01
2020,7,Riviera Maya,Centros de Playa,Otros,1423373,120324,59342,280497,8.453441227281957,2020-07-01
2020,7,Salamanca,Ciudades,Interior,38006,5967,5404,8949,15.700152607483028,2020-07-01
2020,7,San Cristóbal de las Casas,Ciudades,Interior,103299,4906,8922,8961,4.749319935333353,2020-07-01
2020,7,San Felipe,Centros de Playa,Otros,25513,0,0,0,0.0,2020-07-01
2020,7,San Juan de los Lagos,Ciudades,Interior,113956,4021,10528,10545,3.528554880831198,2020-07-01
2020,7,San Juan del Río,Ciudades,Interior,36581,6939,7979,14757,18.96886361772505,2020-07-01
2020,7,San Luis Potosí,Ciudades,Interior,184033,37998,36783,65146,20.647383893106127,2020-07-01
2020,7,San Miguel de Allende,Ciudades,Interior,65413,2506,4708,5576,3.8310427590845855,2020-07-01
2020,7,Taxco,Ciudades,Interior,27572,2155,4844,4844,7.815900188597127,2020-07-01
2020,7,Tecate,Ciudades,Fronterizas,9796,2584,5195,5197,26.378113515720703,2020-07-01
2020,7,Tequisquiapan,Ciudades,Interior,28505,3179,6343,8194,11.152429398351167,2020-07-01
2020,7,Tijuana,Ciudades,Fronterizas,148738,38721,39835,44446,26.033024512901882,2020-07-01
2020,7,Tlaxcala,Ciudades,Interior,20304,1380,1796,2307,6.796690307328605,2020-07-01
2020,7,Toluca,Ciudades,Interior,122025,16841,20401,22356,13.801270231509937,2020-07-01
2020,7,Tonalá Puerto Arista,Centros de Playa,Otros,23157,2044,4274,4275,8.826704668134905,2020-07-01
2020,7,Tuxtla Gutiérrez,Ciudades,Interior,137683,14127,19103,25534,10.26052599086307,2020-07-01
2020,7,Valle de Bravo,Ciudades,Interior,37851,3214,6111,6264,8.491189136350426,2020-07-01
2020,7,Veracruz-Boca del Río,Centros de Playa,Tradicionales,312201,44198,65371,102081,14.15690532701689,2020-07-01
2020,7,Villahermosa,Ciudades,Interior,158365,36541,25547,57688,23.07391153348278,2020-07-01
2020,7,Xalapa,Ciudades,Interior,91574,11144,16788,21161,12.169393059165266,2020-07-01
2020,7,Zacatecas,Ciudades,Interior,101311,16468,18066,29358,16.254898283503273,2020-07-01
2020,8,Acapulco,Centros de Playa,Tradicionales,592627,103439,215599,275760,17.454317808672233,2020-08-01
2020,8,Aguascalientes,Ciudades,Interior,165278,41753,32865,63678,25.262285361633126,2020-08-01
2020,8,Bahías de Huatulco,Centros de Playa,Integralmente Planeados,133920,20127,16178,44972,15.029121863799283,2020-08-01
2020,8,Campeche,Ciudades,Interior,42935,6490,7606,9887,15.11587283102364,2020-08-01
2020,8,Cancún,Centros de Playa,Integralmente Planeados,1097658,263629,198890,746308,24.017407972246364,2020-08-01
2020,8,Celaya,Ciudades,Interior,101108,15595,21227,26446,15.42410096134826,2020-08-01
2020,8,Chihuahua,Ciudades,Interior,151203,33486,35691,59412,22.14638598440507,2020-08-01
2020,8,Ciudad Juárez,Ciudades,Fronterizas,131777,26847,36554,40223,20.373054478399112,2020-08-01
2020,8,Ciudad de México,Ciudades,Grandes,1600556,243606,287554,510804,15.220086020108013,2020-08-01
2020,8,Coatzacoalcos,Ciudades,Interior,54653,8956,12547,13455,16.387023585164584,2020-08-01
2020,8,Colima,Ciudades,Interior,43527,7591,8724,12770,17.43975004020493,2020-08-01
2020,8,Comitán de Domínguez,Ciudades,Interior,43772,2554,5147,5147,5.834780224801243,2020-08-01
2020,8,Cozumel,Centros de Playa,Tradicionales,159898,16297,14181,41783,10.192122478079776,2020-08-01
2020,8,Culiacán,Ciudades,Interior,88125,25601,38855,46744,29.050780141843973,2020-08-01
2020,8,Durango,Ciudades,Interior,58630,15255,15208,23738,26.01910284837114,2020-08-01
2020,8,El Fuerte,Ciudades,Interior,12586,816,1502,1640,6.483394247576673,2020-08-01
2020,8,Guadalajara,Ciudades,Grandes,693754,134991,132787,235925,19.458049971603767,2020-08-01
2020,8,Guanajuato,Ciudades,Interior,100606,6331,11366,14663,6.292865236665805,2020-08-01
2020,8,Hermosillo,Ciudades,Interior,86676,18430,18542,32989,21.26309474364299,2020-08-01
2020,8,Irapuato,Ciudades,Interior,85622,11741,17078,20151,13.71259722968396,2020-08-01
2020,8,Isla Mujeres,Centros de Playa,Otros,51057,4073,7885,9605,7.97735863838455,2020-08-01
2020,8,Ixtapa - Zihuatanejo,Centros de Playa,Integralmente Planeados,195207,50673,37607,125739,25.958597796185586,2020-08-01
2020,8,La Paz,Centros de Playa,Tradicionales,84041,18316,20039,30846,21.79412429647434,2020-08-01
2020,8,León,Ciudades,Interior,216597,30317,43981,50636,13.996962100121424,2020-08-01
2020,8,Loreto,Centros de Playa,Integralmente Planeados,25335,8806,8890,20883,34.75823958950069,2020-08-01
2020,8,Los Cabos,Centros de Playa,Integralmente Planeados,683532,148257,87531,379919,21.68984041712751,2020-08-01
2020,8,Los Mochis,Ciudades,Interior,47871,13277,16404,20381,27.73495435649976,2020-08-01
2020,8,Manzanillo,Centros de Playa,Tradicionales,143822,32258,42494,84685,22.429113765626955,2020-08-01
2020,8,Mazatlán,Centros de Playa,Tradicionales,303751,162209,239202,540423,53.40196410876013,2020-08-01
2020,8,Mexicali,Ciudades,Fronterizas,78811,25316,27983,37788,32.122419459212544,2020-08-01
2020,8,Monterrey,Ciudades,Grandes,465238,83040,64473,138202,17.848928935297632,2020-08-01
2020,8,Morelia,Ciudades,Interior,121024,28622,26745,46968,23.64985457429931,2020-08-01
2020,8,Mérida,Ciudades,Interior,222177,26330,38793,54033,11.850911660522916,2020-08-01
2020,8,Nuevo Nayarit,Centros de Playa,Otros,312098,80439,71771,297447,25.773635204326848,2020-08-01
2020,8,Oaxaca,Ciudades,Interior,191887,16963,19146,30891,8.840098599696697,2020-08-01
2020,8,Pachuca,Ciudades,Interior,48697,7492,9369,10081,15.384931309936958,2020-08-01
2020,8,Palenque,Ciudades,Interior,65658,7475,12469,13022,11.384751286971884,2020-08-01
2020,8,Piedras Negras,Ciudades,Fronterizas,25141,8875,15680,17693,35.30090290760113,2020-08-01
2020,8,Playas de Rosarito,Centros de Playa,Otros,81251,22802,57160,71649,28.06365460117414,2020-08-01
2020,8,Puebla,Ciudades,Interior,300878,30047,32270,45668,9.986439686517459,2020-08-01
2020,8,Puerto Escondido,Centros de Playa,Otros,78236,9376,10587,19391,11.984252773659184,2020-08-01
2020,8,Puerto Vallarta,Centros de Playa,Tradicionales,404855,91463,64524,208280,22.591545121092736,2020-08-01
2020,8,Querétaro,Ciudades,Interior,230076,31912,27274,47153,13.870199412368088,2020-08-01
2020,8,Riviera Maya,Centros de Playa,Otros,1421698,166074,81622,376867,11.68138381006374,2020-08-01
2020,8,Salamanca,Ciudades,Interior,37372,6491,6470,10064,17.368618216846837,2020-08-01
2020,8,San Cristóbal de las Casas,Ciudades,Interior,103245,9368,18289,18343,9.073562884401182,2020-08-01
2020,8,San Felipe,Centros de Playa,Otros,25513,2982,7334,7988,11.688158977776036,2020-08-01
2020,8,San Juan de los Lagos,Ciudades,Interior,113947,7080,21227,21272,6.21341500873213,2020-08-01
2020,8,San Juan del Río,Ciudades,Interior,37445,6278,6774,9371,16.765923354252905,2020-08-01
2020,8,San Luis Potosí,Ciudades,Interior,184041,34734,32452,57362,18.872968523318175,2020-08-01
2020,8,San Miguel de Allende,Ciudades,Interior,63888,8138,12980,16443,12.737916353618832,2020-08-01
2020,8,Taxco,Ciudades,Interior,27529,3626,8237,8237,13.171564531948128,2020-08-01
2020,8,Tecate,Ciudades,Fronterizas,9796,3269,7111,7111,33.37076357697019,2020-08-01
2020,8,Tequisquiapan,Ciudades,Interior,28528,5236,9396,12183,18.353897924845764,2020-08-01
2020,8,Tijuana,Ciudades,Fronterizas,148738,52265,54685,64342,35.138969194153475,2020-08-01
2020,8,Tlaxcala,Ciudades,Interior,20301,1865,2402,2971,9.186739569479336,2020-08-01
2020,8,Toluca,Ciudades,Interior,122047,16885,22440,24436,13.834834121281146,2020-08-01
2020,8,Tonalá Puerto Arista,Centros de Playa,Otros,23128,3382,7372,7375,14.622967831200278,2020-08-01
2020,8,Tuxtla Gutiérrez,Ciudades,Interior,138683,18583,26138,36179,13.399623602027646,2020-08-01
2020,8,Valle de Bravo,Ciudades,Interior,37851,4481,8987,9298,11.838524741750549,2020-08-01
2020,8,Veracruz-Boca del Río,Centros de Playa,Tradicionales,312201,48763,68155,111842,15.61910435905074,2020-08-01
2020,8,Villahermosa,Ciudades,Interior,158562,43256,31988,72289,27.28018062335238,2020-08-01
2020,8,Xalapa,Ciudades,Interior,92114,14867,23143,28655,16.139783311982978,2020-08-01
2020,8,Zacatecas,Ciudades,Interior,101071,19278,22680,35555,19.07372045393832,2020-08-01
2020,9,Acapulco,Centros de Playa,Tradicionales,573510,130921,259533,344506,22.82802392286098,2020-09-01
2020,9,Aguascalientes,Ciudades,Interior,160514,44763,32867,67236,27.88728709022266,2020-09-01
2020,9,Bahías de Huatulco,Centros de Playa,Integralmente Planeados,129390,25119,18597,54552,19.41340134477162,2020-09-01
2020,9,Campeche,Ciudades,Interior,41900,7690,8410,12456,18.353221957040574,2020-09-01
2020,9,Cancún,Centros de Playa,Integralmente Planeados,1062540,302547,210717,777708,28.47393980461912,2020-09-01
2020,9,Celaya,Ciudades,Interior,97837,16667,23086,28447,17.035477375634986,2020-09-01
2020,9,Chihuahua,Ciudades,Interior,146333,37193,40057,66010,25.41668659837494,2020-09-01
2020,9,Ciudad Juárez,Ciudades,Fronterizas,127098,38220,52572,58312,30.071283576452817,2020-09-01
2020,9,Ciudad de México,Ciudades,Grandes,1549389,307436,322229,625032,19.842402392168783,2020-09-01
2020,9,Coatzacoalcos,Ciudades,Interior,52698,8899,12488,13665,16.886788872442978,2020-09-01
2020,9,Colima,Ciudades,Interior,42026,9320,9961,15549,22.176747727597203,2020-09-01
2020,9,Comitán de Domínguez,Ciudades,Interior,42028,4279,7960,7960,10.18130769962882,2020-09-01
2020,9,Cozumel,Centros de Playa,Tradicionales,154740,20563,18504,44876,13.288742406617551,2020-09-01
2020,9,Culiacán,Ciudades,Interior,85350,22638,34322,43191,26.52372583479789,2020-09-01
2020,9,Durango,Ciudades,Interior,56310,15266,14625,22941,27.110637542177233,2020-09-01
2020,9,El Fuerte,Ciudades,Interior,12150,733,1307,1508,6.032921810699588,2020-09-01
2020,9,Guadalajara,Ciudades,Grandes,664821,143885,137640,245711,21.64266772559832,2020-09-01
2020,9,Guanajuato,Ciudades,Interior,97311,10699,19359,24378,10.994646031794966,2020-09-01
2020,9,Hermosillo,Ciudades,Interior,87600,23331,21634,39721,26.633561643835616,2020-09-01
2020,9,Irapuato,Ciudades,Interior,82464,14296,18981,22721,17.3360496701591,2020-09-01
2020,9,Isla Mujeres,Centros de Playa,Otros,49410,4543,6290,9606,9.194495041489578,2020-09-01
2020,9,Ixtapa - Zihuatanejo,Centros de Playa,Integralmente Planeados,188910,65261,49266,150432,34.54608014398391,2020-09-01
2020,9,La Paz,Centros de Playa,Tradicionales,81263,32704,36081,69955,40.244637781031955,2020-09-01
2020,9,León,Ciudades,Interior,203820,36450,47539,62343,17.883426552840742,2020-09-01
2020,9,Loreto,Centros de Playa,Integralmente Planeados,26708,7302,8040,15710,27.34012280964505,2020-09-01
2020,9,Los Cabos,Centros de Playa,Integralmente Planeados,662414,178329,99902,410273,26.921079566555054,2020-09-01
2020,9,Los Mochis,Ciudades,Interior,46172,12394,14971,18931,26.843108377371568,2020-09-01
2020,9,Manzanillo,Centros de Playa,Tradicionales,135420,30411,43788,79414,22.45680106335844,2020-09-01
2020,9,Mazatlán,Centros de Playa,Tradicionales,294807,152128,200136,464549,51.60257388732289,2020-09-01
2020,9,Mexicali,Ciudades,Fronterizas,79770,31266,38702,47724,39.1951861602106,2020-09-01
2020,9,Monterrey,Ciudades,Grandes,454297,98417,79216,165193,21.663581313545983,2020-09-01
2020,9,Morelia,Ciudades,Interior,117120,39985,33927,62510,34.14019808743169,2020-09-01
2020,9,Mérida,Ciudades,Interior,214749,33908,45859,67736,15.78959622629209,2020-09-01
2020,9,Nuevo Nayarit,Centros de Playa,Otros,304740,75500,56130,242512,24.775218218809478,2020-09-01
2020,9,Oaxaca,Ciudades,Interior,185901,23666,26674,43876,12.730431788962942,2020-09-01
2020,9,Pachuca,Ciudades,Interior,47370,9004,11872,12512,19.00781085074942,2020-09-01
2020,9,Palenque,Ciudades,Interior,63540,7886,13857,14279,12.41107963487567,2020-09-01
2020,9,Piedras Negras,Ciudades,Fronterizas,24330,9559,16003,18102,39.28894369091656,2020-09-01
2020,9,Playas de Rosarito,Centros de Playa,Otros,78505,22538,56457,70848,28.708999426788104,2020-09-01
2020,9,Puebla,Ciudades,Interior,291190,43387,47984,74136,14.899893540300148,2020-09-01
2020,9,Puerto Escondido,Centros de Playa,Otros,75720,11301,12532,23361,14.92472266244057,2020-09-01
2020,9,Puerto Vallarta,Centros de Playa,Tradicionales,394657,119634,82944,276844,30.313411392677693,2020-09-01
2020,9,Querétaro,Ciudades,Interior,211393,39370,31208,56175,18.624079321453408,2020-09-01
2020,9,Riviera Maya,Centros de Playa,Otros,1376442,206775,106817,442834,15.022427388876539,2020-09-01
2020,9,Salamanca,Ciudades,Interior,34290,6301,6972,9718,18.37561971420239,2020-09-01
2020,9,San Cristóbal de las Casas,Ciudades,Interior,99859,13829,27163,27289,13.84852642225538,2020-09-01
2020,9,San Felipe,Centros de Playa,Otros,24690,6320,15884,16365,25.59740785743216,2020-09-01
2020,9,San Juan de los Lagos,Ciudades,Interior,110268,6756,21277,21407,6.1268908477527475,2020-09-01
2020,9,San Juan del Río,Ciudades,Interior,33157,4999,6489,7526,15.076756039448684,2020-09-01
2020,9,San Luis Potosí,Ciudades,Interior,179338,40330,36285,66301,22.488262387224125,2020-09-01
2020,9,San Miguel de Allende,Ciudades,Interior,61996,11012,17827,22664,17.762436286212015,2020-09-01
2020,9,Taxco,Ciudades,Interior,26503,3850,8384,8384,14.526657359544203,2020-09-01
2020,9,Tecate,Ciudades,Fronterizas,9480,3329,6944,6944,35.11603375527426,2020-09-01
2020,9,Tequisquiapan,Ciudades,Interior,16770,2530,5538,6130,15.086463923673225,2020-09-01
2020,9,Tijuana,Ciudades,Fronterizas,143940,55774,57400,63415,38.7480894817285,2020-09-01
2020,9,Tlaxcala,Ciudades,Interior,19650,2025,2626,3472,10.305343511450381,2020-09-01
2020,9,Toluca,Ciudades,Interior,113280,18762,23899,26615,16.5625,2020-09-01
2020,9,Tonalá Puerto Arista,Centros de Playa,Otros,22410,3506,7564,7564,15.644801427933958,2020-09-01
2020,9,Tuxtla Gutiérrez,Ciudades,Interior,133895,22125,28101,41502,16.524142051607605,2020-09-01
2020,9,Valle de Bravo,Ciudades,Interior,36630,3814,7943,8060,10.412230412230413,2020-09-01
2020,9,Veracruz-Boca del Río,Centros de Playa,Tradicionales,302130,62834,87647,145383,20.797007910502103,2020-09-01
2020,9,Villahermosa,Ciudades,Interior,152412,42812,30681,68495,28.08965173345931,2020-09-01
2020,9,Xalapa,Ciudades,Interior,89700,14235,23751,27840,15.869565217391305,2020-09-01
2020,9,Zacatecas,Ciudades,Interior,98144,23622,25183,41631,24.06871535702641,2020-09-01
2020,10,Acapulco,Centros de Playa,Tradicionales,592627,142180,286726,363943,23.99148199457669,2020-10-01
2020,10,Aguascalientes,Ciudades,Interior,162407,50289,38750,74651,30.96479831534355,2020-10-01
2020,10,Bahías de Huatulco,Centros de Playa,Integralmente Planeados,133765,33325,25792,75285,24.913093858632678,2020-10-01
2020,10,Campeche,Ciudades,Interior,43645,9263,10891,17982,21.2235078474052,2020-10-01
2020,10,Cancún,Centros de Playa,Integralmente Planeados,1097910,367011,282860,927198,33.42814984834823,2020-10-01
2020,10,Celaya,Ciudades,Interior,101150,20526,27589,34194,20.2926347009392,2020-10-01
2020,10,Chihuahua,Ciudades,Interior,151122,36334,39929,63599,24.042826325750056,2020-10-01
2020,10,Ciudad Juárez,Ciudades,Fronterizas,131758,40624,54597,60477,30.832283428710213,2020-10-01
2020,10,Ciudad de México,Ciudades,Grandes,1597942,375775,375131,759425,23.51618519320476,2020-10-01
2020,10,Coatzacoalcos,Ciudades,Interior,54653,10545,14078,16397,19.294457760781658,2020-10-01
2020,10,Colima,Ciudades,Interior,43434,11745,13959,21165,27.04102776626606,2020-10-01
2020,10,Comitán de Domínguez,Ciudades,Interior,43232,5058,9532,9534,11.699666913397483,2020-10-01
2020,10,Cozumel,Centros de Playa,Tradicionales,159898,29715,25612,63669,18.58372212285332,2020-10-01
2020,10,Culiacán,Ciudades,Interior,88195,26483,40049,49159,30.027779352571006,2020-10-01
2020,10,Durango,Ciudades,Interior,58670,15191,15789,23189,25.89227884779274,2020-10-01
2020,10,El Fuerte,Ciudades,Interior,12586,1502,2670,3384,11.9338948037502,2020-10-01
2020,10,Guadalajara,Ciudades,Grandes,691639,172277,159105,294457,24.90851441286567,2020-10-01
2020,10,Guanajuato,Ciudades,Interior,95751,18869,34550,41255,19.706321604996294,2020-10-01
2020,10,Hermosillo,Ciudades,Interior,90520,35859,33272,63579,39.614449845338044,2020-10-01
2020,10,Irapuato,Ciudades,Interior,84289,17047,24661,28694,20.22446582590848,2020-10-01
2020,10,Isla Mujeres,Centros de Playa,Otros,51057,7418,10088,16829,14.528859901678516,2020-10-01
2020,10,Ixtapa - Zihuatanejo,Centros de Playa,Integralmente Planeados,194928,72969,64753,171700,37.43382171878847,2020-10-01
2020,10,La Paz,Centros de Playa,Tradicionales,84266,41999,42579,93753,49.84097975458667,2020-10-01
2020,10,León,Ciudades,Interior,200617,43441,59068,73446,21.65369834061919,2020-10-01
2020,10,Loreto,Centros de Playa,Integralmente Planeados,27807,10413,9693,21973,37.447405329593266,2020-10-01
2020,10,Los Cabos,Centros de Playa,Integralmente Planeados,697806,294360,142434,661412,42.183644164710536,2020-10-01
2020,10,Los Mochis,Ciudades,Interior,47978,15583,18161,22053,32.479469756971945,2020-10-01
2020,10,Manzanillo,Centros de Playa,Tradicionales,140036,36242,58150,97649,25.880487874546546,2020-10-01
2020,10,Mazatlán,Centros de Playa,Tradicionales,303855,164711,222138,515941,54.207105362755264,2020-10-01
2020,10,Mexicali,Ciudades,Fronterizas,78802,36330,43173,57883,46.10289078957387,2020-10-01
2020,10,Monterrey,Ciudades,Grandes,472543,122916,96279,199345,26.011601060644217,2020-10-01
2020,10,Morelia,Ciudades,Interior,121016,51650,40523,79645,42.68030673629933,2020-10-01
2020,10,Mérida,Ciudades,Interior,220833,52635,64317,96020,23.834752958117672,2020-10-01
2020,10,Nuevo Nayarit,Centros de Playa,Otros,314774,92352,70059,291590,29.33914491031661,2020-10-01
2020,10,Oaxaca,Ciudades,Interior,192313,32430,38548,59616,16.86313457748566,2020-10-01
2020,10,Pachuca,Ciudades,Interior,48949,11652,15617,16258,23.804367811395533,2020-10-01
2020,10,Palenque,Ciudades,Interior,65658,8498,15312,15840,12.942824941362819,2020-10-01
2020,10,Piedras Negras,Ciudades,Fronterizas,25141,11876,19972,22850,47.23758004852631,2020-10-01
2020,10,Playas de Rosarito,Centros de Playa,Otros,81251,22213,55711,69447,27.33874044627143,2020-10-01
2020,10,Puebla,Ciudades,Interior,300955,57207,58517,95362,19.0084896413085,2020-10-01
2020,10,Puerto Escondido,Centros de Playa,Otros,78244,12458,13558,28658,15.921987628444354,2020-10-01
2020,10,Puerto Vallarta,Centros de Playa,Tradicionales,407593,175778,134241,380134,43.12586329990947,2020-10-01
2020,10,Querétaro,Ciudades,Interior,218782,47899,39397,69314,21.893483010485323,2020-10-01
2020,10,Riviera Maya,Centros de Playa,Otros,1420449,288732,148174,609346,20.326812155874656,2020-10-01
2020,10,Salamanca,Ciudades,Interior,35433,7345,9409,12639,20.729263680749582,2020-10-01
2020,10,San Cristóbal de las Casas,Ciudades,Interior,103219,17730,35509,35753,17.17707011306058,2020-10-01
2020,10,San Felipe,Centros de Playa,Otros,25513,6001,14348,14698,23.521342060910126,2020-10-01
2020,10,San Juan de los Lagos,Ciudades,Interior,113956,8612,28330,28783,7.557302818631753,2020-10-01
2020,10,San Juan del Río,Ciudades,Interior,34317,8292,10393,13767,24.162951306932424,2020-10-01
2020,10,San Luis Potosí,Ciudades,Interior,185646,49846,44269,82450,26.850026394320373,2020-10-01
2020,10,San Miguel de Allende,Ciudades,Interior,65535,11998,21387,25132,18.307774471656366,2020-10-01
2020,10,Taxco,Ciudades,Interior,26558,3812,8214,8214,14.353490473680248,2020-10-01
2020,10,Tecate,Ciudades,Fronterizas,9796,3328,6651,6651,33.97305022458146,2020-10-01
2020,10,Tequisquiapan,Ciudades,Interior,17329,3460,7523,8350,19.966530094061977,2020-10-01
2020,10,Tijuana,Ciudades,Fronterizas,148738,63363,63989,72751,42.600411461764985,2020-10-01
2020,10,Tlaxcala,Ciudades,Interior,20421,2582,3274,4359,12.643847020224278,2020-10-01
2020,10,Toluca,Ciudades,Interior,121924,22948,30831,34238,18.821560972409042,2020-10-01
2020,10,Tonalá Puerto Arista,Centros de Playa,Otros,23157,4201,8918,8924,18.141382735242043,2020-10-01
2020,10,Tuxtla Gutiérrez,Ciudades,Interior,138417,24153,32547,45415,17.449446238540062,2020-10-01
2020,10,Valle de Bravo,Ciudades,Interior,37851,4862,9600,9873,12.845103167683813,2020-10-01
2020,10,Veracruz-Boca del Río,Centros de Playa,Tradicionales,312201,70548,101450,167968,22.59698079122104,2020-10-01
2020,10,Villahermosa,Ciudades,Interior,156332,50047,36849,79349,32.01327943095463,2020-10-01
2020,10,Xalapa,Ciudades,Interior,92690,20090,31861,37461,21.674398532743552,2020-10-01
2020,10,Zacatecas,Ciudades,Interior,95708,21710,21874,37879,22.68357922012789,2020-10-01
2020,11,Acapulco,Centros de Playa,Tradicionales,573510,151946,311667,394846,26.49404543948667,2020-11-01
2020,11,Aguascalientes,Ciudades,Interior,156862,43809,33815,64928,27.92837015975826,2020-11-01
2020,11,Bahías de Huatulco,Centros de Playa,Integralmente Planeados,129480,38838,28485,87326,29.99536607970343,2020-11-01
2020,11,Campeche,Ciudades,Interior,42450,11198,13892,20336,26.37926972909305,2020-11-01
2020,11,Cancún,Centros de Playa,Integralmente Planeados,1062255,446222,336264,1178351,42.00705103765103,2020-11-01
2020,11,Celaya,Ciudades,Interior,97934,19022,27644,33174,19.423285069536625,2020-11-01
2020,11,Chihuahua,Ciudades,Interior,146290,22268,24330,39050,15.22181967325176,2020-11-01
2020,11,Ciudad Juárez,Ciudades,Fronterizas,127530,22668,30914,34244,17.774641260879793,2020-11-01
2020,11,Ciudad de México,Ciudades,Grandes,1547182,379368,373129,770545,24.519933660034823,2020-11-01
2020,11,Coatzacoalcos,Ciudades,Interior,52890,9454,12413,14135,17.87483456229911,2020-11-01
2020,11,Colima,Ciudades,Interior,38154,11497,13517,20733,30.133144624416836,2020-11-01
2020,11,Comitán de Domínguez,Ciudades,Interior,41850,5357,9771,9787,12.80047789725209,2020-11-01
2020,11,Cozumel,Centros de Playa,Tradicionales,154740,47836,38399,103933,30.913790875016158,2020-11-01
2020,11,Culiacán,Ciudades,Interior,85268,26473,39644,49781,31.046817094337854,2020-11-01
2020,11,Durango,Ciudades,Interior,56728,10710,11161,15794,18.879565646594273,2020-11-01
2020,11,El Fuerte,Ciudades,Interior,12180,3026,5002,6222,24.8440065681445,2020-11-01
2020,11,Guadalajara,Ciudades,Grandes,670259,173772,162175,300140,25.926097225102534,2020-11-01
2020,11,Guanajuato,Ciudades,Interior,92463,19059,34465,41503,20.61256935206515,2020-11-01
2020,11,Hermosillo,Ciudades,Interior,87600,30259,27962,52818,34.54223744292238,2020-11-01
2020,11,Irapuato,Ciudades,Interior,86968,19783,28762,35135,22.747447336951524,2020-11-01
2020,11,Isla Mujeres,Centros de Playa,Otros,49410,8541,11302,18079,17.285974499089253,2020-11-01
2020,11,Ixtapa - Zihuatanejo,Centros de Playa,Integralmente Planeados,188640,74570,69254,176089,39.53032230703987,2020-11-01
2020,11,La Paz,Centros de Playa,Tradicionales,81368,33258,33645,72063,40.873562088290235,2020-11-01
2020,11,León,Ciudades,Interior,199440,41528,62650,72654,20.822302446851182,2020-11-01
2020,11,Loreto,Centros de Playa,Integralmente Planeados,26930,9123,9442,19505,33.876717415521725,2020-11-01
2020,11,Los Cabos,Centros de Playa,Integralmente Planeados,663852,316573,151642,733713,47.68728572031115,2020-11-01
2020,11,Los Mochis,Ciudades,Interior,46504,19139,25828,31890,41.155599518321004,2020-11-01
2020,11,Manzanillo,Centros de Playa,Tradicionales,137474,41637,61188,109594,30.28718157615258,2020-11-01
2020,11,Mazatlán,Centros de Playa,Tradicionales,292128,146659,202078,462083,50.203677839851025,2020-11-01
2020,11,Mexicali,Ciudades,Fronterizas,76260,34050,40931,52940,44.64988198269079,2020-11-01
2020,11,Monterrey,Ciudades,Grandes,457392,113833,88385,187156,24.887405114212754,2020-11-01
2020,11,Morelia,Ciudades,Interior,117375,53172,46351,85811,45.30095846645367,2020-11-01
2020,11,Mérida,Ciudades,Interior,214226,53392,64923,92891,24.923211935059236,2020-11-01
2020,11,Nuevo Nayarit,Centros de Playa,Otros,304320,96625,67784,312896,31.751117245005258,2020-11-01
2020,11,Oaxaca,Ciudades,Interior,186076,36554,44107,67638,19.644661321180592,2020-11-01
2020,11,Pachuca,Ciudades,Interior,47370,13377,16941,17668,28.239392020265992,2020-11-01
2020,11,Palenque,Ciudades,Interior,63540,9107,16847,17573,14.332703808624489,2020-11-01
2020,11,Piedras Negras,Ciudades,Fronterizas,24330,10437,17873,20947,42.89765721331689,2020-11-01
2020,11,Playas de Rosarito,Centros de Playa,Otros,78522,16603,41443,51984,21.14439265428797,2020-11-01
2020,11,Puebla,Ciudades,Interior,291274,55514,58833,88693,19.059030328831273,2020-11-01
2020,11,Puerto Escondido,Centros de Playa,Otros,75720,15509,15725,34831,20.48203909138933,2020-11-01
2020,11,Puerto Vallarta,Centros de Playa,Tradicionales,394070,210367,142567,441885,53.38315527698125,2020-11-01
2020,11,Querétaro,Ciudades,Interior,211192,55539,51272,85117,26.297871131482253,2020-11-01
2020,11,Riviera Maya,Centros de Playa,Otros,1368605,386437,186254,822690,28.235831375743913,2020-11-01
2020,11,Salamanca,Ciudades,Interior,36150,10175,16360,18823,28.146611341632088,2020-11-01
2020,11,San Cristóbal de las Casas,Ciudades,Interior,99906,18403,36993,37330,18.420315096190418,2020-11-01
2020,11,San Felipe,Centros de Playa,Otros,24690,2817,6640,6802,11.40947752126367,2020-11-01
2020,11,San Juan de los Lagos,Ciudades,Interior,110280,7581,25003,25267,6.874319912948858,2020-11-01
2020,11,San Juan del Río,Ciudades,Interior,33218,6971,10366,13155,20.985610211331206,2020-11-01
2020,11,San Luis Potosí,Ciudades,Interior,179564,48805,42553,79087,27.179724220890602,2020-11-01
2020,11,San Miguel de Allende,Ciudades,Interior,62730,12232,21282,25115,19.499442053244064,2020-11-01
2020,11,Taxco,Ciudades,Interior,26078,4524,10091,10091,17.347956131605184,2020-11-01
2020,11,Tecate,Ciudades,Fronterizas,9480,3269,6519,6521,34.483122362869196,2020-11-01
2020,11,Tequisquiapan,Ciudades,Interior,16501,4337,7272,8504,26.283255560269076,2020-11-01
2020,11,Tijuana,Ciudades,Fronterizas,143940,54536,57516,67289,37.88800889259414,2020-11-01
2020,11,Tlaxcala,Ciudades,Interior,19647,2302,3173,3773,11.716801547310022,2020-11-01
2020,11,Toluca,Ciudades,Interior,113280,20020,27489,30594,17.673022598870055,2020-11-01
2020,11,Tonalá Puerto Arista,Centros de Playa,Otros,22410,4589,9730,9730,20.477465417224455,2020-11-01
2020,11,Tuxtla Gutiérrez,Ciudades,Interior,133827,25894,34440,49565,19.348860842729792,2020-11-01
2020,11,Valle de Bravo,Ciudades,Interior,36630,5223,10642,11078,14.25880425880426,2020-11-01
2020,11,Veracruz-Boca del Río,Centros de Playa,Tradicionales,302130,79725,112040,186925,26.387647701320624,2020-11-01
2020,11,Villahermosa,Ciudades,Interior,151747,58362,44304,95349,38.460068403329224,2020-11-01
2020,11,Xalapa,Ciudades,Interior,89570,20082,32300,39291,22.420453276766775,2020-11-01
2020,11,Zacatecas,Ciudades,Interior,89807,21041,20768,37354,23.429131359470865,2020-11-01
2020,12,Acapulco,Centros de Playa,Tradicionales,605988,155361,300676,430279,25.637636388839383,2020-12-01
2020,12,Aguascalientes,Ciudades,Interior,160081,44459,36475,66055,27.772815012399974,2020-12-01
2020,12,Bahías de Huatulco,Centros de Playa,Integralmente Planeados,133620,43850,34881,98791,32.81694357132166,2020-12-01
2020,12,Campeche,Ciudades,Interior,43865,15900,19486,32308,36.247577795508946,2020-12-01
2020,12,Cancún,Centros de Playa,Integralmente Planeados,1069531,505811,403744,1436586,47.29278534236034,2020-12-01
2020,12,Celaya,Ciudades,Interior,102738,20192,27801,34311,19.653876851797776,2020-12-01
2020,12,Chihuahua,Ciudades,Interior,151249,38826,47282,70875,25.670252365304894,2020-12-01
2020,12,Ciudad Juárez,Ciudades,Fronterizas,131709,31849,43632,48466,24.181339164369938,2020-12-01
2020,12,Ciudad de México,Ciudades,Grandes,1600902,359421,356001,733078,22.451155660996115,2020-12-01
2020,12,Coatzacoalcos,Ciudades,Interior,54653,9426,13768,15455,17.246994675498144,2020-12-01
2020,12,Colima,Ciudades,Interior,39541,12954,12812,22786,32.76093169115602,2020-12-01
2020,12,Comitán de Domínguez,Ciudades,Interior,43245,8924,17970,17970,20.635911666088564,2020-12-01
2020,12,Cozumel,Centros de Playa,Tradicionales,159898,51505,42569,115258,32.211159614254086,2020-12-01
2020,12,Culiacán,Ciudades,Interior,88165,28170,43808,54023,31.95145465887824,2020-12-01
2020,12,Durango,Ciudades,Interior,58538,13051,15109,20737,22.294919539444464,2020-12-01
2020,12,El Fuerte,Ciudades,Interior,12586,1987,3738,3937,15.787382806292706,2020-12-01
2020,12,Guadalajara,Ciudades,Grandes,690113,170873,164303,297867,24.760147975766287,2020-12-01
2020,12,Guanajuato,Ciudades,Interior,96164,14343,25983,32787,14.915144960692151,2020-12-01
2020,12,Hermosillo,Ciudades,Interior,90520,22632,23091,40796,25.002209456473707,2020-12-01
2020,12,Irapuato,Ciudades,Interior,89249,16431,23003,28024,18.410290311376038,2020-12-01
2020,12,Isla Mujeres,Centros de Playa,Otros,51057,10711,14092,25295,20.978514209608868,2020-12-01
2020,12,Ixtapa - Zihuatanejo,Centros de Playa,Integralmente Planeados,195016,77297,68770,183309,39.63623497559175,2020-12-01
2020,12,La Paz,Centros de Playa,Tradicionales,83815,31646,33826,67697,37.75696474378095,2020-12-01
2020,12,León,Ciudades,Interior,201376,36374,58448,64092,18.062728428412523,2020-12-01
2020,12,Loreto,Centros de Playa,Integralmente Planeados,27839,7262,8618,16647,26.085707101548188,2020-12-01
2020,12,Los Cabos,Centros de Playa,Integralmente Planeados,687822,310006,157564,769801,45.07067235418466,2020-12-01
2020,12,Los Mochis,Ciudades,Interior,48556,21847,30235,34935,44.993409671307354,2020-12-01
2020,12,Manzanillo,Centros de Playa,Tradicionales,142505,51896,68690,136223,36.41696782569033,2020-12-01
2020,12,Mazatlán,Centros de Playa,Tradicionales,300669,147455,200148,449637,49.04230233246527,2020-12-01
2020,12,Mexicali,Ciudades,Fronterizas,78802,26630,35447,46005,33.793558539123374,2020-12-01
2020,12,Monterrey,Ciudades,Grandes,472390,97464,83091,163344,20.632104828637356,2020-12-01
2020,12,Morelia,Ciudades,Interior,121551,51517,53174,94864,42.383032636506485,2020-12-01
2020,12,Mérida,Ciudades,Interior,224720,56235,74230,116749,25.02447490210039,2020-12-01
2020,12,Nuevo Nayarit,Centros de Playa,Otros,314464,122398,87739,401783,38.922738373867915,2020-12-01
2020,12,Oaxaca,Ciudades,Interior,192320,40691,47611,78424,21.15796589018303,2020-12-01
2020,12,Pachuca,Ciudades,Interior,48949,15907,19819,20465,32.497088806717194,2020-12-01
2020,12,Palenque,Ciudades,Interior,65658,14938,25825,29140,22.751226050138598,2020-12-01
2020,12,Piedras Negras,Ciudades,Fronterizas,25143,9565,16557,19795,38.042397486377915,2020-12-01
2020,12,Playas de Rosarito,Centros de Playa,Otros,81241,12115,30420,38046,14.91242106817986,2020-12-01
2020,12,Puebla,Ciudades,Interior,301095,51836,60930,92672,17.215828891213736,2020-12-01
2020,12,Puerto Escondido,Centros de Playa,Otros,78234,20674,22351,46533,26.4258506531687,2020-12-01
2020,12,Puerto Vallarta,Centros de Playa,Tradicionales,407216,199233,126813,432118,48.92563160583081,2020-12-01
2020,12,Querétaro,Ciudades,Interior,217865,45530,39922,69456,20.89826268560806,2020-12-01
2020,12,Riviera Maya,Centros de Playa,Otros,1414163,436807,197482,952523,30.888023516383896,2020-12-01
2020,12,Salamanca,Ciudades,Interior,37355,7568,8978,12873,20.259670726810334,2020-12-01
2020,12,San Cristóbal de las Casas,Ciudades,Interior,103265,25382,51877,52098,24.579479978695588,2020-12-01
2020,12,San Felipe,Centros de Playa,Otros,25513,2340,5699,5781,9.171794771293067,2020-12-01
2020,12,San Juan de los Lagos,Ciudades,Interior,113956,16487,61015,61619,14.467864789918917,2020-12-01
2020,12,San Juan del Río,Ciudades,Interior,32953,7340,10091,13305,22.274148029011016,2020-12-01
2020,12,San Luis Potosí,Ciudades,Interior,185514,47228,47261,86273,25.457916922712034,2020-12-01
2020,12,San Miguel de Allende,Ciudades,Interior,76637,14247,25177,29977,18.590237091744196,2020-12-01
2020,12,Taxco,Ciudades,Interior,27693,4969,11016,11016,17.94316253204781,2020-12-01
2020,12,Tecate,Ciudades,Fronterizas,9796,2933,5953,5953,29.94079216006533,2020-12-01
2020,12,Tequisquiapan,Ciudades,Interior,17329,3521,5669,8292,20.318541173754976,2020-12-01
2020,12,Tijuana,Ciudades,Fronterizas,148738,36238,38797,43186,24.363646142882114,2020-12-01
2020,12,Tlaxcala,Ciudades,Interior,20305,2639,3646,4456,12.996798818025116,2020-12-01
2020,12,Toluca,Ciudades,Interior,116968,18208,24750,28026,15.566650707885918,2020-12-01
2020,12,Tonalá Puerto Arista,Centros de Playa,Otros,23139,6419,13371,13396,27.74104326029647,2020-12-01
2020,12,Tuxtla Gutiérrez,Ciudades,Interior,138457,30332,41714,56572,21.90716251254902,2020-12-01
2020,12,Valle de Bravo,Ciudades,Interior,37851,3825,8107,8138,10.105413331219783,2020-12-01
2020,12,Veracruz-Boca del Río,Centros de Playa,Tradicionales,312201,88871,126847,214122,28.465956226917914,2020-12-01
2020,12,Villahermosa,Ciudades,Interior,156988,50959,41184,81277,32.46044283639514,2020-12-01
2020,12,Xalapa,Ciudades,Interior,92535,21595,36377,41670,23.337115685956665,2020-12-01
2020,12,Zacatecas,Ciudades,Interior,96524,19319,21387,37014,20.01471136712113,2020-12-01
2021,1,Acapulco,Centros de Playa,Tradicionales,609030,152380,320386,403055,25.020113951693677,2021-01-01
2021,1,Aguascalientes,Ciudades,Interior,156462,40177,31961,59225,25.678439493295496,2021-01-01
2021,1,Bahías de Huatulco,Centros de Playa,Integralmente Planeados,133796,35222,26880,78924,26.325151723519387,2021-01-01
2021,1,Campeche,Ciudades,Interior,43865,11982,14761,23038,27.3156274934458,2021-01-01
2021,1,Cancún,Centros de Playa,Integralmente Planeados,1069525,438871,339598,1152382,41.03419742409013,2021-01-01
2021,1,Celaya,Ciudades,Interior,102996,17418,25176,30229,16.911336362577188,2021-01-01
2021,1,Chihuahua,Ciudades,Interior,151277,39636,35410,69150,26.200942641644136,2021-01-01
2021,1,Ciudad Juárez,Ciudades,Fronterizas,140728,44766,62785,70692,31.810300721960093,2021-01-01
2021,1,Ciudad de México,Ciudades,Grandes,1602917,322369,317974,585727,20.111396909509352,2021-01-01
2021,1,Coatzacoalcos,Ciudades,Interior,61934,9839,14565,15930,15.886266025123518,2021-01-01
2021,1,Colima,Ciudades,Interior,39641,11172,12783,19947,28.182941903584673,2021-01-01
2021,1,Comitán de Domínguez,Ciudades,Interior,43240,6645,13018,13018,15.367715078630898,2021-01-01
2021,1,Cozumel,Centros de Playa,Tradicionales,159898,38872,31689,83606,24.310497942438303,2021-01-01
2021,1,Culiacán,Ciudades,Interior,87385,25871,38796,48279,29.605767580248326,2021-01-01
2021,1,Durango,Ciudades,Interior,58559,14151,15015,21976,24.1653716764289,2021-01-01
2021,1,El Fuerte,Ciudades,Interior,12586,2246,4267,4608,17.84522485301128,2021-01-01
2021,1,Guadalajara,Ciudades,Grandes,663219,135020,120733,225595,20.358282859809506,2021-01-01
2021,1,Guanajuato,Ciudades,Interior,97864,10157,18113,22793,10.378688792610152,2021-01-01
2021,1,Hermosillo,Ciudades,Interior,90520,21402,19288,37244,23.643393725143614,2021-01-01
2021,1,Irapuato,Ciudades,Interior,91574,14374,20568,23292,15.696595103413634,2021-01-01
2021,1,Isla Mujeres,Centros de Playa,Otros,51057,10627,14939,22964,20.813992204790726,2021-01-01
2021,1,Ixtapa - Zihuatanejo,Centros de Playa,Integralmente Planeados,194928,65477,48219,150402,33.590351309201345,2021-01-01
2021,1,La Paz,Centros de Playa,Tradicionales,83771,26171,28386,49387,31.241121629203423,2021-01-01
2021,1,León,Ciudades,Interior,201217,29401,44588,49694,14.611588484074407,2021-01-01
2021,1,Loreto,Centros de Playa,Integralmente Planeados,27869,5166,7123,11065,18.536725393806737,2021-01-01
2021,1,Los Cabos,Centros de Playa,Integralmente Planeados,703824,261436,121128,599090,37.1450817249767,2021-01-01
2021,1,Los Mochis,Ciudades,Interior,50003,15038,18825,21360,30.074195548267102,2021-01-01
2021,1,Manzanillo,Centros de Playa,Tradicionales,137547,33532,49545,91560,24.37857605036824,2021-01-01
2021,1,Mazatlán,Centros de Playa,Tradicionales,300019,119320,163064,352141,39.77081451508071,2021-01-01
2021,1,Mexicali,Ciudades,Fronterizas,78802,23454,26605,35023,29.763203979594426,2021-01-01
2021,1,Monterrey,Ciudades,Grandes,468648,84838,62356,133203,18.102712483569757,2021-01-01
2021,1,Morelia,Ciudades,Interior,122450,36782,33589,60206,30.03838301347489,2021-01-01
2021,1,Mérida,Ciudades,Interior,221381,48887,60920,87497,22.08274422827614,2021-01-01
2021,1,Nuevo Nayarit,Centros de Playa,Otros,314836,85469,53074,272394,27.147149627107446,2021-01-01
2021,1,Oaxaca,Ciudades,Interior,192334,30622,35833,57681,15.921261971362318,2021-01-01
2021,1,Pachuca,Ciudades,Interior,48957,8869,11887,12188,18.115897624445942,2021-01-01
2021,1,Palenque,Ciudades,Interior,65658,13567,22881,26139,20.663133205397667,2021-01-01
2021,1,Piedras Negras,Ciudades,Fronterizas,25141,9325,16255,19091,37.09080784376118,2021-01-01
2021,1,Playas de Rosarito,Centros de Playa,Otros,81241,13322,33436,41783,16.398124099900297,2021-01-01
2021,1,Puebla,Ciudades,Interior,300841,32953,35468,53860,10.953626666578026,2021-01-01
2021,1,Puerto Escondido,Centros de Playa,Otros,78243,18483,20212,40831,23.622560484643994,2021-01-01
2021,1,Puerto Vallarta,Centros de Playa,Tradicionales,407216,145913,84520,309541,35.83184354249342,2021-01-01
2021,1,Querétaro,Ciudades,Interior,228840,41560,35826,62557,18.161160636252404,2021-01-01
2021,1,Riviera Maya,Centros de Playa,Otros,1430122,368588,146340,799664,25.773185784149884,2021-01-01
2021,1,Salamanca,Ciudades,Interior,37355,7173,8649,11754,19.20224869495382,2021-01-01
2021,1,San Cristóbal de las Casas,Ciudades,Interior,103247,19747,39948,40197,19.12597944734472,2021-01-01
2021,1,San Felipe,Centros de Playa,Otros,25513,2526,5414,5816,9.900834868498412,2021-01-01
2021,1,San Juan de los Lagos,Ciudades,Interior,113074,12294,42311,42721,10.872525956453297,2021-01-01
2021,1,San Juan del Río,Ciudades,Interior,32953,4344,5664,7614,13.18241131308227,2021-01-01
2021,1,San Luis Potosí,Ciudades,Interior,181930,40129,36873,65856,22.05738470840433,2021-01-01
2021,1,San Miguel de Allende,Ciudades,Interior,77141,9214,16494,19641,11.944361623520566,2021-01-01
2021,1,Taxco,Ciudades,Interior,27419,4315,9413,9413,15.737262482220357,2021-01-01
2021,1,Tecate,Ciudades,Fronterizas,15438,4383,7539,7539,28.39098328799067,2021-01-01
2021,1,Tequisquiapan,Ciudades,Interior,22971,2705,5701,7186,11.77571720865439,2021-01-01
2021,1,Tijuana,Ciudades,Fronterizas,148738,35026,35643,39308,23.548790490661432,2021-01-01
2021,1,Tlaxcala,Ciudades,Interior,20305,1821,2638,3147,8.96823442501847,2021-01-01
2021,1,Toluca,Ciudades,Interior,121847,16398,21122,23855,13.457861088085878,2021-01-01
2021,1,Tonalá Puerto Arista,Centros de Playa,Otros,23157,5266,11004,11018,22.740424061838752,2021-01-01
2021,1,Tuxtla Gutiérrez,Ciudades,Interior,138510,24517,32497,46162,17.700527037759006,2021-01-01
2021,1,Valle de Bravo,Ciudades,Interior,37851,2462,7050,7050,6.504451665741988,2021-01-01
2021,1,Veracruz-Boca del Río,Centros de Playa,Tradicionales,315518,72977,104259,169556,23.12926679301973,2021-01-01
2021,1,Villahermosa,Ciudades,Interior,157059,45661,40657,75190,29.072514150733163,2021-01-01
2021,1,Xalapa,Ciudades,Interior,105251,20909,34769,39824,19.865844505040332,2021-01-01
2021,1,Zacatecas,Ciudades,Interior,96294,17567,19148,31725,18.243088873657758,2021-01-01
2021,2,Acapulco,Centros de Playa,Tradicionales,550424,105832,209928,269413,19.22735927212476,2021-02-01
2021,2,Aguascalientes,Ciudades,Interior,143921,41647,35521,62022,28.93740315867733,2021-02-01
2021,2,Bahías de Huatulco,Centros de Playa,Integralmente Planeados,120848,28921,25533,64578,23.931715874486958,2021-02-01
2021,2,Campeche,Ciudades,Interior,39620,9989,11683,18060,25.21201413427562,2021-02-01
2021,2,Cancún,Centros de Playa,Integralmente Planeados,967318,379019,298405,971213,39.18246119683496,2021-02-01
2021,2,Celaya,Ciudades,Interior,93184,14091,20829,24114,15.121694711538462,2021-02-01
2021,2,Chihuahua,Ciudades,Interior,136452,40710,40718,74158,29.83466713569607,2021-02-01
2021,2,Ciudad Juárez,Ciudades,Fronterizas,127179,48768,68783,76125,38.34595334135353,2021-02-01
2021,2,Ciudad de México,Ciudades,Grandes,1447796,298004,287748,526626,20.58328659562535,2021-02-01
2021,2,Coatzacoalcos,Ciudades,Interior,55944,8648,12394,13196,15.45831545831546,2021-02-01
2021,2,Colima,Ciudades,Interior,31793,9437,9779,16392,29.682634542194823,2021-02-01
2021,2,Comitán de Domínguez,Ciudades,Interior,39060,5335,10249,10265,13.65847414234511,2021-02-01
2021,2,Cozumel,Centros de Playa,Tradicionales,144284,36480,29247,76501,25.283468714479778,2021-02-01
2021,2,Culiacán,Ciudades,Interior,79660,24446,35830,46322,30.68792367562139,2021-02-01
2021,2,Durango,Ciudades,Interior,53004,12614,13390,18742,23.798203909138934,2021-02-01
2021,2,El Fuerte,Ciudades,Interior,11368,2006,3588,4141,17.646023926812106,2021-02-01
2021,2,Guadalajara,Ciudades,Grandes,598882,135053,119673,224660,22.55085308959027,2021-02-01
2021,2,Guanajuato,Ciudades,Interior,83452,9363,16354,19934,11.219623256482768,2021-02-01
2021,2,Hermosillo,Ciudades,Interior,81760,20831,18128,35726,25.478228962818005,2021-02-01
2021,2,Irapuato,Ciudades,Interior,82880,16104,22328,28182,19.43050193050193,2021-02-01
2021,2,Isla Mujeres,Centros de Playa,Otros,46116,8604,13056,18038,18.657298985167838,2021-02-01
2021,2,Ixtapa - Zihuatanejo,Centros de Playa,Integralmente Planeados,173201,45023,43456,101911,25.994653610544972,2021-02-01
2021,2,La Paz,Centros de Playa,Tradicionales,61544,25232,28994,51068,40.99831015208631,2021-02-01
2021,2,León,Ciudades,Interior,179585,31279,50726,53591,17.41737895703984,2021-02-01
2021,2,Loreto,Centros de Playa,Integralmente Planeados,25172,5284,7232,10644,20.99157794374702,2021-02-01
2021,2,Los Cabos,Centros de Playa,Integralmente Planeados,635684,223538,110343,506668,35.16495617319297,2021-02-01
2021,2,Los Mochis,Ciudades,Interior,45164,16016,18329,21406,35.46187228766274,2021-02-01
2021,2,Manzanillo,Centros de Playa,Tradicionales,124525,30445,43213,80899,24.44890584220036,2021-02-01
2021,2,Mazatlán,Centros de Playa,Tradicionales,266774,109732,141818,322397,41.132943990044005,2021-02-01
2021,2,Mexicali,Ciudades,Fronterizas,71176,28911,33873,44127,40.61902888614139,2021-02-01
2021,2,Monterrey,Ciudades,Grandes,423484,96720,70268,147691,22.839115527387104,2021-02-01
2021,2,Morelia,Ciudades,Interior,110600,28581,25173,45181,25.841772151898734,2021-02-01
2021,2,Mérida,Ciudades,Interior,201149,43906,56549,80159,21.827600435498063,2021-02-01
2021,2,Nuevo Nayarit,Centros de Playa,Otros,284382,65367,42857,191320,22.985632002025444,2021-02-01
2021,2,Oaxaca,Ciudades,Interior,173715,25811,30103,46565,14.858244826295945,2021-02-01
2021,2,Pachuca,Ciudades,Interior,44220,8475,10948,11925,19.165535956580733,2021-02-01
2021,2,Palenque,Ciudades,Interior,58567,12327,20663,23569,21.04768897160517,2021-02-01
2021,2,Piedras Negras,Ciudades,Fronterizas,22708,11324,20334,24810,49.86788796899771,2021-02-01
2021,2,Playas de Rosarito,Centros de Playa,Otros,73388,16675,41790,52171,22.721698370305774,2021-02-01
2021,2,Puebla,Ciudades,Interior,271728,36975,39295,63453,13.607357357357357,2021-02-01
2021,2,Puerto Escondido,Centros de Playa,Otros,70672,16567,16767,35183,23.442098709531358,2021-02-01
2021,2,Puerto Vallarta,Centros de Playa,Tradicionales,367836,127384,79646,268726,34.63065061603541,2021-02-01
2021,2,Querétaro,Ciudades,Interior,196815,43454,36378,61343,22.07860173259152,2021-02-01
2021,2,Riviera Maya,Centros de Playa,Otros,1286788,289995,123308,605852,22.536346313456452,2021-02-01
2021,2,Salamanca,Ciudades,Interior,33740,6534,8581,11161,19.36573799644339,2021-02-01
2021,2,San Cristóbal de las Casas,Ciudades,Interior,93232,16974,31884,31986,18.206195297751844,2021-02-01
2021,2,San Felipe,Centros de Playa,Otros,23044,2722,6008,6227,11.812185384481861,2021-02-01
2021,2,San Juan de los Lagos,Ciudades,Interior,102928,7943,26372,27050,7.717044924607492,2021-02-01
2021,2,San Juan del Río,Ciudades,Interior,29736,8128,9036,9310,27.333871401668013,2021-02-01
2021,2,San Luis Potosí,Ciudades,Interior,164128,40619,35863,65635,24.748367128095147,2021-02-01
2021,2,San Miguel de Allende,Ciudades,Interior,67130,8716,16140,18336,12.983762848204975,2021-02-01
2021,2,Taxco,Ciudades,Interior,24359,2638,5407,5407,10.829672810870726,2021-02-01
2021,2,Tecate,Ciudades,Fronterizas,13944,4717,8229,8229,33.828169822145725,2021-02-01
2021,2,Tequisquiapan,Ciudades,Interior,20748,2465,5399,6258,11.88066319645267,2021-02-01
2021,2,Tijuana,Ciudades,Fronterizas,134344,43988,45329,49090,32.74280950395998,2021-02-01
2021,2,Tlaxcala,Ciudades,Interior,18340,1597,2254,2631,8.70774263904035,2021-02-01
2021,2,Toluca,Ciudades,Interior,110236,17912,21934,24452,16.248775354693567,2021-02-01
2021,2,Tonalá Puerto Arista,Centros de Playa,Otros,21896,4836,10037,10088,22.086225794665694,2021-02-01
2021,2,Tuxtla Gutiérrez,Ciudades,Interior,125141,21823,28517,39163,17.438729113559905,2021-02-01
2021,2,Valle de Bravo,Ciudades,Interior,34188,3339,7015,7025,9.766584766584767,2021-02-01
2021,2,Veracruz-Boca del Río,Centros de Playa,Tradicionales,284984,64316,88553,147562,22.568284535272156,2021-02-01
2021,2,Villahermosa,Ciudades,Interior,140621,45926,35014,70282,32.65941786788602,2021-02-01
2021,2,Xalapa,Ciudades,Interior,95060,23423,37284,44095,24.640227224910582,2021-02-01
2021,2,Zacatecas,Ciudades,Interior,86936,16332,16143,26974,18.786233551118062,2021-02-01
2021,3,Acapulco,Centros de Playa,Tradicionales,609398,203439,436098,550340,33.38360152150155,2021-03-01
2021,3,Aguascalientes,Ciudades,Interior,162200,53859,45807,80895,33.20530209617756,2021-03-01
2021,3,Bahías de Huatulco,Centros de Playa,Integralmente Planeados,133796,41414,33087,96159,30.953092768094713,2021-03-01
2021,3,Campeche,Ciudades,Interior,43865,14301,17449,26992,32.60230251909267,2021-03-01
2021,3,Cancún,Centros de Playa,Integralmente Planeados,1071484,547006,412626,1471861,51.05125228188195,2021-03-01
2021,3,Celaya,Ciudades,Interior,103182,21359,28977,35618,20.70031594657983,2021-03-01
2021,3,Chihuahua,Ciudades,Interior,151114,47672,50444,87476,31.547043953571475,2021-03-01
2021,3,Ciudad Juárez,Ciudades,Fronterizas,140779,60732,84683,92962,43.13995695380703,2021-03-01
2021,3,Ciudad de México,Ciudades,Grandes,1602573,374736,351197,673965,23.383396575382214,2021-03-01
2021,3,Coatzacoalcos,Ciudades,Interior,61916,12136,17804,19274,19.600749402416177,2021-03-01
2021,3,Colima,Ciudades,Interior,41944,14075,15796,25327,33.55664695784856,2021-03-01
2021,3,Comitán de Domínguez,Ciudades,Interior,43152,8250,14990,15521,19.118464961067854,2021-03-01
2021,3,Cozumel,Centros de Playa,Tradicionales,160797,58699,45057,123272,36.50503429790357,2021-03-01
2021,3,Culiacán,Ciudades,Interior,88195,27424,40250,51787,31.094733261522762,2021-03-01
2021,3,Durango,Ciudades,Interior,58683,18329,19952,28356,31.23391782969514,2021-03-01
2021,3,El Fuerte,Ciudades,Interior,12586,3037,5643,6208,24.129985698395043,2021-03-01
2021,3,Guadalajara,Ciudades,Grandes,661962,198093,168536,331266,29.92513165408286,2021-03-01
2021,3,Guanajuato,Ciudades,Interior,102964,18339,33006,40263,17.811079600637115,2021-03-01
2021,3,Hermosillo,Ciudades,Interior,90520,30202,28778,53053,33.36500220945647,2021-03-01
2021,3,Irapuato,Ciudades,Interior,91754,19251,25880,32240,20.981101641345337,2021-03-01
2021,3,Isla Mujeres,Centros de Playa,Otros,51057,14599,19911,30781,28.593532718334412,2021-03-01
2021,3,Ixtapa - Zihuatanejo,Centros de Playa,Integralmente Planeados,194928,74639,70853,180130,38.290548305015186,2021-03-01
2021,3,La Paz,Centros de Playa,Tradicionales,83476,37179,45275,74852,44.5385500023959,2021-03-01
2021,3,León,Ciudades,Interior,204386,42207,69117,74405,20.650631647960232,2021-03-01
2021,3,Loreto,Centros de Playa,Integralmente Planeados,27869,9192,11618,19880,32.982884208260074,2021-03-01
2021,3,Los Cabos,Centros de Playa,Integralmente Planeados,693695,342925,173358,847657,49.43454976610759,2021-03-01
2021,3,Los Mochis,Ciudades,Interior,46189,16711,20032,24585,36.17960986382039,2021-03-01
2021,3,Manzanillo,Centros de Playa,Tradicionales,147467,51517,73759,133801,34.934595536628535,2021-03-01
2021,3,Mazatlán,Centros de Playa,Tradicionales,299710,162030,219439,490920,54.06226018484535,2021-03-01
2021,3,Mexicali,Ciudades,Fronterizas,79081,38463,45539,61224,48.63747297075151,2021-03-01
2021,3,Monterrey,Ciudades,Grandes,469834,145934,105870,236068,31.060757629290347,2021-03-01
2021,3,Morelia,Ciudades,Interior,122450,41788,39338,74400,34.12658227848101,2021-03-01
2021,3,Mérida,Ciudades,Interior,223005,63057,83622,116973,28.276047622250623,2021-03-01
2021,3,Nuevo Nayarit,Centros de Playa,Otros,314402,123327,93107,392569,39.22589550957055,2021-03-01
2021,3,Oaxaca,Ciudades,Interior,191363,41711,45656,78211,21.796794573663664,2021-03-01
2021,3,Pachuca,Ciudades,Interior,48957,12427,14186,15350,25.383499805952162,2021-03-01
2021,3,Palenque,Ciudades,Interior,64006,15624,28781,31287,24.410211542667874,2021-03-01
2021,3,Piedras Negras,Ciudades,Fronterizas,25149,13817,23852,28830,54.94055429639349,2021-03-01
2021,3,Playas de Rosarito,Centros de Playa,Otros,81251,24166,60374,75764,29.742403170422516,2021-03-01
2021,3,Puebla,Ciudades,Interior,300907,55207,65777,108206,18.34686464588727,2021-03-01
2021,3,Puerto Escondido,Centros de Playa,Otros,78244,24674,26480,54964,31.534686365727723,2021-03-01
2021,3,Puerto Vallarta,Centros de Playa,Tradicionales,407010,195339,128337,421416,47.99366108940812,2021-03-01
2021,3,Querétaro,Ciudades,Interior,218361,54981,47505,78046,25.178946789948753,2021-03-01
2021,3,Riviera Maya,Centros de Playa,Otros,1423380,449598,201581,988775,31.586645871095563,2021-03-01
2021,3,Salamanca,Ciudades,Interior,36735,8515,10216,13348,23.17952905948006,2021-03-01
2021,3,San Cristóbal de las Casas,Ciudades,Interior,103228,26051,48661,49024,25.236369977137986,2021-03-01
2021,3,San Felipe,Centros de Playa,Otros,25513,8188,18853,20574,32.093442558695564,2021-03-01
2021,3,San Juan de los Lagos,Ciudades,Interior,113956,22131,84049,86971,19.42065358559444,2021-03-01
2021,3,San Juan del Río,Ciudades,Interior,32953,8907,10351,10848,27.02940551694838,2021-03-01
2021,3,San Luis Potosí,Ciudades,Interior,182102,57393,51000,97876,31.516952037868887,2021-03-01
2021,3,San Miguel de Allende,Ciudades,Interior,72075,15927,29159,33578,22.097814776274713,2021-03-01
2021,3,Taxco,Ciudades,Interior,28931,4452,9601,9601,15.388337769174933,2021-03-01
2021,3,Tecate,Ciudades,Fronterizas,15438,6409,10428,10428,41.51444487627931,2021-03-01
2021,3,Tequisquiapan,Ciudades,Interior,22971,4603,9594,11660,20.038309172434808,2021-03-01
2021,3,Tijuana,Ciudades,Fronterizas,200198,85930,88501,94315,42.922506718348835,2021-03-01
2021,3,Tlaxcala,Ciudades,Interior,20298,2926,3848,4979,14.415213321509508,2021-03-01
2021,3,Toluca,Ciudades,Interior,122047,24255,31642,35882,19.873491359885946,2021-03-01
2021,3,Tonalá Puerto Arista,Centros de Playa,Otros,23219,6718,14099,14127,28.933201257590767,2021-03-01
2021,3,Tuxtla Gutiérrez,Ciudades,Interior,138600,31435,41442,62416,22.68037518037518,2021-03-01
2021,3,Valle de Bravo,Ciudades,Interior,37840,6038,13819,14054,15.956659619450317,2021-03-01
2021,3,Veracruz-Boca del Río,Centros de Playa,Tradicionales,315518,104323,147100,244181,33.06404072033925,2021-03-01
2021,3,Villahermosa,Ciudades,Interior,154915,60667,54165,99129,39.161475647935966,2021-03-01
2021,3,Xalapa,Ciudades,Interior,105245,24941,41001,47361,23.69803791153974,2021-03-01
2021,3,Zacatecas,Ciudades,Interior,96421,26087,27304,46375,27.055309528007385,2021-03-01
2021,4,Acapulco,Centros de Playa,Tradicionales,589740,194334,420011,531259,32.95248753688066,2021-04-01
2021,4,Aguascalientes,Ciudades,Interior,156778,59543,47701,89427,37.97918075240148,2021-04-01
2021,4,Bahías de Huatulco,Centros de Playa,Integralmente Planeados,129480,48977,41606,111320,37.82591906085882,2021-04-01
2021,4,Campeche,Ciudades,Interior,42450,16102,19266,30060,37.93168433451119,2021-04-01
2021,4,Cancún,Centros de Playa,Integralmente Planeados,1036620,554334,418167,1454604,53.475140360016205,2021-04-01
2021,4,Celaya,Ciudades,Interior,99854,21927,29871,36470,21.95906022793278,2021-04-01
2021,4,Chihuahua,Ciudades,Interior,146182,48639,54868,87942,33.27290637698212,2021-04-01
2021,4,Ciudad Juárez,Ciudades,Fronterizas,136092,64101,87400,99876,47.101225641477825,2021-04-01
2021,4,Ciudad de México,Ciudades,Grandes,1551210,424143,387141,750740,27.342719554412362,2021-04-01
2021,4,Coatzacoalcos,Ciudades,Interior,55171,14488,21134,23734,26.260172916930998,2021-04-01
2021,4,Colima,Ciudades,Interior,38343,12647,14282,24211,32.98385624494693,2021-04-01
2021,4,Comitán de Domínguez,Ciudades,Interior,41747,9904,16587,18351,23.723860397154287,2021-04-01
2021,4,Cozumel,Centros de Playa,Tradicionales,155610,59836,45806,124614,38.45254161043635,2021-04-01
2021,4,Culiacán,Ciudades,Interior,85350,28499,40769,52910,33.390743995313414,2021-04-01
2021,4,Durango,Ciudades,Interior,56772,18567,19976,29075,32.704502219403935,2021-04-01
2021,4,El Fuerte,Ciudades,Interior,12179,3319,5800,6767,27.25182691518187,2021-04-01
2021,4,Guadalajara,Ciudades,Grandes,640402,205389,195698,367504,32.071886096545605,2021-04-01
2021,4,Guanajuato,Ciudades,Interior,98829,21718,40864,49185,21.97533112750306,2021-04-01
2021,4,Hermosillo,Ciudades,Interior,87600,30853,31504,57777,35.220319634703195,2021-04-01
2021,4,Irapuato,Ciudades,Interior,88800,17832,25240,31201,20.08108108108108,2021-04-01
2021,4,Isla Mujeres,Centros de Playa,Otros,49410,15708,23432,34251,31.791135397692774,2021-04-01
2021,4,Ixtapa - Zihuatanejo,Centros de Playa,Integralmente Planeados,188678,76419,67546,182415,40.50233731542628,2021-04-01
2021,4,La Paz,Centros de Playa,Tradicionales,65948,35387,42138,78146,53.65894340995936,2021-04-01
2021,4,León,Ciudades,Interior,190116,44903,74401,80625,23.61873803362158,2021-04-01
2021,4,Loreto,Centros de Playa,Integralmente Planeados,26970,10880,14038,22779,40.34111976269929,2021-04-01
2021,4,Los Cabos,Centros de Playa,Integralmente Planeados,657590,398151,181024,959851,60.546997369181405,2021-04-01
2021,4,Los Mochis,Ciudades,Interior,48390,15778,19673,24217,32.605910312047946,2021-04-01
2021,4,Manzanillo,Centros de Playa,Tradicionales,142686,55417,76175,149939,38.838428437267844,2021-04-01
2021,4,Mazatlán,Centros de Playa,Tradicionales,292474,182699,248533,557521,62.466749181123795,2021-04-01
2021,4,Mexicali,Ciudades,Fronterizas,76530,42246,46931,65286,55.20188161505292,2021-04-01
2021,4,Monterrey,Ciudades,Grandes,457984,164568,124150,265059,35.93313303521521,2021-04-01
2021,4,Morelia,Ciudades,Interior,118500,46521,40141,85493,39.258227848101264,2021-04-01
2021,4,Mérida,Ciudades,Interior,229460,63142,74331,112740,27.5176501350998,2021-04-01
2021,4,Nuevo Nayarit,Centros de Playa,Otros,304170,139388,91886,443682,45.82568958148404,2021-04-01
2021,4,Oaxaca,Ciudades,Interior,186136,43900,45356,84141,23.58490566037736,2021-04-01
2021,4,Pachuca,Ciudades,Interior,47370,11531,13744,14809,24.342410808528605,2021-04-01
2021,4,Palenque,Ciudades,Interior,60720,20048,36813,42149,33.01712779973649,2021-04-01
2021,4,Piedras Negras,Ciudades,Fronterizas,24330,13582,25206,29627,55.824085491163174,2021-04-01
2021,4,Playas de Rosarito,Centros de Playa,Otros,78613,30008,75038,93811,38.171803645707456,2021-04-01
2021,4,Puebla,Ciudades,Interior,291000,62064,86948,150673,21.32783505154639,2021-04-01
2021,4,Puerto Escondido,Centros de Playa,Otros,75720,23865,29530,54969,31.51743264659271,2021-04-01
2021,4,Puerto Vallarta,Centros de Playa,Tradicionales,393792,219885,145579,485307,55.837853486104336,2021-04-01
2021,4,Querétaro,Ciudades,Interior,210826,54219,49470,79870,25.7174162579568,2021-04-01
2021,4,Riviera Maya,Centros de Playa,Otros,1378316,501515,209635,1101206,36.38606821657733,2021-04-01
2021,4,Salamanca,Ciudades,Interior,36150,8552,10395,13911,23.656984785615492,2021-04-01
2021,4,San Cristóbal de las Casas,Ciudades,Interior,99232,29578,57545,57923,29.806917123508544,2021-04-01
2021,4,San Felipe,Centros de Playa,Otros,24690,12784,30643,32591,51.77804779262859,2021-04-01
2021,4,San Juan de los Lagos,Ciudades,Interior,110280,28222,106929,110425,25.59122234312659,2021-04-01
2021,4,San Juan del Río,Ciudades,Interior,32066,9474,11379,16729,29.545312792365745,2021-04-01
2021,4,San Luis Potosí,Ciudades,Interior,175897,60571,57466,105931,34.43549349903637,2021-04-01
2021,4,San Miguel de Allende,Ciudades,Interior,73560,17472,31500,36438,23.752039151712886,2021-04-01
2021,4,Taxco,Ciudades,Interior,25666,5471,12090,12090,21.316138081508612,2021-04-01
2021,4,Tecate,Ciudades,Fronterizas,14940,7002,11043,11043,46.86746987951807,2021-04-01
2021,4,Tequisquiapan,Ciudades,Interior,22230,4452,9514,11372,20.026990553306344,2021-04-01
2021,4,Tijuana,Ciudades,Fronterizas,193740,95219,98121,105750,49.14782698461856,2021-04-01
2021,4,Tlaxcala,Ciudades,Interior,19637,2871,3586,4739,14.620359525385751,2021-04-01
2021,4,Toluca,Ciudades,Interior,118110,22318,28865,33074,18.895944458555583,2021-04-01
2021,4,Tonalá Puerto Arista,Centros de Playa,Otros,22443,5586,11670,11848,24.889720625584815,2021-04-01
2021,4,Tuxtla Gutiérrez,Ciudades,Interior,130113,30656,40595,57827,23.561058464565416,2021-04-01
2021,4,Valle de Bravo,Ciudades,Interior,36630,6722,16421,16834,18.35107835107835,2021-04-01
2021,4,Veracruz-Boca del Río,Centros de Playa,Tradicionales,305340,112666,159221,267198,36.89853933320233,2021-04-01
2021,4,Villahermosa,Ciudades,Interior,148957,58122,52423,98362,39.01931429875736,2021-04-01
2021,4,Xalapa,Ciudades,Interior,101847,26366,41090,48037,25.887851384920516,2021-04-01
2021,4,Zacatecas,Ciudades,Interior,93004,29400,30999,55739,31.61154358952303,2021-04-01
2021,5,Acapulco,Centros de Playa,Tradicionales,609398,237949,527753,651031,39.046567268025164,2021-05-01
2021,5,Aguascalientes,Ciudades,Interior,162317,62058,54634,98406,38.232594244595454,2021-05-01
2021,5,Bahías de Huatulco,Centros de Playa,Integralmente Planeados,133796,56830,42244,130503,42.475111363568416,2021-05-01
2021,5,Campeche,Ciudades,Interior,43865,16540,20457,30750,37.70659979482503,2021-05-01
2021,5,Cancún,Centros de Playa,Integralmente Planeados,1071129,620946,487826,1584092,57.97116873877936,2021-05-01
2021,5,Celaya,Ciudades,Interior,103210,22326,30013,37826,21.631624842554015,2021-05-01
2021,5,Chihuahua,Ciudades,Interior,151311,52476,63605,92521,34.680889029878855,2021-05-01
2021,5,Ciudad Juárez,Ciudades,Fronterizas,140742,67948,77722,111161,48.27841014054085,2021-05-01
2021,5,Ciudad de México,Ciudades,Grandes,1602911,494655,438022,861830,30.859791965991874,2021-05-01
2021,5,Coatzacoalcos,Ciudades,Interior,59753,15411,22237,24919,25.79117366492059,2021-05-01
2021,5,Colima,Ciudades,Interior,39618,14262,17295,26592,35.998788429501744,2021-05-01
2021,5,Comitán de Domínguez,Ciudades,Interior,43152,8520,14265,15500,19.744160177975527,2021-05-01
2021,5,Cozumel,Centros de Playa,Tradicionales,160797,67021,51812,138819,41.68050398950229,2021-05-01
2021,5,Culiacán,Ciudades,Interior,88020,33718,42464,54753,38.3072029084299,2021-05-01
2021,5,Durango,Ciudades,Interior,58629,20664,20824,31774,35.24535639359362,2021-05-01
2021,5,El Fuerte,Ciudades,Interior,12586,2347,4110,4670,18.64770379787065,2021-05-01
2021,5,Guadalajara,Ciudades,Grandes,661600,221759,220824,384489,33.51859129383313,2021-05-01
2021,5,Guanajuato,Ciudades,Interior,97515,23182,40980,50398,23.772752909808748,2021-05-01
2021,5,Hermosillo,Ciudades,Interior,90520,40183,36121,76578,44.391294741493596,2021-05-01
2021,5,Irapuato,Ciudades,Interior,88351,17747,27661,29387,20.08692601102421,2021-05-01
2021,5,Isla Mujeres,Centros de Playa,Otros,51057,16263,24207,33703,31.852635289970035,2021-05-01
2021,5,Ixtapa - Zihuatanejo,Centros de Playa,Integralmente Planeados,195084,94506,85460,226272,48.44374730885157,2021-05-01
2021,5,La Paz,Centros de Playa,Tradicionales,83968,42691,36796,83731,50.84198742378049,2021-05-01
2021,5,León,Ciudades,Interior,194959,49381,82719,88805,25.328915310398596,2021-05-01
2021,5,Loreto,Centros de Playa,Integralmente Planeados,27869,8185,11661,16165,29.3695503964979,2021-05-01
2021,5,Los Cabos,Centros de Playa,Integralmente Planeados,699749,442094,221145,1014696,63.17893987701304,2021-05-01
2021,5,Los Mochis,Ciudades,Interior,50003,25148,37034,45892,50.29298242105474,2021-05-01
2021,5,Manzanillo,Centros de Playa,Tradicionales,147405,64992,90743,176846,44.09077032665106,2021-05-01
2021,5,Mazatlán,Centros de Playa,Tradicionales,302277,206042,291306,691070,68.16330716528218,2021-05-01
2021,5,Mexicali,Ciudades,Fronterizas,79081,40496,43780,59682,51.20825482732894,2021-05-01
2021,5,Monterrey,Ciudades,Grandes,473918,181947,156526,333818,38.392084706637014,2021-05-01
2021,5,Morelia,Ciudades,Interior,122450,52205,51652,83110,42.63372805226623,2021-05-01
2021,5,Mérida,Ciudades,Interior,241153,68943,76220,124386,28.588904139695547,2021-05-01
2021,5,Nuevo Nayarit,Centros de Playa,Otros,314402,157523,114174,483702,50.10241665129357,2021-05-01
2021,5,Oaxaca,Ciudades,Interior,191026,49752,50300,92620,26.0446221980254,2021-05-01
2021,5,Pachuca,Ciudades,Interior,48957,12310,13673,14576,25.14451457401393,2021-05-01
2021,5,Palenque,Ciudades,Interior,63332,16532,30548,34075,26.10370744647256,2021-05-01
2021,5,Piedras Negras,Ciudades,Fronterizas,25141,14313,27229,31420,56.93090966946422,2021-05-01
2021,5,Playas de Rosarito,Centros de Playa,Otros,81251,28956,72402,90494,35.63771522812027,2021-05-01
2021,5,Puebla,Ciudades,Interior,301024,66708,95707,164175,22.160359306899117,2021-05-01
2021,5,Puerto Escondido,Centros de Playa,Otros,78064,27233,29253,59096,34.88547858167657,2021-05-01
2021,5,Puerto Vallarta,Centros de Playa,Tradicionales,407332,228536,156669,487412,56.105584633664925,2021-05-01
2021,5,Querétaro,Ciudades,Interior,228832,77916,78280,118479,34.049433645643965,2021-05-01
2021,5,Riviera Maya,Centros de Playa,Otros,1423278,583291,250390,1249940,40.9822255385104,2021-05-01
2021,5,Salamanca,Ciudades,Interior,37355,8042,12591,14579,21.528577165038147,2021-05-01
2021,5,San Cristóbal de las Casas,Ciudades,Interior,101809,26226,52099,52581,25.760001571570292,2021-05-01
2021,5,San Felipe,Centros de Playa,Otros,25513,10459,25080,26125,40.99478697134794,2021-05-01
2021,5,San Juan de los Lagos,Ciudades,Interior,113956,25948,98422,102262,22.770192003931342,2021-05-01
2021,5,San Juan del Río,Ciudades,Interior,34689,14124,18069,26021,40.71607714261005,2021-05-01
2021,5,San Luis Potosí,Ciudades,Interior,181673,65155,54312,106161,35.863887314020246,2021-05-01
2021,5,San Miguel de Allende,Ciudades,Interior,76322,20073,36170,41887,26.30041141479521,2021-05-01
2021,5,Taxco,Ciudades,Interior,27469,5469,11716,11716,19.909716407586735,2021-05-01
2021,5,Tecate,Ciudades,Fronterizas,15438,8378,12723,12723,54.26868765384117,2021-05-01
2021,5,Tequisquiapan,Ciudades,Interior,27497,6471,13289,16087,23.53347637924137,2021-05-01
2021,5,Tijuana,Ciudades,Fronterizas,200198,91057,94142,102248,45.48347136335028,2021-05-01
2021,5,Tlaxcala,Ciudades,Interior,20305,3307,4116,5322,16.286628909135683,2021-05-01
2021,5,Toluca,Ciudades,Interior,122047,33912,44162,49755,27.786016862356306,2021-05-01
2021,5,Tonalá Puerto Arista,Centros de Playa,Otros,23215,5374,11283,11285,23.148826189963387,2021-05-01
2021,5,Tuxtla Gutiérrez,Ciudades,Interior,132577,35596,51685,69657,26.849302669392127,2021-05-01
2021,5,Valle de Bravo,Ciudades,Interior,37863,6582,17781,17880,17.38372553680374,2021-05-01
2021,5,Veracruz-Boca del Río,Centros de Playa,Tradicionales,315518,129422,173647,301316,41.01889591085136,2021-05-01
2021,5,Villahermosa,Ciudades,Interior,152990,66057,57539,108803,43.177331851755014,2021-05-01
2021,5,Xalapa,Ciudades,Interior,105245,28601,43773,53903,27.17563779752007,2021-05-01
2021,5,Zacatecas,Ciudades,Interior,96260,28010,28998,49259,29.098275503843755,2021-05-01
2021,6,Acapulco,Centros de Playa,Tradicionales,589740,238254,483255,628471,40.39983721640045,2021-06-01
2021,6,Aguascalientes,Ciudades,Interior,156226,58351,51365,91086,37.35037701790995,2021-06-01
2021,6,Bahías de Huatulco,Centros de Playa,Integralmente Planeados,129480,61680,40579,142920,47.63670064874884,2021-06-01
2021,6,Campeche,Ciudades,Interior,42450,13702,17034,25508,32.27797408716137,2021-06-01
2021,6,Cancún,Centros de Playa,Integralmente Planeados,1033260,688515,529166,1822532,66.63521282155507,2021-06-01
2021,6,Celaya,Ciudades,Interior,99856,22018,28854,37372,22.049751642365006,2021-06-01
2021,6,Chihuahua,Ciudades,Interior,144930,60941,74773,116655,42.04857517422204,2021-06-01
2021,6,Ciudad Juárez,Ciudades,Fronterizas,136213,73837,107109,120542,54.20701401481503,2021-06-01
2021,6,Ciudad de México,Ciudades,Grandes,1551010,556658,488424,1008447,35.89003294627372,2021-06-01
2021,6,Coatzacoalcos,Ciudades,Interior,66567,16957,24927,26890,25.473583006594858,2021-06-01
2021,6,Colima,Ciudades,Interior,38280,17332,18601,31311,45.27690700104493,2021-06-01
2021,6,Comitán de Domínguez,Ciudades,Interior,41760,8358,14125,14790,20.014367816091955,2021-06-01
2021,6,Cozumel,Centros de Playa,Tradicionales,155610,68710,70119,159532,44.15525994473363,2021-06-01
2021,6,Culiacán,Ciudades,Interior,85318,33853,45435,62505,39.67861412597576,2021-06-01
2021,6,Durango,Ciudades,Interior,56708,23607,24476,36633,41.62904704803555,2021-06-01
2021,6,El Fuerte,Ciudades,Interior,12206,1893,3174,3665,15.508766180566933,2021-06-01
2021,6,Guadalajara,Ciudades,Grandes,640120,241615,236261,418809,37.7452665125289,2021-06-01
2021,6,Guanajuato,Ciudades,Interior,94220,20941,37685,46280,22.225642114200806,2021-06-01
2021,6,Hermosillo,Ciudades,Interior,87600,35351,35500,62196,40.35502283105023,2021-06-01
2021,6,Irapuato,Ciudades,Interior,87990,21481,33023,38053,24.41300147744062,2021-06-01
2021,6,Isla Mujeres,Centros de Playa,Otros,49410,16853,26286,37068,34.108480064764215,2021-06-01
2021,6,Ixtapa - Zihuatanejo,Centros de Playa,Integralmente Planeados,188820,105040,120557,253509,55.62970024361826,2021-06-01
2021,6,La Paz,Centros de Playa,Tradicionales,46980,28134,27212,59108,59.88505747126437,2021-06-01
2021,6,León,Ciudades,Interior,186960,53717,82258,88264,28.731814291827128,2021-06-01
2021,6,Loreto,Centros de Playa,Integralmente Planeados,26970,9345,12213,18697,34.6496106785317,2021-06-01
2021,6,Los Cabos,Centros de Playa,Integralmente Planeados,676310,433692,228152,1093287,64.12621431000576,2021-06-01
2021,6,Los Mochis,Ciudades,Interior,47045,23133,31014,39688,49.17206929535551,2021-06-01
2021,6,Manzanillo,Centros de Playa,Tradicionales,142650,67924,91719,179780,47.61584297230985,2021-06-01
2021,6,Mazatlán,Centros de Playa,Tradicionales,292860,207435,294592,678693,70.83077238270846,2021-06-01
2021,6,Mexicali,Ciudades,Fronterizas,76530,41800,47781,63454,54.619103619495625,2021-06-01
2021,6,Monterrey,Ciudades,Grandes,459407,198573,172095,384129,43.22376454864641,2021-06-01
2021,6,Morelia,Ciudades,Interior,118500,51070,47108,82131,43.09704641350211,2021-06-01
2021,6,Mérida,Ciudades,Interior,231851,72935,90007,139964,31.4577034388465,2021-06-01
2021,6,Nuevo Nayarit,Centros de Playa,Otros,304800,195563,125420,510638,64.16108923884515,2021-06-01
2021,6,Oaxaca,Ciudades,Interior,184838,52037,50694,94799,28.152760795940228,2021-06-01
2021,6,Pachuca,Ciudades,Interior,47378,13184,17348,20261,27.82726159821014,2021-06-01
2021,6,Palenque,Ciudades,Interior,63480,14531,26814,28630,22.89067422810334,2021-06-01
2021,6,Piedras Negras,Ciudades,Fronterizas,24336,13933,25752,30725,57.2526298487837,2021-06-01
2021,6,Playas de Rosarito,Centros de Playa,Otros,78630,32107,79960,100489,40.83301538852855,2021-06-01
2021,6,Puebla,Ciudades,Interior,291270,88309,114455,191475,30.318604731005596,2021-06-01
2021,6,Puerto Escondido,Centros de Playa,Otros,75510,26174,26727,57310,34.662958548536615,2021-06-01
2021,6,Puerto Vallarta,Centros de Playa,Tradicionales,394233,256709,167466,555772,65.11606080668031,2021-06-01
2021,6,Querétaro,Ciudades,Interior,222377,81176,68980,139000,36.50377512062848,2021-06-01
2021,6,Riviera Maya,Centros de Playa,Otros,1380239,731626,276895,1631487,53.00719657972279,2021-06-01
2021,6,Salamanca,Ciudades,Interior,23760,6486,10739,10923,27.2979797979798,2021-06-01
2021,6,San Cristóbal de las Casas,Ciudades,Interior,98600,25544,49621,50681,25.906693711967545,2021-06-01
2021,6,San Felipe,Centros de Playa,Otros,24690,8756,21192,21827,35.46375050627785,2021-06-01
2021,6,San Juan de los Lagos,Ciudades,Interior,110280,23155,87155,90043,20.996554225607543,2021-06-01
2021,6,San Juan del Río,Ciudades,Interior,36057,14073,16579,19455,39.02986937349197,2021-06-01
2021,6,San Luis Potosí,Ciudades,Interior,176873,67950,55773,111787,38.417395532387644,2021-06-01
2021,6,San Miguel de Allende,Ciudades,Interior,73161,21821,39068,42832,29.826000191358784,2021-06-01
2021,6,Taxco,Ciudades,Interior,26351,4784,10207,10207,18.15490873211643,2021-06-01
2021,6,Tecate,Ciudades,Fronterizas,14940,8745,13524,13530,58.53413654618474,2021-06-01
2021,6,Tequisquiapan,Ciudades,Interior,22320,6689,12559,14758,29.968637992831543,2021-06-01
2021,6,Tijuana,Ciudades,Fronterizas,193740,117384,123862,138410,60.58841746670796,2021-06-01
2021,6,Tlaxcala,Ciudades,Interior,19621,2927,3794,4926,14.917690229855767,2021-06-01
2021,6,Toluca,Ciudades,Interior,118110,33599,43712,50298,28.44721022775379,2021-06-01
2021,6,Tonalá Puerto Arista,Centros de Playa,Otros,22470,3910,8195,8198,17.400979083222072,2021-06-01
2021,6,Tuxtla Gutiérrez,Ciudades,Interior,128559,39872,55349,75607,31.01455362907303,2021-06-01
2021,6,Valle de Bravo,Ciudades,Interior,36630,5874,11193,11341,16.036036036036037,2021-06-01
2021,6,Veracruz-Boca del Río,Centros de Playa,Tradicionales,313320,137145,185973,318038,43.77154346993489,2021-06-01
2021,6,Villahermosa,Ciudades,Interior,149929,68688,54180,107584,45.81368514430164,2021-06-01
2021,6,Xalapa,Ciudades,Interior,101850,29277,46397,57667,28.74521354933726,2021-06-01
2021,6,Zacatecas,Ciudades,Interior,93188,30890,30457,54337,33.14804481263682,2021-06-01
2021,7,Acapulco,Centros de Playa,Tradicionales,609398,282904,604791,779686,46.42351960459339,2021-07-01
2021,7,Aguascalientes,Ciudades,Interior,170023,81308,71594,130641,47.821765290578334,2021-07-01
2021,7,Bahías de Huatulco,Centros de Playa,Integralmente Planeados,133696,75448,52880,176378,56.43250359023456,2021-07-01
2021,7,Campeche,Ciudades,Interior,43865,16533,21412,32118,37.69064174170751,2021-07-01
2021,7,Cancún,Centros de Playa,Integralmente Planeados,1067733,736207,567798,1961989,68.95047731970446,2021-07-01
2021,7,Celaya,Ciudades,Interior,99979,26960,35246,49745,26.96566278918573,2021-07-01
2021,7,Chihuahua,Ciudades,Interior,151309,73490,86544,129724,48.569483639439824,2021-07-01
2021,7,Ciudad Juárez,Ciudades,Fronterizas,140771,89237,136180,153720,63.391607646461274,2021-07-01
2021,7,Ciudad de México,Ciudades,Grandes,1602797,601336,551541,1086329,37.5179139965947,2021-07-01
2021,7,Coatzacoalcos,Ciudades,Interior,62899,17093,25894,27846,27.175312803065232,2021-07-01
2021,7,Colima,Ciudades,Interior,43583,24531,25114,46928,56.285707730078244,2021-07-01
2021,7,Comitán de Domínguez,Ciudades,Interior,43152,10853,20372,20918,25.150630329996293,2021-07-01
2021,7,Cozumel,Centros de Playa,Tradicionales,160797,80356,67022,181723,49.97356915862858,2021-07-01
2021,7,Culiacán,Ciudades,Interior,88195,29810,40417,55613,33.80010204660128,2021-07-01
2021,7,Durango,Ciudades,Interior,58590,32327,37066,54984,55.17494452978324,2021-07-01
2021,7,El Fuerte,Ciudades,Interior,12586,2184,3878,4370,17.352614015572858,2021-07-01
2021,7,Guadalajara,Ciudades,Grandes,661565,301950,308936,574849,45.64177367303289,2021-07-01
2021,7,Guanajuato,Ciudades,Interior,97557,31119,60446,74095,31.89827485470033,2021-07-01
2021,7,Hermosillo,Ciudades,Interior,90520,36100,37492,76221,39.8806893504198,2021-07-01
2021,7,Irapuato,Ciudades,Interior,91274,27788,45354,54566,30.44459539408813,2021-07-01
2021,7,Isla Mujeres,Centros de Playa,Otros,51057,21060,31787,48343,41.24801692226335,2021-07-01
2021,7,Ixtapa - Zihuatanejo,Centros de Playa,Integralmente Planeados,195207,109884,122622,272169,56.291014154205534,2021-07-01
2021,7,La Paz,Centros de Playa,Tradicionales,64325,32560,30145,64876,50.617955693742715,2021-07-01
2021,7,León,Ciudades,Interior,191663,71913,118106,126929,37.52054387127406,2021-07-01
2021,7,Loreto,Centros de Playa,Integralmente Planeados,27776,8988,11400,17946,32.358870967741936,2021-07-01
2021,7,Los Cabos,Centros de Playa,Integralmente Planeados,699391,439624,238124,1165177,62.85811513159306,2021-07-01
2021,7,Los Mochis,Ciudades,Interior,48467,23702,36100,43078,48.903377555862754,2021-07-01
2021,7,Manzanillo,Centros de Playa,Tradicionales,147467,72199,93488,194392,48.959428211057386,2021-07-01
2021,7,Mazatlán,Centros de Playa,Tradicionales,302684,197916,256015,608952,65.38700426847802,2021-07-01
2021,7,Mexicali,Ciudades,Fronterizas,79081,45085,52001,69209,57.01116576674549,2021-07-01
2021,7,Monterrey,Ciudades,Grandes,474586,235412,190054,446562,49.60365455365308,2021-07-01
2021,7,Morelia,Ciudades,Interior,122450,61617,55009,104064,50.320130665577786,2021-07-01
2021,7,Mérida,Ciudades,Interior,228578,94675,115862,179198,41.41912170025112,2021-07-01
2021,7,Nuevo Nayarit,Centros de Playa,Otros,314154,201968,131495,636969,64.28948859476563,2021-07-01
2021,7,Oaxaca,Ciudades,Interior,191272,72667,72326,140570,37.991446735538915,2021-07-01
2021,7,Pachuca,Ciudades,Interior,48954,14831,19086,22842,30.29578788250194,2021-07-01
2021,7,Palenque,Ciudades,Interior,62571,24669,48440,53677,39.425612504195236,2021-07-01
2021,7,Piedras Negras,Ciudades,Fronterizas,25160,15854,30222,35464,63.012718600953896,2021-07-01
2021,7,Playas de Rosarito,Centros de Playa,Otros,81251,45358,113806,142315,55.824543697923716,2021-07-01
2021,7,Puebla,Ciudades,Interior,300893,102942,141519,236020,34.21216179838016,2021-07-01
2021,7,Puerto Escondido,Centros de Playa,Otros,78220,30530,32209,72128,39.03093837893122,2021-07-01
2021,7,Puerto Vallarta,Centros de Playa,Tradicionales,407697,296070,197336,652370,72.6201075798939,2021-07-01
2021,7,Querétaro,Ciudades,Interior,229395,97491,87041,183888,42.499182632576996,2021-07-01
2021,7,Riviera Maya,Centros de Playa,Otros,1452758,880857,332347,1961723,60.633429655868355,2021-07-01
2021,7,Salamanca,Ciudades,Interior,37355,10025,19940,20571,26.837103466738053,2021-07-01
2021,7,San Cristóbal de las Casas,Ciudades,Interior,102355,38679,78247,80672,37.7890674612867,2021-07-01
2021,7,San Felipe,Centros de Playa,Otros,25513,12683,32883,34417,49.71191157449144,2021-07-01
2021,7,San Juan de los Lagos,Ciudades,Interior,113956,25587,91817,93288,22.45340306785075,2021-07-01
2021,7,San Juan del Río,Ciudades,Interior,36907,16604,23333,31485,44.98875552063294,2021-07-01
2021,7,San Luis Potosí,Ciudades,Interior,182386,78245,72077,139541,42.90077089250271,2021-07-01
2021,7,San Miguel de Allende,Ciudades,Interior,77159,25701,46418,53659,33.30914086496715,2021-07-01
2021,7,Taxco,Ciudades,Interior,27497,6662,15881,15881,24.228097610648433,2021-07-01
2021,7,Tecate,Ciudades,Fronterizas,15438,8434,13430,13430,54.63142894157274,2021-07-01
2021,7,Tequisquiapan,Ciudades,Interior,27404,7443,10835,16354,27.160268573930814,2021-07-01
2021,7,Tijuana,Ciudades,Fronterizas,200198,140177,145255,160945,70.01918101079931,2021-07-01
2021,7,Tlaxcala,Ciudades,Interior,20271,4291,6423,7978,21.168171279167282,2021-07-01
2021,7,Toluca,Ciudades,Interior,122047,36434,47687,55094,29.852433898416184,2021-07-01
2021,7,Tonalá Puerto Arista,Centros de Playa,Otros,23219,4980,9190,10533,21.44795210818726,2021-07-01
2021,7,Tuxtla Gutiérrez,Ciudades,Interior,132936,44690,61149,87708,33.617680688451586,2021-07-01
2021,7,Valle de Bravo,Ciudades,Interior,37829,7994,16379,16900,21.131935816437124,2021-07-01
2021,7,Veracruz-Boca del Río,Centros de Playa,Tradicionales,323764,156942,226953,376119,48.474197254790525,2021-07-01
2021,7,Villahermosa,Ciudades,Interior,156225,73061,62006,117585,46.76652264362298,2021-07-01
2021,7,Xalapa,Ciudades,Interior,105245,28941,45722,59735,27.498693524632998,2021-07-01
2021,7,Zacatecas,Ciudades,Interior,96386,39472,44576,77061,40.95200547797398,2021-07-01
2021,8,Acapulco,Centros de Playa,Tradicionales,609398,169329,353269,452431,27.78627432318452,2021-08-01
2021,8,Aguascalientes,Ciudades,Interior,167951,73712,65416,119681,43.88899143202482,2021-08-01
2021,8,Bahías de Huatulco,Centros de Playa,Integralmente Planeados,133375,41137,26997,99546,30.84311152764761,2021-08-01
2021,8,Campeche,Ciudades,Interior,43865,15867,18692,31153,36.172346973669214,2021-08-01
2021,8,Cancún,Centros de Playa,Integralmente Planeados,1067399,628774,482280,1717767,58.90711908105591,2021-08-01
2021,8,Celaya,Ciudades,Interior,99989,21738,28862,37123,21.740391443058737,2021-08-01
2021,8,Chihuahua,Ciudades,Interior,151293,70937,82025,125584,46.887165962734564,2021-08-01
2021,8,Ciudad Juárez,Ciudades,Fronterizas,140771,99118,147769,164311,70.4108090444765,2021-08-01
2021,8,Ciudad de México,Ciudades,Grandes,1602917,549190,514335,997208,34.26191125304679,2021-08-01
2021,8,Coatzacoalcos,Ciudades,Interior,62577,16851,23495,25276,26.928424181408506,2021-08-01
2021,8,Colima,Ciudades,Interior,43586,14300,14876,26642,32.80870004129766,2021-08-01
2021,8,Comitán de Domínguez,Ciudades,Interior,43146,7220,12702,13162,16.733880313354657,2021-08-01
2021,8,Cozumel,Centros de Playa,Tradicionales,160797,63117,51026,160780,39.25259799623127,2021-08-01
2021,8,Culiacán,Ciudades,Interior,88156,26210,36430,48870,29.731385271564047,2021-08-01
2021,8,Durango,Ciudades,Interior,58881,24949,24687,38813,42.37190265110986,2021-08-01
2021,8,El Fuerte,Ciudades,Interior,12586,1732,3149,3324,13.761322103924996,2021-08-01
2021,8,Guadalajara,Ciudades,Grandes,661521,250086,254553,449125,37.80469554254513,2021-08-01
2021,8,Guanajuato,Ciudades,Interior,97570,26874,45855,57659,27.543302244542378,2021-08-01
2021,8,Hermosillo,Ciudades,Interior,90520,36456,32689,69279,40.273972602739725,2021-08-01
2021,8,Irapuato,Ciudades,Interior,91760,21064,33999,37824,22.955536181342634,2021-08-01
2021,8,Isla Mujeres,Centros de Playa,Otros,51057,21373,34322,49216,41.86105724974048,2021-08-01
2021,8,Ixtapa - Zihuatanejo,Centros de Playa,Integralmente Planeados,176018,65841,56170,163777,37.40583349430172,2021-08-01
2021,8,La Paz,Centros de Playa,Tradicionales,64215,27149,26079,53742,42.27828389005684,2021-08-01
2021,8,León,Ciudades,Interior,192553,58611,94973,100937,30.438892149174514,2021-08-01
2021,8,Loreto,Centros de Playa,Integralmente Planeados,27869,8914,8511,18731,31.985360077505472,2021-08-01
2021,8,Los Cabos,Centros de Playa,Integralmente Planeados,698239,375002,203235,964161,53.706825313395555,2021-08-01
2021,8,Los Mochis,Ciudades,Interior,47958,21019,31698,36811,43.827932774511034,2021-08-01
2021,8,Manzanillo,Centros de Playa,Tradicionales,147467,46268,64620,125011,31.375155119450454,2021-08-01
2021,8,Mazatlán,Centros de Playa,Tradicionales,302684,148863,195581,462390,49.180994039988896,2021-08-01
2021,8,Mexicali,Ciudades,Fronterizas,79081,43321,46619,66321,54.78054147013821,2021-08-01
2021,8,Monterrey,Ciudades,Grandes,474265,182469,150483,339543,38.47405986104815,2021-08-01
2021,8,Morelia,Ciudades,Interior,122450,50627,46499,91673,41.345038791343406,2021-08-01
2021,8,Mérida,Ciudades,Interior,231393,80140,92277,142749,34.633718392518354,2021-08-01
2021,8,Nuevo Nayarit,Centros de Playa,Otros,314030,151758,91546,469292,48.32595611884215,2021-08-01
2021,8,Oaxaca,Ciudades,Interior,191033,45310,44030,85431,23.71841514293342,2021-08-01
2021,8,Pachuca,Ciudades,Interior,48949,15110,16974,22309,30.868863511001248,2021-08-01
2021,8,Palenque,Ciudades,Interior,62868,18915,37184,41173,30.086848635235732,2021-08-01
2021,8,Piedras Negras,Ciudades,Fronterizas,25157,14617,27141,30381,58.103112453790196,2021-08-01
2021,8,Playas de Rosarito,Centros de Playa,Otros,81251,41283,103351,129489,50.80922080959004,2021-08-01
2021,8,Puebla,Ciudades,Interior,300901,91088,122525,223470,30.271750509303725,2021-08-01
2021,8,Puerto Escondido,Centros de Playa,Otros,77748,17965,18535,39124,23.106703709420177,2021-08-01
2021,8,Puerto Vallarta,Centros de Playa,Tradicionales,407527,224692,154047,479555,55.13548795539928,2021-08-01
2021,8,Querétaro,Ciudades,Interior,229664,78590,65342,117179,34.21955552459245,2021-08-01
2021,8,Riviera Maya,Centros de Playa,Otros,1452940,769490,281444,1714988,52.960893085743386,2021-08-01
2021,8,Salamanca,Ciudades,Interior,37355,10146,14578,18646,27.161022620800427,2021-08-01
2021,8,San Cristóbal de las Casas,Ciudades,Interior,102608,26764,52677,55268,26.083736160923124,2021-08-01
2021,8,San Felipe,Centros de Playa,Otros,25513,7377,18776,19777,28.914670952063656,2021-08-01
2021,8,San Juan de los Lagos,Ciudades,Interior,113929,24486,91083,94246,21.49233294420209,2021-08-01
2021,8,San Juan del Río,Ciudades,Interior,37882,16726,22112,29320,44.15289583443324,2021-08-01
2021,8,San Luis Potosí,Ciudades,Interior,180917,62991,55408,107767,34.817623551131184,2021-08-01
2021,8,San Miguel de Allende,Ciudades,Interior,74307,23704,42416,49321,31.90009016647153,2021-08-01
2021,8,Taxco,Ciudades,Interior,27497,4957,11545,11545,18.027421173218897,2021-08-01
2021,8,Tecate,Ciudades,Fronterizas,15438,8982,13619,13619,58.18111154294598,2021-08-01
2021,8,Tequisquiapan,Ciudades,Interior,28520,5585,9257,12354,19.58274894810659,2021-08-01
2021,8,Tijuana,Ciudades,Fronterizas,200198,137903,144351,170732,68.88330552752775,2021-08-01
2021,8,Tlaxcala,Ciudades,Interior,20251,3975,5118,6781,19.62866031307096,2021-08-01
2021,8,Toluca,Ciudades,Interior,117056,28535,35752,41477,24.377221159103335,2021-08-01
2021,8,Tonalá Puerto Arista,Centros de Playa,Otros,23219,3879,7696,8317,16.706145828847063,2021-08-01
2021,8,Tuxtla Gutiérrez,Ciudades,Interior,132155,38749,50643,73060,29.32087321705573,2021-08-01
2021,8,Valle de Bravo,Ciudades,Interior,37853,6262,12274,12791,16.54294243520989,2021-08-01
2021,8,Veracruz-Boca del Río,Centros de Playa,Tradicionales,323764,94338,136645,226858,29.1378905622614,2021-08-01
2021,8,Villahermosa,Ciudades,Interior,156456,70045,56755,113297,44.769775527943956,2021-08-01
2021,8,Xalapa,Ciudades,Interior,105245,27008,42770,55501,25.662026699605683,2021-08-01
2021,8,Zacatecas,Ciudades,Interior,96280,29709,29930,53951,30.85687577897798,2021-08-01
2021,9,Acapulco,Centros de Playa,Tradicionales,589740,131259,250911,335341,22.257096347542983,2021-09-01
2021,9,Aguascalientes,Ciudades,Interior,163123,67207,57498,103713,41.200198623124884,2021-09-01
2021,9,Bahías de Huatulco,Centros de Playa,Integralmente Planeados,129480,42191,27604,92595,32.58495520543713,2021-09-01
2021,9,Campeche,Ciudades,Interior,42180,14035,15994,25068,33.27406353722143,2021-09-01
2021,9,Cancún,Centros de Playa,Integralmente Planeados,1030860,495487,369582,1238845,48.06540170343209,2021-09-01
2021,9,Celaya,Ciudades,Interior,99863,19414,24440,32614,19.440633668125333,2021-09-01
2021,9,Chihuahua,Ciudades,Interior,146430,72877,82897,128518,49.76917298367821,2021-09-01
2021,9,Ciudad Juárez,Ciudades,Fronterizas,136260,99548,142025,160483,73.05739028328196,2021-09-01
2021,9,Ciudad de México,Ciudades,Grandes,1550220,578388,533126,1027518,37.3100592174014,2021-09-01
2021,9,Coatzacoalcos,Ciudades,Interior,59820,16050,23055,24357,26.83049147442327,2021-09-01
2021,9,Colima,Ciudades,Interior,42180,11900,11961,20629,28.212422949265054,2021-09-01
2021,9,Comitán de Domínguez,Ciudades,Interior,41734,6617,11343,11592,15.855178032299804,2021-09-01
2021,9,Cozumel,Centros de Playa,Tradicionales,155610,54416,44622,115360,34.969474969474966,2021-09-01
2021,9,Culiacán,Ciudades,Interior,85350,27495,40837,52917,32.21441124780316,2021-09-01
2021,9,Durango,Ciudades,Interior,56580,27337,23833,39628,48.31565924354896,2021-09-01
2021,9,El Fuerte,Ciudades,Interior,12210,2321,4162,4774,19.00900900900901,2021-09-01
2021,9,Guadalajara,Ciudades,Grandes,641122,263037,251708,454107,41.027604730456915,2021-09-01
2021,9,Guanajuato,Ciudades,Interior,88574,26050,46651,53833,29.410436471199223,2021-09-01
2021,9,Hermosillo,Ciudades,Interior,87600,39588,34275,68476,45.19178082191781,2021-09-01
2021,9,Irapuato,Ciudades,Interior,88811,20013,29454,34336,22.534370742362995,2021-09-01
2021,9,Isla Mujeres,Centros de Playa,Otros,49410,14586,17634,29551,29.52034001214329,2021-09-01
2021,9,Ixtapa - Zihuatanejo,Centros de Playa,Integralmente Planeados,188910,57333,53450,136213,30.349372717166904,2021-09-01
2021,9,La Paz,Centros de Playa,Tradicionales,62025,26054,25261,52384,42.00564288593309,2021-09-01
2021,9,León,Ciudades,Interior,183287,54905,85476,89907,29.95575245380196,2021-09-01
2021,9,Loreto,Centros de Playa,Integralmente Planeados,26970,7989,7911,16406,29.621802002224694,2021-09-01
2021,9,Los Cabos,Centros de Playa,Integralmente Planeados,672696,372109,206290,864067,55.316071449807936,2021-09-01
2021,9,Los Mochis,Ciudades,Interior,46606,19838,32909,36333,42.56533493541604,2021-09-01
2021,9,Manzanillo,Centros de Playa,Tradicionales,142710,38400,49319,96302,26.907714946394787,2021-09-01
2021,9,Mazatlán,Centros de Playa,Tradicionales,292920,148822,202944,479214,50.806363512221765,2021-09-01
2021,9,Mexicali,Ciudades,Fronterizas,80040,48607,58407,74160,60.72838580709645,2021-09-01
2021,9,Monterrey,Ciudades,Grandes,444519,193221,162794,369226,43.46743333805754,2021-09-01
2021,9,Morelia,Ciudades,Interior,118500,48084,40892,79163,40.57721518987342,2021-09-01
2021,9,Mérida,Ciudades,Interior,222662,71891,77631,131510,32.28705392029174,2021-09-01
2021,9,Nuevo Nayarit,Centros de Playa,Otros,303600,118793,79061,349733,39.128129117259554,2021-09-01
2021,9,Oaxaca,Ciudades,Interior,184859,46554,45466,84041,25.183518249043868,2021-09-01
2021,9,Pachuca,Ciudades,Interior,47370,13105,15059,16597,27.665188938146507,2021-09-01
2021,9,Palenque,Ciudades,Interior,61800,13791,26905,29139,22.315533980582526,2021-09-01
2021,9,Piedras Negras,Ciudades,Fronterizas,24330,13223,22636,26385,54.348540896013155,2021-09-01
2021,9,Playas de Rosarito,Centros de Playa,Otros,78630,30155,75579,94701,38.35050235279156,2021-09-01
2021,9,Puebla,Ciudades,Interior,291250,83344,109334,196271,28.61596566523605,2021-09-01
2021,9,Puerto Escondido,Centros de Playa,Otros,75720,18344,16106,39007,24.22609614368727,2021-09-01
2021,9,Puerto Vallarta,Centros de Playa,Tradicionales,394440,169741,115444,353456,43.033414461008014,2021-09-01
2021,9,Querétaro,Ciudades,Interior,226224,87097,71313,141045,38.500335950208644,2021-09-01
2021,9,Riviera Maya,Centros de Playa,Otros,1394271,626960,247267,1337063,44.966867990512604,2021-09-01
2021,9,Salamanca,Ciudades,Interior,28755,7441,9075,11291,25.877238741088508,2021-09-01
2021,9,San Cristóbal de las Casas,Ciudades,Interior,99443,20736,40122,41017,20.852146455758575,2021-09-01
2021,9,San Felipe,Centros de Playa,Otros,24690,7856,19920,20362,31.818550020251113,2021-09-01
2021,9,San Juan de los Lagos,Ciudades,Interior,110271,24108,90967,94029,21.862502380498952,2021-09-01
2021,9,San Juan del Río,Ciudades,Interior,36806,14073,18705,23249,38.23561375862631,2021-09-01
2021,9,San Luis Potosí,Ciudades,Interior,175107,65895,55005,109534,37.63127687642413,2021-09-01
2021,9,San Miguel de Allende,Ciudades,Interior,74610,21679,39073,43509,29.056426752446054,2021-09-01
2021,9,Taxco,Ciudades,Interior,26610,4290,9265,9265,16.1217587373168,2021-09-01
2021,9,Tecate,Ciudades,Fronterizas,14940,8282,12780,12780,55.43507362784471,2021-09-01
2021,9,Tequisquiapan,Ciudades,Interior,27630,4864,8976,11598,17.604053564965618,2021-09-01
2021,9,Tijuana,Ciudades,Fronterizas,193740,128010,132924,149879,66.0730876432332,2021-09-01
2021,9,Tlaxcala,Ciudades,Interior,19554,3511,3652,5141,17.95540554362279,2021-09-01
2021,9,Toluca,Ciudades,Interior,118110,32620,40625,46431,27.618321903310473,2021-09-01
2021,9,Tonalá Puerto Arista,Centros de Playa,Otros,22430,3299,6103,7295,14.70798038341507,2021-09-01
2021,9,Tuxtla Gutiérrez,Ciudades,Interior,128065,34727,43003,63388,27.11669855151681,2021-09-01
2021,9,Valle de Bravo,Ciudades,Interior,36630,6942,12972,13354,18.95167895167895,2021-09-01
2021,9,Veracruz-Boca del Río,Centros de Playa,Tradicionales,313320,92052,126459,207577,29.379548065875145,2021-09-01
2021,9,Villahermosa,Ciudades,Interior,151852,72929,51947,110741,48.02636777915339,2021-09-01
2021,9,Xalapa,Ciudades,Interior,101850,28246,43259,56762,27.73294059891998,2021-09-01
2021,9,Zacatecas,Ciudades,Interior,92588,29960,28536,52561,32.35840497688685,2021-09-01
2021,10,Acapulco,Centros de Playa,Tradicionales,609398,211562,417871,536769,34.71655633920689,2021-10-01
2021,10,Aguascalientes,Ciudades,Interior,168917,76316,66777,123221,45.17958524008833,2021-10-01
2021,10,Bahías de Huatulco,Centros de Playa,Integralmente Planeados,133982,61822,44755,136558,46.142019077189474,2021-10-01
2021,10,Campeche,Ciudades,Interior,43585,16417,19124,29820,37.666628427211194,2021-10-01
2021,10,Cancún,Centros de Playa,Integralmente Planeados,1065302,562732,424683,1375287,52.82370632928503,2021-10-01
2021,10,Celaya,Ciudades,Interior,100161,22437,29700,39000,22.400934495462305,2021-10-01
2021,10,Chihuahua,Ciudades,Interior,151295,83888,97765,148358,55.446643973693774,2021-10-01
2021,10,Ciudad Juárez,Ciudades,Fronterizas,140802,93544,133775,149939,66.4365562989162,2021-10-01
2021,10,Ciudad de México,Ciudades,Grandes,1602917,688474,611977,1200191,42.95131937586288,2021-10-01
2021,10,Coatzacoalcos,Ciudades,Interior,59766,19150,28211,30079,32.04162901984406,2021-10-01
2021,10,Colima,Ciudades,Interior,43553,16790,17943,31086,38.55073129290749,2021-10-01
2021,10,Comitán de Domínguez,Ciudades,Interior,42870,8363,14264,14553,19.507814322369956,2021-10-01
2021,10,Cozumel,Centros de Playa,Tradicionales,160797,61689,48492,130281,38.36452172615161,2021-10-01
2021,10,Culiacán,Ciudades,Interior,88195,38531,60240,72643,43.68841771075458,2021-10-01
2021,10,Durango,Ciudades,Interior,59545,35974,30683,50682,60.414812326811656,2021-10-01
2021,10,El Fuerte,Ciudades,Interior,12617,2495,4361,5374,19.774906871681065,2021-10-01
2021,10,Guadalajara,Ciudades,Grandes,662904,309662,287411,528737,46.71294787782243,2021-10-01
2021,10,Guanajuato,Ciudades,Interior,97477,37314,65665,79043,38.27979933727956,2021-10-01
2021,10,Hermosillo,Ciudades,Interior,90520,44181,37658,83404,48.80799823243482,2021-10-01
2021,10,Irapuato,Ciudades,Interior,91760,24356,34174,40859,26.543156059285092,2021-10-01
2021,10,Isla Mujeres,Centros de Playa,Otros,51057,21629,24237,44712,42.362457645376736,2021-10-01
2021,10,Ixtapa - Zihuatanejo,Centros de Playa,Integralmente Planeados,195207,92191,83337,216765,47.22730229961016,2021-10-01
2021,10,La Paz,Centros de Playa,Tradicionales,64063,34991,29592,70993,54.619671261102354,2021-10-01
2021,10,León,Ciudades,Interior,195093,63789,99564,104888,32.696713874921194,2021-10-01
2021,10,Loreto,Centros de Playa,Integralmente Planeados,27869,9535,9989,19196,34.213642398363774,2021-10-01
2021,10,Los Cabos,Centros de Playa,Integralmente Planeados,697111,497462,239436,1124843,71.36051503992908,2021-10-01
2021,10,Los Mochis,Ciudades,Interior,48778,25426,44330,49451,52.12595842387962,2021-10-01
2021,10,Manzanillo,Centros de Playa,Tradicionales,147467,59493,77700,146935,40.34326323855507,2021-10-01
2021,10,Mazatlán,Centros de Playa,Tradicionales,302709,191610,248189,577664,63.29841530975293,2021-10-01
2021,10,Mexicali,Ciudades,Fronterizas,79081,51096,57469,82540,64.61223302689648,2021-10-01
2021,10,Monterrey,Ciudades,Grandes,460338,238000,195742,445551,51.70114133527973,2021-10-01
2021,10,Morelia,Ciudades,Interior,122450,62958,51942,105431,51.41527153940384,2021-10-01
2021,10,Mérida,Ciudades,Interior,230650,91506,100931,167957,39.67309776717971,2021-10-01
2021,10,Nuevo Nayarit,Centros de Playa,Otros,314030,161403,106251,468658,51.39731872751011,2021-10-01
2021,10,Oaxaca,Ciudades,Interior,191053,77604,71623,141835,40.61909522488524,2021-10-01
2021,10,Pachuca,Ciudades,Interior,48949,17109,19893,21760,34.952705877546016,2021-10-01
2021,10,Palenque,Ciudades,Interior,64356,17283,33836,35600,26.8553048666791,2021-10-01
2021,10,Piedras Negras,Ciudades,Fronterizas,25141,12902,22412,25831,51.31856330297124,2021-10-01
2021,10,Playas de Rosarito,Centros de Playa,Otros,81226,27307,68483,85332,33.618545785832126,2021-10-01
2021,10,Puebla,Ciudades,Interior,300973,102779,145255,252838,34.148910367375144,2021-10-01
2021,10,Puerto Escondido,Centros de Playa,Otros,77134,25276,27553,57077,32.768947545829334,2021-10-01
2021,10,Puerto Vallarta,Centros de Playa,Tradicionales,405697,236211,166817,494848,58.223501775955945,2021-10-01
2021,10,Querétaro,Ciudades,Interior,234214,109218,93022,186792,46.6317128779663,2021-10-01
2021,10,Riviera Maya,Centros de Playa,Otros,1441360,785802,300359,1651786,54.51809402231226,2021-10-01
2021,10,Salamanca,Ciudades,Interior,33883,9286,11936,15290,27.406073842339815,2021-10-01
2021,10,San Cristóbal de las Casas,Ciudades,Interior,102789,30908,59459,61603,30.069365399021297,2021-10-01
2021,10,San Felipe,Centros de Playa,Otros,25513,7621,18495,18917,29.871046133343786,2021-10-01
2021,10,San Juan de los Lagos,Ciudades,Interior,113956,31961,119336,122824,28.046789989118608,2021-10-01
2021,10,San Juan del Río,Ciudades,Interior,38006,17554,21499,29992,46.18744408777562,2021-10-01
2021,10,San Luis Potosí,Ciudades,Interior,182840,76196,64047,129646,41.67359439947495,2021-10-01
2021,10,San Miguel de Allende,Ciudades,Interior,76721,26142,44354,51626,34.074112694047265,2021-10-01
2021,10,Taxco,Ciudades,Interior,27497,5860,12586,12586,21.311415790813545,2021-10-01
2021,10,Tecate,Ciudades,Fronterizas,15438,8924,17580,17580,57.805415209223995,2021-10-01
2021,10,Tequisquiapan,Ciudades,Interior,23295,4381,7724,10289,18.80661086069972,2021-10-01
2021,10,Tijuana,Ciudades,Fronterizas,200198,132646,135033,153383,66.25740516888281,2021-10-01
2021,10,Tlaxcala,Ciudades,Interior,20210,3761,4770,6303,18.609599208312716,2021-10-01
2021,10,Toluca,Ciudades,Interior,112561,33597,48143,49875,29.847815850960814,2021-10-01
2021,10,Tonalá Puerto Arista,Centros de Playa,Otros,23219,4305,8345,9497,18.540850165812483,2021-10-01
2021,10,Tuxtla Gutiérrez,Ciudades,Interior,133345,38504,49498,69747,28.875473396077844,2021-10-01
2021,10,Valle de Bravo,Ciudades,Interior,37851,8886,17051,18406,23.476262185939607,2021-10-01
2021,10,Veracruz-Boca del Río,Centros de Playa,Tradicionales,323764,121003,177101,285580,37.37382784991537,2021-10-01
2021,10,Villahermosa,Ciudades,Interior,159536,76403,52308,110139,47.89075819877645,2021-10-01
2021,10,Xalapa,Ciudades,Interior,105245,35993,54844,71299,34.19924937051641,2021-10-01
2021,10,Zacatecas,Ciudades,Interior,95032,30389,29833,53513,31.97764963380756,2021-10-01
2021,11,Acapulco,Centros de Playa,Tradicionales,589740,266749,529376,698207,45.23162749686303,2021-11-01
2021,11,Aguascalientes,Ciudades,Interior,186972,99468,94852,172697,53.19940953725691,2021-11-01
2021,11,Bahías de Huatulco,Centros de Playa,Integralmente Planeados,129660,81020,55523,178457,62.48650316211631,2021-11-01
2021,11,Campeche,Ciudades,Interior,42360,18965,22945,33394,44.771010387157695,2021-11-01
2021,11,Cancún,Centros de Playa,Integralmente Planeados,1012286,725812,565395,1892870,71.70029023418283,2021-11-01
2021,11,Celaya,Ciudades,Interior,99775,21766,29159,37975,21.81508393886244,2021-11-01
2021,11,Chihuahua,Ciudades,Interior,150210,77819,88851,141075,51.80680380800213,2021-11-01
2021,11,Ciudad Juárez,Ciudades,Fronterizas,135990,90997,129522,143818,66.91447900580926,2021-11-01
2021,11,Ciudad de México,Ciudades,Grandes,1550906,812978,722960,1441179,52.419553473904934,2021-11-01
2021,11,Coatzacoalcos,Ciudades,Interior,56970,20049,28133,30369,35.19220642443391,2021-11-01
2021,11,Colima,Ciudades,Interior,42094,17686,19011,32990,42.015489143345846,2021-11-01
2021,11,Comitán de Domínguez,Ciudades,Interior,41460,8643,15114,15612,20.8465991316932,2021-11-01
2021,11,Cozumel,Centros de Playa,Tradicionales,155610,85935,63154,184717,55.22459996144207,2021-11-01
2021,11,Culiacán,Ciudades,Interior,85350,38532,57856,73976,45.14586994727592,2021-11-01
2021,11,Durango,Ciudades,Interior,57900,26007,24874,39470,44.917098445595855,2021-11-01
2021,11,El Fuerte,Ciudades,Interior,12210,3990,7048,7911,32.67813267813268,2021-11-01
2021,11,Guadalajara,Ciudades,Grandes,644189,322920,300680,546620,50.128145621859424,2021-11-01
2021,11,Guanajuato,Ciudades,Interior,83430,35371,63589,78943,42.396020616085345,2021-11-01
2021,11,Hermosillo,Ciudades,Interior,87600,45223,40811,85059,51.62442922374429,2021-11-01
2021,11,Irapuato,Ciudades,Interior,88800,31365,48793,56584,35.320945945945944,2021-11-01
2021,11,Isla Mujeres,Centros de Playa,Otros,49410,25817,31298,55332,52.25055656749646,2021-11-01
2021,11,Ixtapa - Zihuatanejo,Centros de Playa,Integralmente Planeados,188910,102812,104086,247762,54.42379969297549,2021-11-01
2021,11,La Paz,Centros de Playa,Tradicionales,62550,32876,34451,67492,52.55955235811351,2021-11-01
2021,11,León,Ciudades,Interior,193963,81171,130320,137716,41.848703103169164,2021-11-01
2021,11,Loreto,Centros de Playa,Integralmente Planeados,26970,11773,11354,25533,43.65220615498702,2021-11-01
2021,11,Los Cabos,Centros de Playa,Integralmente Planeados,662760,493739,240229,1128769,74.4974047920816,2021-11-01
2021,11,Los Mochis,Ciudades,Interior,47667,26878,42109,48872,56.38701827259949,2021-11-01
2021,11,Manzanillo,Centros de Playa,Tradicionales,142710,68720,89854,170349,48.15359820615234,2021-11-01
2021,11,Mazatlán,Centros de Playa,Tradicionales,293128,192680,245268,577655,65.73237629977348,2021-11-01
2021,11,Mexicali,Ciudades,Fronterizas,76530,48359,57832,77654,63.189598850124135,2021-11-01
2021,11,Monterrey,Ciudades,Grandes,481800,286651,214231,515753,59.49584889995849,2021-11-01
2021,11,Morelia,Ciudades,Interior,118500,61663,54846,105222,52.03628691983123,2021-11-01
2021,11,Mérida,Ciudades,Interior,225200,124787,124220,231233,55.41163410301954,2021-11-01
2021,11,Nuevo Nayarit,Centros de Playa,Otros,303820,188001,98386,517386,61.87907313540912,2021-11-01
2021,11,Oaxaca,Ciudades,Interior,184884,86913,78549,158610,47.00947621211138,2021-11-01
2021,11,Pachuca,Ciudades,Interior,47386,17619,21134,23925,37.18186806229688,2021-11-01
2021,11,Palenque,Ciudades,Interior,61906,18458,35234,38775,29.816172907311085,2021-11-01
2021,11,Piedras Negras,Ciudades,Fronterizas,24331,11267,18987,22479,46.30718014056142,2021-11-01
2021,11,Playas de Rosarito,Centros de Playa,Otros,78630,23199,57897,72662,29.504006104540252,2021-11-01
2021,11,Puebla,Ciudades,Interior,291270,120915,171203,304692,41.513029148213,2021-11-01
2021,11,Puerto Escondido,Centros de Playa,Otros,75236,35399,34866,81843,47.050614067733534,2021-11-01
2021,11,Puerto Vallarta,Centros de Playa,Tradicionales,394577,293733,192110,614508,74.4425042513882,2021-11-01
2021,11,Querétaro,Ciudades,Interior,215857,110111,84089,189415,51.01108604307481,2021-11-01
2021,11,Riviera Maya,Centros de Playa,Otros,1409762,1025531,387348,2140299,72.74497397433042,2021-11-01
2021,11,Salamanca,Ciudades,Interior,36150,11865,17230,21061,32.821576763485474,2021-11-01
2021,11,San Cristóbal de las Casas,Ciudades,Interior,99461,37223,69921,73336,37.42471923668574,2021-11-01
2021,11,San Felipe,Centros de Playa,Otros,24690,5095,12349,12641,20.63588497367355,2021-11-01
2021,11,San Juan de los Lagos,Ciudades,Interior,110280,29131,107701,111186,26.415487849111354,2021-11-01
2021,11,San Juan del Río,Ciudades,Interior,36893,17339,22054,30271,46.99807551568048,2021-11-01
2021,11,San Luis Potosí,Ciudades,Interior,172518,74390,63051,127000,43.12013818847888,2021-11-01
2021,11,San Miguel de Allende,Ciudades,Interior,69690,26759,46351,53491,38.397187544841444,2021-11-01
2021,11,Taxco,Ciudades,Interior,26610,7247,15552,15552,27.234122510334462,2021-11-01
2021,11,Tecate,Ciudades,Fronterizas,14940,8736,13121,13121,58.47389558232932,2021-11-01
2021,11,Tequisquiapan,Ciudades,Interior,22530,4146,7097,9226,18.40213049267643,2021-11-01
2021,11,Tijuana,Ciudades,Fronterizas,193740,128436,137394,158921,66.29296995973986,2021-11-01
2021,11,Tlaxcala,Ciudades,Interior,19780,5191,6351,8482,26.243680485338725,2021-11-01
2021,11,Toluca,Ciudades,Interior,108930,37051,54404,56333,34.01358670705958,2021-11-01
2021,11,Tonalá Puerto Arista,Centros de Playa,Otros,22150,4516,7382,10029,20.388261851015802,2021-11-01
2021,11,Tuxtla Gutiérrez,Ciudades,Interior,128722,42788,54343,77360,33.24062708783269,2021-11-01
2021,11,Valle de Bravo,Ciudades,Interior,36630,9487,16482,18386,25.8995358995359,2021-11-01
2021,11,Veracruz-Boca del Río,Centros de Playa,Tradicionales,312131,140019,194631,322294,44.85904956572721,2021-11-01
2021,11,Villahermosa,Ciudades,Interior,154512,75810,60971,114974,49.06415035725381,2021-11-01
2021,11,Xalapa,Ciudades,Interior,93456,36484,58143,75522,39.0386920047937,2021-11-01
2021,11,Zacatecas,Ciudades,Interior,90783,32133,31680,56345,35.39539341066059,2021-11-01
2021,12,Acapulco,Centros de Playa,Tradicionales,609398,318098,621596,873824,52.19872726855027,2021-12-01
2021,12,Aguascalientes,Ciudades,Interior,191799,74414,78544,125209,38.79790822684164,2021-12-01
2021,12,Bahías de Huatulco,Centros de Playa,Integralmente Planeados,129580,88366,56069,198330,68.19416576632196,2021-12-01
2021,12,Campeche,Ciudades,Interior,43772,20724,25513,38550,47.34533491729873,2021-12-01
2021,12,Cancún,Centros de Playa,Integralmente Planeados,1057492,800137,674665,2296022,75.66364568242597,2021-12-01
2021,12,Celaya,Ciudades,Interior,103170,22475,30798,39602,21.784433459338956,2021-12-01
2021,12,Chihuahua,Ciudades,Interior,155184,76595,85288,138334,49.357536859470045,2021-12-01
2021,12,Ciudad Juárez,Ciudades,Fronterizas,140802,86635,127768,143996,61.52966577179301,2021-12-01
2021,12,Ciudad de México,Ciudades,Grandes,1603537,739625,682532,1360509,46.12459830986126,2021-12-01
2021,12,Coatzacoalcos,Ciudades,Interior,59702,21351,32154,35004,35.76262101772135,2021-12-01
2021,12,Colima,Ciudades,Interior,43562,20766,24017,41421,47.66998760387494,2021-12-01
2021,12,Comitán de Domínguez,Ciudades,Interior,42847,13660,25041,26037,31.880878474572317,2021-12-01
2021,12,Cozumel,Centros de Playa,Tradicionales,160797,93990,69838,207847,58.45258307057968,2021-12-01
2021,12,Culiacán,Ciudades,Interior,88164,33193,51493,66040,37.649153849643845,2021-12-01
2021,12,Durango,Ciudades,Interior,59861,26073,27915,41837,43.555904512119746,2021-12-01
2021,12,El Fuerte,Ciudades,Interior,12617,3857,7005,8014,30.569866053737023,2021-12-01
2021,12,Guadalajara,Ciudades,Grandes,662997,301865,322678,557982,45.53037193230135,2021-12-01
2021,12,Guanajuato,Ciudades,Interior,94550,33617,63489,73241,35.55473294553146,2021-12-01
2021,12,Hermosillo,Ciudades,Interior,75051,32932,30557,61649,43.879495276545285,2021-12-01
2021,12,Irapuato,Ciudades,Interior,91758,23268,37644,43207,25.358006931275746,2021-12-01
2021,12,Isla Mujeres,Centros de Playa,Otros,51057,29026,35333,67767,56.85018704585072,2021-12-01
2021,12,Ixtapa - Zihuatanejo,Centros de Playa,Integralmente Planeados,195207,123519,109474,306385,63.27590711398669,2021-12-01
2021,12,La Paz,Centros de Playa,Tradicionales,64635,30681,29809,62382,47.468090044093756,2021-12-01
2021,12,León,Ciudades,Interior,197625,67119,113509,120653,33.96280834914611,2021-12-01
2021,12,Loreto,Centros de Playa,Integralmente Planeados,27032,10311,11002,22756,38.143681562592484,2021-12-01
2021,12,Los Cabos,Centros de Playa,Integralmente Planeados,688152,505602,254490,1228348,73.4724305095386,2021-12-01
2021,12,Los Mochis,Ciudades,Interior,49588,31396,47541,59733,63.31370492861176,2021-12-01
2021,12,Manzanillo,Centros de Playa,Tradicionales,147467,81891,105203,211821,55.531746085564905,2021-12-01
2021,12,Mazatlán,Centros de Playa,Tradicionales,306559,197805,252670,591446,64.52428406929825,2021-12-01
2021,12,Mexicali,Ciudades,Fronterizas,79019,46987,62020,84022,59.46291398271302,2021-12-01
2021,12,Monterrey,Ciudades,Grandes,511002,271568,245226,532903,53.14421469974677,2021-12-01
2021,12,Morelia,Ciudades,Interior,122450,63435,68694,125807,51.80481829318089,2021-12-01
2021,12,Mérida,Ciudades,Interior,231708,125709,136561,254465,54.25319799057434,2021-12-01
2021,12,Nuevo Nayarit,Centros de Playa,Otros,288803,191219,87980,520686,66.21087731083126,2021-12-01
2021,12,Oaxaca,Ciudades,Interior,191033,94252,98492,187291,49.33807247962394,2021-12-01
2021,12,Pachuca,Ciudades,Interior,48965,19424,23585,27081,39.66915143469826,2021-12-01
2021,12,Palenque,Ciudades,Interior,64643,24498,48597,53241,37.89737481243135,2021-12-01
2021,12,Piedras Negras,Ciudades,Fronterizas,25142,12521,21599,25978,49.80112958396309,2021-12-01
2021,12,Playas de Rosarito,Centros de Playa,Otros,81251,18982,47704,59565,23.362174004012257,2021-12-01
2021,12,Puebla,Ciudades,Interior,301014,135119,204906,353293,44.88794541117689,2021-12-01
2021,12,Puerto Escondido,Centros de Playa,Otros,76598,42697,39153,106418,55.741664273218625,2021-12-01
2021,12,Puerto Vallarta,Centros de Playa,Tradicionales,407832,312164,200115,653796,76.54230173208576,2021-12-01
2021,12,Querétaro,Ciudades,Interior,223047,115798,110477,231344,51.91641223598614,2021-12-01
2021,12,Riviera Maya,Centros de Playa,Otros,1446505,1068016,326007,2272818,73.83424184499881,2021-12-01
2021,12,Salamanca,Ciudades,Interior,37355,10470,16203,20794,28.028376388702984,2021-12-01
2021,12,San Cristóbal de las Casas,Ciudades,Interior,102842,45070,91454,93517,43.82450749693705,2021-12-01
2021,12,San Felipe,Centros de Playa,Otros,25513,4443,10911,11101,17.41465135421158,2021-12-01
2021,12,San Juan de los Lagos,Ciudades,Interior,113956,36407,135176,137837,31.948295833479587,2021-12-01
2021,12,San Juan del Río,Ciudades,Interior,33818,14213,17499,24379,42.027914128570586,2021-12-01
2021,12,San Luis Potosí,Ciudades,Interior,183492,74935,72001,139712,40.83829267760992,2021-12-01
2021,12,San Miguel de Allende,Ciudades,Interior,72447,26649,47297,57035,36.78413184810965,2021-12-01
2021,12,Taxco,Ciudades,Interior,27497,8698,20006,20006,31.63254173182529,2021-12-01
2021,12,Tecate,Ciudades,Fronterizas,15438,8839,13411,13415,57.254825754631426,2021-12-01
2021,12,Tequisquiapan,Ciudades,Interior,23281,6007,10319,14243,25.80215626476526,2021-12-01
2021,12,Tijuana,Ciudades,Fronterizas,200198,122401,130747,143309,61.139971428285996,2021-12-01
2021,12,Tlaxcala,Ciudades,Interior,20345,5191,8438,10130,25.514868518063405,2021-12-01
2021,12,Toluca,Ciudades,Interior,112561,32875,50998,52649,29.20638587077229,2021-12-01
2021,12,Tonalá Puerto Arista,Centros de Playa,Otros,22515,6742,12536,15688,29.944481456806574,2021-12-01
2021,12,Tuxtla Gutiérrez,Ciudades,Interior,133042,48815,62331,92998,36.69142075434825,2021-12-01
2021,12,Valle de Bravo,Ciudades,Interior,37851,8640,18209,18770,22.82634540699057,2021-12-01
2021,12,Veracruz-Boca del Río,Centros de Playa,Tradicionales,323010,163915,241261,388858,50.74610693167394,2021-12-01
2021,12,Villahermosa,Ciudades,Interior,160209,86964,76924,142252,54.28159466696628,2021-12-01
2021,12,Xalapa,Ciudades,Interior,96637,38463,62953,78410,39.8015252956942,2021-12-01
2021,12,Zacatecas,Ciudades,Interior,96307,33761,37552,65443,35.055603434848976,2021-12-01
2022,1,Acapulco,Centros de Playa,Tradicionales,608964,272154,666467,762489,44.69131180168286,2022-01-01
2022,1,Aguascalientes,Ciudades,Interior,190511,54718,52055,85088,28.721701109122307,2022-01-01
2022,1,Bahías de Huatulco,Centros de Playa,Integralmente Planeados,126598,71376,46547,157576,56.380037599330166,2022-01-01
2022,1,Campeche,Ciudades,Interior,42966,15249,18834,28561,35.490853232788716,2022-01-01
2022,1,Cancún,Centros de Playa,Integralmente Planeados,1059425,720278,563504,1833094,67.98763480189726,2022-01-01
2022,1,Celaya,Ciudades,Interior,100382,18255,23826,30832,18.185531270546512,2022-01-01
2022,1,Chihuahua,Ciudades,Interior,155187,55578,65299,107223,35.813566858048674,2022-01-01
2022,1,Ciudad Juárez,Ciudades,Fronterizas,140802,82688,118251,131476,58.72643854490703,2022-01-01
2022,1,Ciudad de México,Ciudades,Grandes,1603537,587859,583607,1236962,36.66014566548823,2022-01-01
2022,1,Coatzacoalcos,Ciudades,Interior,60326,18766,26760,29203,31.107648443457215,2022-01-01
2022,1,Colima,Ciudades,Interior,43612,13435,16673,25940,30.805741539025956,2022-01-01
2022,1,Comitán de Domínguez,Ciudades,Interior,42842,7922,13391,14009,18.491200224079176,2022-01-01
2022,1,Cozumel,Centros de Playa,Tradicionales,160797,81682,62966,174778,50.798211409416844,2022-01-01
2022,1,Culiacán,Ciudades,Interior,88009,30000,44534,58945,34.08742287720574,2022-01-01
2022,1,Durango,Ciudades,Interior,59861,20538,21469,32936,34.3094836370926,2022-01-01
2022,1,El Fuerte,Ciudades,Interior,12617,3398,6291,6899,26.9319172544979,2022-01-01
2022,1,Guadalajara,Ciudades,Grandes,663326,222790,227640,397283,33.58680347219919,2022-01-01
2022,1,Guanajuato,Ciudades,Interior,98116,22360,41099,48295,22.789351379999186,2022-01-01
2022,1,Hermosillo,Ciudades,Interior,96689,36287,36300,75777,37.52960522913671,2022-01-01
2022,1,Irapuato,Ciudades,Interior,91217,16179,23749,28732,17.736825372463468,2022-01-01
2022,1,Isla Mujeres,Centros de Playa,Otros,51057,28958,35510,60652,56.717002565759834,2022-01-01
2022,1,Ixtapa - Zihuatanejo,Centros de Playa,Integralmente Planeados,195207,110942,86840,253031,56.83300291485449,2022-01-01
2022,1,La Paz,Centros de Playa,Tradicionales,84527,43330,39215,86470,51.26172702213494,2022-01-01
2022,1,León,Ciudades,Interior,193471,54443,92092,96096,28.140134697189758,2022-01-01
2022,1,Loreto,Centros de Playa,Integralmente Planeados,20956,5314,6311,11071,25.357892727619774,2022-01-01
2022,1,Los Cabos,Centros de Playa,Integralmente Planeados,702560,438674,208150,999028,62.439364609428374,2022-01-01
2022,1,Los Mochis,Ciudades,Interior,48499,20785,33541,38631,42.85655374337615,2022-01-01
2022,1,Manzanillo,Centros de Playa,Tradicionales,147297,56428,72413,142464,38.3089947520995,2022-01-01
2022,1,Mazatlán,Centros de Playa,Tradicionales,305691,148074,187397,455280,48.43911008174922,2022-01-01
2022,1,Mexicali,Ciudades,Fronterizas,79081,34902,38855,53081,44.13449501144396,2022-01-01
2022,1,Monterrey,Ciudades,Grandes,499472,168232,142136,332849,33.68196815837524,2022-01-01
2022,1,Morelia,Ciudades,Interior,122593,44232,46941,84607,36.0803634791546,2022-01-01
2022,1,Mérida,Ciudades,Interior,230135,98230,108713,188256,42.68364221000717,2022-01-01
2022,1,Nuevo Nayarit,Centros de Playa,Otros,334280,191142,88754,503977,57.180208208687326,2022-01-01
2022,1,Oaxaca,Ciudades,Interior,191021,67827,68444,132468,35.50761434606666,2022-01-01
2022,1,Pachuca,Ciudades,Interior,48949,13590,18549,22431,27.763590676009724,2022-01-01
2022,1,Palenque,Ciudades,Interior,64001,18976,36699,39760,29.649536725988657,2022-01-01
2022,1,Piedras Negras,Ciudades,Fronterizas,25145,12155,19468,24066,48.33963014515808,2022-01-01
2022,1,Playas de Rosarito,Centros de Playa,Otros,81247,18055,45107,56842,22.22235897940847,2022-01-01
2022,1,Puebla,Ciudades,Interior,300917,91695,136467,252417,30.471857688332662,2022-01-01
2022,1,Puerto Escondido,Centros de Playa,Otros,76909,45354,43002,105220,58.97099169147954,2022-01-01
2022,1,Puerto Vallarta,Centros de Playa,Tradicionales,407929,270316,158774,551478,66.26545305678194,2022-01-01
2022,1,Querétaro,Ciudades,Interior,234547,78293,69251,144428,33.3805164849689,2022-01-01
2022,1,Riviera Maya,Centros de Playa,Otros,1520395,983917,286746,2068085,64.71456430730171,2022-01-01
2022,1,Salamanca,Ciudades,Interior,37355,7582,9804,13963,20.297148976040692,2022-01-01
2022,1,San Cristóbal de las Casas,Ciudades,Interior,102892,28559,55938,57567,27.7562881467947,2022-01-01
2022,1,San Felipe,Centros de Playa,Otros,25513,5182,11279,12075,20.31121389095755,2022-01-01
2022,1,San Juan de los Lagos,Ciudades,Interior,113950,32932,122579,124811,28.900394910048266,2022-01-01
2022,1,San Juan del Río,Ciudades,Interior,38693,11697,14984,21720,30.23027420980539,2022-01-01
2022,1,San Luis Potosí,Ciudades,Interior,182631,56562,52177,97292,30.970645728271762,2022-01-01
2022,1,San Miguel de Allende,Ciudades,Interior,75136,16847,28635,34618,22.422008091993185,2022-01-01
2022,1,Taxco,Ciudades,Interior,27483,6904,15905,15905,25.120983880944586,2022-01-01
2022,1,Tecate,Ciudades,Fronterizas,15717,7513,11064,11094,47.801743335242094,2022-01-01
2022,1,Tequisquiapan,Ciudades,Interior,28551,4939,9058,12161,17.298868691114148,2022-01-01
2022,1,Tijuana,Ciudades,Fronterizas,200198,99492,101619,112710,49.69680016783384,2022-01-01
2022,1,Tlaxcala,Ciudades,Interior,20305,2598,3714,4654,12.794878108840187,2022-01-01
2022,1,Toluca,Ciudades,Interior,112561,24794,36957,38018,22.02716749140466,2022-01-01
2022,1,Tonalá Puerto Arista,Centros de Playa,Otros,22594,5064,13920,16056,22.413030007966718,2022-01-01
2022,1,Tuxtla Gutiérrez,Ciudades,Interior,128976,35764,46502,68349,27.72918992680809,2022-01-01
2022,1,Valle de Bravo,Ciudades,Interior,37851,6676,13642,13826,17.637578927901508,2022-01-01
2022,1,Veracruz-Boca del Río,Centros de Playa,Tradicionales,322894,100601,145740,241306,31.15604501786964,2022-01-01
2022,1,Villahermosa,Ciudades,Interior,160709,74757,63656,121269,46.51699655899794,2022-01-01
2022,1,Xalapa,Ciudades,Interior,96658,24129,35643,58330,24.96327256926483,2022-01-01
2022,1,Zacatecas,Ciudades,Interior,95227,18692,20177,33905,19.62888676530816,2022-01-01
2022,2,Acapulco,Centros de Playa,Tradicionales,550120,226730,506861,590705,41.214644077655784,2022-02-01
2022,2,Aguascalientes,Ciudades,Interior,172790,58565,53721,88629,33.893743850917296,2022-02-01
2022,2,Bahías de Huatulco,Centros de Playa,Integralmente Planeados,115099,70686,45468,150603,61.413218186083284,2022-02-01
2022,2,Campeche,Ciudades,Interior,38844,15384,18460,28179,39.60457213469262,2022-02-01
2022,2,Cancún,Centros de Playa,Integralmente Planeados,959728,687816,534519,1714886,71.66780587833219,2022-02-01
2022,2,Celaya,Ciudades,Interior,93476,19826,24469,32792,21.209722281655186,2022-02-01
2022,2,Chihuahua,Ciudades,Interior,140196,63413,73760,117704,45.231675654084285,2022-02-01
2022,2,Ciudad Juárez,Ciudades,Fronterizas,127176,87888,120761,133800,69.10737875070768,2022-02-01
2022,2,Ciudad de México,Ciudades,Grandes,1448356,644117,572914,1254049,44.47228443835632,2022-02-01
2022,2,Coatzacoalcos,Ciudades,Interior,58261,16730,22500,24302,28.715607353117868,2022-02-01
2022,2,Colima,Ciudades,Interior,35787,12654,14865,23393,35.35920865118619,2022-02-01
2022,2,Comitán de Domínguez,Ciudades,Interior,38696,7173,11552,11959,18.536799669216457,2022-02-01
2022,2,Cozumel,Centros de Playa,Tradicionales,145236,80793,61170,168988,55.628769726514086,2022-02-01
2022,2,Culiacán,Ciudades,Interior,79492,34326,44998,59405,43.18170381925225,2022-02-01
2022,2,Durango,Ciudades,Interior,54152,20662,21410,31766,38.155562121435956,2022-02-01
2022,2,El Fuerte,Ciudades,Interior,11396,2877,5029,5645,25.245700245700245,2022-02-01
2022,2,Guadalajara,Ciudades,Grandes,600886,258207,257879,438346,42.97104608860916,2022-02-01
2022,2,Guanajuato,Ciudades,Interior,92344,22319,40728,48513,24.16941003205406,2022-02-01
2022,2,Hermosillo,Ciudades,Interior,87332,46976,36227,78057,53.79013420052215,2022-02-01
2022,2,Irapuato,Ciudades,Interior,82908,18147,27681,33319,21.88811694890722,2022-02-01
2022,2,Isla Mujeres,Centros de Playa,Otros,46116,28673,38280,61019,62.17581750368635,2022-02-01
2022,2,Ixtapa - Zihuatanejo,Centros de Playa,Integralmente Planeados,176316,100190,78988,225948,56.824111254792534,2022-02-01
2022,2,La Paz,Centros de Playa,Tradicionales,76410,52950,56835,110660,69.29721240675305,2022-02-01
2022,2,León,Ciudades,Interior,174748,62827,102405,108250,35.9529150548218,2022-02-01
2022,2,Loreto,Centros de Playa,Integralmente Planeados,18928,7908,9388,16941,41.77937447168216,2022-02-01
2022,2,Los Cabos,Centros de Playa,Integralmente Planeados,634482,448637,219187,1039029,70.70917693488546,2022-02-01
2022,2,Los Mochis,Ciudades,Interior,44014,20203,31648,35740,45.90130413050393,2022-02-01
2022,2,Manzanillo,Centros de Playa,Tradicionales,133168,49955,64025,121270,37.51276582962874,2022-02-01
2022,2,Mazatlán,Centros de Playa,Tradicionales,276081,154532,195151,473206,55.97342808813355,2022-02-01
2022,2,Mexicali,Ciudades,Fronterizas,71428,38851,45683,61409,54.39183513468108,2022-02-01
2022,2,Monterrey,Ciudades,Grandes,451125,217010,183949,401338,48.104183984483235,2022-02-01
2022,2,Morelia,Ciudades,Interior,110264,44359,39881,73877,40.229812087353984,2022-02-01
2022,2,Mérida,Ciudades,Interior,209018,92487,100228,165808,44.24834224803605,2022-02-01
2022,2,Nuevo Nayarit,Centros de Playa,Otros,301912,187505,82725,478193,62.105845411908106,2022-02-01
2022,2,Oaxaca,Ciudades,Interior,172553,66301,65079,121582,38.423556820223354,2022-02-01
2022,2,Pachuca,Ciudades,Interior,44212,17644,27164,32413,39.90771736180223,2022-02-01
2022,2,Palenque,Ciudades,Interior,57792,18269,35123,37745,31.611641749723145,2022-02-01
2022,2,Piedras Negras,Ciudades,Fronterizas,32065,18842,33417,39741,58.76188991111804,2022-02-01
2022,2,Playas de Rosarito,Centros de Playa,Otros,73388,23564,59198,73945,32.10879162805908,2022-02-01
2022,2,Puebla,Ciudades,Interior,270506,85031,122422,211209,31.434053218782577,2022-02-01
2022,2,Puerto Escondido,Centros de Playa,Otros,70205,38388,34092,87780,54.67986610640268,2022-02-01
2022,2,Puerto Vallarta,Centros de Playa,Tradicionales,367717,270579,155371,545558,73.5834894769619,2022-02-01
2022,2,Querétaro,Ciudades,Interior,202099,91829,80420,162562,45.437632051618266,2022-02-01
2022,2,Riviera Maya,Centros de Playa,Otros,1382786,965360,295674,2005579,69.81268251197221,2022-02-01
2022,2,Salamanca,Ciudades,Interior,33740,8117,13969,15748,24.05749851807943,2022-02-01
2022,2,San Cristóbal de las Casas,Ciudades,Interior,92825,29873,56405,57759,32.182063021815246,2022-02-01
2022,2,San Felipe,Centros de Playa,Otros,23044,6315,14208,14661,27.40409651102239,2022-02-01
2022,2,San Juan de los Lagos,Ciudades,Interior,102910,23924,86933,88285,23.247497813623553,2022-02-01
2022,2,San Juan del Río,Ciudades,Interior,30867,11882,12762,20412,38.494184728026696,2022-02-01
2022,2,San Luis Potosí,Ciudades,Interior,164940,59698,50631,95319,36.19376743058082,2022-02-01
2022,2,San Miguel de Allende,Ciudades,Interior,67872,20635,35861,41236,30.40281706742103,2022-02-01
2022,2,Taxco,Ciudades,Interior,24836,5768,12820,12820,23.22435174746336,2022-02-01
2022,2,Tecate,Ciudades,Fronterizas,14308,7679,11330,11330,53.669275929549904,2022-02-01
2022,2,Tequisquiapan,Ciudades,Interior,21028,3778,6670,8466,17.966520829370364,2022-02-01
2022,2,Tijuana,Ciudades,Fronterizas,180824,104824,109469,119795,57.970180949431494,2022-02-01
2022,2,Tlaxcala,Ciudades,Interior,18301,3390,4262,6086,18.523577946560298,2022-02-01
2022,2,Toluca,Ciudades,Interior,101668,30794,45690,47626,30.288783097926583,2022-02-01
2022,2,Tonalá Puerto Arista,Centros de Playa,Otros,20972,4199,11747,13020,20.021934007247758,2022-02-01
2022,2,Tuxtla Gutiérrez,Ciudades,Interior,116603,33552,42729,62145,28.77455983122218,2022-02-01
2022,2,Valle de Bravo,Ciudades,Interior,34188,7217,13860,13885,21.10974610974611,2022-02-01
2022,2,Veracruz-Boca del Río,Centros de Playa,Tradicionales,290402,96849,134603,225743,33.34997692853355,2022-02-01
2022,2,Villahermosa,Ciudades,Interior,144417,75948,48743,111642,52.58937659693803,2022-02-01
2022,2,Xalapa,Ciudades,Interior,87304,25935,36884,58525,29.70654265554843,2022-02-01
2022,2,Zacatecas,Ciudades,Interior,83716,19119,18186,31355,22.83792823355153,2022-02-01
2022,3,Acapulco,Centros de Playa,Tradicionales,608975,266799,616889,713682,43.8111580935178,2022-03-01
2022,3,Aguascalientes,Ciudades,Interior,192737,82000,74527,135440,42.54502249178933,2022-03-01
2022,3,Bahías de Huatulco,Centros de Playa,Integralmente Planeados,131186,88028,57256,192886,67.10167243455857,2022-03-01
2022,3,Campeche,Ciudades,Interior,42966,18725,22763,36803,43.58097100032584,2022-03-01
2022,3,Cancún,Centros de Playa,Integralmente Planeados,1062555,863969,650779,2249555,81.31052039659123,2022-03-01
2022,3,Celaya,Ciudades,Interior,103170,23527,29991,39598,22.804109721818357,2022-03-01
2022,3,Chihuahua,Ciudades,Interior,155058,87471,99143,157475,56.41179429632783,2022-03-01
2022,3,Ciudad Juárez,Ciudades,Fronterizas,140796,104543,150675,166544,74.25139918747692,2022-03-01
2022,3,Ciudad de México,Ciudades,Grandes,1603537,802879,695622,1589112,50.06925315723928,2022-03-01
2022,3,Coatzacoalcos,Ciudades,Interior,60326,21353,29929,32630,35.39601498524683,2022-03-01
2022,3,Colima,Ciudades,Interior,39625,14394,16113,26660,36.325552050473185,2022-03-01
2022,3,Comitán de Domínguez,Ciudades,Interior,42832,8512,14014,14440,19.872992155397835,2022-03-01
2022,3,Cozumel,Centros de Playa,Tradicionales,160797,99220,71395,208966,61.705131314638955,2022-03-01
2022,3,Culiacán,Ciudades,Interior,88009,41960,55714,80413,47.67694213091843,2022-03-01
2022,3,Durango,Ciudades,Interior,59697,27991,26987,42932,46.88845335611505,2022-03-01
2022,3,El Fuerte,Ciudades,Interior,12617,3618,6293,7237,28.675596417531903,2022-03-01
2022,3,Guadalajara,Ciudades,Grandes,666832,320535,302583,534839,48.06832905439451,2022-03-01
2022,3,Guanajuato,Ciudades,Interior,91705,27007,48596,57155,29.4498664194973,2022-03-01
2022,3,Hermosillo,Ciudades,Interior,96689,52329,43735,89009,54.1209444714497,2022-03-01
2022,3,Irapuato,Ciudades,Interior,87389,23783,36828,42741,27.21509572142947,2022-03-01
2022,3,Isla Mujeres,Centros de Playa,Otros,51057,29921,38860,65096,58.60312983528213,2022-03-01
2022,3,Ixtapa - Zihuatanejo,Centros de Playa,Integralmente Planeados,195021,112665,90794,255225,57.770701616748966,2022-03-01
2022,3,La Paz,Centros de Playa,Tradicionales,84599,60649,63243,127622,71.68997269471271,2022-03-01
2022,3,León,Ciudades,Interior,193663,67109,114460,120804,34.65246329964939,2022-03-01
2022,3,Loreto,Centros de Playa,Integralmente Planeados,7657,6617,14065,14190,86.41765704584041,2022-03-01
2022,3,Los Cabos,Centros de Playa,Integralmente Planeados,702460,550571,285351,1368614,78.37755886456168,2022-03-01
2022,3,Los Mochis,Ciudades,Interior,49083,21285,33052,38172,43.3653199682171,2022-03-01
2022,3,Manzanillo,Centros de Playa,Tradicionales,141071,63283,80999,156484,44.8589717234584,2022-03-01
2022,3,Mazatlán,Centros de Playa,Tradicionales,305656,202450,259592,639728,66.23459052006177,2022-03-01
2022,3,Mexicali,Ciudades,Fronterizas,79081,53441,64142,88582,67.57754707198949,2022-03-01
2022,3,Monterrey,Ciudades,Grandes,499935,322810,240394,545258,64.57039415123967,2022-03-01
2022,3,Morelia,Ciudades,Interior,123287,58401,54071,100374,47.36995790310414,2022-03-01
2022,3,Mérida,Ciudades,Interior,231184,122435,128545,228246,52.95997992940688,2022-03-01
2022,3,Nuevo Nayarit,Centros de Playa,Otros,337063,242622,104726,635596,71.9812023271614,2022-03-01
2022,3,Oaxaca,Ciudades,Interior,191043,87791,84955,164762,45.95352878671294,2022-03-01
2022,3,Pachuca,Ciudades,Interior,48949,19614,28460,39189,40.07027722731823,2022-03-01
2022,3,Palenque,Ciudades,Interior,64094,22447,42836,46541,35.02199893905826,2022-03-01
2022,3,Piedras Negras,Ciudades,Fronterizas,35497,22445,43212,50491,63.230695551736765,2022-03-01
2022,3,Playas de Rosarito,Centros de Playa,Otros,81251,33308,83415,103295,40.99395699745234,2022-03-01
2022,3,Puebla,Ciudades,Interior,301612,119261,172483,303893,39.541198626049365,2022-03-01
2022,3,Puerto Escondido,Centros de Playa,Otros,79980,37397,32055,82645,46.757939484871216,2022-03-01
2022,3,Puerto Vallarta,Centros de Playa,Tradicionales,407476,318325,195489,647370,78.12116541833139,2022-03-01
2022,3,Querétaro,Ciudades,Interior,222938,117619,102328,199379,52.75861450268685,2022-03-01
2022,3,Riviera Maya,Centros de Playa,Otros,1532220,1176875,354217,2476300,76.80848703188838,2022-03-01
2022,3,Salamanca,Ciudades,Interior,36980,9249,14540,17710,25.010816657652786,2022-03-01
2022,3,San Cristóbal de las Casas,Ciudades,Interior,102785,31749,60773,62502,30.888748358223477,2022-03-01
2022,3,San Felipe,Centros de Playa,Otros,25513,9600,22104,24285,37.62787598479207,2022-03-01
2022,3,San Juan de los Lagos,Ciudades,Interior,113956,21473,78455,79547,18.843237740882447,2022-03-01
2022,3,San Juan del Río,Ciudades,Interior,30938,13610,14772,23635,43.991208222897406,2022-03-01
2022,3,San Luis Potosí,Ciudades,Interior,184622,85502,73025,143525,46.31192382272969,2022-03-01
2022,3,San Miguel de Allende,Ciudades,Interior,72608,28233,44677,59827,38.88414499779638,2022-03-01
2022,3,Taxco,Ciudades,Interior,27497,6678,15012,15012,24.286285776630177,2022-03-01
2022,3,Tecate,Ciudades,Fronterizas,15841,8571,12803,12803,54.10643267470488,2022-03-01
2022,3,Tequisquiapan,Ciudades,Interior,23281,4300,7965,10104,18.469996993256302,2022-03-01
2022,3,Tijuana,Ciudades,Fronterizas,196261,138162,142047,150081,70.39707328506428,2022-03-01
2022,3,Tlaxcala,Ciudades,Interior,20362,4780,5707,8714,23.47510067773303,2022-03-01
2022,3,Toluca,Ciudades,Interior,112561,42124,63466,65106,37.42326383027869,2022-03-01
2022,3,Tonalá Puerto Arista,Centros de Playa,Otros,23219,5756,15993,17206,24.790042637495155,2022-03-01
2022,3,Tuxtla Gutiérrez,Ciudades,Interior,129143,44399,56481,82608,34.37971860650597,2022-03-01
2022,3,Valle de Bravo,Ciudades,Interior,37851,7443,15653,15928,19.663945470397085,2022-03-01
2022,3,Veracruz-Boca del Río,Centros de Playa,Tradicionales,322198,145945,188814,341553,45.29668092291076,2022-03-01
2022,3,Villahermosa,Ciudades,Interior,160526,87796,65771,134522,54.692697756126734,2022-03-01
2022,3,Xalapa,Ciudades,Interior,96632,39288,54038,87469,40.65733918370726,2022-03-01
2022,3,Zacatecas,Ciudades,Interior,91852,28831,27708,50737,31.38853808300309,2022-03-01
2022,4,Acapulco,Centros de Playa,Tradicionales,589353,312514,760433,864979,53.02662411152569,2022-04-01
2022,4,Aguascalientes,Ciudades,Interior,188342,108352,109470,192896,57.529388028161534,2022-04-01
2022,4,Bahías de Huatulco,Centros de Playa,Integralmente Planeados,126907,91641,61345,207528,72.2111467452544,2022-04-01
2022,4,Campeche,Ciudades,Interior,62790,30543,37819,61972,48.64309603440038,2022-04-01
2022,4,Cancún,Centros de Playa,Integralmente Planeados,1028250,799964,611906,2049453,77.79858983710187,2022-04-01
2022,4,Celaya,Ciudades,Interior,94626,23753,33338,42048,25.10198042821212,2022-04-01
2022,4,Chihuahua,Ciudades,Interior,150120,92337,107257,174733,61.5087929656275,2022-04-01
2022,4,Ciudad Juárez,Ciudades,Fronterizas,136260,90560,129263,144698,66.46117716130927,2022-04-01
2022,4,Ciudad de México,Ciudades,Grandes,1550831,812469,750871,1721699,52.38926743146094,2022-04-01
2022,4,Coatzacoalcos,Ciudades,Interior,58380,22659,33429,36750,38.81294964028777,2022-04-01
2022,4,Colima,Ciudades,Interior,38340,11678,13967,23072,30.45905059989567,2022-04-01
2022,4,Comitán de Domínguez,Ciudades,Interior,41460,11318,20348,21050,27.29860106126387,2022-04-01
2022,4,Cozumel,Centros de Playa,Tradicionales,155610,81113,59689,171720,52.125827388985286,2022-04-01
2022,4,Culiacán,Ciudades,Interior,79860,39577,54095,74668,49.557976458802905,2022-04-01
2022,4,Durango,Ciudades,Interior,57930,40613,38911,62821,70.1070257206974,2022-04-01
2022,4,El Fuerte,Ciudades,Interior,12210,4052,7450,8563,33.185913185913186,2022-04-01
2022,4,Guadalajara,Ciudades,Grandes,646003,311887,324345,571185,48.27949715403798,2022-04-01
2022,4,Guanajuato,Ciudades,Interior,90451,32572,59751,69866,36.01065770417132,2022-04-01
2022,4,Hermosillo,Ciudades,Interior,93570,48654,48778,96592,51.99743507534466,2022-04-01
2022,4,Irapuato,Ciudades,Interior,87660,22768,39527,44159,25.973077800593202,2022-04-01
2022,4,Isla Mujeres,Centros de Playa,Otros,49410,29834,40614,66321,60.38048977939688,2022-04-01
2022,4,Ixtapa - Zihuatanejo,Centros de Playa,Integralmente Planeados,188730,119995,109269,287947,63.58024691358025,2022-04-01
2022,4,La Paz,Centros de Playa,Tradicionales,81870,55364,58303,113212,67.62428239892513,2022-04-01
2022,4,León,Ciudades,Interior,174684,59168,98404,104812,33.87144787158526,2022-04-01
2022,4,Loreto,Centros de Playa,Integralmente Planeados,7410,4897,7748,10070,66.08636977058029,2022-04-01
2022,4,Los Cabos,Centros de Playa,Integralmente Planeados,679806,524063,247047,1278759,77.09008158209842,2022-04-01
2022,4,Los Mochis,Ciudades,Interior,47557,19222,25719,35058,40.418865782114096,2022-04-01
2022,4,Manzanillo,Centros de Playa,Tradicionales,136455,75338,106474,199435,55.21087538016196,2022-04-01
2022,4,Mazatlán,Centros de Playa,Tradicionales,297043,220175,286375,681212,74.12226512659784,2022-04-01
2022,4,Mexicali,Ciudades,Fronterizas,76530,52126,58617,83124,68.11185156147916,2022-04-01
2022,4,Monterrey,Ciudades,Grandes,500421,306246,241365,551986,61.19767156054602,2022-04-01
2022,4,Morelia,Ciudades,Interior,119310,58000,63384,123041,48.612857262593245,2022-04-01
2022,4,Mérida,Ciudades,Interior,230649,126228,140333,244555,54.72731293003655,2022-04-01
2022,4,Nuevo Nayarit,Centros de Playa,Otros,326190,234420,111100,640421,71.86609031546031,2022-04-01
2022,4,Oaxaca,Ciudades,Interior,184602,95236,92587,193095,51.58990693491945,2022-04-01
2022,4,Pachuca,Ciudades,Interior,46928,27831,45907,57438,59.305744971019436,2022-04-01
2022,4,Palenque,Ciudades,Interior,61980,27318,60465,63417,44.07550822846079,2022-04-01
2022,4,Piedras Negras,Ciudades,Fronterizas,34351,21609,44057,49860,62.906465605077,2022-04-01
2022,4,Playas de Rosarito,Centros de Playa,Otros,78522,38026,95272,119140,48.42719237920583,2022-04-01
2022,4,Puebla,Ciudades,Interior,292581,149045,238815,392454,50.941448692840616,2022-04-01
2022,4,Puerto Escondido,Centros de Playa,Otros,77400,41667,39882,103757,53.833333333333336,2022-04-01
2022,4,Puerto Vallarta,Centros de Playa,Tradicionales,394077,315399,219970,693453,80.0348662824778,2022-04-01
2022,4,Querétaro,Ciudades,Interior,216324,132302,133561,263827,61.159187145208115,2022-04-01
2022,4,Riviera Maya,Centros de Playa,Otros,1482225,1163769,390355,2553480,78.51500278297829,2022-04-01
2022,4,Salamanca,Ciudades,Interior,36150,9042,12671,16405,25.012448132780083,2022-04-01
2022,4,San Cristóbal de las Casas,Ciudades,Interior,99590,38591,78349,80878,38.7498744853901,2022-04-01
2022,4,San Felipe,Centros de Playa,Otros,24690,11954,28644,30017,48.416362899959495,2022-04-01
2022,4,San Juan de los Lagos,Ciudades,Interior,110270,28525,104197,105219,25.868323206674525,2022-04-01
2022,4,San Juan del Río,Ciudades,Interior,33120,15213,17214,27327,45.93297101449275,2022-04-01
2022,4,San Luis Potosí,Ciudades,Interior,179115,84271,75863,151517,47.04854423135974,2022-04-01
2022,4,San Miguel de Allende,Ciudades,Interior,71430,32913,52820,71220,46.07727845443091,2022-04-01
2022,4,Taxco,Ciudades,Interior,26610,9749,21851,21851,36.636602780909435,2022-04-01
2022,4,Tecate,Ciudades,Fronterizas,15330,8884,13085,13085,57.95172863666014,2022-04-01
2022,4,Tequisquiapan,Ciudades,Interior,22530,7151,12793,18448,31.739902352418998,2022-04-01
2022,4,Tijuana,Ciudades,Fronterizas,189930,135567,137961,168378,71.37734954983415,2022-04-01
2022,4,Tlaxcala,Ciudades,Interior,19662,5020,6606,9005,25.531482046587325,2022-04-01
2022,4,Toluca,Ciudades,Interior,108930,35988,54956,56881,33.03773065271275,2022-04-01
2022,4,Tonalá Puerto Arista,Centros de Playa,Otros,22469,6999,21676,23734,31.149583871111307,2022-04-01
2022,4,Tuxtla Gutiérrez,Ciudades,Interior,124914,45251,61568,88561,36.22572329762877,2022-04-01
2022,4,Valle de Bravo,Ciudades,Interior,36630,9315,19686,20997,25.42997542997543,2022-04-01
2022,4,Veracruz-Boca del Río,Centros de Playa,Tradicionales,312881,181091,243261,433496,57.87855446639457,2022-04-01
2022,4,Villahermosa,Ciudades,Interior,155368,84131,73058,140553,54.149503115184594,2022-04-01
2022,4,Xalapa,Ciudades,Interior,93485,36024,51392,85875,38.53452425522811,2022-04-01
2022,4,Zacatecas,Ciudades,Interior,89809,32729,32768,60867,36.44289547818148,2022-04-01
2022,5,Acapulco,Centros de Playa,Tradicionales,608974,303972,726578,829112,49.91543152909648,2022-05-01
2022,5,Aguascalientes,Ciudades,Interior,193544,93233,92914,156759,48.17147522010499,2022-05-01
2022,5,Bahías de Huatulco,Centros de Playa,Integralmente Planeados,129750,84655,65319,188968,65.2447013487476,2022-05-01
2022,5,Campeche,Ciudades,Interior,64883,25855,30815,48055,39.84865064808964,2022-05-01
2022,5,Cancún,Centros de Playa,Integralmente Planeados,1062525,818277,656428,2114334,77.01249382367473,2022-05-01
2022,5,Celaya,Ciudades,Interior,96212,27961,35617,47696,29.061863385024736,2022-05-01
2022,5,Chihuahua,Ciudades,Interior,155127,92005,103256,172592,59.30946901570971,2022-05-01
2022,5,Ciudad Juárez,Ciudades,Fronterizas,140618,110056,156808,172887,78.26594034903071,2022-05-01
2022,5,Ciudad de México,Ciudades,Grandes,1602514,831945,726251,1638308,51.91499107028082,2022-05-01
2022,5,Coatzacoalcos,Ciudades,Interior,60308,24418,35619,38069,40.48882403661206,2022-05-01
2022,5,Colima,Ciudades,Interior,39648,12336,15298,23279,31.113801452784504,2022-05-01
2022,5,Comitán de Domínguez,Ciudades,Interior,42842,7904,13123,13492,18.449185378833853,2022-05-01
2022,5,Cozumel,Centros de Playa,Tradicionales,160797,81288,61010,172265,50.553181962350045,2022-05-01
2022,5,Culiacán,Ciudades,Interior,82522,45244,65317,89265,54.82659169675965,2022-05-01
2022,5,Durango,Ciudades,Interior,59861,38715,36777,59052,64.67483002288635,2022-05-01
2022,5,El Fuerte,Ciudades,Interior,12617,3060,5390,6205,24.252991994927477,2022-05-01
2022,5,Guadalajara,Ciudades,Grandes,667223,343998,337016,595490,51.556675953916454,2022-05-01
2022,5,Guanajuato,Ciudades,Interior,86229,22796,38917,47665,26.436581660462256,2022-05-01
2022,5,Hermosillo,Ciudades,Interior,96720,51062,41655,92973,52.79363110008271,2022-05-01
2022,5,Irapuato,Ciudades,Interior,88257,24702,40213,44571,27.988714776165065,2022-05-01
2022,5,Isla Mujeres,Centros de Playa,Otros,50437,27411,37782,60441,54.34700715744394,2022-05-01
2022,5,Ixtapa - Zihuatanejo,Centros de Playa,Integralmente Planeados,195021,120611,116439,287181,61.8451346265274,2022-05-01
2022,5,La Paz,Centros de Playa,Tradicionales,84599,55192,47116,109460,65.23954183855601,2022-05-01
2022,5,León,Ciudades,Interior,191270,62620,77613,102657,32.73905996758509,2022-05-01
2022,5,Loreto,Centros de Playa,Integralmente Planeados,7657,4762,8149,9211,62.19145879587306,2022-05-01
2022,5,Los Cabos,Centros de Playa,Integralmente Planeados,702472,518942,253915,1170048,73.87369176280336,2022-05-01
2022,5,Los Mochis,Ciudades,Interior,48834,23101,38384,42430,47.30515624360077,2022-05-01
2022,5,Manzanillo,Centros de Playa,Tradicionales,141081,71936,104514,180384,50.98914807805445,2022-05-01
2022,5,Mazatlán,Centros de Playa,Tradicionales,303921,210011,269962,648665,69.10052283323627,2022-05-01
2022,5,Mexicali,Ciudades,Fronterizas,79081,54223,58454,81332,68.5664065957689,2022-05-01
2022,5,Monterrey,Ciudades,Grandes,517393,309308,233016,501365,59.782022563119334,2022-05-01
2022,5,Morelia,Ciudades,Interior,123288,55623,56649,97233,45.11631302316527,2022-05-01
2022,5,Mérida,Ciudades,Interior,245085,113924,121660,209383,46.48346492033376,2022-05-01
2022,5,Nuevo Nayarit,Centros de Playa,Otros,336962,220950,118336,579175,65.57119200384614,2022-05-01
2022,5,Oaxaca,Ciudades,Interior,191381,82162,79406,153742,42.9311164640168,2022-05-01
2022,5,Pachuca,Ciudades,Interior,48499,21794,35940,41877,44.93700901049506,2022-05-01
2022,5,Palenque,Ciudades,Interior,64604,17732,34831,37126,27.44721689059501,2022-05-01
2022,5,Piedras Negras,Ciudades,Fronterizas,35499,21246,35087,41503,59.84957322741486,2022-05-01
2022,5,Playas de Rosarito,Centros de Playa,Otros,81197,33336,82913,103469,41.05570402847396,2022-05-01
2022,5,Puebla,Ciudades,Interior,301215,149471,239135,435073,49.622694752917354,2022-05-01
2022,5,Puerto Escondido,Centros de Playa,Otros,78802,33024,33456,75130,41.90756579782239,2022-05-01
2022,5,Puerto Vallarta,Centros de Playa,Tradicionales,406916,306761,230806,675073,75.38681202017123,2022-05-01
2022,5,Querétaro,Ciudades,Interior,223938,133438,123338,234539,59.587028552545796,2022-05-01
2022,5,Riviera Maya,Centros de Playa,Otros,1542976,1174854,360182,2462282,76.14207868430877,2022-05-01
2022,5,Salamanca,Ciudades,Interior,30938,9184,10203,16518,29.68517680522335,2022-05-01
2022,5,San Cristóbal de las Casas,Ciudades,Interior,102796,26555,51891,53510,25.83271722635122,2022-05-01
2022,5,San Felipe,Centros de Playa,Otros,25513,7824,18622,19432,30.666718927605533,2022-05-01
2022,5,San Juan de los Lagos,Ciudades,Interior,113956,24469,89935,92573,21.472322650847694,2022-05-01
2022,5,San Juan del Río,Ciudades,Interior,34224,15518,15386,26901,45.3424497428705,2022-05-01
2022,5,San Luis Potosí,Ciudades,Interior,184739,88149,69650,137035,47.71542554631128,2022-05-01
2022,5,San Miguel de Allende,Ciudades,Interior,74825,26047,43021,55283,34.810557968593386,2022-05-01
2022,5,Taxco,Ciudades,Interior,27404,8072,18190,18190,29.4555539337323,2022-05-01
2022,5,Tecate,Ciudades,Fronterizas,15841,9227,13701,13701,58.24758537971088,2022-05-01
2022,5,Tequisquiapan,Ciudades,Interior,23281,5849,9467,12338,25.12349125896654,2022-05-01
2022,5,Tijuana,Ciudades,Fronterizas,196261,141906,141360,167842,72.30473705932407,2022-05-01
2022,5,Tlaxcala,Ciudades,Interior,20264,4767,5752,7636,23.524476904855902,2022-05-01
2022,5,Toluca,Ciudades,Interior,104470,39095,56147,58433,37.422226476500434,2022-05-01
2022,5,Tonalá Puerto Arista,Centros de Playa,Otros,23219,4258,13451,14578,18.338429734269347,2022-05-01
2022,5,Tuxtla Gutiérrez,Ciudades,Interior,130649,45040,55836,82944,34.474048787208474,2022-05-01
2022,5,Valle de Bravo,Ciudades,Interior,36797,7646,16205,16468,20.77886784248716,2022-05-01
2022,5,Veracruz-Boca del Río,Centros de Playa,Tradicionales,323640,160994,209194,387520,49.74477814856013,2022-05-01
2022,5,Villahermosa,Ciudades,Interior,160360,85010,69164,136753,53.01197306061362,2022-05-01
2022,5,Xalapa,Ciudades,Interior,96676,41933,56483,89201,43.374777607679256,2022-05-01
2022,5,Zacatecas,Ciudades,Interior,92791,33047,28012,57204,35.61444536646873,2022-05-01
2022,6,Acapulco,Centros de Playa,Tradicionales,589321,243954,561447,656076,41.395775816575345,2022-06-01
2022,6,Aguascalientes,Ciudades,Interior,186219,77706,69423,125531,41.72828766130201,2022-06-01
2022,6,Bahías de Huatulco,Centros de Playa,Integralmente Planeados,126008,74731,51173,164503,59.30655196495461,2022-06-01
2022,6,Campeche,Ciudades,Interior,62773,25635,28261,45481,40.837621270291365,2022-06-01
2022,6,Cancún,Centros de Playa,Integralmente Planeados,1028250,815194,635729,2126749,79.27974714320447,2022-06-01
2022,6,Celaya,Ciudades,Interior,101491,26836,32378,48440,26.441753455971465,2022-06-01
2022,6,Chihuahua,Ciudades,Interior,150118,87614,99970,165567,58.363420775656486,2022-06-01
2022,6,Ciudad Juárez,Ciudades,Fronterizas,136260,113285,161494,176407,83.13885219433436,2022-06-01
2022,6,Ciudad de México,Ciudades,Grandes,1551150,837129,719540,1609865,53.96828159752442,2022-06-01
2022,6,Coatzacoalcos,Ciudades,Interior,58430,24304,33523,36324,41.59507102515831,2022-06-01
2022,6,Colima,Ciudades,Interior,38370,12971,15039,23194,33.80505603335939,2022-06-01
2022,6,Comitán de Domínguez,Ciudades,Interior,41460,8687,14083,14503,20.952725518572116,2022-06-01
2022,6,Cozumel,Centros de Playa,Tradicionales,155610,82509,87444,197556,53.02294197031039,2022-06-01
2022,6,Culiacán,Ciudades,Interior,79860,50623,65040,93093,63.38968194340095,2022-06-01
2022,6,Durango,Ciudades,Interior,57910,31725,30148,47939,54.7832844068382,2022-06-01
2022,6,El Fuerte,Ciudades,Interior,12210,3471,5666,6539,28.42751842751843,2022-06-01
2022,6,Guadalajara,Ciudades,Grandes,645097,300497,289502,501711,46.58167686409951,2022-06-01
2022,6,Guanajuato,Ciudades,Interior,89715,23831,42130,51835,26.56300507161567,2022-06-01
2022,6,Hermosillo,Ciudades,Interior,92820,56060,46275,93563,60.39646627881922,2022-06-01
2022,6,Irapuato,Ciudades,Interior,88830,20513,30391,34976,23.092423730721602,2022-06-01
2022,6,Isla Mujeres,Centros de Playa,Otros,49170,25877,36666,58025,52.62761846654464,2022-06-01
2022,6,Ixtapa - Zihuatanejo,Centros de Playa,Integralmente Planeados,188730,110694,100637,265281,58.652042600540454,2022-06-01
2022,6,La Paz,Centros de Playa,Tradicionales,81870,55374,42251,111355,67.63649688530597,2022-06-01
2022,6,León,Ciudades,Interior,187860,70428,89055,115618,37.48961992973491,2022-06-01
2022,6,Loreto,Centros de Playa,Integralmente Planeados,26970,11005,12994,23714,40.804597701149426,2022-06-01
2022,6,Los Cabos,Centros de Playa,Integralmente Planeados,676661,490764,269310,1239394,72.5273068789246,2022-06-01
2022,6,Los Mochis,Ciudades,Interior,47241,22288,36792,41240,47.17935691454457,2022-06-01
2022,6,Manzanillo,Centros de Playa,Tradicionales,136530,68693,92223,171123,50.31348421592324,2022-06-01
2022,6,Mazatlán,Centros de Playa,Tradicionales,299850,224079,278759,569755,74.7303651825913,2022-06-01
2022,6,Mexicali,Ciudades,Fronterizas,76530,55925,64684,87825,73.07591794067686,2022-06-01
2022,6,Monterrey,Ciudades,Grandes,500761,306582,239544,523945,61.223218261805535,2022-06-01
2022,6,Morelia,Ciudades,Interior,119340,49115,47900,85448,41.15552203787498,2022-06-01
2022,6,Mérida,Ciudades,Interior,236155,120430,122395,217229,50.996167771167244,2022-06-01
2022,6,Nuevo Nayarit,Centros de Playa,Otros,326190,213961,124038,633722,65.59397896931236,2022-06-01
2022,6,Oaxaca,Ciudades,Interior,185220,71351,66259,132249,38.52229780801209,2022-06-01
2022,6,Pachuca,Ciudades,Interior,47370,18885,27246,33709,39.86700443318556,2022-06-01
2022,6,Palenque,Ciudades,Interior,62040,15432,28931,30273,24.874274661508704,2022-06-01
2022,6,Piedras Negras,Ciudades,Fronterizas,34350,19560,34694,39650,56.943231441048034,2022-06-01
2022,6,Playas de Rosarito,Centros de Playa,Otros,78630,37899,94467,118364,48.19916062571538,2022-06-01
2022,6,Puebla,Ciudades,Interior,291525,133498,182036,324264,45.79298516422262,2022-06-01
2022,6,Puerto Escondido,Centros de Playa,Otros,76260,25246,23585,55729,33.10516653553632,2022-06-01
2022,6,Puerto Vallarta,Centros de Playa,Tradicionales,393086,292564,223115,649438,74.42747897406674,2022-06-01
2022,6,Querétaro,Ciudades,Interior,216492,122105,97249,193409,56.40162223084456,2022-06-01
2022,6,Riviera Maya,Centros de Playa,Otros,1495718,1144905,360262,2488161,76.54551192136486,2022-06-01
2022,6,Salamanca,Ciudades,Interior,36150,10087,14794,18339,27.903181189488244,2022-06-01
2022,6,San Cristóbal de las Casas,Ciudades,Interior,99446,23731,46437,47283,23.863202139854796,2022-06-01
2022,6,San Felipe,Centros de Playa,Otros,24690,8286,19826,20403,33.56014580801944,2022-06-01
2022,6,San Juan de los Lagos,Ciudades,Interior,110280,26150,96572,98742,23.712368516503446,2022-06-01
2022,6,San Juan del Río,Ciudades,Interior,33128,15422,16555,26095,46.552765032600824,2022-06-01
2022,6,San Luis Potosí,Ciudades,Interior,178450,84416,67893,132646,47.30512748669095,2022-06-01
2022,6,San Miguel de Allende,Ciudades,Interior,72300,24723,42035,51271,34.19502074688797,2022-06-01
2022,6,Taxco,Ciudades,Interior,26520,7109,15475,15475,26.806184012066364,2022-06-01
2022,6,Tecate,Ciudades,Fronterizas,15330,8960,13547,13547,58.44748858447488,2022-06-01
2022,6,Tequisquiapan,Ciudades,Interior,22530,4871,8767,10890,21.62006213936973,2022-06-01
2022,6,Tijuana,Ciudades,Fronterizas,189930,152153,156223,207542,80.11004054125205,2022-06-01
2022,6,Tlaxcala,Ciudades,Interior,19527,5478,5956,8650,28.053464433860807,2022-06-01
2022,6,Toluca,Ciudades,Interior,108930,41470,62728,65003,38.0703203892408,2022-06-01
2022,6,Tonalá Puerto Arista,Centros de Playa,Otros,22470,3782,11998,12863,16.831330663106364,2022-06-01
2022,6,Tuxtla Gutiérrez,Ciudades,Interior,126174,42584,54489,79008,33.75021795298556,2022-06-01
2022,6,Valle de Bravo,Ciudades,Interior,36630,7045,12680,13120,19.232869232869234,2022-06-01
2022,6,Veracruz-Boca del Río,Centros de Playa,Tradicionales,313200,148836,192959,354703,47.52107279693487,2022-06-01
2022,6,Villahermosa,Ciudades,Interior,155099,84263,69986,127056,54.32852565135816,2022-06-01
2022,6,Xalapa,Ciudades,Interior,93540,47275,49314,79319,50.53987598888176,2022-06-01
2022,6,Zacatecas,Ciudades,Interior,89635,27228,24904,46967,30.37652702627322,2022-06-01
2022,7,Acapulco,Centros de Playa,Tradicionales,605566,306017,739322,854787,50.53404583480579,2022-07-01
2022,7,Aguascalientes,Ciudades,Interior,192921,76289,77838,132522,39.54416574660094,2022-07-01
2022,7,Bahías de Huatulco,Centros de Playa,Integralmente Planeados,130914,85802,62966,197725,65.54073666681944,2022-07-01
2022,7,Campeche,Ciudades,Interior,64883,32710,37039,64068,50.4138218023211,2022-07-01
2022,7,Cancún,Centros de Playa,Integralmente Planeados,1062525,895235,699240,2411651,84.25542928401684,2022-07-01
2022,7,Celaya,Ciudades,Interior,107685,27770,33077,51912,25.788178483539955,2022-07-01
2022,7,Chihuahua,Ciudades,Interior,155159,96482,110099,179684,62.182664234752735,2022-07-01
2022,7,Ciudad Juárez,Ciudades,Fronterizas,140802,107629,148299,167698,76.4399653414014,2022-07-01
2022,7,Ciudad de México,Ciudades,Grandes,1602846,851391,742773,1677810,53.11745482722607,2022-07-01
2022,7,Coatzacoalcos,Ciudades,Interior,60311,24533,35283,37737,40.67748835204192,2022-07-01
2022,7,Colima,Ciudades,Interior,39643,15164,17356,29519,38.25139368867139,2022-07-01
2022,7,Comitán de Domínguez,Ciudades,Interior,42832,10679,17993,18453,24.932293612252522,2022-07-01
2022,7,Cozumel,Centros de Playa,Tradicionales,160797,92758,78647,215852,57.686399621883496,2022-07-01
2022,7,Culiacán,Ciudades,Interior,58311,37344,53455,72716,64.04280495961311,2022-07-01
2022,7,Durango,Ciudades,Interior,59805,39670,43433,63696,66.33224646768664,2022-07-01
2022,7,El Fuerte,Ciudades,Interior,12617,5953,10404,11923,47.1823729888246,2022-07-01
2022,7,Guadalajara,Ciudades,Grandes,666593,365459,375452,673205,54.82490815235084,2022-07-01
2022,7,Guanajuato,Ciudades,Interior,92099,34825,65121,77908,37.81257125484533,2022-07-01
2022,7,Hermosillo,Ciudades,Interior,95914,50295,50917,105674,52.43760035031382,2022-07-01
2022,7,Irapuato,Ciudades,Interior,90984,24205,39028,45765,26.60357865119142,2022-07-01
2022,7,Isla Mujeres,Centros de Playa,Otros,50809,30489,47663,71893,60.00708535889311,2022-07-01
2022,7,Ixtapa - Zihuatanejo,Centros de Playa,Integralmente Planeados,195021,123345,115015,306941,63.24703493469934,2022-07-01
2022,7,La Paz,Centros de Playa,Tradicionales,84599,58505,50817,121985,69.15566377853166,2022-07-01
2022,7,León,Ciudades,Interior,190247,74756,94979,122326,39.2941807229549,2022-07-01
2022,7,Loreto,Centros de Playa,Integralmente Planeados,28086,17319,20177,41272,61.66417432172613,2022-07-01
2022,7,Los Cabos,Centros de Playa,Integralmente Planeados,695224,539776,302778,1427924,77.64058778177969,2022-07-01
2022,7,Los Mochis,Ciudades,Interior,49169,26152,42620,48645,53.187984299050214,2022-07-01
2022,7,Manzanillo,Centros de Playa,Tradicionales,141041,76424,103520,195109,54.185662325139496,2022-07-01
2022,7,Mazatlán,Centros de Playa,Tradicionales,309442,232386,280636,623124,75.09840293172873,2022-07-01
2022,7,Mexicali,Ciudades,Fronterizas,79081,50964,59708,81534,64.4453155625245,2022-07-01
2022,7,Monterrey,Ciudades,Grandes,500887,326426,273735,607802,65.16958914884994,2022-07-01
2022,7,Morelia,Ciudades,Interior,123318,56344,61429,114531,45.690004703287435,2022-07-01
2022,7,Mérida,Ciudades,Interior,247367,141096,161294,258454,57.03913618227168,2022-07-01
2022,7,Nuevo Nayarit,Centros de Playa,Otros,337063,227436,133181,699524,67.47581312692286,2022-07-01
2022,7,Oaxaca,Ciudades,Interior,191264,107323,102452,214913,56.11249372594947,2022-07-01
2022,7,Pachuca,Ciudades,Interior,48949,20801,29870,37351,42.495250158328055,2022-07-01
2022,7,Palenque,Ciudades,Interior,64007,25215,49373,51567,39.394128767166094,2022-07-01
2022,7,Piedras Negras,Ciudades,Fronterizas,35495,19767,36030,41297,55.68953373714608,2022-07-01
2022,7,Playas de Rosarito,Centros de Playa,Otros,81251,49619,124195,155363,61.06878684570036,2022-07-01
2022,7,Puebla,Ciudades,Interior,305012,161744,233076,410688,53.02873329573919,2022-07-01
2022,7,Puerto Escondido,Centros de Playa,Otros,78802,34726,30282,82711,44.06740945661278,2022-07-01
2022,7,Puerto Vallarta,Centros de Playa,Tradicionales,406217,311976,241156,744739,76.80033085764505,2022-07-01
2022,7,Querétaro,Ciudades,Interior,223764,129266,121480,246443,57.768899376128424,2022-07-01
2022,7,Riviera Maya,Centros de Playa,Otros,1542489,1202782,383496,2741775,77.97669869931,2022-07-01
2022,7,Salamanca,Ciudades,Interior,37355,10361,14583,18850,27.73658144826663,2022-07-01
2022,7,San Cristóbal de las Casas,Ciudades,Interior,102682,33054,65712,68253,32.190646851444264,2022-07-01
2022,7,San Felipe,Centros de Playa,Otros,25513,9369,24281,25521,36.72245521890801,2022-07-01
2022,7,San Juan de los Lagos,Ciudades,Interior,113943,27841,104211,106586,24.434146898010408,2022-07-01
2022,7,San Juan del Río,Ciudades,Interior,34224,14924,18367,28468,43.60682561944834,2022-07-01
2022,7,San Luis Potosí,Ciudades,Interior,184653,94865,83797,167852,51.37474072990961,2022-07-01
2022,7,San Miguel de Allende,Ciudades,Interior,73873,30136,48962,65568,40.794336225684624,2022-07-01
2022,7,Taxco,Ciudades,Interior,27404,9780,22233,22233,35.68822069770837,2022-07-01
2022,7,Tecate,Ciudades,Fronterizas,15841,9887,15475,15480,62.41398901584496,2022-07-01
2022,7,Tequisquiapan,Ciudades,Interior,23281,7210,13580,18090,30.969460074739057,2022-07-01
2022,7,Tijuana,Ciudades,Fronterizas,196261,141699,145573,188969,72.19926526411258,2022-07-01
2022,7,Tlaxcala,Ciudades,Interior,20287,6256,7970,11175,30.837482131414205,2022-07-01
2022,7,Toluca,Ciudades,Interior,112561,39793,62766,64922,35.352386705875034,2022-07-01
2022,7,Tonalá Puerto Arista,Centros de Playa,Otros,23219,5340,17162,18677,22.99840647745381,2022-07-01
2022,7,Tuxtla Gutiérrez,Ciudades,Interior,130430,48201,60634,91681,36.95545503335122,2022-07-01
2022,7,Valle de Bravo,Ciudades,Interior,37533,8674,17609,18528,23.110329576639224,2022-07-01
2022,7,Veracruz-Boca del Río,Centros de Playa,Tradicionales,323640,176597,232655,438791,54.565875664318376,2022-07-01
2022,7,Villahermosa,Ciudades,Interior,160519,100464,92119,163919,62.586983472361524,2022-07-01
2022,7,Xalapa,Ciudades,Interior,96658,72339,39491,102572,74.84015808313849,2022-07-01
2022,7,Zacatecas,Ciudades,Interior,92411,37358,36051,67824,40.425923320816786,2022-07-01
2022,8,Acapulco,Centros de Playa,Tradicionales,603393,322881,758106,881646,53.51089588377724,2022-08-01
2022,8,Aguascalientes,Ciudades,Interior,193996,90352,83943,168535,46.574156168168415,2022-08-01
2022,8,Bahías de Huatulco,Centros de Playa,Integralmente Planeados,134726,81172,60664,187702,60.2496919674005,2022-08-01
2022,8,Campeche,Ciudades,Interior,64883,34515,39079,64814,53.19575235423763,2022-08-01
2022,8,Cancún,Centros de Playa,Integralmente Planeados,1062525,823401,645095,2300083,77.4947413002047,2022-08-01
2022,8,Celaya,Ciudades,Interior,99771,24779,30426,44489,24.83587415180764,2022-08-01
2022,8,Chihuahua,Ciudades,Interior,155182,96502,108052,178740,62.18633604412883,2022-08-01
2022,8,Ciudad Juárez,Ciudades,Fronterizas,140763,104832,149810,165548,74.47411606743249,2022-08-01
2022,8,Ciudad de México,Ciudades,Grandes,1606676,875169,760172,1730272,54.470783157276266,2022-08-01
2022,8,Coatzacoalcos,Ciudades,Interior,60316,25409,36900,39810,42.12646727236554,2022-08-01
2022,8,Colima,Ciudades,Interior,39636,15136,18313,29506,38.187506307397314,2022-08-01
2022,8,Comitán de Domínguez,Ciudades,Interior,42821,10644,18918,19410,24.85696270521473,2022-08-01
2022,8,Cozumel,Centros de Playa,Tradicionales,160797,84561,70292,225222,52.588667699024235,2022-08-01
2022,8,Culiacán,Ciudades,Interior,58311,38123,55561,69617,65.37874500523057,2022-08-01
2022,8,Durango,Ciudades,Interior,59830,34075,35157,53091,56.95303359518636,2022-08-01
2022,8,El Fuerte,Ciudades,Interior,12617,3468,5799,6499,27.48672426091781,2022-08-01
2022,8,Guadalajara,Ciudades,Grandes,667280,339914,348903,631600,50.94023498381489,2022-08-01
2022,8,Guanajuato,Ciudades,Interior,92267,30559,57797,66888,33.120183814364836,2022-08-01
2022,8,Hermosillo,Ciudades,Interior,95914,52156,43426,88641,54.3778801843318,2022-08-01
2022,8,Irapuato,Ciudades,Interior,89993,22108,35320,39550,24.566355160956963,2022-08-01
2022,8,Isla Mujeres,Centros de Playa,Otros,50809,31520,50764,75288,62.03625341966974,2022-08-01
2022,8,Ixtapa - Zihuatanejo,Centros de Playa,Integralmente Planeados,195021,113600,102990,292077,58.250137164715596,2022-08-01
2022,8,La Paz,Centros de Playa,Tradicionales,84599,56467,52937,113870,66.74665185167673,2022-08-01
2022,8,León,Ciudades,Interior,196734,87531,121625,161550,44.49205526243557,2022-08-01
2022,8,Loreto,Centros de Playa,Integralmente Planeados,27743,15917,13941,34345,57.373031034855636,2022-08-01
2022,8,Los Cabos,Centros de Playa,Integralmente Planeados,689403,467660,260912,1202785,67.83550405205663,2022-08-01
2022,8,Los Mochis,Ciudades,Interior,49049,23638,37831,43201,48.19262370282778,2022-08-01
2022,8,Manzanillo,Centros de Playa,Tradicionales,141081,72857,101703,187517,51.641964545190355,2022-08-01
2022,8,Mazatlán,Centros de Playa,Tradicionales,309442,225927,278508,609196,73.01109739466524,2022-08-01
2022,8,Mexicali,Ciudades,Fronterizas,79081,47628,53540,74959,60.22685600839645,2022-08-01
2022,8,Monterrey,Ciudades,Grandes,517501,302256,243588,564586,58.406843658273125,2022-08-01
2022,8,Morelia,Ciudades,Interior,123318,61466,66378,124560,49.843494056017775,2022-08-01
2022,8,Mérida,Ciudades,Interior,246847,133050,149496,269258,53.8997840767763,2022-08-01
2022,8,Nuevo Nayarit,Centros de Playa,Otros,337033,217403,106980,597141,64.50495945500886,2022-08-01
2022,8,Oaxaca,Ciudades,Interior,191023,95361,95171,185845,49.92121367584008,2022-08-01
2022,8,Pachuca,Ciudades,Interior,48827,20792,29873,35786,42.582997112253466,2022-08-01
2022,8,Palenque,Ciudades,Interior,63959,28880,58503,61384,45.15392673431417,2022-08-01
2022,8,Piedras Negras,Ciudades,Fronterizas,35495,19813,33174,38354,55.8191294548528,2022-08-01
2022,8,Playas de Rosarito,Centros de Playa,Otros,81197,42727,106279,132670,52.62140226855672,2022-08-01
2022,8,Puebla,Ciudades,Interior,304834,165743,233068,401773,54.371559602931434,2022-08-01
2022,8,Puerto Escondido,Centros de Playa,Otros,78802,31331,36064,75950,39.759143168955106,2022-08-01
2022,8,Puerto Vallarta,Centros de Playa,Tradicionales,406620,277111,202763,665312,68.14986965717378,2022-08-01
2022,8,Querétaro,Ciudades,Interior,235154,140187,125900,262271,59.61497571804009,2022-08-01
2022,8,Riviera Maya,Centros de Playa,Otros,1538547,1139243,358715,2568098,74.04668170683118,2022-08-01
2022,8,Salamanca,Ciudades,Interior,37355,9926,12634,17630,26.572078704323385,2022-08-01
2022,8,San Cristóbal de las Casas,Ciudades,Interior,102791,32152,60752,65696,31.27900302555671,2022-08-01
2022,8,San Felipe,Centros de Playa,Otros,25513,6204,15880,16734,24.317014855171873,2022-08-01
2022,8,San Juan de los Lagos,Ciudades,Interior,113956,30719,112792,116159,26.956895643932747,2022-08-01
2022,8,San Juan del Río,Ciudades,Interior,34224,15635,17832,26724,45.68431510051426,2022-08-01
2022,8,San Luis Potosí,Ciudades,Interior,184976,98978,92687,184321,53.508563273073264,2022-08-01
2022,8,San Miguel de Allende,Ciudades,Interior,74607,26029,40764,56611,34.88814722479124,2022-08-01
2022,8,Taxco,Ciudades,Interior,27403,8744,20445,20445,31.90891508229026,2022-08-01
2022,8,Tecate,Ciudades,Fronterizas,15841,8987,13861,13861,56.732529512025756,2022-08-01
2022,8,Tequisquiapan,Ciudades,Interior,23281,7533,13851,18425,32.35685752330227,2022-08-01
2022,8,Tijuana,Ciudades,Fronterizas,196261,133517,137117,188003,68.03032696256516,2022-08-01
2022,8,Tlaxcala,Ciudades,Interior,20367,5390,7302,9891,26.46437865174056,2022-08-01
2022,8,Toluca,Ciudades,Interior,112561,45205,71061,73331,40.16044633576461,2022-08-01
2022,8,Tonalá Puerto Arista,Centros de Playa,Otros,23219,5623,18706,20526,24.217235884405014,2022-08-01
2022,8,Tuxtla Gutiérrez,Ciudades,Interior,130379,48660,58470,89937,37.32196135880778,2022-08-01
2022,8,Valle de Bravo,Ciudades,Interior,37851,7508,15179,15578,19.835671448574676,2022-08-01
2022,8,Veracruz-Boca del Río,Centros de Playa,Tradicionales,323640,168638,218670,406358,52.10666172290199,2022-08-01
2022,8,Villahermosa,Ciudades,Interior,158132,87607,79986,139920,55.40118382111147,2022-08-01
2022,8,Xalapa,Ciudades,Interior,96658,59907,66809,107495,61.97831529723354,2022-08-01
2022,8,Zacatecas,Ciudades,Interior,90343,36588,35252,65261,40.49898719325238,2022-08-01
2022,9,Acapulco,Centros de Playa,Tradicionales,583543,194564,438513,509820,33.34184455986962,2022-09-01
2022,9,Aguascalientes,Ciudades,Interior,187342,73673,70753,119876,39.32540487450758,2022-09-01
2022,9,Bahías de Huatulco,Centros de Playa,Integralmente Planeados,130380,61195,46308,132404,46.935879736155854,2022-09-01
2022,9,Campeche,Ciudades,Interior,62790,28068,29870,48279,44.70138557095079,2022-09-01
2022,9,Cancún,Centros de Playa,Integralmente Planeados,1028250,706551,533580,1802234,68.71393143690737,2022-09-01
2022,9,Celaya,Ciudades,Interior,100243,23869,26768,38891,23.811138932394282,2022-09-01
2022,9,Chihuahua,Ciudades,Interior,150182,93935,106677,175308,62.547442436510366,2022-09-01
2022,9,Ciudad Juárez,Ciudades,Fronterizas,136260,99787,141627,156714,73.23279025392631,2022-09-01
2022,9,Ciudad de México,Ciudades,Grandes,1554840,871854,764555,1739072,56.073550976306244,2022-09-01
2022,9,Coatzacoalcos,Ciudades,Interior,58380,22502,32062,33843,38.54402192531689,2022-09-01
2022,9,Colima,Ciudades,Interior,38153,14196,15680,26242,37.208083243781616,2022-09-01
2022,9,Comitán de Domínguez,Ciudades,Interior,41410,6555,11091,11154,15.829509780246317,2022-09-01
2022,9,Cozumel,Centros de Playa,Tradicionales,155610,64563,54310,138934,41.49026412184307,2022-09-01
2022,9,Culiacán,Ciudades,Interior,56430,31805,52696,91726,56.3618642566011,2022-09-01
2022,9,Durango,Ciudades,Interior,57800,28245,29132,42300,48.86678200692042,2022-09-01
2022,9,El Fuerte,Ciudades,Interior,3300,312,743,926,9.454545454545455,2022-09-01
2022,9,Guadalajara,Ciudades,Grandes,651978,323138,301303,542741,49.56271530634469,2022-09-01
2022,9,Guanajuato,Ciudades,Interior,87180,27857,52531,60576,31.953429685707732,2022-09-01
2022,9,Hermosillo,Ciudades,Interior,92820,53821,44692,89940,57.98427063132945,2022-09-01
2022,9,Irapuato,Ciudades,Interior,88830,20000,31488,35708,22.514916131937408,2022-09-01
2022,9,Isla Mujeres,Centros de Playa,Otros,49170,20508,25042,43700,41.70835875533862,2022-09-01
2022,9,Ixtapa - Zihuatanejo,Centros de Playa,Integralmente Planeados,188730,83400,80460,199165,44.190112859640756,2022-09-01
2022,9,La Paz,Centros de Playa,Tradicionales,81870,49959,43124,92654,61.02235251007695,2022-09-01
2022,9,León,Ciudades,Interior,188130,95020,130693,171465,50.507627704247064,2022-09-01
2022,9,Loreto,Centros de Playa,Integralmente Planeados,26897,9476,11260,19554,35.23069487303417,2022-09-01
2022,9,Los Cabos,Centros de Playa,Integralmente Planeados,670408,425288,234696,992564,63.43719048698703,2022-09-01
2022,9,Los Mochis,Ciudades,Interior,31961,18472,21643,27736,57.79543819029442,2022-09-01
2022,9,Manzanillo,Centros de Playa,Tradicionales,136516,54323,72640,127360,39.7924052858273,2022-09-01
2022,9,Mazatlán,Centros de Playa,Tradicionales,299640,181208,203882,452145,60.47523695100788,2022-09-01
2022,9,Mexicali,Ciudades,Fronterizas,76500,49547,60219,78393,64.7673202614379,2022-09-01
2022,9,Monterrey,Ciudades,Grandes,501171,284328,224152,515740,56.73273194179232,2022-09-01
2022,9,Morelia,Ciudades,Interior,119340,55539,52325,96430,46.53846153846154,2022-09-01
2022,9,Mérida,Ciudades,Interior,237685,114344,116185,216387,48.10736899678145,2022-09-01
2022,9,Nuevo Nayarit,Centros de Playa,Otros,326190,177223,93783,441144,54.331218001778105,2022-09-01
2022,9,Oaxaca,Ciudades,Interior,183893,76856,71493,140722,41.79386926092891,2022-09-01
2022,9,Pachuca,Ciudades,Interior,47370,20033,28720,34183,42.29047920624868,2022-09-01
2022,9,Palenque,Ciudades,Interior,61924,17017,30878,32155,27.48045991860991,2022-09-01
2022,9,Piedras Negras,Ciudades,Fronterizas,34350,21802,35121,39951,63.47016011644833,2022-09-01
2022,9,Playas de Rosarito,Centros de Playa,Otros,78630,31248,78192,97306,39.740557039297975,2022-09-01
2022,9,Puebla,Ciudades,Interior,294922,159594,226814,392621,54.11396911725812,2022-09-01
2022,9,Puerto Escondido,Centros de Playa,Otros,76260,21919,18741,46014,28.742460005245213,2022-09-01
2022,9,Puerto Vallarta,Centros de Playa,Tradicionales,393453,222290,165174,493342,56.4972182192028,2022-09-01
2022,9,Querétaro,Ciudades,Interior,216467,130021,102769,219744,60.065044556445095,2022-09-01
2022,9,Riviera Maya,Centros de Playa,Otros,1475113,942457,296538,1956574,63.890495168844694,2022-09-01
2022,9,Salamanca,Ciudades,Interior,36150,11270,16096,20861,31.175656984785615,2022-09-01
2022,9,San Cristóbal de las Casas,Ciudades,Interior,99480,25717,47424,50799,25.851427422597506,2022-09-01
2022,9,San Felipe,Centros de Playa,Otros,24690,5817,14852,15275,23.560145808019442,2022-09-01
2022,9,San Juan de los Lagos,Ciudades,Interior,110280,26663,97967,100395,24.17754805948495,2022-09-01
2022,9,San Juan del Río,Ciudades,Interior,33120,14181,16729,25168,42.81702898550725,2022-09-01
2022,9,San Luis Potosí,Ciudades,Interior,178917,79585,67176,134698,44.481519363727315,2022-09-01
2022,9,San Miguel de Allende,Ciudades,Interior,73620,27336,43424,57644,37.13121434392828,2022-09-01
2022,9,Taxco,Ciudades,Interior,26520,6964,15276,15276,26.25942684766214,2022-09-01
2022,9,Tecate,Ciudades,Fronterizas,15180,10320,18189,18189,67.98418972332016,2022-09-01
2022,9,Tequisquiapan,Ciudades,Interior,22530,5480,10051,13282,24.323124722592098,2022-09-01
2022,9,Tijuana,Ciudades,Fronterizas,189930,136974,135844,172651,72.11814879166009,2022-09-01
2022,9,Tlaxcala,Ciudades,Interior,19558,4828,6241,8482,24.685550669802637,2022-09-01
2022,9,Toluca,Ciudades,Interior,108930,37910,56382,58184,34.802166528963554,2022-09-01
2022,9,Tonalá Puerto Arista,Centros de Playa,Otros,22470,3834,12711,13778,17.06275033377837,2022-09-01
2022,9,Tuxtla Gutiérrez,Ciudades,Interior,126056,49114,64135,89706,38.962048613314714,2022-09-01
2022,9,Valle de Bravo,Ciudades,Interior,36630,8391,16452,17019,22.907452907452907,2022-09-01
2022,9,Veracruz-Boca del Río,Centros de Playa,Tradicionales,313320,134379,162698,316386,42.888739946380696,2022-09-01
2022,9,Villahermosa,Ciudades,Interior,152112,79558,68177,119948,52.302250972967286,2022-09-01
2022,9,Xalapa,Ciudades,Interior,93605,36224,50383,82144,38.69878745793494,2022-09-01
2022,9,Zacatecas,Ciudades,Interior,87582,34011,35347,64372,38.83332191546208,2022-09-01
2022,10,Acapulco,Centros de Playa,Tradicionales,609049,217894,496937,591469,35.77610340054741,2022-10-01
2022,10,Aguascalientes,Ciudades,Interior,193063,78832,73425,130208,40.83226718739479,2022-10-01
2022,10,Bahías de Huatulco,Centros de Playa,Integralmente Planeados,134686,74536,56385,160687,55.340569918180066,2022-10-01
2022,10,Campeche,Ciudades,Interior,64883,28926,31359,52911,44.58178567575482,2022-10-01
2022,10,Cancún,Centros de Playa,Integralmente Planeados,1062635,745356,571570,1849771,70.14224075058698,2022-10-01
2022,10,Celaya,Ciudades,Interior,103585,25464,29437,41694,24.58270985181252,2022-10-01
2022,10,Chihuahua,Ciudades,Interior,155191,102643,113466,183891,66.13978903415791,2022-10-01
2022,10,Ciudad Juárez,Ciudades,Fronterizas,140802,108049,151496,171488,76.7382565588557,2022-10-01
2022,10,Ciudad de México,Ciudades,Grandes,1606554,1020047,864543,1982379,63.49285489314396,2022-10-01
2022,10,Coatzacoalcos,Ciudades,Interior,60326,24875,34103,36400,41.23429367105394,2022-10-01
2022,10,Colima,Ciudades,Interior,39091,18775,24806,38148,48.02895807219053,2022-10-01
2022,10,Comitán de Domínguez,Ciudades,Interior,42826,9260,15757,15840,21.622378928688182,2022-10-01
2022,10,Cozumel,Centros de Playa,Tradicionales,160797,72377,57196,154141,45.01141190445095,2022-10-01
2022,10,Culiacán,Ciudades,Interior,53289,40024,18626,58650,75.10743305372591,2022-10-01
2022,10,Durango,Ciudades,Interior,59865,35357,34631,55104,59.06122108076505,2022-10-01
2022,10,El Fuerte,Ciudades,Interior,12617,4076,7868,7868,32.305619402393596,2022-10-01
2022,10,Guadalajara,Ciudades,Grandes,673667,366336,354958,642842,54.37938922345907,2022-10-01
2022,10,Guanajuato,Ciudades,Interior,94550,44940,81985,94278,47.53040719196193,2022-10-01
2022,10,Hermosillo,Ciudades,Interior,95914,62056,50422,107170,64.69962674896261,2022-10-01
2022,10,Irapuato,Ciudades,Interior,90582,23340,34637,41601,25.766708617606145,2022-10-01
2022,10,Isla Mujeres,Centros de Playa,Otros,50809,24026,30826,52427,47.286897990513495,2022-10-01
2022,10,Ixtapa - Zihuatanejo,Centros de Playa,Integralmente Planeados,194990,97989,107755,235001,50.25334632545259,2022-10-01
2022,10,La Paz,Centros de Playa,Tradicionales,84599,59275,50768,121998,70.06584002174966,2022-10-01
2022,10,León,Ciudades,Interior,194401,86787,111464,144783,44.643288871970825,2022-10-01
2022,10,Loreto,Centros de Playa,Integralmente Planeados,28160,14230,12944,27280,50.53267045454545,2022-10-01
2022,10,Los Cabos,Centros de Playa,Integralmente Planeados,692736,516954,247866,1165488,74.62496535476718,2022-10-01
2022,10,Los Mochis,Ciudades,Interior,49245,22925,38437,43960,46.552949538024166,2022-10-01
2022,10,Manzanillo,Centros de Playa,Tradicionales,138205,65006,89650,157340,47.03592489417894,2022-10-01
2022,10,Mazatlán,Centros de Playa,Tradicionales,309845,199878,216805,477388,64.50902870790233,2022-10-01
2022,10,Mexicali,Ciudades,Fronterizas,79081,56471,65126,92288,71.40906159507341,2022-10-01
2022,10,Monterrey,Ciudades,Grandes,518036,330804,255506,609453,63.857338100054825,2022-10-01
2022,10,Morelia,Ciudades,Interior,123275,61125,54453,104310,49.58426282701278,2022-10-01
2022,10,Mérida,Ciudades,Interior,246643,148857,159805,268800,60.353223079511686,2022-10-01
2022,10,Nuevo Nayarit,Centros de Playa,Otros,337063,212721,105016,522716,63.110160415115274,2022-10-01
2022,10,Oaxaca,Ciudades,Interior,188542,98225,86933,183351,52.09714546361023,2022-10-01
2022,10,Pachuca,Ciudades,Interior,48949,22202,30555,40410,45.357412817422215,2022-10-01
2022,10,Palenque,Ciudades,Interior,63984,24053,41969,45050,37.59221055263816,2022-10-01
2022,10,Piedras Negras,Ciudades,Fronterizas,35495,22692,35683,40632,63.930131004366814,2022-10-01
2022,10,Playas de Rosarito,Centros de Playa,Otros,81251,29802,74717,93380,36.67893318236083,2022-10-01
2022,10,Puebla,Ciudades,Interior,304810,174787,229001,404095,57.34293494307929,2022-10-01
2022,10,Puerto Escondido,Centros de Playa,Otros,78802,27947,27950,58457,35.464835917870104,2022-10-01
2022,10,Puerto Vallarta,Centros de Playa,Tradicionales,405941,258385,183834,565800,63.65087537351487,2022-10-01
2022,10,Querétaro,Ciudades,Interior,223733,139387,112428,236297,62.30059937514805,2022-10-01
2022,10,Riviera Maya,Centros de Playa,Otros,1542203,1108106,372744,2313150,71.85214916583614,2022-10-01
2022,10,Salamanca,Ciudades,Interior,37355,11558,16658,21862,30.940971757462187,2022-10-01
2022,10,San Cristóbal de las Casas,Ciudades,Interior,102744,28485,52612,54516,27.724246671338474,2022-10-01
2022,10,San Felipe,Centros de Playa,Otros,25513,5950,14407,14673,23.321443969740915,2022-10-01
2022,10,San Juan de los Lagos,Ciudades,Interior,113956,25333,93622,95618,22.230510021411774,2022-10-01
2022,10,San Juan del Río,Ciudades,Interior,34273,15064,17449,27929,43.952965891518105,2022-10-01
2022,10,San Luis Potosí,Ciudades,Interior,185134,101453,78810,160275,54.79976665550358,2022-10-01
2022,10,San Miguel de Allende,Ciudades,Interior,75693,33237,53568,68035,43.91026911339225,2022-10-01
2022,10,Taxco,Ciudades,Interior,27401,7220,15628,15628,26.34940330644867,2022-10-01
2022,10,Tecate,Ciudades,Fronterizas,15841,10723,21190,21194,67.69143362161479,2022-10-01
2022,10,Tequisquiapan,Ciudades,Interior,23281,5861,11357,14163,25.17503543662214,2022-10-01
2022,10,Tijuana,Ciudades,Fronterizas,196974,135728,132705,167305,68.90655619523389,2022-10-01
2022,10,Tlaxcala,Ciudades,Interior,20297,6120,8782,11446,30.152239247179388,2022-10-01
2022,10,Toluca,Ciudades,Interior,112560,52643,85404,87861,46.76883439943141,2022-10-01
2022,10,Tonalá Puerto Arista,Centros de Playa,Otros,23218,4570,14848,16134,19.683004565423378,2022-10-01
2022,10,Tuxtla Gutiérrez,Ciudades,Interior,130531,47634,59427,85539,36.49248071339375,2022-10-01
2022,10,Valle de Bravo,Ciudades,Interior,37851,8792,15445,17385,23.22792000211355,2022-10-01
2022,10,Veracruz-Boca del Río,Centros de Playa,Tradicionales,324291,161217,200011,360950,49.71368308093657,2022-10-01
2022,10,Villahermosa,Ciudades,Interior,155427,81106,72288,129602,52.18269670005855,2022-10-01
2022,10,Xalapa,Ciudades,Interior,98797,41422,54400,86677,41.92637428261992,2022-10-01
2022,10,Zacatecas,Ciudades,Interior,91234,49830,47599,95947,54.61779599710634,2022-10-01
2022,11,Acapulco,Centros de Playa,Tradicionales,583950,286264,636180,756259,49.02200530867369,2022-11-01
2022,11,Aguascalientes,Ciudades,Interior,187575,83930,77333,143421,44.744768759163,2022-11-01
2022,11,Bahías de Huatulco,Centros de Playa,Integralmente Planeados,130350,86315,62161,187772,66.21787495205217,2022-11-01
2022,11,Campeche,Ciudades,Interior,62790,33843,37255,62274,53.89870998566651,2022-11-01
2022,11,Cancún,Centros de Playa,Integralmente Planeados,1028250,797821,613241,2112981,77.59017748601994,2022-11-01
2022,11,Celaya,Ciudades,Interior,82708,28605,32973,48606,34.585529815737296,2022-11-01
2022,11,Chihuahua,Ciudades,Interior,150191,101047,111259,181491,67.2789980757835,2022-11-01
2022,11,Ciudad Juárez,Ciudades,Fronterizas,136260,98186,135652,154452,72.0578306179363,2022-11-01
2022,11,Ciudad de México,Ciudades,Grandes,1603536,1080460,962777,2153327,67.37984055237924,2022-11-01
2022,11,Coatzacoalcos,Ciudades,Interior,58380,24713,34754,36851,42.33127783487496,2022-11-01
2022,11,Colima,Ciudades,Interior,38306,18071,25473,37838,47.17537722549992,2022-11-01
2022,11,Comitán de Domínguez,Ciudades,Interior,41457,10516,18598,18795,25.366041922956317,2022-11-01
2022,11,Cozumel,Centros de Playa,Tradicionales,155610,84823,62929,182628,54.50999293104556,2022-11-01
2022,11,Culiacán,Ciudades,Interior,51570,41550,24994,79665,80.57009889470622,2022-11-01
2022,11,Durango,Ciudades,Interior,57818,31736,29408,44892,54.88948078453077,2022-11-01
2022,11,El Fuerte,Ciudades,Interior,12210,5182,10540,10540,42.44062244062244,2022-11-01
2022,11,Guadalajara,Ciudades,Grandes,655495,371474,362735,646523,56.67076026514314,2022-11-01
2022,11,Guanajuato,Ciudades,Interior,93993,35809,62826,77819,38.09751790026917,2022-11-01
2022,11,Hermosillo,Ciudades,Interior,92820,59274,52375,108270,63.85908209437621,2022-11-01
2022,11,Irapuato,Ciudades,Interior,75930,35665,50071,65781,46.97089424469907,2022-11-01
2022,11,Isla Mujeres,Centros de Playa,Otros,49170,27836,32402,60005,56.61175513524507,2022-11-01
2022,11,Ixtapa - Zihuatanejo,Centros de Playa,Integralmente Planeados,188677,116805,121921,277141,61.90738669790171,2022-11-01
2022,11,La Paz,Centros de Playa,Tradicionales,81870,58539,48052,122684,71.50238182484426,2022-11-01
2022,11,León,Ciudades,Interior,184950,93658,118926,153811,50.63963233306299,2022-11-01
2022,11,Loreto,Centros de Playa,Integralmente Planeados,27219,15018,13543,28467,55.17469414747052,2022-11-01
2022,11,Los Cabos,Centros de Playa,Integralmente Planeados,670385,517767,250762,1206002,77.23427582657726,2022-11-01
2022,11,Los Mochis,Ciudades,Interior,47780,26607,46367,49665,55.68647969861867,2022-11-01
2022,11,Manzanillo,Centros de Playa,Tradicionales,125580,62034,92738,156162,49.39799331103679,2022-11-01
2022,11,Mazatlán,Centros de Playa,Tradicionales,286860,205056,215150,498312,71.48295335703828,2022-11-01
2022,11,Mexicali,Ciudades,Fronterizas,83580,59225,68882,98023,70.86025364919837,2022-11-01
2022,11,Monterrey,Ciudades,Grandes,500844,340815,265887,625409,68.04813474854446,2022-11-01
2022,11,Morelia,Ciudades,Interior,119340,66251,64439,120152,55.51449639684934,2022-11-01
2022,11,Mérida,Ciudades,Interior,239022,156108,163664,285771,65.31114290734745,2022-11-01
2022,11,Nuevo Nayarit,Centros de Playa,Otros,326130,256210,97768,598866,78.56069665470825,2022-11-01
2022,11,Oaxaca,Ciudades,Interior,182190,110778,111348,209443,60.80355672649432,2022-11-01
2022,11,Pachuca,Ciudades,Interior,47370,24415,31213,42588,51.54105974245303,2022-11-01
2022,11,Palenque,Ciudades,Interior,61920,25777,45624,49124,41.62952196382429,2022-11-01
2022,11,Piedras Negras,Ciudades,Fronterizas,34350,22424,33175,41207,65.28093158660845,2022-11-01
2022,11,Playas de Rosarito,Centros de Playa,Otros,78630,24479,61311,76543,31.131883505023527,2022-11-01
2022,11,Puebla,Ciudades,Interior,295227,169581,243871,423925,57.440884471948706,2022-11-01
2022,11,Puerto Escondido,Centros de Playa,Otros,78210,36238,41992,80230,46.33422835954482,2022-11-01
2022,11,Puerto Vallarta,Centros de Playa,Tradicionales,393169,300469,207683,654300,76.4223527287248,2022-11-01
2022,11,Querétaro,Ciudades,Interior,217545,132488,120246,241071,60.90142269415523,2022-11-01
2022,11,Riviera Maya,Centros de Playa,Otros,1491762,1179709,389313,2464589,79.0815827189592,2022-11-01
2022,11,Salamanca,Ciudades,Interior,36150,13144,17045,23062,36.35961272475795,2022-11-01
2022,11,San Cristóbal de las Casas,Ciudades,Interior,99477,35049,66099,68101,35.23327000211104,2022-11-01
2022,11,San Felipe,Centros de Playa,Otros,24690,7705,18812,19242,31.206966383151073,2022-11-01
2022,11,San Juan de los Lagos,Ciudades,Interior,109584,29153,107433,110429,26.60333625346766,2022-11-01
2022,11,San Juan del Río,Ciudades,Interior,24810,15848,19620,30988,63.877468762595726,2022-11-01
2022,11,San Luis Potosí,Ciudades,Interior,178851,99926,75441,156218,55.87108822427607,2022-11-01
2022,11,San Miguel de Allende,Ciudades,Interior,72928,30745,49170,64466,42.158018867924525,2022-11-01
2022,11,Taxco,Ciudades,Interior,26550,7994,17915,17915,30.109227871939737,2022-11-01
2022,11,Tecate,Ciudades,Fronterizas,17979,11726,22556,22690,65.22053506869125,2022-11-01
2022,11,Tequisquiapan,Ciudades,Interior,22530,5341,9500,12736,23.706169551708832,2022-11-01
2022,11,Tijuana,Ciudades,Fronterizas,189300,138778,142963,191415,73.31114632857897,2022-11-01
2022,11,Tlaxcala,Ciudades,Interior,19560,6144,7470,11072,31.411042944785276,2022-11-01
2022,11,Toluca,Ciudades,Interior,108930,46411,72403,74590,42.60626090149638,2022-11-01
2022,11,Tonalá Puerto Arista,Centros de Playa,Otros,22470,4552,14077,15436,20.25812194036493,2022-11-01
2022,11,Tuxtla Gutiérrez,Ciudades,Interior,126266,49193,62699,90052,38.959814993743365,2022-11-01
2022,11,Valle de Bravo,Ciudades,Interior,36630,8639,15040,17942,23.584493584493586,2022-11-01
2022,11,Veracruz-Boca del Río,Centros de Playa,Tradicionales,313320,139735,177329,332695,44.59817439039959,2022-11-01
2022,11,Villahermosa,Ciudades,Interior,152100,83598,67729,152966,54.96252465483235,2022-11-01
2022,11,Xalapa,Ciudades,Interior,93630,45315,64551,101021,48.397949375200255,2022-11-01
2022,11,Zacatecas,Ciudades,Interior,88512,30958,28108,52229,34.97604844540853,2022-11-01
2022,12,Acapulco,Centros de Playa,Tradicionales,606699,360866,850736,1025365,59.480236492890214,2022-12-01
2022,12,Aguascalientes,Ciudades,Interior,193503,77950,77326,143393,40.283613173955956,2022-12-01
2022,12,Bahías de Huatulco,Centros de Playa,Integralmente Planeados,134616,97134,71597,215730,72.15635585665895,2022-12-01
2022,12,Campeche,Ciudades,Interior,64883,33627,37237,66216,51.82713499684046,2022-12-01
2022,12,Cancún,Centros de Playa,Integralmente Planeados,1075793,839887,710662,2485967,78.07143195763497,2022-12-01
2022,12,Celaya,Ciudades,Interior,81656,24116,28991,40331,29.533653375134712,2022-12-01
2022,12,Chihuahua,Ciudades,Interior,155217,87598,97468,160322,56.43582854970783,2022-12-01
2022,12,Ciudad Juárez,Ciudades,Fronterizas,140802,87749,121959,137234,62.32084771523132,2022-12-01
2022,12,Ciudad de México,Ciudades,Grandes,1656919,935515,897061,1961049,56.46111849764533,2022-12-01
2022,12,Coatzacoalcos,Ciudades,Interior,60320,24246,37252,39266,40.19562334217507,2022-12-01
2022,12,Colima,Ciudades,Interior,39618,18787,27094,40577,47.42036448079156,2022-12-01
2022,12,Comitán de Domínguez,Ciudades,Interior,42638,12082,22787,22997,28.336225901777755,2022-12-01
2022,12,Cozumel,Centros de Playa,Tradicionales,160797,92127,69736,206171,57.29397936528667,2022-12-01
2022,12,Culiacán,Ciudades,Interior,53289,34250,28676,84152,64.27217624650491,2022-12-01
2022,12,Durango,Ciudades,Interior,59830,26986,29514,42193,45.104462644158446,2022-12-01
2022,12,El Fuerte,Ciudades,Interior,12617,6710,13232,13232,53.182214472537055,2022-12-01
2022,12,Guadalajara,Ciudades,Grandes,677887,316016,334789,573841,46.617799131713696,2022-12-01
2022,12,Guanajuato,Ciudades,Interior,102207,31204,55949,69014,30.53019851869246,2022-12-01
2022,12,Hermosillo,Ciudades,Interior,95914,51062,49837,105155,53.23727505890694,2022-12-01
2022,12,Irapuato,Ciudades,Interior,66557,21947,34217,40869,32.97474345298015,2022-12-01
2022,12,Isla Mujeres,Centros de Playa,Otros,50809,31545,38701,77427,62.085457300871894,2022-12-01
2022,12,Ixtapa - Zihuatanejo,Centros de Playa,Integralmente Planeados,195021,132552,153285,327991,67.9680649776178,2022-12-01
2022,12,La Paz,Centros de Playa,Tradicionales,84599,59465,54979,126558,70.29042896488139,2022-12-01
2022,12,León,Ciudades,Interior,196292,70673,91365,116886,36.004014427485586,2022-12-01
2022,12,Loreto,Centros de Playa,Integralmente Planeados,28148,14064,12368,27614,49.96447349722893,2022-12-01
2022,12,Los Cabos,Centros de Playa,Integralmente Planeados,690322,498518,251158,1207922,72.21528504089396,2022-12-01
2022,12,Los Mochis,Ciudades,Interior,49478,30481,52335,57147,61.60515784793242,2022-12-01
2022,12,Manzanillo,Centros de Playa,Tradicionales,136855,83874,123968,217379,61.28676336268313,2022-12-01
2022,12,Mazatlán,Centros de Playa,Tradicionales,296422,197709,199069,491622,66.69849066533523,2022-12-01
2022,12,Mexicali,Ciudades,Fronterizas,86304,54413,67074,99409,63.048062662217276,2022-12-01
2022,12,Monterrey,Ciudades,Grandes,517890,287997,273889,599613,55.60968545444013,2022-12-01
2022,12,Morelia,Ciudades,Interior,123318,63145,72015,133518,51.205014677500444,2022-12-01
2022,12,Mérida,Ciudades,Interior,246951,149749,165287,309186,60.639155136039136,2022-12-01
2022,12,Nuevo Nayarit,Centros de Playa,Otros,337063,262116,98773,618077,77.76469087381291,2022-12-01
2022,12,Oaxaca,Ciudades,Interior,189596,100044,113470,208028,52.76693601130825,2022-12-01
2022,12,Pachuca,Ciudades,Interior,48932,25692,31426,36093,52.505517861522115,2022-12-01
2022,12,Palenque,Ciudades,Interior,63984,25985,49415,52458,40.61171542885722,2022-12-01
2022,12,Piedras Negras,Ciudades,Fronterizas,35495,18780,30573,37230,52.90886040287364,2022-12-01
2022,12,Playas de Rosarito,Centros de Playa,Otros,81251,21216,53183,66551,26.11167862549384,2022-12-01
2022,12,Puebla,Ciudades,Interior,304787,164453,243634,421930,53.95669762817968,2022-12-01
2022,12,Puerto Escondido,Centros de Playa,Otros,80817,40428,42709,99934,50.02412858680723,2022-12-01
2022,12,Puerto Vallarta,Centros de Playa,Tradicionales,406791,323448,216954,715099,79.51208360066963,2022-12-01
2022,12,Querétaro,Ciudades,Interior,236322,131569,139007,248413,55.67361481368641,2022-12-01
2022,12,Riviera Maya,Centros de Playa,Otros,1546138,1240711,372520,2695579,80.24581246952083,2022-12-01
2022,12,Salamanca,Ciudades,Interior,31961,9503,12376,16846,29.73311223053096,2022-12-01
2022,12,San Cristóbal de las Casas,Ciudades,Interior,102874,39776,79991,83246,38.66477438419815,2022-12-01
2022,12,San Felipe,Centros de Playa,Otros,25513,2864,7098,7147,11.2256496687963,2022-12-01
2022,12,San Juan de los Lagos,Ciudades,Interior,113956,33001,124338,127012,28.95942293516796,2022-12-01
2022,12,San Juan del Río,Ciudades,Interior,25641,12966,17176,25530,50.56745056745057,2022-12-01
2022,12,San Luis Potosí,Ciudades,Interior,185064,92713,81650,161860,50.097804002939526,2022-12-01
2022,12,San Miguel de Allende,Ciudades,Interior,84878,34642,57480,72196,40.81387403096209,2022-12-01
2022,12,Taxco,Ciudades,Interior,27466,10794,24558,24558,39.2994975606204,2022-12-01
2022,12,Tecate,Ciudades,Fronterizas,18600,11359,20431,20431,61.06989247311828,2022-12-01
2022,12,Tequisquiapan,Ciudades,Interior,17360,5265,9420,13434,30.328341013824886,2022-12-01
2022,12,Tijuana,Ciudades,Fronterizas,196974,120977,125868,163719,61.417750566064555,2022-12-01
2022,12,Tlaxcala,Ciudades,Interior,20212,5009,7587,9410,24.7823075400752,2022-12-01
2022,12,Toluca,Ciudades,Interior,112561,47491,77853,80305,42.19134513730333,2022-12-01
2022,12,Tonalá Puerto Arista,Centros de Playa,Otros,22179,7688,24296,26444,34.66342035258578,2022-12-01
2022,12,Tuxtla Gutiérrez,Ciudades,Interior,130567,56008,76263,107365,42.895984437108915,2022-12-01
2022,12,Valle de Bravo,Ciudades,Interior,37103,8982,18049,19891,24.208285044336037,2022-12-01
2022,12,Veracruz-Boca del Río,Centros de Playa,Tradicionales,324291,159410,217591,392525,49.15646749370165,2022-12-01
2022,12,Villahermosa,Ciudades,Interior,158704,89877,86878,169643,56.63184292771449,2022-12-01
2022,12,Xalapa,Ciudades,Interior,98797,43408,68186,102496,43.93655677803982,2022-12-01
2022,12,Zacatecas,Ciudades,Interior,92800,25842,32127,48443,27.84698275862069,2022-12-01
2023,1,Acapulco,Centros de Playa,Tradicionales,678553,385841,885735,1096445,56.86232320835661,2023-01-01
2023,1,Aguascalientes,Ciudades,Interior,195355,79283,76606,125264,40.58406490747613,2023-01-01
2023,1,Bahías de Huatulco,Centros de Playa,Integralmente Planeados,134695,97178,63230,213461,72.14670180778796,2023-01-01
2023,1,Campeche,Ciudades,Interior,64883,30522,34950,58330,47.041597953238906,2023-01-01
2023,1,Cancún,Centros de Playa,Integralmente Planeados,1075801,851380,656457,2194073,79.13917164977538,2023-01-01
2023,1,Celaya,Ciudades,Interior,85346,24383,29429,41674,28.569587326881166,2023-01-01
2023,1,Chihuahua,Ciudades,Interior,155214,80524,92478,149027,51.879340781115104,2023-01-01
2023,1,Ciudad Juárez,Ciudades,Fronterizas,140802,90681,130032,144017,64.40320449993608,2023-01-01
2023,1,Ciudad de México,Ciudades,Grandes,1900851,906425,849050,1836529,47.685220987862806,2023-01-01
2023,1,Coatzacoalcos,Ciudades,Interior,60326,21757,31414,33141,36.06570964426616,2023-01-01
2023,1,Colima,Ciudades,Interior,36487,13443,19968,26964,36.84325924301806,2023-01-01
2023,1,Comitán de Domínguez,Ciudades,Interior,42840,9288,15691,15799,21.680672268907564,2023-01-01
2023,1,Cozumel,Centros de Playa,Tradicionales,160797,92226,72524,200084,57.355547678128325,2023-01-01
2023,1,Culiacán,Ciudades,Interior,77500,31059,44714,66310,40.076129032258066,2023-01-01
2023,1,Durango,Ciudades,Interior,59830,23888,24395,36519,39.92645829851245,2023-01-01
2023,1,El Fuerte,Ciudades,Interior,11470,2358,4884,4978,20.557977332170882,2023-01-01
2023,1,Guadalajara,Ciudades,Grandes,677412,290394,294356,514702,42.86815113992666,2023-01-01
2023,1,Guanajuato,Ciudades,Interior,100059,21774,39167,46916,21.761160915060113,2023-01-01
2023,1,Hermosillo,Ciudades,Interior,95914,48452,45186,92748,50.51608732823154,2023-01-01
2023,1,Irapuato,Ciudades,Interior,69285,20288,29676,39347,29.2819513603233,2023-01-01
2023,1,Isla Mujeres,Centros de Playa,Otros,50809,34524,43374,74126,67.94859178492,2023-01-01
2023,1,Ixtapa - Zihuatanejo,Centros de Playa,Integralmente Planeados,210924,133796,113630,319315,63.433274544385654,2023-01-01
2023,1,La Paz,Centros de Playa,Tradicionales,84568,58822,55603,120182,69.55586037271782,2023-01-01
2023,1,León,Ciudades,Interior,194590,76706,102648,128985,39.41929184439077,2023-01-01
2023,1,Loreto,Centros de Playa,Integralmente Planeados,28068,13531,15703,26419,48.207923614080094,2023-01-01
2023,1,Los Cabos,Centros de Playa,Integralmente Planeados,689865,535831,257917,1253207,77.67186333558016,2023-01-01
2023,1,Los Mochis,Ciudades,Interior,41542,17652,25001,29950,42.49193587212941,2023-01-01
2023,1,Manzanillo,Centros de Playa,Tradicionales,135698,70665,92343,183929,52.075196391988094,2023-01-01
2023,1,Mazatlán,Centros de Playa,Tradicionales,309845,164410,191296,437122,53.06201487840695,2023-01-01
2023,1,Mexicali,Ciudades,Fronterizas,86286,51711,55163,82582,59.92976844447535,2023-01-01
2023,1,Monterrey,Ciudades,Grandes,517705,240661,188794,433088,46.486126268821046,2023-01-01
2023,1,Morelia,Ciudades,Interior,140399,62924,75584,131668,44.8179830340672,2023-01-01
2023,1,Mérida,Ciudades,Interior,243821,137437,137937,263680,56.36799127228581,2023-01-01
2023,1,Nuevo Nayarit,Centros de Playa,Otros,337063,282267,87447,640104,83.74309847120568,2023-01-01
2023,1,Oaxaca,Ciudades,Interior,188263,86606,81760,173242,46.002666482527104,2023-01-01
2023,1,Pachuca,Ciudades,Interior,48957,21055,29485,36151,43.00712870478175,2023-01-01
2023,1,Palenque,Ciudades,Interior,64002,21989,41059,43239,34.356738851910876,2023-01-01
2023,1,Piedras Negras,Ciudades,Fronterizas,35495,18730,28213,35699,52.76799549232286,2023-01-01
2023,1,Playas de Rosarito,Centros de Playa,Otros,81233,17923,44848,55766,22.06369332660372,2023-01-01
2023,1,Puebla,Ciudades,Interior,313483,135433,193306,345010,43.20266170733341,2023-01-01
2023,1,Puerto Escondido,Centros de Playa,Otros,80817,41056,46820,100417,50.80119281834268,2023-01-01
2023,1,Puerto Vallarta,Centros de Playa,Tradicionales,407001,337952,189039,700477,83.03468541846334,2023-01-01
2023,1,Querétaro,Ciudades,Interior,225184,108121,95539,196851,48.01451257638198,2023-01-01
2023,1,Riviera Maya,Centros de Playa,Otros,1546025,1260126,435281,2694567,81.50747885706893,2023-01-01
2023,1,Salamanca,Ciudades,Interior,31961,8776,11523,15323,27.458465004223896,2023-01-01
2023,1,San Cristóbal de las Casas,Ciudades,Interior,102984,29784,59418,60849,28.92099743649499,2023-01-01
2023,1,San Felipe,Centros de Playa,Otros,25513,2619,5477,5921,10.265354917101085,2023-01-01
2023,1,San Juan de los Lagos,Ciudades,Interior,113956,26410,97190,99520,23.17561163958019,2023-01-01
2023,1,San Juan del Río,Ciudades,Interior,25637,11309,13647,20935,44.11202558801732,2023-01-01
2023,1,San Luis Potosí,Ciudades,Interior,184375,84341,65838,131228,45.74427118644068,2023-01-01
2023,1,San Miguel de Allende,Ciudades,Interior,86087,27529,44494,56355,31.9781151625681,2023-01-01
2023,1,Taxco,Ciudades,Interior,27497,8674,20076,20076,31.545259482852675,2023-01-01
2023,1,Tecate,Ciudades,Fronterizas,18600,8925,15079,15079,47.983870967741936,2023-01-01
2023,1,Tequisquiapan,Ciudades,Interior,17360,4099,9364,10678,23.611751152073733,2023-01-01
2023,1,Tijuana,Ciudades,Fronterizas,196974,114388,116857,153905,58.07263902850122,2023-01-01
2023,1,Tlaxcala,Ciudades,Interior,20897,4313,5489,7129,20.63932621907451,2023-01-01
2023,1,Toluca,Ciudades,Interior,112531,42449,60770,74721,37.722049924020936,2023-01-01
2023,1,Tonalá Puerto Arista,Centros de Playa,Otros,21468,6250,18659,20882,29.1130985653065,2023-01-01
2023,1,Tuxtla Gutiérrez,Ciudades,Interior,135536,45577,58967,88838,33.62722819029631,2023-01-01
2023,1,Valle de Bravo,Ciudades,Interior,36797,6500,12682,13353,17.66448351767807,2023-01-01
2023,1,Veracruz-Boca del Río,Centros de Playa,Tradicionales,324291,135823,184780,338376,41.88306181793513,2023-01-01
2023,1,Villahermosa,Ciudades,Interior,160593,75798,63781,147621,47.198819375688856,2023-01-01
2023,1,Xalapa,Ciudades,Interior,98239,35529,51365,78548,36.165881167357156,2023-01-01
2023,1,Zacatecas,Ciudades,Interior,91848,20326,21718,35889,22.130040937200594,2023-01-01
2023,2,Acapulco,Centros de Playa,Tradicionales,612538,301438,616848,807363,49.21131423683102,2023-02-01
2023,2,Aguascalientes,Ciudades,Interior,176626,76847,75446,124609,43.508317008820896,2023-02-01
2023,2,Bahías de Huatulco,Centros de Playa,Integralmente Planeados,121664,87331,53511,186442,71.78047738032615,2023-02-01
2023,2,Campeche,Ciudades,Interior,58604,30034,32426,57029,51.249061497508706,2023-02-01
2023,2,Cancún,Centros de Playa,Integralmente Planeados,971684,798742,600445,2006752,82.20182693138922,2023-02-01
2023,2,Celaya,Ciudades,Interior,73753,19218,20218,29769,26.0572451290117,2023-02-01
2023,2,Chihuahua,Ciudades,Interior,140196,84891,95853,150882,60.551656252674825,2023-02-01
2023,2,Ciudad Juárez,Ciudades,Fronterizas,127176,86335,122928,135201,67.88623639680443,2023-02-01
2023,2,Ciudad de México,Ciudades,Grandes,1717069,946609,851431,1824876,55.129351237486674,2023-02-01
2023,2,Coatzacoalcos,Ciudades,Interior,54488,21833,30603,32115,40.069373072970194,2023-02-01
2023,2,Colima,Ciudades,Interior,32984,15252,22525,31485,46.2406015037594,2023-02-01
2023,2,Comitán de Domínguez,Ciudades,Interior,38696,8810,14769,14813,22.767211081248707,2023-02-01
2023,2,Cozumel,Centros de Playa,Tradicionales,145236,91433,71825,193175,62.954777052521415,2023-02-01
2023,2,Culiacán,Ciudades,Interior,70000,40176,52145,81675,57.394285714285715,2023-02-01
2023,2,Durango,Ciudades,Interior,53952,23763,23992,36440,44.04470640569395,2023-02-01
2023,2,El Fuerte,Ciudades,Interior,10360,2526,4180,5078,24.382239382239383,2023-02-01
2023,2,Guadalajara,Ciudades,Grandes,616392,345906,318890,609048,56.11786006307674,2023-02-01
2023,2,Guanajuato,Ciudades,Interior,90565,24318,44031,53400,26.85143267266604,2023-02-01
2023,2,Hermosillo,Ciudades,Interior,86632,49778,34938,81725,57.45913750115431,2023-02-01
2023,2,Irapuato,Ciudades,Interior,71603,24791,34639,48735,34.62285099786322,2023-02-01
2023,2,Isla Mujeres,Centros de Playa,Otros,45892,33310,45839,71371,72.58345681164474,2023-02-01
2023,2,Ixtapa - Zihuatanejo,Centros de Playa,Integralmente Planeados,190512,116980,130443,271410,61.40295624422608,2023-02-01
2023,2,La Paz,Centros de Playa,Tradicionales,76384,56838,55748,120196,74.41087138667784,2023-02-01
2023,2,León,Ciudades,Interior,176301,76314,98470,124824,43.286198036312896,2023-02-01
2023,2,Loreto,Centros de Playa,Integralmente Planeados,25424,16727,19911,32540,65.79216488357457,2023-02-01
2023,2,Los Cabos,Centros de Playa,Integralmente Planeados,624866,505213,247950,1199914,80.85141454327808,2023-02-01
2023,2,Los Mochis,Ciudades,Interior,37576,21593,26083,32936,57.46487119437939,2023-02-01
2023,2,Manzanillo,Centros de Playa,Tradicionales,122416,66831,89379,174484,54.59335380995948,2023-02-01
2023,2,Mazatlán,Centros de Playa,Tradicionales,279860,178116,206714,477247,63.64467948259844,2023-02-01
2023,2,Mexicali,Ciudades,Fronterizas,77952,55820,59526,89311,71.60816912972085,2023-02-01
2023,2,Monterrey,Ciudades,Grandes,467493,282948,222029,488443,60.524542613472285,2023-02-01
2023,2,Morelia,Ciudades,Interior,126812,66112,68140,128110,52.133867457338425,2023-02-01
2023,2,Mérida,Ciudades,Interior,221306,136953,158431,262069,61.883997722610324,2023-02-01
2023,2,Nuevo Nayarit,Centros de Playa,Otros,304444,265792,81963,589020,87.30406905703512,2023-02-01
2023,2,Oaxaca,Ciudades,Interior,170029,89326,86695,171582,52.535743902510745,2023-02-01
2023,2,Pachuca,Ciudades,Interior,43891,21652,33652,41680,49.33129798819804,2023-02-01
2023,2,Palenque,Ciudades,Interior,57876,20434,38003,40293,35.30651738198908,2023-02-01
2023,2,Piedras Negras,Ciudades,Fronterizas,32060,20385,31815,39275,63.58390517779164,2023-02-01
2023,2,Playas de Rosarito,Centros de Playa,Otros,73334,19182,48119,60029,26.157034936046035,2023-02-01
2023,2,Puebla,Ciudades,Interior,283861,135571,184474,319934,47.759642923825396,2023-02-01
2023,2,Puerto Escondido,Centros de Playa,Otros,74060,34228,42419,76110,46.21658115041858,2023-02-01
2023,2,Puerto Vallarta,Centros de Playa,Tradicionales,371603,321887,178407,661041,86.62120596442978,2023-02-01
2023,2,Querétaro,Ciudades,Interior,203408,113953,91472,193472,56.021887044757335,2023-02-01
2023,2,Riviera Maya,Centros de Playa,Otros,1396633,1200128,413741,2526543,85.93009043893422,2023-02-01
2023,2,Salamanca,Ciudades,Interior,28868,8391,11974,15074,29.066786753498683,2023-02-01
2023,2,San Cristóbal de las Casas,Ciudades,Interior,93212,28228,54715,55676,30.283654465090333,2023-02-01
2023,2,San Felipe,Centros de Playa,Otros,23044,3456,7532,7706,14.997396285367124,2023-02-01
2023,2,San Juan de los Lagos,Ciudades,Interior,102928,30562,113020,115424,29.69260065288357,2023-02-01
2023,2,San Juan del Río,Ciudades,Interior,23164,10939,11883,18208,47.22414090830599,2023-02-01
2023,2,San Luis Potosí,Ciudades,Interior,167301,85248,61792,127163,50.954865780838134,2023-02-01
2023,2,San Miguel de Allende,Ciudades,Interior,77140,34272,51227,70547,44.42831215970962,2023-02-01
2023,2,Taxco,Ciudades,Interior,24752,8346,18492,18492,33.71848739495798,2023-02-01
2023,2,Tecate,Ciudades,Fronterizas,16800,8448,14421,14421,50.285714285714285,2023-02-01
2023,2,Tequisquiapan,Ciudades,Interior,15680,4577,9640,11481,29.190051020408163,2023-02-01
2023,2,Tijuana,Ciudades,Fronterizas,177912,124117,128972,169382,69.76314132829714,2023-02-01
2023,2,Tlaxcala,Ciudades,Interior,18788,4887,6022,7894,26.011283798169043,2023-02-01
2023,2,Toluca,Ciudades,Interior,101623,43582,60556,71770,42.88596085531819,2023-02-01
2023,2,Tonalá Puerto Arista,Centros de Playa,Otros,19376,4606,13389,15112,23.771676300578033,2023-02-01
2023,2,Tuxtla Gutiérrez,Ciudades,Interior,116945,45798,56005,88231,39.16199923040746,2023-02-01
2023,2,Valle de Bravo,Ciudades,Interior,33186,7945,15857,16709,23.94081841740493,2023-02-01
2023,2,Veracruz-Boca del Río,Centros de Playa,Tradicionales,292432,123497,157903,302957,42.23101438967008,2023-02-01
2023,2,Villahermosa,Ciudades,Interior,142585,72581,62662,130789,50.903671494196445,2023-02-01
2023,2,Xalapa,Ciudades,Interior,89236,38292,58127,86558,42.910932807387155,2023-02-01
2023,2,Zacatecas,Ciudades,Interior,83785,20170,18796,33176,24.073521513397385,2023-02-01
2023,3,Acapulco,Centros de Playa,Tradicionales,678584,332463,712005,907437,48.993639696780356,2023-03-01
2023,3,Aguascalientes,Ciudades,Interior,195616,93351,89135,160433,47.72155651889416,2023-03-01
2023,3,Bahías de Huatulco,Centros de Playa,Integralmente Planeados,134757,94738,63052,205629,70.3028414108358,2023-03-01
2023,3,Campeche,Ciudades,Interior,64873,33279,36859,61015,51.298691289134155,2023-03-01
2023,3,Cancún,Centros de Playa,Integralmente Planeados,1092750,878527,621670,2316564,80.39597346145047,2023-03-01
2023,3,Celaya,Ciudades,Interior,81819,22899,24756,39402,27.987386792798738,2023-03-01
2023,3,Chihuahua,Ciudades,Interior,155197,97984,110324,172537,63.13524101625676,2023-03-01
2023,3,Ciudad Juárez,Ciudades,Fronterizas,140790,102606,146212,161083,72.87875559343703,2023-03-01
2023,3,Ciudad de México,Ciudades,Grandes,1901048,1099037,979153,2136919,57.81216465865144,2023-03-01
2023,3,Coatzacoalcos,Ciudades,Interior,60319,25930,35608,38062,42.9881131981631,2023-03-01
2023,3,Colima,Ciudades,Interior,36518,16812,22308,33363,46.03757051317159,2023-03-01
2023,3,Comitán de Domínguez,Ciudades,Interior,42842,10635,18569,18569,24.823771065776576,2023-03-01
2023,3,Cozumel,Centros de Playa,Tradicionales,160270,98280,71759,207802,61.3215199351095,2023-03-01
2023,3,Culiacán,Ciudades,Interior,77500,46502,56611,84359,60.00258064516129,2023-03-01
2023,3,Durango,Ciudades,Interior,59694,30754,29533,45197,51.51941568666868,2023-03-01
2023,3,El Fuerte,Ciudades,Interior,11470,3418,6185,7140,29.79947689625109,2023-03-01
2023,3,Guadalajara,Ciudades,Grandes,682951,419648,385796,771066,61.44628238336279,2023-03-01
2023,3,Guanajuato,Ciudades,Interior,101825,29399,53608,62753,28.872084458630003,2023-03-01
2023,3,Hermosillo,Ciudades,Interior,95914,65480,53039,110155,68.26949141939654,2023-03-01
2023,3,Irapuato,Ciudades,Interior,79050,32060,52750,65062,40.55660974067046,2023-03-01
2023,3,Isla Mujeres,Centros de Playa,Otros,50809,36641,50483,79252,72.115176445118,2023-03-01
2023,3,Ixtapa - Zihuatanejo,Centros de Playa,Integralmente Planeados,210924,112619,100267,262173,53.39316531072804,2023-03-01
2023,3,La Paz,Centros de Playa,Tradicionales,84568,62464,60041,131185,73.86245388326554,2023-03-01
2023,3,León,Ciudades,Interior,191394,85544,113944,141540,44.69523600530842,2023-03-01
2023,3,Loreto,Centros de Playa,Integralmente Planeados,28148,17529,19412,36585,62.27440670740372,2023-03-01
2023,3,Los Cabos,Centros de Playa,Integralmente Planeados,692869,558607,283990,1383866,80.6223109996262,2023-03-01
2023,3,Los Mochis,Ciudades,Interior,41602,31828,38333,49523,76.505937214557,2023-03-01
2023,3,Manzanillo,Centros de Playa,Tradicionales,135530,71052,106565,185197,52.42529329299786,2023-03-01
2023,3,Mazatlán,Centros de Playa,Tradicionales,309845,188245,220838,475878,60.754570833803996,2023-03-01
2023,3,Mexicali,Ciudades,Fronterizas,86304,61202,66896,97017,70.9144419725621,2023-03-01
2023,3,Monterrey,Ciudades,Grandes,517307,341312,275716,667860,65.97861617956069,2023-03-01
2023,3,Morelia,Ciudades,Interior,140864,77297,75514,149551,54.873495002271696,2023-03-01
2023,3,Mérida,Ciudades,Interior,246992,146935,151738,274610,59.489781045539935,2023-03-01
2023,3,Nuevo Nayarit,Centros de Playa,Otros,337012,276804,97149,645664,82.13476078003157,2023-03-01
2023,3,Oaxaca,Ciudades,Interior,188263,106413,107817,201831,56.52358668458486,2023-03-01
2023,3,Pachuca,Ciudades,Interior,48613,23840,37188,46348,49.040380145228646,2023-03-01
2023,3,Palenque,Ciudades,Interior,64077,24265,46051,49141,37.868501958581085,2023-03-01
2023,3,Piedras Negras,Ciudades,Fronterizas,35504,24002,39931,47371,67.60365029292474,2023-03-01
2023,3,Playas de Rosarito,Centros de Playa,Otros,81251,26649,66719,83185,32.79836555857774,2023-03-01
2023,3,Puebla,Ciudades,Interior,313892,179336,249212,427211,57.13302664610758,2023-03-01
2023,3,Puerto Escondido,Centros de Playa,Otros,82057,33614,45335,77422,40.964207806768464,2023-03-01
2023,3,Puerto Vallarta,Centros de Playa,Tradicionales,411605,334293,208251,716102,81.21694342877274,2023-03-01
2023,3,Querétaro,Ciudades,Interior,225132,137218,120090,251712,60.9500204324574,2023-03-01
2023,3,Riviera Maya,Centros de Playa,Otros,1584465,1240618,442821,2626069,78.29885797414269,2023-03-01
2023,3,Salamanca,Ciudades,Interior,25544,9103,14059,16086,35.636548700281864,2023-03-01
2023,3,San Cristóbal de las Casas,Ciudades,Interior,101835,35504,68087,70902,34.864241174448864,2023-03-01
2023,3,San Felipe,Centros de Playa,Otros,25513,11216,25041,27726,43.9619017755654,2023-03-01
2023,3,San Juan de los Lagos,Ciudades,Interior,113956,33486,125026,126726,29.38502579943136,2023-03-01
2023,3,San Juan del Río,Ciudades,Interior,25637,13286,14615,22169,51.823536295198345,2023-03-01
2023,3,San Luis Potosí,Ciudades,Interior,186066,113350,78955,174943,60.91924370922146,2023-03-01
2023,3,San Miguel de Allende,Ciudades,Interior,85438,36900,57401,74786,43.189213230646786,2023-03-01
2023,3,Taxco,Ciudades,Interior,27406,8235,18517,18517,30.04816463548128,2023-03-01
2023,3,Tecate,Ciudades,Fronterizas,18600,9269,15918,15918,49.833333333333336,2023-03-01
2023,3,Tequisquiapan,Ciudades,Interior,17348,5793,12192,14886,33.392898316808854,2023-03-01
2023,3,Tijuana,Ciudades,Fronterizas,194866,140324,141738,178315,72.01050978621207,2023-03-01
2023,3,Tlaxcala,Ciudades,Interior,21121,7326,7773,11587,34.68585767719331,2023-03-01
2023,3,Toluca,Ciudades,Interior,112561,53269,75938,87987,47.32456179316104,2023-03-01
2023,3,Tonalá Puerto Arista,Centros de Playa,Otros,21700,5731,16345,18019,26.410138248847925,2023-03-01
2023,3,Tuxtla Gutiérrez,Ciudades,Interior,129931,53927,67827,102313,41.50433691728687,2023-03-01
2023,3,Valle de Bravo,Ciudades,Interior,36785,8475,14879,16080,23.03928231616148,2023-03-01
2023,3,Veracruz-Boca del Río,Centros de Playa,Tradicionales,323764,146891,187059,355763,45.369775515498944,2023-03-01
2023,3,Villahermosa,Ciudades,Interior,157751,86776,72390,155620,55.00820913972019,2023-03-01
2023,3,Xalapa,Ciudades,Interior,98759,46017,63208,92364,46.59524701546188,2023-03-01
2023,3,Zacatecas,Ciudades,Interior,92814,25301,24295,42786,27.25989613635874,2023-03-01
2023,4,Acapulco,Centros de Playa,Tradicionales,656579,391640,930711,1120837,59.64857237285993,2023-04-01
2023,4,Aguascalientes,Ciudades,Interior,190318,104486,112629,185791,54.90074506877962,2023-04-01
2023,4,Bahías de Huatulco,Centros de Playa,Integralmente Planeados,130410,94118,74731,218866,72.1708457940342,2023-04-01
2023,4,Campeche,Ciudades,Interior,62790,32362,38925,63650,51.5400541487498,2023-04-01
2023,4,Cancún,Centros de Playa,Integralmente Planeados,1057500,814519,570942,2118697,77.02307328605201,2023-04-01
2023,4,Celaya,Ciudades,Interior,75360,31839,35224,58361,42.24920382165605,2023-04-01
2023,4,Chihuahua,Ciudades,Interior,150210,88713,101076,166767,59.059316956261235,2023-04-01
2023,4,Ciudad Juárez,Ciudades,Fronterizas,136260,94504,134156,147671,69.35564362248643,2023-04-01
2023,4,Ciudad de México,Ciudades,Grandes,1837387,1055201,922986,2194282,57.42943647690987,2023-04-01
2023,4,Coatzacoalcos,Ciudades,Interior,58380,28909,41837,44432,49.51867077766358,2023-04-01
2023,4,Colima,Ciudades,Interior,35340,14622,19629,30612,41.37521222410866,2023-04-01
2023,4,Comitán de Domínguez,Ciudades,Interior,41400,14245,25070,25086,34.408212560386474,2023-04-01
2023,4,Cozumel,Centros de Playa,Tradicionales,155100,79996,59864,169881,51.57704706640877,2023-04-01
2023,4,Culiacán,Ciudades,Interior,75000,36720,48579,79460,48.96,2023-04-01
2023,4,Durango,Ciudades,Interior,57822,29346,31588,48170,50.75230880979558,2023-04-01
2023,4,El Fuerte,Ciudades,Interior,11100,3339,6134,7086,30.08108108108108,2023-04-01
2023,4,Guadalajara,Ciudades,Grandes,661915,364402,362358,716026,55.05268803396206,2023-04-01
2023,4,Guanajuato,Ciudades,Interior,95381,34063,63302,73776,35.71256329877019,2023-04-01
2023,4,Hermosillo,Ciudades,Interior,92820,55000,52384,111825,59.254471019176904,2023-04-01
2023,4,Irapuato,Ciudades,Interior,75930,28109,48475,57571,37.019623337284344,2023-04-01
2023,4,Isla Mujeres,Centros de Playa,Otros,49170,30555,44674,67114,62.141549725442346,2023-04-01
2023,4,Ixtapa - Zihuatanejo,Centros de Playa,Integralmente Planeados,204420,128936,122376,327945,63.07406320320908,2023-04-01
2023,4,La Paz,Centros de Playa,Tradicionales,81870,58762,55188,123498,71.77476487113717,2023-04-01
2023,4,León,Ciudades,Interior,187948,72751,97412,126742,38.708046906591186,2023-04-01
2023,4,Loreto,Centros de Playa,Integralmente Planeados,27360,16721,19161,34480,61.114766081871345,2023-04-01
2023,4,Los Cabos,Centros de Playa,Integralmente Planeados,670442,507225,230822,1241056,75.65531395706117,2023-04-01
2023,4,Los Mochis,Ciudades,Interior,40260,22845,27732,35828,56.743666169895675,2023-04-01
2023,4,Manzanillo,Centros de Playa,Tradicionales,132202,82952,122919,241753,62.74640323141859,2023-04-01
2023,4,Mazatlán,Centros de Playa,Tradicionales,299850,210175,246132,560930,70.093380023345,2023-04-01
2023,4,Mexicali,Ciudades,Fronterizas,83520,62357,65794,102530,74.66115900383141,2023-04-01
2023,4,Monterrey,Ciudades,Grandes,500773,290477,249512,603176,58.005723152007,2023-04-01
2023,4,Morelia,Ciudades,Interior,130590,66639,70365,150300,51.029175281415114,2023-04-01
2023,4,Mérida,Ciudades,Interior,239574,142739,151405,278513,59.58033843405378,2023-04-01
2023,4,Nuevo Nayarit,Centros de Playa,Otros,326187,259736,109531,626175,79.62794348027359,2023-04-01
2023,4,Oaxaca,Ciudades,Interior,180960,102080,98965,207024,56.41025641025641,2023-04-01
2023,4,Pachuca,Ciudades,Interior,47083,27793,43380,52527,59.02979844105091,2023-04-01
2023,4,Palenque,Ciudades,Interior,61998,28112,58098,61090,45.34339817413465,2023-04-01
2023,4,Piedras Negras,Ciudades,Fronterizas,34350,21115,35831,42044,61.47016011644833,2023-04-01
2023,4,Playas de Rosarito,Centros de Playa,Otros,78630,32530,81570,101862,41.37097799821951,2023-04-01
2023,4,Puebla,Ciudades,Interior,303783,186290,264408,464570,61.323378859251505,2023-04-01
2023,4,Puerto Escondido,Centros de Playa,Otros,80670,39934,56132,99302,49.502913102764346,2023-04-01
2023,4,Puerto Vallarta,Centros de Playa,Tradicionales,398340,308864,219379,699454,77.53778179444696,2023-04-01
2023,4,Querétaro,Ciudades,Interior,217834,131413,138633,280578,60.32712983280847,2023-04-01
2023,4,Riviera Maya,Centros de Playa,Otros,1531624,1115047,432977,2340161,72.80161449546364,2023-04-01
2023,4,Salamanca,Ciudades,Interior,30930,9206,13105,15994,29.763983187843518,2023-04-01
2023,4,San Cristóbal de las Casas,Ciudades,Interior,98541,38317,77847,80034,38.88432226179966,2023-04-01
2023,4,San Felipe,Centros de Playa,Otros,24690,12944,30050,31947,52.426083434588904,2023-04-01
2023,4,San Juan de los Lagos,Ciudades,Interior,110280,41937,158647,161221,38.027747551686616,2023-04-01
2023,4,San Juan del Río,Ciudades,Interior,24810,12027,13751,22203,48.4764207980653,2023-04-01
2023,4,San Luis Potosí,Ciudades,Interior,180662,110014,89235,195249,60.894930865372906,2023-04-01
2023,4,San Miguel de Allende,Ciudades,Interior,82108,39502,62338,83474,48.10980659619038,2023-04-01
2023,4,Taxco,Ciudades,Interior,26550,11654,27568,27629,43.89453860640301,2023-04-01
2023,4,Tecate,Ciudades,Fronterizas,18000,10379,16676,16676,57.66111111111111,2023-04-01
2023,4,Tequisquiapan,Ciudades,Interior,16800,8310,17041,22647,49.464285714285715,2023-04-01
2023,4,Tijuana,Ciudades,Fronterizas,190620,123697,126586,166338,64.8919315916483,2023-04-01
2023,4,Tlaxcala,Ciudades,Interior,20394,6853,9184,12790,33.60302049622438,2023-04-01
2023,4,Toluca,Ciudades,Interior,108930,47343,67573,80575,43.461856237950975,2023-04-01
2023,4,Tonalá Puerto Arista,Centros de Playa,Otros,21000,8561,23471,25699,40.766666666666666,2023-04-01
2023,4,Tuxtla Gutiérrez,Ciudades,Interior,125723,56306,70243,105597,44.7857591689667,2023-04-01
2023,4,Valle de Bravo,Ciudades,Interior,35610,10008,19633,22760,28.1044650379107,2023-04-01
2023,4,Veracruz-Boca del Río,Centros de Playa,Tradicionales,313200,186016,252804,466781,59.392081736909326,2023-04-01
2023,4,Villahermosa,Ciudades,Interior,152798,83677,78258,163839,54.76315135014856,2023-04-01
2023,4,Xalapa,Ciudades,Interior,93090,47899,67612,106141,51.45450639166398,2023-04-01
2023,4,Zacatecas,Ciudades,Interior,89490,25073,22598,42154,28.0176556039781,2023-04-01
2023,5,Acapulco,Centros de Playa,Tradicionales,672026,342043,799337,928527,50.89728671212126,2023-05-01
2023,5,Aguascalientes,Ciudades,Interior,196492,106849,102835,182217,54.37829529955418,2023-05-01
2023,5,Bahías de Huatulco,Centros de Playa,Integralmente Planeados,134757,81251,69883,185525,60.29445594662986,2023-05-01
2023,5,Campeche,Ciudades,Interior,64883,30942,33959,56328,47.68891697362945,2023-05-01
2023,5,Cancún,Centros de Playa,Integralmente Planeados,1092753,756514,556989,1983515,69.23010048931461,2023-05-01
2023,5,Celaya,Ciudades,Interior,81645,34346,37209,61891,42.067487292547,2023-05-01
2023,5,Chihuahua,Ciudades,Interior,155217,102315,113074,187666,65.91739306905816,2023-05-01
2023,5,Ciudad Juárez,Ciudades,Fronterizas,140802,99472,142009,155885,70.6467237681283,2023-05-01
2023,5,Ciudad de México,Ciudades,Grandes,1901594,1010061,886600,1991680,53.116543278954396,2023-05-01
2023,5,Coatzacoalcos,Ciudades,Interior,60426,27399,37344,39179,45.34306424386853,2023-05-01
2023,5,Colima,Ciudades,Interior,38161,15271,19668,29670,40.017295144257226,2023-05-01
2023,5,Comitán de Domínguez,Ciudades,Interior,42842,10202,17068,17080,23.813080621819708,2023-05-01
2023,5,Cozumel,Centros de Playa,Tradicionales,160270,73114,55114,152339,45.619267486117174,2023-05-01
2023,5,Culiacán,Ciudades,Interior,77500,43584,49636,76959,56.23741935483871,2023-05-01
2023,5,Durango,Ciudades,Interior,59703,28096,26537,44069,47.05961174480344,2023-05-01
2023,5,El Fuerte,Ciudades,Interior,11439,1648,3495,3767,14.406853745956814,2023-05-01
2023,5,Guadalajara,Ciudades,Grandes,687353,378415,360428,717070,55.053953354389954,2023-05-01
2023,5,Guanajuato,Ciudades,Interior,104083,22828,39923,48624,21.932496180932525,2023-05-01
2023,5,Hermosillo,Ciudades,Interior,95914,59238,47446,104120,61.76157808036366,2023-05-01
2023,5,Irapuato,Ciudades,Interior,78461,29013,45083,52770,36.977606709065654,2023-05-01
2023,5,Isla Mujeres,Centros de Playa,Otros,50809,28484,40123,60900,56.06093408648074,2023-05-01
2023,5,Ixtapa - Zihuatanejo,Centros de Playa,Integralmente Planeados,210831,126783,118167,295637,60.134894773538996,2023-05-01
2023,5,La Paz,Centros de Playa,Tradicionales,84568,58574,49791,121293,69.262605240753,2023-05-01
2023,5,León,Ciudades,Interior,191394,74890,91589,123605,39.12870831896507,2023-05-01
2023,5,Loreto,Centros de Playa,Integralmente Planeados,28272,11042,13813,21442,39.05631013016412,2023-05-01
2023,5,Los Cabos,Centros de Playa,Integralmente Planeados,692233,486260,238023,1112613,70.24513422503695,2023-05-01
2023,5,Los Mochis,Ciudades,Interior,41602,24455,31271,37533,58.783231575405026,2023-05-01
2023,5,Manzanillo,Centros de Playa,Tradicionales,136863,77323,113154,210493,56.49664262802949,2023-05-01
2023,5,Mazatlán,Centros de Playa,Tradicionales,309845,207839,241114,550851,67.07837789862673,2023-05-01
2023,5,Mexicali,Ciudades,Fronterizas,86304,59873,61106,94857,69.37453652206155,2023-05-01
2023,5,Monterrey,Ciudades,Grandes,515234,316379,249710,589460,61.40491504830815,2023-05-01
2023,5,Morelia,Ciudades,Interior,135377,72861,67893,125195,53.82081151155661,2023-05-01
2023,5,Mérida,Ciudades,Interior,247308,132926,134102,236731,53.74917107412619,2023-05-01
2023,5,Nuevo Nayarit,Centros de Playa,Otros,337188,227134,112526,550086,67.36123468213579,2023-05-01
2023,5,Oaxaca,Ciudades,Interior,187581,90570,94612,170438,48.28314168279304,2023-05-01
2023,5,Pachuca,Ciudades,Interior,48571,25462,48679,59916,52.422227254946364,2023-05-01
2023,5,Palenque,Ciudades,Interior,63984,19098,36514,39673,29.84808702175544,2023-05-01
2023,5,Piedras Negras,Ciudades,Fronterizas,35498,22930,39724,44944,64.59518846132177,2023-05-01
2023,5,Playas de Rosarito,Centros de Playa,Otros,81251,29238,73005,91180,35.98478787953379,2023-05-01
2023,5,Puebla,Ciudades,Interior,314079,190719,275212,492633,60.723257524380806,2023-05-01
2023,5,Puerto Escondido,Centros de Playa,Otros,82305,29635,42856,69012,36.00631796367171,2023-05-01
2023,5,Puerto Vallarta,Centros de Playa,Tradicionales,411304,277325,216797,638384,67.42579697741816,2023-05-01
2023,5,Querétaro,Ciudades,Interior,228686,136047,127466,264463,59.49074276518895,2023-05-01
2023,5,Riviera Maya,Centros de Playa,Otros,1580593,1195073,447757,2553389,75.6091542857649,2023-05-01
2023,5,Salamanca,Ciudades,Interior,31961,11079,17768,19362,34.66412189856388,2023-05-01
2023,5,San Cristóbal de las Casas,Ciudades,Interior,101800,30718,53955,58922,30.174852652259332,2023-05-01
2023,5,San Felipe,Centros de Playa,Otros,25513,8224,18971,19704,32.23454709363854,2023-05-01
2023,5,San Juan de los Lagos,Ciudades,Interior,113956,35520,131713,135365,31.16992523430096,2023-05-01
2023,5,San Juan del Río,Ciudades,Interior,25637,10614,10967,18766,41.40109997269571,2023-05-01
2023,5,San Luis Potosí,Ciudades,Interior,186668,110566,80506,175183,59.23136263312405,2023-05-01
2023,5,San Miguel de Allende,Ciudades,Interior,86087,28447,47230,59844,33.044478260364514,2023-05-01
2023,5,Taxco,Ciudades,Interior,27435,8423,18806,18806,30.701658465463822,2023-05-01
2023,5,Tecate,Ciudades,Fronterizas,18600,9917,17008,17008,53.31720430107527,2023-05-01
2023,5,Tequisquiapan,Ciudades,Interior,17360,4847,9447,11794,27.920506912442395,2023-05-01
2023,5,Tijuana,Ciudades,Fronterizas,196974,130183,132760,169657,66.09146384802055,2023-05-01
2023,5,Tlaxcala,Ciudades,Interior,21254,6788,9478,12396,31.93751764373765,2023-05-01
2023,5,Toluca,Ciudades,Interior,112561,56195,76815,90260,49.92404118655662,2023-05-01
2023,5,Tonalá Puerto Arista,Centros de Playa,Otros,21700,5233,14112,15399,24.11520737327189,2023-05-01
2023,5,Tuxtla Gutiérrez,Ciudades,Interior,128917,50497,62615,94626,39.17016374876859,2023-05-01
2023,5,Valle de Bravo,Ciudades,Interior,36797,6880,12730,14160,18.69717640025002,2023-05-01
2023,5,Veracruz-Boca del Río,Centros de Playa,Tradicionales,323640,163959,206389,391267,50.660919540229884,2023-05-01
2023,5,Villahermosa,Ciudades,Interior,160541,87353,78809,165430,54.41164562323643,2023-05-01
2023,5,Xalapa,Ciudades,Interior,96281,42698,58596,89229,44.34727516332402,2023-05-01
2023,5,Zacatecas,Ciudades,Interior,92712,28995,25979,50638,31.27426870308051,2023-05-01
2023,6,Acapulco,Centros de Playa,Tradicionales,672997,300951,585047,812108,44.718029946641664,2023-06-01
2023,6,Aguascalientes,Ciudades,Interior,189887,92805,88795,151564,48.87380389389479,2023-06-01
2023,6,Bahías de Huatulco,Centros de Playa,Integralmente Planeados,130440,74285,61829,167835,56.94955535111929,2023-06-01
2023,6,Campeche,Ciudades,Interior,62280,30202,31681,53359,48.49389852280026,2023-06-01
2023,6,Cancún,Centros de Playa,Integralmente Planeados,1057500,764969,542100,2028042,72.33749408983452,2023-06-01
2023,6,Celaya,Ciudades,Interior,79021,23556,26334,43725,29.80979739562901,2023-06-01
2023,6,Chihuahua,Ciudades,Interior,150183,98723,110749,181816,65.73513646684378,2023-06-01
2023,6,Ciudad Juárez,Ciudades,Fronterizas,136260,105807,147825,165755,77.65081461911052,2023-06-01
2023,6,Ciudad de México,Ciudades,Grandes,1839718,926617,773614,1793654,50.36733890737602,2023-06-01
2023,6,Coatzacoalcos,Ciudades,Interior,58380,27740,38290,40123,47.51627269612881,2023-06-01
2023,6,Colima,Ciudades,Interior,36930,14799,20570,29292,40.07311129163282,2023-06-01
2023,6,Comitán de Domínguez,Ciudades,Interior,41446,8965,15238,15238,21.63055542151233,2023-06-01
2023,6,Cozumel,Centros de Playa,Tradicionales,155100,75367,74982,171413,48.59252095422308,2023-06-01
2023,6,Culiacán,Ciudades,Interior,75000,36466,45418,74736,48.62133333333333,2023-06-01
2023,6,Durango,Ciudades,Interior,57851,30200,31071,48073,52.20307341273271,2023-06-01
2023,6,El Fuerte,Ciudades,Interior,11070,1682,3970,4172,15.194218608852756,2023-06-01
2023,6,Guadalajara,Ciudades,Grandes,665518,376195,337905,704861,56.5266454100415,2023-06-01
2023,6,Guanajuato,Ciudades,Interior,97166,22391,40974,47581,23.044068912994256,2023-06-01
2023,6,Hermosillo,Ciudades,Interior,92820,56600,49092,95675,60.97823744882568,2023-06-01
2023,6,Irapuato,Ciudades,Interior,75480,32296,49613,58883,42.78749337572867,2023-06-01
2023,6,Isla Mujeres,Centros de Playa,Otros,49170,28663,41421,63743,58.2936750050844,2023-06-01
2023,6,Ixtapa - Zihuatanejo,Centros de Playa,Integralmente Planeados,204015,122080,134867,305671,59.838737347744036,2023-06-01
2023,6,La Paz,Centros de Playa,Tradicionales,81840,58109,53764,118391,71.00317693059628,2023-06-01
2023,6,León,Ciudades,Interior,185070,73900,92097,117386,39.93083698060193,2023-06-01
2023,6,Loreto,Centros de Playa,Integralmente Planeados,27360,10204,11940,20506,37.2953216374269,2023-06-01
2023,6,Los Cabos,Centros de Playa,Integralmente Planeados,665597,497161,279103,1273000,74.69399651741219,2023-06-01
2023,6,Los Mochis,Ciudades,Interior,40260,23782,27887,36743,59.07103825136612,2023-06-01
2023,6,Manzanillo,Centros de Playa,Tradicionales,131160,76637,110796,200337,58.43016163464471,2023-06-01
2023,6,Mazatlán,Centros de Playa,Tradicionales,299848,212821,236356,571958,70.97629465595902,2023-06-01
2023,6,Mexicali,Ciudades,Fronterizas,83520,55845,61075,88508,66.86422413793103,2023-06-01
2023,6,Monterrey,Ciudades,Grandes,498557,316476,257520,594041,63.47839865852851,2023-06-01
2023,6,Morelia,Ciudades,Interior,130744,72126,63633,118138,55.165820228844154,2023-06-01
2023,6,Mérida,Ciudades,Interior,245854,134346,153129,255044,54.644626485637815,2023-06-01
2023,6,Nuevo Nayarit,Centros de Playa,Otros,326310,237371,116322,597508,72.74401642609789,2023-06-01
2023,6,Oaxaca,Ciudades,Interior,181260,85877,69238,157525,47.377799845525765,2023-06-01
2023,6,Pachuca,Ciudades,Interior,47026,24141,37567,49101,51.33543146344575,2023-06-01
2023,6,Palenque,Ciudades,Interior,61980,16868,33869,35592,27.215230719586962,2023-06-01
2023,6,Piedras Negras,Ciudades,Fronterizas,34350,18712,33521,38092,54.4745269286754,2023-06-01
2023,6,Playas de Rosarito,Centros de Playa,Otros,78630,31715,79560,99278,40.33447793463055,2023-06-01
2023,6,Puebla,Ciudades,Interior,304878,170017,234528,419087,55.76558492249359,2023-06-01
2023,6,Puerto Escondido,Centros de Playa,Otros,79650,25821,35666,58963,32.4180790960452,2023-06-01
2023,6,Puerto Vallarta,Centros de Playa,Tradicionales,397364,271222,216911,634348,68.25530244310004,2023-06-01
2023,6,Querétaro,Ciudades,Interior,221310,133659,121119,248566,60.39446929646198,2023-06-01
2023,6,Riviera Maya,Centros de Playa,Otros,1501234,1074481,423097,2310170,71.57318579248805,2023-06-01
2023,6,Salamanca,Ciudades,Interior,30930,8207,11322,14120,26.534109279017134,2023-06-01
2023,6,San Cristóbal de las Casas,Ciudades,Interior,98540,23098,43411,44297,23.440227318855285,2023-06-01
2023,6,San Felipe,Centros de Playa,Otros,24690,6533,15064,15545,26.460105305791817,2023-06-01
2023,6,San Juan de los Lagos,Ciudades,Interior,110280,33346,122539,124962,30.237577076532464,2023-06-01
2023,6,San Juan del Río,Ciudades,Interior,24810,12014,12481,19316,48.42402257154373,2023-06-01
2023,6,San Luis Potosí,Ciudades,Interior,180881,96038,73766,146010,53.09457599195051,2023-06-01
2023,6,San Miguel de Allende,Ciudades,Interior,84150,25133,39592,53151,29.866904337492574,2023-06-01
2023,6,Taxco,Ciudades,Interior,26520,6854,14844,14844,25.844645550527904,2023-06-01
2023,6,Tecate,Ciudades,Fronterizas,18000,10510,18387,18387,58.388888888888886,2023-06-01
2023,6,Tequisquiapan,Ciudades,Interior,16800,5034,10540,12232,29.964285714285715,2023-06-01
2023,6,Tijuana,Ciudades,Fronterizas,190620,130576,136255,179932,68.50068198510125,2023-06-01
2023,6,Tlaxcala,Ciudades,Interior,20430,5728,6853,9107,28.037200195790504,2023-06-01
2023,6,Toluca,Ciudades,Interior,108930,56343,75401,88833,51.72404296337097,2023-06-01
2023,6,Tonalá Puerto Arista,Centros de Playa,Otros,20208,5190,12218,13283,25.682897862232778,2023-06-01
2023,6,Tuxtla Gutiérrez,Ciudades,Interior,125605,49554,61475,90682,39.45225110465348,2023-06-01
2023,6,Valle de Bravo,Ciudades,Interior,36630,6314,11466,12612,17.237237237237238,2023-06-01
2023,6,Veracruz-Boca del Río,Centros de Playa,Tradicionales,312540,170067,197065,404336,54.414474947206756,2023-06-01
2023,6,Villahermosa,Ciudades,Interior,155665,106120,100984,213004,68.17203610317027,2023-06-01
2023,6,Xalapa,Ciudades,Interior,93844,48183,68242,106214,51.343719364050976,2023-06-01
2023,6,Zacatecas,Ciudades,Interior,89489,25772,24951,43250,28.799070276793795,2023-06-01
2023,7,Acapulco,Centros de Playa,Tradicionales,698808,350987,766061,1010856,50.22652860299252,2023-07-01
2023,7,Aguascalientes,Ciudades,Interior,196433,97707,99571,164258,49.740624029567336,2023-07-01
2023,7,Bahías de Huatulco,Centros de Playa,Integralmente Planeados,134757,88174,70679,210569,65.43185140660596,2023-07-01
2023,7,Campeche,Ciudades,Interior,64356,33876,39009,68426,52.63844862949841,2023-07-01
2023,7,Cancún,Centros de Playa,Integralmente Planeados,1092750,823675,581240,2230852,75.3763440860215,2023-07-01
2023,7,Celaya,Ciudades,Interior,77811,31035,34760,56425,39.88510621891506,2023-07-01
2023,7,Chihuahua,Ciudades,Interior,155217,104937,120793,196852,67.60664102514544,2023-07-01
2023,7,Ciudad Juárez,Ciudades,Fronterizas,140802,92891,128032,147779,65.97278447749322,2023-07-01
2023,7,Ciudad de México,Ciudades,Grandes,1901035,1041352,966798,2197914,54.77816031793208,2023-07-01
2023,7,Coatzacoalcos,Ciudades,Interior,60326,28151,39399,41411,46.66478798527998,2023-07-01
2023,7,Colima,Ciudades,Interior,38161,14397,19864,29137,37.72699876837609,2023-07-01
2023,7,Comitán de Domínguez,Ciudades,Interior,42833,12724,22018,22093,29.70606775150001,2023-07-01
2023,7,Cozumel,Centros de Playa,Tradicionales,160270,83714,71908,196123,52.23310663255756,2023-07-01
2023,7,Culiacán,Ciudades,Interior,77500,40697,38985,68550,52.51225806451613,2023-07-01
2023,7,Durango,Ciudades,Interior,59697,40344,42518,65663,67.58128549173325,2023-07-01
2023,7,El Fuerte,Ciudades,Interior,11439,2802,4431,4722,24.495148177288225,2023-07-01
2023,7,Guadalajara,Ciudades,Grandes,687356,398169,380437,788027,57.92762411326881,2023-07-01
2023,7,Guanajuato,Ciudades,Interior,105168,34996,66188,77751,33.27628175870987,2023-07-01
2023,7,Hermosillo,Ciudades,Interior,95914,52135,51442,110303,54.35598557040682,2023-07-01
2023,7,Irapuato,Ciudades,Interior,79205,30557,54765,58783,38.5796351240452,2023-07-01
2023,7,Isla Mujeres,Centros de Playa,Otros,50809,30306,44523,69313,59.64691294849338,2023-07-01
2023,7,Ixtapa - Zihuatanejo,Centros de Playa,Integralmente Planeados,210655,141681,132158,368559,67.25736393629394,2023-07-01
2023,7,La Paz,Centros de Playa,Tradicionales,84568,60598,57258,128171,71.65594551130451,2023-07-01
2023,7,León,Ciudades,Interior,189627,76752,100485,124135,40.47524877786391,2023-07-01
2023,7,Loreto,Centros de Playa,Integralmente Planeados,28272,14719,16402,29459,52.06211092246746,2023-07-01
2023,7,Los Cabos,Centros de Playa,Integralmente Planeados,687860,530215,303594,1423127,77.08181897479137,2023-07-01
2023,7,Los Mochis,Ciudades,Interior,41602,25592,33836,42162,61.516273256093456,2023-07-01
2023,7,Manzanillo,Centros de Playa,Tradicionales,134819,78903,113625,215861,58.52513369777257,2023-07-01
2023,7,Mazatlán,Centros de Playa,Tradicionales,309845,224996,252871,607313,72.6156626700447,2023-07-01
2023,7,Mexicali,Ciudades,Fronterizas,86304,51471,55494,80282,59.63918242491658,2023-07-01
2023,7,Monterrey,Ciudades,Grandes,515032,340035,279193,653841,66.02211124745646,2023-07-01
2023,7,Morelia,Ciudades,Interior,135419,78128,78570,148147,57.693528973039236,2023-07-01
2023,7,Mérida,Ciudades,Interior,256106,157665,179833,323349,61.56239994377328,2023-07-01
2023,7,Nuevo Nayarit,Centros de Playa,Otros,337187,255114,133136,691742,75.65950051455127,2023-07-01
2023,7,Oaxaca,Ciudades,Interior,187581,118975,114351,252531,63.42593333013472,2023-07-01
2023,7,Pachuca,Ciudades,Interior,48602,25696,38997,50150,52.8702522529937,2023-07-01
2023,7,Palenque,Ciudades,Interior,63984,25798,52608,55127,40.319454863715926,2023-07-01
2023,7,Piedras Negras,Ciudades,Fronterizas,35495,19018,33737,38584,53.57937737709536,2023-07-01
2023,7,Playas de Rosarito,Centros de Playa,Otros,81251,44099,109970,137816,54.27502430739314,2023-07-01
2023,7,Puebla,Ciudades,Interior,315115,194608,270921,491916,61.7577709725021,2023-07-01
2023,7,Puerto Escondido,Centros de Playa,Otros,81995,35733,46970,88700,43.57948655405817,2023-07-01
2023,7,Puerto Vallarta,Centros de Playa,Tradicionales,410701,289718,230154,705506,70.5423166732002,2023-07-01
2023,7,Querétaro,Ciudades,Interior,228732,142981,137139,281361,62.51027403249218,2023-07-01
2023,7,Riviera Maya,Centros de Playa,Otros,1540711,1162174,453408,2636276,75.43101853624722,2023-07-01
2023,7,Salamanca,Ciudades,Interior,30969,9557,14123,17138,30.85989215021473,2023-07-01
2023,7,San Cristóbal de las Casas,Ciudades,Interior,101874,33956,64088,66074,33.331370123878514,2023-07-01
2023,7,San Felipe,Centros de Playa,Otros,25513,8460,22106,23257,33.159565711598006,2023-07-01
2023,7,San Juan de los Lagos,Ciudades,Interior,113956,35367,129686,131981,31.035662887430234,2023-07-01
2023,7,San Juan del Río,Ciudades,Interior,25637,13277,16612,26891,51.78843078363303,2023-07-01
2023,7,San Luis Potosí,Ciudades,Interior,186667,103902,81851,166680,55.66168631841729,2023-07-01
2023,7,San Miguel de Allende,Ciudades,Interior,86676,31584,52933,68242,36.439152706631596,2023-07-01
2023,7,Taxco,Ciudades,Interior,27404,10017,23623,23623,36.553057947744854,2023-07-01
2023,7,Tecate,Ciudades,Fronterizas,18600,10780,18766,18766,57.956989247311824,2023-07-01
2023,7,Tequisquiapan,Ciudades,Interior,17360,6043,11998,16345,34.80990783410138,2023-07-01
2023,7,Tijuana,Ciudades,Fronterizas,196974,137195,142490,191264,69.65132454029465,2023-07-01
2023,7,Tlaxcala,Ciudades,Interior,21080,7280,9845,12968,34.53510436432637,2023-07-01
2023,7,Toluca,Ciudades,Interior,112561,54136,73774,85836,48.094810813692135,2023-07-01
2023,7,Tonalá Puerto Arista,Centros de Playa,Otros,20584,6502,15474,17030,31.587640886125147,2023-07-01
2023,7,Tuxtla Gutiérrez,Ciudades,Interior,130439,54032,66012,103813,41.42319398339454,2023-07-01
2023,7,Valle de Bravo,Ciudades,Interior,37851,7709,14366,16161,20.3667010118623,2023-07-01
2023,7,Veracruz-Boca del Río,Centros de Playa,Tradicionales,322958,207275,264981,497899,64.18017203475374,2023-07-01
2023,7,Villahermosa,Ciudades,Interior,160794,107714,92207,209165,66.98881799072105,2023-07-01
2023,7,Xalapa,Ciudades,Interior,97060,52233,68079,118642,53.81516587677725,2023-07-01
2023,7,Zacatecas,Ciudades,Interior,92473,27939,30049,51170,30.21314329588096,2023-07-01
2023,8,Acapulco,Centros de Playa,Tradicionales,643376,306091,614325,813657,47.57575663375693,2023-08-01
2023,8,Aguascalientes,Ciudades,Interior,196335,104793,97660,175959,53.37458934983574,2023-08-01
2023,8,Bahías de Huatulco,Centros de Playa,Integralmente Planeados,134757,83163,69404,199331,61.713306173334225,2023-08-01
2023,8,Campeche,Ciudades,Interior,64356,33893,39746,63223,52.66486419292684,2023-08-01
2023,8,Cancún,Centros de Playa,Integralmente Planeados,1092750,806102,571193,2208113,73.76819949668268,2023-08-01
2023,8,Celaya,Ciudades,Interior,81593,27392,30889,45116,33.57150735969997,2023-08-01
2023,8,Chihuahua,Ciudades,Interior,155217,97000,108813,181734,62.49315474464782,2023-08-01
2023,8,Ciudad Juárez,Ciudades,Fronterizas,140802,97401,133398,155803,69.17586397920483,2023-08-01
2023,8,Ciudad de México,Ciudades,Grandes,1901010,1130867,1087783,2135804,59.48769338404322,2023-08-01
2023,8,Coatzacoalcos,Ciudades,Interior,60326,30754,43080,45331,50.97967708782283,2023-08-01
2023,8,Colima,Ciudades,Interior,38161,15589,21372,31138,40.850606640287204,2023-08-01
2023,8,Comitán de Domínguez,Ciudades,Interior,42822,13081,21893,21893,30.54738218672645,2023-08-01
2023,8,Cozumel,Centros de Playa,Tradicionales,160270,71007,59808,187730,44.30461096898983,2023-08-01
2023,8,Culiacán,Ciudades,Interior,77500,44055,34130,63898,56.84516129032258,2023-08-01
2023,8,Durango,Ciudades,Interior,60018,31957,33234,50810,53.24569295877903,2023-08-01
2023,8,El Fuerte,Ciudades,Interior,11461,1439,2932,2932,12.555623418549866,2023-08-01
2023,8,Guadalajara,Ciudades,Grandes,687568,387534,368588,694009,56.36300700439811,2023-08-01
2023,8,Guanajuato,Ciudades,Interior,100390,30492,57483,65462,30.373543181591792,2023-08-01
2023,8,Hermosillo,Ciudades,Interior,95914,49274,47302,88166,51.37310507329482,2023-08-01
2023,8,Irapuato,Ciudades,Interior,77996,37440,50897,68908,48.00246166470075,2023-08-01
2023,8,Isla Mujeres,Centros de Playa,Otros,50809,23590,38556,53830,46.42878230234801,2023-08-01
2023,8,Ixtapa - Zihuatanejo,Centros de Playa,Integralmente Planeados,210375,131890,121022,348798,62.69281045751634,2023-08-01
2023,8,La Paz,Centros de Playa,Tradicionales,84568,54930,49560,102390,64.95364676946363,2023-08-01
2023,8,León,Ciudades,Interior,191993,98782,134876,170732,51.45083414499487,2023-08-01
2023,8,Loreto,Centros de Playa,Integralmente Planeados,28272,12206,11756,25102,43.17345783814375,2023-08-01
2023,8,Los Cabos,Centros de Playa,Integralmente Planeados,687562,441307,248047,1143199,64.18432083215768,2023-08-01
2023,8,Los Mochis,Ciudades,Interior,41602,26323,33848,41880,63.273400317292435,2023-08-01
2023,8,Manzanillo,Centros de Playa,Tradicionales,134819,78104,108021,214723,57.93248726069768,2023-08-01
2023,8,Mazatlán,Centros de Playa,Tradicionales,314309,230418,247014,645646,73.3093866227184,2023-08-01
2023,8,Mexicali,Ciudades,Fronterizas,86304,52613,55652,78529,60.962411939191696,2023-08-01
2023,8,Monterrey,Ciudades,Grandes,517412,333861,280303,638729,64.52517529550919,2023-08-01
2023,8,Morelia,Ciudades,Interior,135470,76380,75244,138233,56.38148667601683,2023-08-01
2023,8,Mérida,Ciudades,Interior,255020,155143,165902,305104,60.83562073562858,2023-08-01
2023,8,Nuevo Nayarit,Centros de Playa,Otros,337187,205556,98381,547534,60.96201810864594,2023-08-01
2023,8,Oaxaca,Ciudades,Interior,187531,106444,95660,211586,56.76074888951693,2023-08-01
2023,8,Pachuca,Ciudades,Interior,48523,26120,43070,58013,53.83014240669373,2023-08-01
2023,8,Palenque,Ciudades,Interior,63984,24780,50972,53488,38.72843210802701,2023-08-01
2023,8,Piedras Negras,Ciudades,Fronterizas,35496,19127,33064,36967,53.88494478251071,2023-08-01
2023,8,Playas de Rosarito,Centros de Playa,Otros,81251,38712,96851,120789,47.64495206212847,2023-08-01
2023,8,Puebla,Ciudades,Interior,315115,198705,279524,508694,63.057931231455186,2023-08-01
2023,8,Puerto Escondido,Centros de Playa,Otros,82305,32564,44145,78390,39.56503250106312,2023-08-01
2023,8,Puerto Vallarta,Centros de Playa,Tradicionales,411065,257435,202919,612095,62.626348630995096,2023-08-01
2023,8,Querétaro,Ciudades,Interior,228694,146018,132462,218865,63.848636168854455,2023-08-01
2023,8,Riviera Maya,Centros de Playa,Otros,1542627,1081385,409431,2409212,70.10022513543456,2023-08-01
2023,8,Salamanca,Ciudades,Interior,31961,11027,15721,19027,34.501423610024716,2023-08-01
2023,8,San Cristóbal de las Casas,Ciudades,Interior,101897,34492,64374,66530,33.84986800396479,2023-08-01
2023,8,San Felipe,Centros de Playa,Otros,25513,4593,11832,12463,18.002586916473955,2023-08-01
2023,8,San Juan de los Lagos,Ciudades,Interior,113000,37419,138823,140865,33.114159292035396,2023-08-01
2023,8,San Juan del Río,Ciudades,Interior,25637,15189,16475,25442,59.246401685064555,2023-08-01
2023,8,San Luis Potosí,Ciudades,Interior,186398,102431,84740,159475,54.95284284166139,2023-08-01
2023,8,San Miguel de Allende,Ciudades,Interior,85560,27330,45548,58228,31.94249649368864,2023-08-01
2023,8,Taxco,Ciudades,Interior,27404,8946,21043,21043,32.644869362136916,2023-08-01
2023,8,Tecate,Ciudades,Fronterizas,18600,10120,18129,18129,54.40860215053763,2023-08-01
2023,8,Tequisquiapan,Ciudades,Interior,17360,6181,11992,15131,35.604838709677416,2023-08-01
2023,8,Tijuana,Ciudades,Fronterizas,196974,137969,140899,182426,70.04426980210586,2023-08-01
2023,8,Tlaxcala,Ciudades,Interior,21171,7877,10591,15419,37.206556138113456,2023-08-01
2023,8,Toluca,Ciudades,Interior,112561,55081,73803,80669,48.93435559385578,2023-08-01
2023,8,Tonalá Puerto Arista,Centros de Playa,Otros,20584,6735,15614,17654,32.719588029537505,2023-08-01
2023,8,Tuxtla Gutiérrez,Ciudades,Interior,129748,57126,64620,107896,44.028424330240156,2023-08-01
2023,8,Valle de Bravo,Ciudades,Interior,37831,6610,12417,13697,17.4724432343845,2023-08-01
2023,8,Veracruz-Boca del Río,Centros de Playa,Tradicionales,274908,185991,237934,420163,67.65572482430485,2023-08-01
2023,8,Villahermosa,Ciudades,Interior,160825,97504,79161,184137,60.6273900202083,2023-08-01
2023,8,Xalapa,Ciudades,Interior,97123,49534,69359,94867,51.00130762023414,2023-08-01
2023,8,Zacatecas,Ciudades,Interior,92783,33510,32454,61755,36.11652996777427,2023-08-01
2023,9,Acapulco,Centros de Playa,Tradicionales,622770,189874,359375,478902,30.48862340832089,2023-09-01
2023,9,Aguascalientes,Ciudades,Interior,189633,90848,88597,145069,47.90727352306824,2023-09-01
2023,9,Bahías de Huatulco,Centros de Playa,Integralmente Planeados,130440,57757,45168,124747,44.278595522845755,2023-09-01
2023,9,Campeche,Ciudades,Interior,62280,26052,27093,46133,41.83044315992293,2023-09-01
2023,9,Cancún,Centros de Playa,Integralmente Planeados,1057500,693119,474705,1734731,65.54316784869977,2023-09-01
2023,9,Celaya,Ciudades,Interior,82684,27641,29680,43942,33.42968409849548,2023-09-01
2023,9,Chihuahua,Ciudades,Interior,150210,102901,114671,178302,68.50476000266293,2023-09-01
2023,9,Ciudad Juárez,Ciudades,Fronterizas,136260,90925,127331,142809,66.72904740936445,2023-09-01
2023,9,Ciudad de México,Ciudades,Grandes,1841270,1104768,1087312,2104397,60.000325862040874,2023-09-01
2023,9,Coatzacoalcos,Ciudades,Interior,58370,27461,36498,38536,47.04642795956827,2023-09-01
2023,9,Colima,Ciudades,Interior,36930,15244,20136,29201,41.27809369076631,2023-09-01
2023,9,Comitán de Domínguez,Ciudades,Interior,41447,7860,12519,12519,18.96397809250368,2023-09-01
2023,9,Cozumel,Centros de Playa,Tradicionales,155100,56616,47443,121326,36.502901353965186,2023-09-01
2023,9,Culiacán,Ciudades,Interior,75000,40557,44721,70900,54.076,2023-09-01
2023,9,Durango,Ciudades,Interior,57979,26476,27175,40197,45.66480967246762,2023-09-01
2023,9,El Fuerte,Ciudades,Interior,11100,2443,4225,4274,22.00900900900901,2023-09-01
2023,9,Guadalajara,Ciudades,Grandes,665123,360641,323636,599025,54.221700347153835,2023-09-01
2023,9,Guanajuato,Ciudades,Interior,94303,28328,51581,59223,30.0393412722819,2023-09-01
2023,9,Hermosillo,Ciudades,Interior,92820,50920,43878,83442,54.8588666235725,2023-09-01
2023,9,Irapuato,Ciudades,Interior,75480,30511,37124,54362,40.4226285108638,2023-09-01
2023,9,Isla Mujeres,Centros de Playa,Otros,49170,17048,22287,35604,34.67154769168192,2023-09-01
2023,9,Ixtapa - Zihuatanejo,Centros de Playa,Integralmente Planeados,203940,87604,88201,209862,42.95577130528587,2023-09-01
2023,9,La Paz,Centros de Playa,Tradicionales,81840,51552,46821,93343,62.99120234604106,2023-09-01
2023,9,León,Ciudades,Interior,177945,91463,114168,142263,51.39958976088117,2023-09-01
2023,9,Loreto,Centros de Playa,Integralmente Planeados,27280,9346,9406,18911,34.259530791788855,2023-09-01
2023,9,Los Cabos,Centros de Playa,Integralmente Planeados,660588,370764,208056,871753,56.1263601518647,2023-09-01
2023,9,Los Mochis,Ciudades,Interior,40260,20692,24681,32060,51.39592647789369,2023-09-01
2023,9,Manzanillo,Centros de Playa,Tradicionales,130470,59223,79785,145505,45.39204414808002,2023-09-01
2023,9,Mazatlán,Centros de Playa,Tradicionales,308310,181114,198486,477486,58.7441211767377,2023-09-01
2023,9,Mexicali,Ciudades,Fronterizas,83520,54898,61476,82393,65.73036398467433,2023-09-01
2023,9,Monterrey,Ciudades,Grandes,498218,329349,310398,508983,66.1053996443324,2023-09-01
2023,9,Morelia,Ciudades,Interior,131100,59239,53944,93532,45.186117467582,2023-09-01
2023,9,Mérida,Ciudades,Interior,246375,126563,132330,223933,51.37006595636733,2023-09-01
2023,9,Nuevo Nayarit,Centros de Playa,Otros,326531,175977,85854,432073,53.89289225219045,2023-09-01
2023,9,Oaxaca,Ciudades,Interior,181529,84469,70605,159897,46.5319590809182,2023-09-01
2023,9,Pachuca,Ciudades,Interior,46959,25919,38675,47755,55.19495730317937,2023-09-01
2023,9,Palenque,Ciudades,Interior,61928,15494,30514,31939,25.019377341428758,2023-09-01
2023,9,Piedras Negras,Ciudades,Fronterizas,34351,20332,33636,37455,59.18896102005764,2023-09-01
2023,9,Playas de Rosarito,Centros de Playa,Otros,78630,31922,80104,100013,40.59773623298995,2023-09-01
2023,9,Puebla,Ciudades,Interior,304950,179208,244563,461549,58.76635514018692,2023-09-01
2023,9,Puerto Escondido,Centros de Playa,Otros,79579,22677,30278,50599,28.496211312029555,2023-09-01
2023,9,Puerto Vallarta,Centros de Playa,Tradicionales,397895,206155,155927,448866,51.81140753213788,2023-09-01
2023,9,Querétaro,Ciudades,Interior,221312,130169,114553,187354,58.816964285714285,2023-09-01
2023,9,Riviera Maya,Centros de Playa,Otros,1494824,920988,377545,1934153,61.611801790712484,2023-09-01
2023,9,Salamanca,Ciudades,Interior,30780,10247,14568,18098,33.29109811565952,2023-09-01
2023,9,San Cristóbal de las Casas,Ciudades,Interior,98610,23881,44265,45205,24.217624987323802,2023-09-01
2023,9,San Felipe,Centros de Playa,Otros,24690,8474,21658,22147,34.321587687322804,2023-09-01
2023,9,San Juan de los Lagos,Ciudades,Interior,110270,37129,138868,143140,33.670989389679875,2023-09-01
2023,9,San Juan del Río,Ciudades,Interior,24810,13889,15959,23267,55.981459089076985,2023-09-01
2023,9,San Luis Potosí,Ciudades,Interior,180025,90504,71626,137358,50.273017636439384,2023-09-01
2023,9,San Miguel de Allende,Ciudades,Interior,81420,28977,43058,55979,35.589535740604276,2023-09-01
2023,9,Taxco,Ciudades,Interior,26670,6112,13545,13545,22.91713535808024,2023-09-01
2023,9,Tecate,Ciudades,Fronterizas,18000,9249,16642,16642,51.38333333333333,2023-09-01
2023,9,Tequisquiapan,Ciudades,Interior,16800,4659,9486,10828,27.732142857142858,2023-09-01
2023,9,Tijuana,Ciudades,Fronterizas,190620,126394,127146,157449,66.30678837477704,2023-09-01
2023,9,Tlaxcala,Ciudades,Interior,20446,6232,7362,12094,30.48028954318693,2023-09-01
2023,9,Toluca,Ciudades,Interior,108930,48014,63843,70785,44.0778481593684,2023-09-01
2023,9,Tonalá Puerto Arista,Centros de Playa,Otros,19810,6065,13944,15639,30.61585058051489,2023-09-01
2023,9,Tuxtla Gutiérrez,Ciudades,Interior,125675,53509,60913,98086,42.57728267356276,2023-09-01
2023,9,Valle de Bravo,Ciudades,Interior,36630,6831,11603,12697,18.64864864864865,2023-09-01
2023,9,Veracruz-Boca del Río,Centros de Playa,Tradicionales,312540,164070,178529,331792,52.49568055288923,2023-09-01
2023,9,Villahermosa,Ciudades,Interior,155545,84199,65082,145022,54.13160178726414,2023-09-01
2023,9,Xalapa,Ciudades,Interior,93900,41585,58696,80064,44.28647497337593,2023-09-01
2023,9,Zacatecas,Ciudades,Interior,89490,30880,30714,54281,34.50664878757403,2023-09-01
2023,10,Acapulco,Centros de Playa,Tradicionales,643311,177350,330372,446026,27.568314547707097,2023-10-01
2023,10,Aguascalientes,Ciudades,Interior,195719,95407,92880,155123,48.74692799370526,2023-10-01
2023,10,Bahías de Huatulco,Centros de Playa,Integralmente Planeados,134881,68295,53649,146296,50.63352140034549,2023-10-01
2023,10,Campeche,Ciudades,Interior,64326,28257,30618,49901,43.927805242048315,2023-10-01
2023,10,Cancún,Centros de Playa,Integralmente Planeados,1093031,774664,540272,1890388,70.873012750782,2023-10-01
2023,10,Celaya,Ciudades,Interior,81656,32064,32116,50521,39.267169589497406,2023-10-01
2023,10,Chihuahua,Ciudades,Interior,155217,114592,128072,198586,73.82696482988332,2023-10-01
2023,10,Ciudad Juárez,Ciudades,Fronterizas,140802,95771,132877,151764,68.0182099686084,2023-10-01
2023,10,Ciudad de México,Ciudades,Grandes,1902898,1244286,1203312,2400169,65.38900140732714,2023-10-01
2023,10,Coatzacoalcos,Ciudades,Interior,60326,26570,35396,37381,44.04402745085038,2023-10-01
2023,10,Colima,Ciudades,Interior,38161,16935,23207,34147,44.37776787820026,2023-10-01
2023,10,Comitán de Domínguez,Ciudades,Interior,42842,8210,13654,13654,19.163437748004295,2023-10-01
2023,10,Cozumel,Centros de Playa,Tradicionales,160270,64098,50837,136450,39.993760529107135,2023-10-01
2023,10,Culiacán,Ciudades,Interior,77500,44720,36024,69986,57.70322580645161,2023-10-01
2023,10,Durango,Ciudades,Interior,59966,32269,32840,51260,53.812160224127005,2023-10-01
2023,10,El Fuerte,Ciudades,Interior,11470,3517,7435,10153,30.662598081952922,2023-10-01
2023,10,Guadalajara,Ciudades,Grandes,689162,376166,325186,634897,54.583102376509444,2023-10-01
2023,10,Guanajuato,Ciudades,Interior,95974,39464,72691,83540,41.11946985641945,2023-10-01
2023,10,Hermosillo,Ciudades,Interior,95914,57277,47892,97252,59.71703818003628,2023-10-01
2023,10,Irapuato,Ciudades,Interior,79205,28642,47056,49862,36.16185846853103,2023-10-01
2023,10,Isla Mujeres,Centros de Playa,Otros,50809,19194,26312,42079,37.77677183176209,2023-10-01
2023,10,Ixtapa - Zihuatanejo,Centros de Playa,Integralmente Planeados,210738,105752,108613,251570,50.18174225815942,2023-10-01
2023,10,La Paz,Centros de Playa,Tradicionales,84568,59179,47586,103502,69.97800586510265,2023-10-01
2023,10,León,Ciudades,Interior,189627,94294,114394,142704,49.72604112283588,2023-10-01
2023,10,Loreto,Centros de Playa,Integralmente Planeados,28248,11528,11318,23350,40.809968847352025,2023-10-01
2023,10,Los Cabos,Centros de Playa,Integralmente Planeados,687262,460696,221073,1038796,67.0335330630822,2023-10-01
2023,10,Los Mochis,Ciudades,Interior,41602,25340,29719,40009,60.91053314744484,2023-10-01
2023,10,Manzanillo,Centros de Playa,Tradicionales,134075,65791,89285,168033,49.07029647585307,2023-10-01
2023,10,Mazatlán,Centros de Playa,Tradicionales,318587,198117,224430,528728,62.18615323286889,2023-10-01
2023,10,Mexicali,Ciudades,Fronterizas,86304,52789,55947,82522,61.16634223210975,2023-10-01
2023,10,Monterrey,Ciudades,Grandes,513107,367555,348906,570665,71.63320710884864,2023-10-01
2023,10,Morelia,Ciudades,Interior,135935,76310,65709,122994,56.137124360907784,2023-10-01
2023,10,Mérida,Ciudades,Interior,254807,150130,170929,266724,58.91910347831888,2023-10-01
2023,10,Nuevo Nayarit,Centros de Playa,Otros,335265,211453,94856,501589,63.07040699148435,2023-10-01
2023,10,Oaxaca,Ciudades,Interior,187581,105260,78606,195025,56.11442523496516,2023-10-01
2023,10,Pachuca,Ciudades,Interior,48696,29082,40561,50724,59.72153770330212,2023-10-01
2023,10,Palenque,Ciudades,Interior,64201,21060,39509,41896,32.80322736405975,2023-10-01
2023,10,Piedras Negras,Ciudades,Fronterizas,35495,18342,30180,34034,51.674883786448795,2023-10-01
2023,10,Playas de Rosarito,Centros de Playa,Otros,80519,25993,65053,81151,32.28182168183907,2023-10-01
2023,10,Puebla,Ciudades,Interior,313903,193226,265143,501742,61.555958369305166,2023-10-01
2023,10,Puerto Escondido,Centros de Playa,Otros,82553,26311,33625,58554,31.871646094024445,2023-10-01
2023,10,Puerto Vallarta,Centros de Playa,Tradicionales,411385,252330,183421,544197,61.33670406067309,2023-10-01
2023,10,Querétaro,Ciudades,Interior,228690,147764,129594,217952,64.61323188595915,2023-10-01
2023,10,Riviera Maya,Centros de Playa,Otros,1532404,1070566,422793,2196046,69.861864103722,2023-10-01
2023,10,Salamanca,Ciudades,Interior,31961,12179,22095,22099,38.10581646381527,2023-10-01
2023,10,San Cristóbal de las Casas,Ciudades,Interior,101881,26157,46818,47760,25.674070729576663,2023-10-01
2023,10,San Felipe,Centros de Playa,Otros,25513,9316,22609,22975,36.514717986908636,2023-10-01
2023,10,San Juan de los Lagos,Ciudades,Interior,113956,36769,138704,141712,32.26596230123908,2023-10-01
2023,10,San Juan del Río,Ciudades,Interior,25689,11059,12053,19551,43.04955428393476,2023-10-01
2023,10,San Luis Potosí,Ciudades,Interior,185898,96551,73424,145757,51.93762170652724,2023-10-01
2023,10,San Miguel de Allende,Ciudades,Interior,87110,34729,45297,65844,39.86798300998737,2023-10-01
2023,10,Taxco,Ciudades,Interior,27390,6662,14492,14492,24.322745527564805,2023-10-01
2023,10,Tecate,Ciudades,Fronterizas,18600,9869,19607,19764,53.05913978494624,2023-10-01
2023,10,Tequisquiapan,Ciudades,Interior,17360,4700,9517,11058,27.07373271889401,2023-10-01
2023,10,Tijuana,Ciudades,Fronterizas,196974,125848,124169,154426,63.890665773147724,2023-10-01
2023,10,Tlaxcala,Ciudades,Interior,21371,8656,9697,14989,40.503486032473916,2023-10-01
2023,10,Toluca,Ciudades,Interior,112561,55104,78833,86667,48.95478895887563,2023-10-01
2023,10,Tonalá Puerto Arista,Centros de Playa,Otros,20104,6057,13515,15174,30.128332670115398,2023-10-01
2023,10,Tuxtla Gutiérrez,Ciudades,Interior,129999,52012,61264,94011,40.009538534911805,2023-10-01
2023,10,Valle de Bravo,Ciudades,Interior,37851,8086,12269,15970,21.362711685292332,2023-10-01
2023,10,Veracruz-Boca del Río,Centros de Playa,Tradicionales,323764,156074,168251,308888,48.206100740045216,2023-10-01
2023,10,Villahermosa,Ciudades,Interior,160825,94153,74547,170911,58.54375874397637,2023-10-01
2023,10,Xalapa,Ciudades,Interior,97061,53794,71129,99535,55.42287839606021,2023-10-01
2023,10,Zacatecas,Ciudades,Interior,92783,27714,24846,46650,29.869695957233546,2023-10-01
2023,11,Acapulco,Centros de Playa,Tradicionales,631080,1071,1906,2663,0.1697090701654307,2023-11-01
2023,11,Aguascalientes,Ciudades,Interior,189845,103802,90032,162341,54.677236693091736,2023-11-01
2023,11,Bahías de Huatulco,Centros de Playa,Integralmente Planeados,130620,87578,59355,190865,67.04792527943653,2023-11-01
2023,11,Campeche,Ciudades,Interior,62280,32907,45282,59240,52.83718689788054,2023-11-01
2023,11,Cancún,Centros de Playa,Integralmente Planeados,1047479,823367,569551,2112301,78.6046307372272,2023-11-01
2023,11,Celaya,Ciudades,Interior,82381,37198,36814,63795,45.15361551814132,2023-11-01
2023,11,Chihuahua,Ciudades,Interior,150208,102918,115532,179122,68.5169897741798,2023-11-01
2023,11,Ciudad Juárez,Ciudades,Fronterizas,136260,94121,131702,152320,69.07456333480111,2023-11-01
2023,11,Ciudad de México,Ciudades,Grandes,1841013,1284854,1220205,2444569,69.79059898001806,2023-11-01
2023,11,Coatzacoalcos,Ciudades,Interior,58380,26195,35095,37636,44.86981843096951,2023-11-01
2023,11,Colima,Ciudades,Interior,36930,17726,24453,35073,47.998916869753586,2023-11-01
2023,11,Comitán de Domínguez,Ciudades,Interior,41460,8961,14904,14956,21.613603473227208,2023-11-01
2023,11,Cozumel,Centros de Playa,Tradicionales,155130,87729,65398,187892,56.551924192612645,2023-11-01
2023,11,Culiacán,Ciudades,Interior,75000,49202,42816,82047,65.60266666666666,2023-11-01
2023,11,Durango,Ciudades,Interior,57990,28249,27673,42237,48.71357130539748,2023-11-01
2023,11,El Fuerte,Ciudades,Interior,11100,2606,4211,5123,23.47747747747748,2023-11-01
2023,11,Guadalajara,Ciudades,Grandes,667729,418095,394989,729190,62.61447383594243,2023-11-01
2023,11,Guanajuato,Ciudades,Interior,99897,44997,81613,94496,45.04339469653743,2023-11-01
2023,11,Hermosillo,Ciudades,Interior,92790,60344,53138,103485,65.03286992132773,2023-11-01
2023,11,Irapuato,Ciudades,Interior,74700,34890,55404,64883,46.70682730923695,2023-11-01
2023,11,Isla Mujeres,Centros de Playa,Otros,49170,24683,31126,53328,50.199308521456175,2023-11-01
2023,11,Ixtapa - Zihuatanejo,Centros de Playa,Integralmente Planeados,203940,124817,125646,302862,61.20280474649407,2023-11-01
2023,11,La Paz,Centros de Playa,Tradicionales,81840,61806,54546,111787,75.52052785923753,2023-11-01
2023,11,León,Ciudades,Interior,204112,105121,129469,162900,51.50162655796817,2023-11-01
2023,11,Loreto,Centros de Playa,Integralmente Planeados,27357,14748,15236,29837,53.90941989253208,2023-11-01
2023,11,Los Cabos,Centros de Playa,Integralmente Planeados,671178,481615,237986,1122585,71.75667259653922,2023-11-01
2023,11,Los Mochis,Ciudades,Interior,40260,30280,38655,51936,75.21112767014407,2023-11-01
2023,11,Manzanillo,Centros de Playa,Tradicionales,129750,74673,102423,190620,57.5514450867052,2023-11-01
2023,11,Mazatlán,Centros de Playa,Tradicionales,308310,219518,237070,585455,71.20041516655314,2023-11-01
2023,11,Mexicali,Ciudades,Fronterizas,83700,58132,64364,90794,69.45280764635604,2023-11-01
2023,11,Monterrey,Ciudades,Grandes,501447,381826,355515,644167,76.14483684217873,2023-11-01
2023,11,Morelia,Ciudades,Interior,132058,73563,79750,126172,55.70506898484,2023-11-01
2023,11,Mérida,Ciudades,Interior,247020,167395,179948,307059,67.76576795401182,2023-11-01
2023,11,Nuevo Nayarit,Centros de Playa,Otros,325710,244836,90093,557778,75.16993644653219,2023-11-01
2023,11,Oaxaca,Ciudades,Interior,181529,111090,85604,208601,61.196833563783194,2023-11-01
2023,11,Pachuca,Ciudades,Interior,47370,27491,48858,60878,58.03462106818662,2023-11-01
2023,11,Palenque,Ciudades,Interior,62040,24079,45609,48370,38.812056737588655,2023-11-01
2023,11,Piedras Negras,Ciudades,Fronterizas,34351,19348,29146,34990,56.324415591976944,2023-11-01
2023,11,Playas de Rosarito,Centros de Playa,Otros,78629,26133,65437,81702,33.23582901982729,2023-11-01
2023,11,Puebla,Ciudades,Interior,304287,198494,278883,516491,65.23249432279394,2023-11-01
2023,11,Puerto Escondido,Centros de Playa,Otros,78630,34908,45175,78203,44.395268981304845,2023-11-01
2023,11,Puerto Vallarta,Centros de Playa,Tradicionales,398347,304326,215635,653638,76.39721147642634,2023-11-01
2023,11,Querétaro,Ciudades,Interior,221302,149093,135872,225521,67.3708326178706,2023-11-01
2023,11,Riviera Maya,Centros de Playa,Otros,1515531,1214556,449380,2509750,80.14062397931814,2023-11-01
2023,11,Salamanca,Ciudades,Interior,30930,14605,22719,26772,47.219527966375686,2023-11-01
2023,11,San Cristóbal de las Casas,Ciudades,Interior,98610,39265,69560,71835,39.81847682790792,2023-11-01
2023,11,San Felipe,Centros de Playa,Otros,24810,7478,18248,18701,30.141072148327286,2023-11-01
2023,11,San Juan de los Lagos,Ciudades,Interior,110280,42958,161599,165732,38.953572723975334,2023-11-01
2023,11,San Juan del Río,Ciudades,Interior,24840,14845,17608,27842,59.76247987117552,2023-11-01
2023,11,San Luis Potosí,Ciudades,Interior,181393,115244,91088,181311,63.532771385885894,2023-11-01
2023,11,San Miguel de Allende,Ciudades,Interior,92226,39328,60519,78024,42.64307245245376,2023-11-01
2023,11,Taxco,Ciudades,Interior,26760,8731,19484,19484,32.6270553064275,2023-11-01
2023,11,Tecate,Ciudades,Fronterizas,18030,10464,19257,19257,58.036605657237935,2023-11-01
2023,11,Tequisquiapan,Ciudades,Interior,16800,4031,7528,8957,23.99404761904762,2023-11-01
2023,11,Tijuana,Ciudades,Fronterizas,190620,85995,87236,115266,45.11331444759207,2023-11-01
2023,11,Tlaxcala,Ciudades,Interior,20639,8293,11425,15585,40.18121032995785,2023-11-01
2023,11,Toluca,Ciudades,Interior,108930,58050,85013,92898,53.29110437895896,2023-11-01
2023,11,Tonalá Puerto Arista,Centros de Playa,Otros,19920,7047,15651,17876,35.376506024096386,2023-11-01
2023,11,Tuxtla Gutiérrez,Ciudades,Interior,125715,59263,73434,112704,47.14075488207453,2023-11-01
2023,11,Valle de Bravo,Ciudades,Interior,36630,9526,14833,17966,26.006006006006007,2023-11-01
2023,11,Veracruz-Boca del Río,Centros de Playa,Tradicionales,313320,163938,181909,335082,52.322864802757564,2023-11-01
2023,11,Villahermosa,Ciudades,Interior,155609,93908,86345,178845,60.3486944842522,2023-11-01
2023,11,Xalapa,Ciudades,Interior,93930,50047,72131,98423,53.28116682636006,2023-11-01
2023,11,Zacatecas,Ciudades,Interior,89790,28081,27471,49477,31.27408397371645,2023-11-01
2023,12,Acapulco,Centros de Playa,Tradicionales,652085,47367,50550,132306,7.263930315833059,2023-12-01
2023,12,Aguascalientes,Ciudades,Interior,194878,83214,89310,143185,42.70056137686142,2023-12-01
2023,12,Bahías de Huatulco,Centros de Playa,Integralmente Planeados,134974,95924,81214,220630,71.06850208188244,2023-12-01
2023,12,Campeche,Ciudades,Interior,64356,33902,46607,65630,52.67884890297719,2023-12-01
2023,12,Cancún,Centros de Playa,Integralmente Planeados,1082923,897248,687852,2548312,82.85427495768397,2023-12-01
2023,12,Celaya,Ciudades,Interior,85128,28822,35282,50418,33.857250258434355,2023-12-01
2023,12,Chihuahua,Ciudades,Interior,155217,91648,110325,168243,59.04507882512869,2023-12-01
2023,12,Ciudad Juárez,Ciudades,Fronterizas,140802,79826,118276,130095,56.69379696311132,2023-12-01
2023,12,Ciudad de México,Ciudades,Grandes,1902817,1125890,1164815,2223541,59.16964164183944,2023-12-01
2023,12,Coatzacoalcos,Ciudades,Interior,60326,28775,41568,43519,47.699167854656366,2023-12-01
2023,12,Colima,Ciudades,Interior,38161,16916,23145,35540,44.32797882655067,2023-12-01
2023,12,Comitán de Domínguez,Ciudades,Interior,42797,13563,22867,23049,31.69147370142767,2023-12-01
2023,12,Cozumel,Centros de Playa,Tradicionales,160178,94247,70882,209820,58.8389167051655,2023-12-01
2023,12,Culiacán,Ciudades,Interior,77500,38807,39810,70504,50.07354838709677,2023-12-01
2023,12,Durango,Ciudades,Interior,59923,28532,29883,46672,47.614438529446126,2023-12-01
2023,12,El Fuerte,Ciudades,Interior,11470,2499,4029,5192,21.78727114210985,2023-12-01
2023,12,Guadalajara,Ciudades,Grandes,690014,329859,343946,612669,47.80468222383894,2023-12-01
2023,12,Guanajuato,Ciudades,Interior,102176,33544,61357,72179,32.829627309740054,2023-12-01
2023,12,Hermosillo,Ciudades,Interior,95914,47049,44420,83762,49.053318597910625,2023-12-01
2023,12,Irapuato,Ciudades,Interior,77190,22988,42774,43910,29.781059722762016,2023-12-01
2023,12,Isla Mujeres,Centros de Playa,Otros,50809,29180,34877,69599,57.43077013914858,2023-12-01
2023,12,Ixtapa - Zihuatanejo,Centros de Playa,Integralmente Planeados,210874,149329,135569,373227,70.81432514202794,2023-12-01
2023,12,La Paz,Centros de Playa,Tradicionales,84568,55429,49036,98876,65.54370447450572,2023-12-01
2023,12,León,Ciudades,Interior,210852,76537,103335,126235,36.2989205698784,2023-12-01
2023,12,Loreto,Centros de Playa,Integralmente Planeados,28242,11983,12002,25580,42.429714609446926,2023-12-01
2023,12,Los Cabos,Centros de Playa,Integralmente Planeados,689000,510770,271649,1254754,74.13207547169812,2023-12-01
2023,12,Los Mochis,Ciudades,Interior,41541,24756,32845,43804,59.594135913916375,2023-12-01
2023,12,Manzanillo,Centros de Playa,Tradicionales,134075,78987,108045,213342,58.912548946485174,2023-12-01
2023,12,Mazatlán,Centros de Playa,Tradicionales,318215,210878,223116,552145,66.26903194381157,2023-12-01
2023,12,Mexicali,Ciudades,Fronterizas,86490,49821,60177,84540,57.603191120360734,2023-12-01
2023,12,Monterrey,Ciudades,Grandes,502478,291346,267615,492537,57.981841991092146,2023-12-01
2023,12,Morelia,Ciudades,Interior,136555,68637,80807,136205,50.26326388634616,2023-12-01
2023,12,Mérida,Ciudades,Interior,255135,143245,170822,274851,56.144786093636704,2023-12-01
2023,12,Nuevo Nayarit,Centros de Playa,Otros,336753,274964,106504,633873,81.65153688311611,2023-12-01
2023,12,Oaxaca,Ciudades,Interior,191394,113718,103034,233313,59.41565566318693,2023-12-01
2023,12,Pachuca,Ciudades,Interior,48570,28416,55539,68539,58.50525015441631,2023-12-01
2023,12,Palenque,Ciudades,Interior,64201,24494,47953,50815,38.15205370632856,2023-12-01
2023,12,Piedras Negras,Ciudades,Fronterizas,35495,17042,27155,33012,48.01239611212847,2023-12-01
2023,12,Playas de Rosarito,Centros de Playa,Otros,81251,22766,57099,71202,28.01934745418518,2023-12-01
2023,12,Puebla,Ciudades,Interior,315115,194636,296035,538533,61.76665661742538,2023-12-01
2023,12,Puerto Escondido,Centros de Playa,Otros,82701,40010,52413,100766,48.379100615470186,2023-12-01
2023,12,Puerto Vallarta,Centros de Playa,Tradicionales,411649,316851,217489,698422,76.9711574666767,2023-12-01
2023,12,Querétaro,Ciudades,Interior,228687,133145,141460,224894,58.22149925443947,2023-12-01
2023,12,Riviera Maya,Centros de Playa,Otros,1562940,1304112,470230,2802563,83.439671388537,2023-12-01
2023,12,Salamanca,Ciudades,Interior,31961,12150,18717,22796,38.015080879822285,2023-12-01
2023,12,San Cristóbal de las Casas,Ciudades,Interior,101879,39250,75823,78646,38.52609468094504,2023-12-01
2023,12,San Felipe,Centros de Playa,Otros,25637,7926,19839,19955,30.91625385185474,2023-12-01
2023,12,San Juan de los Lagos,Ciudades,Interior,113956,50369,193875,198038,44.20039313419215,2023-12-01
2023,12,San Juan del Río,Ciudades,Interior,25668,11893,15227,22407,46.33395667757519,2023-12-01
2023,12,San Luis Potosí,Ciudades,Interior,187152,95388,86009,160581,50.96819697358297,2023-12-01
2023,12,San Miguel de Allende,Ciudades,Interior,94643,36351,57039,75616,38.408545798421436,2023-12-01
2023,12,Taxco,Ciudades,Interior,27838,10170,23496,23496,36.53279689632876,2023-12-01
2023,12,Tecate,Ciudades,Fronterizas,18631,9521,16782,16782,51.10300037571789,2023-12-01
2023,12,Tequisquiapan,Ciudades,Interior,17360,7016,14720,16034,40.414746543778804,2023-12-01
2023,12,Tijuana,Ciudades,Fronterizas,196974,101482,105416,129493,51.52050524434697,2023-12-01
2023,12,Tlaxcala,Ciudades,Interior,21093,6013,8205,11920,28.507087659413074,2023-12-01
2023,12,Toluca,Ciudades,Interior,112561,40894,60300,65971,36.33052300530379,2023-12-01
2023,12,Tonalá Puerto Arista,Centros de Playa,Otros,20584,8515,19856,22513,41.36708122813836,2023-12-01
2023,12,Tuxtla Gutiérrez,Ciudades,Interior,129764,59348,75719,114416,45.7353349156931,2023-12-01
2023,12,Valle de Bravo,Ciudades,Interior,37882,6749,14071,14071,17.815849215986486,2023-12-01
2023,12,Veracruz-Boca del Río,Centros de Playa,Tradicionales,323764,166264,214557,375763,51.353454985730345,2023-12-01
2023,12,Villahermosa,Ciudades,Interior,160817,90888,95711,186806,56.51641306578285,2023-12-01
2023,12,Xalapa,Ciudades,Interior,97061,54614,81337,107707,56.267707936246275,2023-12-01
2023,12,Zacatecas,Ciudades,Interior,92896,30137,34973,57750,32.44165518429211,2023-12-01
2024,1,Acapulco,Centros de Playa,Tradicionales,564138,127780,255873,328368,22.650486228546917,2024-01-01
2024,1,Aguascalientes,Ciudades,Interior,194720,75382,76332,117210,38.71302382908792,2024-01-01
2024,1,Bahías de Huatulco,Centros de Playa,Integralmente Planeados,134829,101158,78267,228144,75.02688590733447,2024-01-01
2024,1,Campeche,Ciudades,Interior,64326,34246,43370,64600,53.23819295463731,2024-01-01
2024,1,Cancún,Centros de Playa,Integralmente Planeados,1082932,872649,609168,2212542,80.58206794147739,2024-01-01
2024,1,Celaya,Ciudades,Interior,85126,24526,26964,38404,28.81140897023236,2024-01-01
2024,1,Chihuahua,Ciudades,Interior,155214,85418,98490,149434,55.03240687051426,2024-01-01
2024,1,Ciudad Juárez,Ciudades,Fronterizas,140802,83272,117171,130589,59.14120538060539,2024-01-01
2024,1,Ciudad de México,Ciudades,Grandes,1902907,965143,973044,1829745,50.71939931904187,2024-01-01
2024,1,Coatzacoalcos,Ciudades,Interior,60157,25737,34705,36292,42.78305101650681,2024-01-01
2024,1,Colima,Ciudades,Interior,36518,13934,19439,27120,38.156525549044304,2024-01-01
2024,1,Comitán de Domínguez,Ciudades,Interior,42829,8507,13780,13780,19.862709846132294,2024-01-01
2024,1,Cozumel,Centros de Playa,Tradicionales,160301,95992,73778,207020,59.88234633595548,2024-01-01
2024,1,Culiacán,Ciudades,Interior,77500,34271,38054,63073,44.22064516129032,2024-01-01
2024,1,Durango,Ciudades,Interior,60004,25416,25516,38379,42.357176188254115,2024-01-01
2024,1,Guadalajara,Ciudades,Grandes,689963,298784,274220,499256,43.30435110288523,2024-01-01
2024,1,Guanajuato,Ciudades,Interior,104403,22832,42342,47688,21.869103378255414,2024-01-01
2024,1,Hermosillo,Ciudades,Interior,95914,41822,38489,73501,43.603644931918176,2024-01-01
2024,1,Irapuato,Ciudades,Interior,81096,24374,36596,42883,30.05573641116701,2024-01-01
2024,1,Isla Mujeres,Centros de Playa,Otros,50809,30421,38781,63290,59.873250802023264,2024-01-01
2024,1,Ixtapa - Zihuatanejo,Centros de Playa,Integralmente Planeados,209883,137791,105742,328951,65.65133907939185,2024-01-01
2024,1,La Paz,Centros de Playa,Tradicionales,84568,54960,48320,95207,64.9891211805884,2024-01-01
2024,1,León,Ciudades,Interior,210180,83172,114616,133916,39.5717956037682,2024-01-01
2024,1,Loreto,Centros de Playa,Integralmente Planeados,24025,8756,9499,18066,36.44536940686785,2024-01-01
2024,1,Los Cabos,Centros de Playa,Integralmente Planeados,687973,524142,247256,1220512,76.18642010660302,2024-01-01
2024,1,Los Mochis,Ciudades,Interior,41558,23260,32696,38217,55.96996968092786,2024-01-01
2024,1,Manzanillo,Centros de Playa,Tradicionales,138136,66616,78044,158071,48.224937742514626,2024-01-01
2024,1,Mazatlán,Centros de Playa,Tradicionales,312511,171046,186327,466763,54.73279340567212,2024-01-01
2024,1,Mexicali,Ciudades,Fronterizas,86490,48266,49907,71204,55.80529540987397,2024-01-01
2024,1,Monterrey,Ciudades,Grandes,519439,292749,218826,431734,56.35868696805592,2024-01-01
2024,1,Morelia,Ciudades,Interior,122016,51045,53043,88611,41.83467741935484,2024-01-01
2024,1,Mérida,Ciudades,Interior,254945,138809,159446,273240,54.44664535488047,2024-01-01
2024,1,Nuevo Nayarit,Centros de Playa,Otros,336723,288084,92690,649017,85.55518928020955,2024-01-01
2024,1,Oaxaca,Ciudades,Interior,187581,93881,85518,181100,50.0482458244705,2024-01-01
2024,1,Pachuca,Ciudades,Interior,48501,25372,41313,49858,52.312323457248304,2024-01-01
2024,1,Palenque,Ciudades,Interior,64108,21329,40706,43468,33.27041866849691,2024-01-01
2024,1,Piedras Negras,Ciudades,Fronterizas,35495,12906,17753,23458,36.3600507113678,2024-01-01
2024,1,Playas de Rosarito,Centros de Playa,Otros,81251,21329,53430,66744,26.250753836875855,2024-01-01
2024,1,Puebla,Ciudades,Interior,315115,154631,220535,399529,49.07129143328626,2024-01-01
2024,1,Puerto Escondido,Centros de Playa,Otros,82522,39023,36317,91643,47.2879959283585,2024-01-01
2024,1,Puerto Vallarta,Centros de Playa,Tradicionales,411592,324902,201022,676759,78.93788023090828,2024-01-01
2024,1,Querétaro,Ciudades,Interior,230057,113304,94508,162256,49.25040316095576,2024-01-01
2024,1,Riviera Maya,Centros de Playa,Otros,1640624,1346685,463039,2884891,82.08370717483103,2024-01-01
2024,1,Salamanca,Ciudades,Interior,31961,10346,18024,18773,32.37070179280999,2024-01-01
2024,1,San Cristóbal de las Casas,Ciudades,Interior,101897,27040,49339,51179,26.536600685005446,2024-01-01
2024,1,San Felipe,Centros de Playa,Otros,25637,5493,12048,12881,21.42606389203105,2024-01-01
2024,1,San Juan de los Lagos,Ciudades,Interior,113956,51067,194711,198700,44.812910246059886,2024-01-01
2024,1,San Juan del Río,Ciudades,Interior,22413,9939,10667,19347,44.34479989291929,2024-01-01
2024,1,San Luis Potosí,Ciudades,Interior,186377,84726,70214,128779,45.45947193054937,2024-01-01
2024,1,San Miguel de Allende,Ciudades,Interior,96226,27382,40610,54318,28.455926672624862,2024-01-01
2024,1,Taxco,Ciudades,Interior,28303,7602,17444,17444,26.85934353248772,2024-01-01
2024,1,Tecate,Ciudades,Fronterizas,18631,11661,20346,20346,62.589232998765496,2024-01-01
2024,1,Tequisquiapan,Ciudades,Interior,17763,4243,8986,9830,23.88673084501492,2024-01-01
2024,1,Tijuana,Ciudades,Fronterizas,196726,111498,113000,141141,56.67679920295233,2024-01-01
2024,1,Tlaxcala,Ciudades,Interior,21131,4573,6890,8788,21.64119066773934,2024-01-01
2024,1,Toluca,Ciudades,Interior,130921,47069,68480,70195,35.95221545817707,2024-01-01
2024,1,Tonalá Puerto Arista,Centros de Playa,Otros,22816,8153,19545,21741,35.733695652173914,2024-01-01
2024,1,Tuxtla Gutiérrez,Ciudades,Interior,129913,47549,57865,89056,36.60064812605359,2024-01-01
2024,1,Valle de Bravo,Ciudades,Interior,37890,6407,13373,13396,16.909474795460543,2024-01-01
2024,1,Veracruz-Boca del Río,Centros de Playa,Tradicionales,323764,143729,192786,328295,44.39313821178389,2024-01-01
2024,1,Villahermosa,Ciudades,Interior,160808,84253,72085,151649,52.393537634943534,2024-01-01
2024,1,Xalapa,Ciudades,Interior,97061,38452,57430,76626,39.61632375516428,2024-01-01
2024,1,Zacatecas,Ciudades,Interior,93242,22895,22565,38797,24.554385362819332,2024-01-01
2024,2,Acapulco,Centros de Playa,Tradicionales,528322,143378,265976,345152,27.138373946191905,2024-02-01
2024,2,Aguascalientes,Ciudades,Interior,183102,78724,76947,122012,42.994615023320335,2024-02-01
2024,2,Bahías de Huatulco,Centros de Playa,Integralmente Planeados,125512,97613,64014,211432,77.77184651666772,2024-02-01
2024,2,Campeche,Ciudades,Interior,60204,31987,35479,56329,53.13102119460501,2024-02-01
2024,2,Cancún,Centros de Playa,Integralmente Planeados,1031474,854270,569293,2115097,82.82031345433816,2024-02-01
2024,2,Celaya,Ciudades,Interior,78852,24930,23646,37530,31.61619236037133,2024-02-01
2024,2,Chihuahua,Ciudades,Interior,145190,85770,96620,153799,59.0743164129761,2024-02-01
2024,2,Ciudad Juárez,Ciudades,Fronterizas,131718,86149,121142,135204,65.40412092500645,2024-02-01
2024,2,Ciudad de México,Ciudades,Grandes,1780078,1083802,968519,1969269,60.88508481089031,2024-02-01
2024,2,Coatzacoalcos,Ciudades,Interior,56430,25083,34237,35705,44.44976076555024,2024-02-01
2024,2,Colima,Ciudades,Interior,33906,14600,19313,28025,43.06022532885035,2024-02-01
2024,2,Comitán de Domínguez,Ciudades,Interior,40078,8843,14573,14575,22.06447427516343,2024-02-01
2024,2,Cozumel,Centros de Playa,Tradicionales,150133,101267,77919,212943,67.4515263133355,2024-02-01
2024,2,Culiacán,Ciudades,Interior,72270,37117,41496,68460,51.35879341358793,2024-02-01
2024,2,Durango,Ciudades,Interior,56047,26899,26027,38758,47.99364818812782,2024-02-01
2024,2,Guadalajara,Ciudades,Grandes,645610,341103,292655,555426,52.834218800824026,2024-02-01
2024,2,Guanajuato,Ciudades,Interior,97672,28793,51543,60301,29.479277582111557,2024-02-01
2024,2,Hermosillo,Ciudades,Interior,89726,47723,34339,76895,53.18748188930745,2024-02-01
2024,2,Irapuato,Ciudades,Interior,75864,26685,43023,48467,35.17478645998102,2024-02-01
2024,2,Isla Mujeres,Centros de Playa,Otros,47531,32457,41171,67942,68.28596074141088,2024-02-01
2024,2,Ixtapa - Zihuatanejo,Centros de Playa,Integralmente Planeados,196359,126398,88815,291103,64.37087171965635,2024-02-01
2024,2,La Paz,Centros de Playa,Tradicionales,79141,59654,48771,108882,75.37685902376771,2024-02-01
2024,2,León,Ciudades,Interior,192749,90526,111536,143643,46.96574301293392,2024-02-01
2024,2,Loreto,Centros de Playa,Integralmente Planeados,22446,11747,11472,24126,52.33449166889424,2024-02-01
2024,2,Los Cabos,Centros de Playa,Integralmente Planeados,643749,529099,248098,1230598,82.19026359652598,2024-02-01
2024,2,Los Mochis,Ciudades,Interior,32016,21531,29578,34119,67.25074962518741,2024-02-01
2024,2,Manzanillo,Centros de Playa,Tradicionales,125405,65648,79608,163146,52.34878992065707,2024-02-01
2024,2,Mazatlán,Centros de Playa,Tradicionales,292607,179449,191706,472984,61.327651081484724,2024-02-01
2024,2,Mexicali,Ciudades,Fronterizas,82389,53330,54395,81304,64.72951486242096,2024-02-01
2024,2,Monterrey,Ciudades,Grandes,485982,311231,233426,480861,64.04167232531246,2024-02-01
2024,2,Morelia,Ciudades,Interior,114144,53615,41930,88548,46.971369498177744,2024-02-01
2024,2,Mérida,Ciudades,Interior,238190,145465,161124,269559,61.07099374448969,2024-02-01
2024,2,Nuevo Nayarit,Centros de Playa,Otros,313020,277154,85089,594883,88.54194620152067,2024-02-01
2024,2,Oaxaca,Ciudades,Interior,175247,100268,89337,186613,57.21524476881202,2024-02-01
2024,2,Pachuca,Ciudades,Interior,45467,25328,37067,46393,55.70633646380892,2024-02-01
2024,2,Palenque,Ciudades,Interior,60164,23944,45323,48067,39.797885778871084,2024-02-01
2024,2,Piedras Negras,Ciudades,Fronterizas,36482,18744,24083,32489,51.37876212926923,2024-02-01
2024,2,Playas de Rosarito,Centros de Playa,Otros,76009,23469,59052,73620,30.876606717625545,2024-02-01
2024,2,Puebla,Ciudades,Interior,294731,163011,225317,413312,55.30839986292585,2024-02-01
2024,2,Puerto Escondido,Centros de Playa,Otros,74994,39841,51084,89854,53.12558338000373,2024-02-01
2024,2,Puerto Vallarta,Centros de Playa,Tradicionales,385099,329678,189081,669534,85.60863570146897,2024-02-01
2024,2,Querétaro,Ciudades,Interior,215213,126358,90412,180328,58.712995962139836,2024-02-01
2024,2,Riviera Maya,Centros de Playa,Otros,1541437,1332376,453517,2799604,86.4372660056817,2024-02-01
2024,2,Salamanca,Ciudades,Interior,29899,9922,15948,18937,33.185056356399876,2024-02-01
2024,2,San Cristóbal de las Casas,Ciudades,Interior,95323,24192,41793,43314,25.37897464410478,2024-02-01
2024,2,San Felipe,Centros de Playa,Otros,23983,5343,11869,12152,22.278280448651127,2024-02-01
2024,2,San Juan de los Lagos,Ciudades,Interior,106587,40807,154217,157424,38.28515672643005,2024-02-01
2024,2,San Juan del Río,Ciudades,Interior,24041,11185,11845,22414,46.524686993053535,2024-02-01
2024,2,San Luis Potosí,Ciudades,Interior,174556,89091,65794,131872,51.038635165792066,2024-02-01
2024,2,San Miguel de Allende,Ciudades,Interior,88126,38989,47847,72955,44.2423348387536,2024-02-01
2024,2,Taxco,Ciudades,Interior,25781,5116,11122,11122,19.844071215236028,2024-02-01
2024,2,Tecate,Ciudades,Fronterizas,17429,12109,21472,21472,69.47616042228469,2024-02-01
2024,2,Tequisquiapan,Ciudades,Interior,16617,5507,10567,11751,33.14075946320034,2024-02-01
2024,2,Tijuana,Ciudades,Fronterizas,184034,113095,111568,143585,61.45331840855494,2024-02-01
2024,2,Tlaxcala,Ciudades,Interior,19740,5073,5480,9079,25.699088145896656,2024-02-01
2024,2,Toluca,Ciudades,Interior,122475,55510,69421,82356,45.32353541539089,2024-02-01
2024,2,Tonalá Puerto Arista,Centros de Playa,Otros,21344,6911,16409,18169,32.379122938530735,2024-02-01
2024,2,Tuxtla Gutiérrez,Ciudades,Interior,121435,50795,62979,94778,41.828961996129614,2024-02-01
2024,2,Valle de Bravo,Ciudades,Interior,35417,7957,15106,15216,22.46661207894514,2024-02-01
2024,2,Veracruz-Boca del Río,Centros de Playa,Tradicionales,302876,149420,165601,305107,49.33372073059602,2024-02-01
2024,2,Villahermosa,Ciudades,Interior,151232,86749,70508,153654,57.3615372407956,2024-02-01
2024,2,Xalapa,Ciudades,Interior,90799,39786,49900,73072,43.81766319012324,2024-02-01
2024,2,Zacatecas,Ciudades,Interior,87288,23594,21888,39353,27.03006140592063,2024-02-01
2024,3,Acapulco,Centros de Playa,Tradicionales,564609,180298,361227,460498,31.933249381430336,2024-03-01
2024,3,Aguascalientes,Ciudades,Interior,195829,97010,94966,163172,49.5381174391944,2024-03-01
2024,3,Bahías de Huatulco,Centros de Playa,Integralmente Planeados,134966,105508,71451,235461,78.17376228087073,2024-03-01
2024,3,Campeche,Ciudades,Interior,64356,36135,46204,65565,56.148610852135,2024-03-01
2024,3,Cancún,Centros de Playa,Integralmente Planeados,1102651,904986,628314,2356724,82.0736570320074,2024-03-01
2024,3,Celaya,Ciudades,Interior,83297,30203,30782,51852,36.259409102368636,2024-03-01
2024,3,Chihuahua,Ciudades,Interior,151435,95822,91559,147002,63.275993000297156,2024-03-01
2024,3,Ciudad Juárez,Ciudades,Fronterizas,140802,88564,117244,139828,62.89967472052954,2024-03-01
2024,3,Ciudad de México,Ciudades,Grandes,1902811,1136251,1102778,2142332,59.71433841826645,2024-03-01
2024,3,Coatzacoalcos,Ciudades,Interior,60295,30842,44286,46839,51.15183680238826,2024-03-01
2024,3,Colima,Ciudades,Interior,36022,15781,21354,30608,43.80933873743823,2024-03-01
2024,3,Comitán de Domínguez,Ciudades,Interior,42842,11816,19979,19979,27.580411745483403,2024-03-01
2024,3,Cozumel,Centros de Playa,Tradicionales,160487,101995,74864,215865,63.55343423454859,2024-03-01
2024,3,Culiacán,Ciudades,Interior,77500,37179,41327,68572,47.972903225806455,2024-03-01
2024,3,Durango,Ciudades,Interior,59923,33437,31920,50691,55.799943260517665,2024-03-01
2024,3,Guadalajara,Ciudades,Grandes,694892,379242,361346,664850,54.575675068931574,2024-03-01
2024,3,Guanajuato,Ciudades,Interior,103447,35871,64070,76377,34.675727667307896,2024-03-01
2024,3,Hermosillo,Ciudades,Interior,95914,56604,52159,96180,59.01536793377401,2024-03-01
2024,3,Irapuato,Ciudades,Interior,81096,33600,49148,59438,41.43237644273454,2024-03-01
2024,3,Isla Mujeres,Centros de Playa,Otros,50778,30462,38634,66057,59.99054708732128,2024-03-01
2024,3,Ixtapa - Zihuatanejo,Centros de Playa,Integralmente Planeados,210862,141566,117446,344738,67.13680037180715,2024-03-01
2024,3,La Paz,Centros de Playa,Tradicionales,84599,65832,57324,114780,77.81652265393208,2024-03-01
2024,3,León,Ciudades,Interior,204414,87082,97515,135261,42.60080033657186,2024-03-01
2024,3,Loreto,Centros de Playa,Integralmente Planeados,23841,13513,12678,28582,56.67966947695147,2024-03-01
2024,3,Los Cabos,Centros de Playa,Integralmente Planeados,676445,549404,290905,1389768,81.2193156871586,2024-03-01
2024,3,Los Mochis,Ciudades,Interior,34224,22763,31271,36071,66.51180458158018,2024-03-01
2024,3,Manzanillo,Centros de Playa,Tradicionales,134075,76359,95946,193625,56.95245198582883,2024-03-01
2024,3,Mazatlán,Centros de Playa,Tradicionales,312883,216410,240656,584352,69.166429623853,2024-03-01
2024,3,Mexicali,Ciudades,Fronterizas,88009,55507,57653,85879,63.0696860548353,2024-03-01
2024,3,Monterrey,Ciudades,Grandes,519494,344006,274981,539226,66.21943660562009,2024-03-01
2024,3,Morelia,Ciudades,Interior,121640,63957,64128,110196,52.578921407431764,2024-03-01
2024,3,Mérida,Ciudades,Interior,256812,170572,186367,315829,66.41901468778717,2024-03-01
2024,3,Nuevo Nayarit,Centros de Playa,Otros,336784,289580,108445,652005,85.98389472183952,2024-03-01
2024,3,Oaxaca,Ciudades,Interior,187333,111987,102884,217287,59.77964373602088,2024-03-01
2024,3,Pachuca,Ciudades,Interior,52119,32381,51542,69739,62.12897407855101,2024-03-01
2024,3,Palenque,Ciudades,Interior,64170,29861,57567,60492,46.534206015271934,2024-03-01
2024,3,Piedras Negras,Ciudades,Fronterizas,38998,19944,26969,35304,51.14108415816196,2024-03-01
2024,3,Playas de Rosarito,Centros de Playa,Otros,81251,34052,85198,106460,41.909638035224184,2024-03-01
2024,3,Puebla,Ciudades,Interior,312869,188484,278311,504624,60.24374418686415,2024-03-01
2024,3,Puerto Escondido,Centros de Playa,Otros,81530,46805,63102,118972,57.408315957316326,2024-03-01
2024,3,Puerto Vallarta,Centros de Playa,Tradicionales,415550,332459,219191,714970,80.00457225363975,2024-03-01
2024,3,Querétaro,Ciudades,Interior,230055,149821,137671,233539,65.12399208884833,2024-03-01
2024,3,Riviera Maya,Centros de Playa,Otros,1622444,1375423,518332,2990249,84.77475956026834,2024-03-01
2024,3,Salamanca,Ciudades,Interior,31961,13813,26974,29076,43.21829729983417,2024-03-01
2024,3,San Cristóbal de las Casas,Ciudades,Interior,101897,31330,58381,60200,30.74673444753035,2024-03-01
2024,3,San Felipe,Centros de Playa,Otros,25637,13342,29736,32994,52.04197058938253,2024-03-01
2024,3,San Juan de los Lagos,Ciudades,Interior,113956,42413,159865,163498,37.2187510969146,2024-03-01
2024,3,San Juan del Río,Ciudades,Interior,25699,15936,16755,29488,62.010194949219816,2024-03-01
2024,3,San Luis Potosí,Ciudades,Interior,192885,109795,84288,174956,56.92251859916531,2024-03-01
2024,3,San Miguel de Allende,Ciudades,Interior,95356,44079,69037,90501,46.225722555476324,2024-03-01
2024,3,Taxco,Ciudades,Interior,28272,7371,16649,16649,26.071731748726656,2024-03-01
2024,3,Tecate,Ciudades,Fronterizas,18631,13141,23461,23461,70.5329826633031,2024-03-01
2024,3,Tequisquiapan,Ciudades,Interior,17763,8337,18394,20096,46.93463941901706,2024-03-01
2024,3,Tijuana,Ciudades,Fronterizas,196726,124234,118586,164964,63.15077823978528,2024-03-01
2024,3,Tlaxcala,Ciudades,Interior,21266,7027,8722,13285,33.04335559108436,2024-03-01
2024,3,Toluca,Ciudades,Interior,130921,58122,79462,86756,44.394711314456806,2024-03-01
2024,3,Tonalá Puerto Arista,Centros de Playa,Otros,22909,9609,23475,25994,41.94421406434152,2024-03-01
2024,3,Tuxtla Gutiérrez,Ciudades,Interior,129779,58217,72594,109344,44.85856725664399,2024-03-01
2024,3,Valle de Bravo,Ciudades,Interior,37859,10829,23865,23923,28.603502469690167,2024-03-01
2024,3,Veracruz-Boca del Río,Centros de Playa,Tradicionales,323764,190898,250262,426505,58.962083492914594,2024-03-01
2024,3,Villahermosa,Ciudades,Interior,161749,91493,90905,201146,56.56480101886256,2024-03-01
2024,3,Xalapa,Ciudades,Interior,97035,46191,65584,85086,47.602411501004795,2024-03-01
2024,3,Zacatecas,Ciudades,Interior,95345,33121,32499,61247,34.73805653154334,2024-03-01
2024,4,Acapulco,Centros de Playa,Tradicionales,540570,184412,361320,456167,34.11436076733818,2024-04-01
2024,4,Aguascalientes,Ciudades,Interior,189813,113012,113334,194667,59.538598515380926,2024-04-01
2024,4,Bahías de Huatulco,Centros de Playa,Integralmente Planeados,130230,91711,71331,207511,70.42232972433388,2024-04-01
2024,4,Campeche,Ciudades,Interior,62280,31455,37068,55671,50.505780346820806,2024-04-01
2024,4,Cancún,Centros de Playa,Integralmente Planeados,1067100,806751,560015,2037028,75.60219285915097,2024-04-01
2024,4,Celaya,Ciudades,Interior,80610,29775,29158,46445,36.93710457759583,2024-04-01
2024,4,Chihuahua,Ciudades,Interior,146550,92371,113800,170742,63.03036506311839,2024-04-01
2024,4,Ciudad Juárez,Ciudades,Fronterizas,136260,89343,128730,140618,65.5680317040951,2024-04-01
2024,4,Ciudad de México,Ciudades,Grandes,1841558,1099402,1038336,2051631,59.69955874319462,2024-04-01
2024,4,Coatzacoalcos,Ciudades,Interior,58330,29863,42004,44535,51.19663980798903,2024-04-01
2024,4,Colima,Ciudades,Interior,34860,16200,21864,31253,46.47160068846816,2024-04-01
2024,4,Comitán de Domínguez,Ciudades,Interior,41457,9429,15643,15671,22.744048049786525,2024-04-01
2024,4,Cozumel,Centros de Playa,Tradicionales,155310,81415,60470,170119,52.420964522567765,2024-04-01
2024,4,Culiacán,Ciudades,Interior,75000,36497,40894,67065,48.66266666666667,2024-04-01
2024,4,Durango,Ciudades,Interior,57994,33401,32025,49821,57.59388902300238,2024-04-01
2024,4,Guadalajara,Ciudades,Grandes,672316,363318,332066,623572,54.039767014320645,2024-04-01
2024,4,Guanajuato,Ciudades,Interior,99915,27847,51808,57933,27.87069008657359,2024-04-01
2024,4,Hermosillo,Ciudades,Interior,92820,59042,58568,104319,63.60913596207714,2024-04-01
2024,4,Irapuato,Ciudades,Interior,78480,31935,40414,57163,40.69189602446483,2024-04-01
2024,4,Isla Mujeres,Centros de Playa,Otros,49170,29285,48212,68457,59.55867398820419,2024-04-01
2024,4,Ixtapa - Zihuatanejo,Centros de Playa,Integralmente Planeados,204357,124249,107808,303515,60.799972596974904,2024-04-01
2024,4,La Paz,Centros de Playa,Tradicionales,81870,51698,44821,89025,63.14645169170636,2024-04-01
2024,4,León,Ciudades,Interior,199410,80613,91330,119130,40.42575598014142,2024-04-01
2024,4,Loreto,Centros de Playa,Integralmente Planeados,23250,9081,8070,19423,39.05806451612903,2024-04-01
2024,4,Los Cabos,Centros de Playa,Integralmente Planeados,665225,500196,210468,1193207,75.19200270585141,2024-04-01
2024,4,Los Mochis,Ciudades,Interior,33120,24130,33089,38186,72.85628019323671,2024-04-01
2024,4,Manzanillo,Centros de Playa,Tradicionales,129720,76275,95088,190361,58.79972247918594,2024-04-01
2024,4,Mazatlán,Centros de Playa,Tradicionales,302744,206202,232581,549961,68.11101128346061,2024-04-01
2024,4,Mexicali,Ciudades,Fronterizas,85170,51694,51286,78026,60.69508042738053,2024-04-01
2024,4,Monterrey,Ciudades,Grandes,525656,341038,260985,490927,64.87855175247691,2024-04-01
2024,4,Morelia,Ciudades,Interior,117696,55493,58256,104668,47.14943583469277,2024-04-01
2024,4,Mérida,Ciudades,Interior,248649,149885,146995,266850,60.27975177861162,2024-04-01
2024,4,Nuevo Nayarit,Centros de Playa,Otros,324020,258515,102433,610456,79.7836553299179,2024-04-01
2024,4,Oaxaca,Ciudades,Interior,181940,98671,89319,186128,54.23271408156535,2024-04-01
2024,4,Pachuca,Ciudades,Interior,50255,29293,47527,60844,58.28872748980201,2024-04-01
2024,4,Palenque,Ciudades,Interior,62190,22672,44427,47185,36.4560218684676,2024-04-01
2024,4,Piedras Negras,Ciudades,Fronterizas,37740,20520,24963,34699,54.37201907790143,2024-04-01
2024,4,Playas de Rosarito,Centros de Playa,Otros,78917,29009,72668,90750,36.75887324657552,2024-04-01
2024,4,Puebla,Ciudades,Interior,302790,174010,244393,456406,57.468872816143204,2024-04-01
2024,4,Puerto Escondido,Centros de Playa,Otros,78900,40826,52171,98387,51.743979721166035,2024-04-01
2024,4,Puerto Vallarta,Centros de Playa,Tradicionales,401862,291701,202187,633986,72.58735585847879,2024-04-01
2024,4,Querétaro,Ciudades,Interior,222630,132799,112030,193498,59.65009208103131,2024-04-01
2024,4,Riviera Maya,Centros de Playa,Otros,1570229,1262587,462733,2688839,80.40782586488977,2024-04-01
2024,4,Salamanca,Ciudades,Interior,30930,13309,26757,29833,43.029421273844164,2024-04-01
2024,4,San Cristóbal de las Casas,Ciudades,Interior,98606,25694,46046,47023,26.05723789627406,2024-04-01
2024,4,San Felipe,Centros de Playa,Otros,24810,8875,20750,21899,35.77186618299073,2024-04-01
2024,4,San Juan de los Lagos,Ciudades,Interior,110280,33939,127650,130394,30.7752992383025,2024-04-01
2024,4,San Juan del Río,Ciudades,Interior,24870,13363,16813,26902,53.73140329714516,2024-04-01
2024,4,San Luis Potosí,Ciudades,Interior,186686,106037,78338,161140,56.79965289309322,2024-04-01
2024,4,San Miguel de Allende,Ciudades,Interior,93780,37594,57781,73398,40.08743868628706,2024-04-01
2024,4,Taxco,Ciudades,Interior,27390,4686,10689,10689,17.10843373493976,2024-04-01
2024,4,Tecate,Ciudades,Fronterizas,18030,12150,22288,22288,67.38768718801997,2024-04-01
2024,4,Tequisquiapan,Ciudades,Interior,17190,7273,15197,16529,42.309482257126234,2024-04-01
2024,4,Tijuana,Ciudades,Fronterizas,190380,127886,120869,170167,67.17407290681794,2024-04-01
2024,4,Tlaxcala,Ciudades,Interior,20580,5327,6577,9774,25.8843537414966,2024-04-01
2024,4,Toluca,Ciudades,Interior,126558,57198,78141,87423,45.195088417958566,2024-04-01
2024,4,Tonalá Puerto Arista,Centros de Playa,Otros,22170,7806,18256,20306,35.20974289580514,2024-04-01
2024,4,Tuxtla Gutiérrez,Ciudades,Interior,125246,51869,64534,93911,41.413697842645675,2024-04-01
2024,4,Valle de Bravo,Ciudades,Interior,37688,7145,14672,14672,18.95828911059223,2024-04-01
2024,4,Veracruz-Boca del Río,Centros de Playa,Tradicionales,313320,168969,213642,359774,53.92857142857143,2024-04-01
2024,4,Villahermosa,Ciudades,Interior,156473,92718,91800,192755,59.25495133345689,2024-04-01
2024,4,Xalapa,Ciudades,Interior,93930,48101,63716,88904,51.20941126370702,2024-04-01
2024,4,Zacatecas,Ciudades,Interior,90240,25756,26634,44779,28.541666666666668,2024-04-01
2024,5,Acapulco,Centros de Playa,Tradicionales,564758,203642,427829,527378,36.058276288250894,2024-05-01
2024,5,Aguascalientes,Ciudades,Interior,195917,113206,112951,205660,57.78263244128891,2024-05-01
2024,5,Bahías de Huatulco,Centros de Playa,Integralmente Planeados,134602,82905,76390,192934,61.592695502295655,2024-05-01
2024,5,Campeche,Ciudades,Interior,64356,31745,33179,58280,49.32718006091118,2024-05-01
2024,5,Cancún,Centros de Playa,Integralmente Planeados,1102205,772203,568193,1976403,70.05983460427053,2024-05-01
2024,5,Celaya,Ciudades,Interior,82523,34413,32105,59015,41.701101511093874,2024-05-01
2024,5,Chihuahua,Ciudades,Interior,151428,94660,102135,161335,62.51155664738358,2024-05-01
2024,5,Ciudad Juárez,Ciudades,Fronterizas,140802,100191,144001,157678,71.15736992372267,2024-05-01
2024,5,Ciudad de México,Ciudades,Grandes,1902926,1079522,1019781,1954513,56.729583809354644,2024-05-01
2024,5,Coatzacoalcos,Ciudades,Interior,60194,29518,41211,43271,49.03811011064226,2024-05-01
2024,5,Colima,Ciudades,Interior,36022,13977,17918,25821,38.80128810171562,2024-05-01
2024,5,Comitán de Domínguez,Ciudades,Interior,42842,8861,14439,14439,20.68297465104337,2024-05-01
2024,5,Cozumel,Centros de Playa,Tradicionales,160487,75739,57690,157739,47.19323060434802,2024-05-01
2024,5,Culiacán,Ciudades,Interior,77500,36640,39972,65699,47.27741935483871,2024-05-01
2024,5,Durango,Ciudades,Interior,59923,27795,28495,42984,46.3845268094054,2024-05-01
2024,5,Guadalajara,Ciudades,Grandes,694017,369215,329572,654194,53.19970548271872,2024-05-01
2024,5,Guanajuato,Ciudades,Interior,104904,29150,50262,61206,27.787310302752992,2024-05-01
2024,5,Hermosillo,Ciudades,Interior,95914,63287,58307,106239,65.98306816523136,2024-05-01
2024,5,Irapuato,Ciudades,Interior,81096,28681,38922,48394,35.36672585577587,2024-05-01
2024,5,Isla Mujeres,Centros de Playa,Otros,50778,21272,30544,44411,41.892158021190276,2024-05-01
2024,5,Ixtapa - Zihuatanejo,Centros de Playa,Integralmente Planeados,211176,120270,112992,289787,56.95249460165928,2024-05-01
2024,5,La Paz,Centros de Playa,Tradicionales,84599,55364,42788,86969,65.44285393444368,2024-05-01
2024,5,León,Ciudades,Interior,209157,78830,88116,117265,37.689391222861296,2024-05-01
2024,5,Loreto,Centros de Playa,Integralmente Planeados,24027,9881,7481,22208,41.12456819411496,2024-05-01
2024,5,Los Cabos,Centros de Playa,Integralmente Planeados,687135,478372,240700,1087629,69.6183428292839,2024-05-01
2024,5,Los Mochis,Ciudades,Interior,34224,21455,29087,33814,62.68992519869098,2024-05-01
2024,5,Manzanillo,Centros de Playa,Tradicionales,133424,75769,92782,183552,56.788134068833195,2024-05-01
2024,5,Mazatlán,Centros de Playa,Tradicionales,312883,207898,233522,556519,66.44592387569794,2024-05-01
2024,5,Mexicali,Ciudades,Fronterizas,88009,51428,50347,75546,58.43493279096456,2024-05-01
2024,5,Monterrey,Ciudades,Grandes,543044,344820,263779,491807,63.49761713599634,2024-05-01
2024,5,Morelia,Ciudades,Interior,119536,58456,60174,96387,48.902422701110964,2024-05-01
2024,5,Mérida,Ciudades,Interior,256994,129986,143371,234220,50.579390958543776,2024-05-01
2024,5,Nuevo Nayarit,Centros de Playa,Otros,336778,232889,112416,562376,69.15208238067807,2024-05-01
2024,5,Oaxaca,Ciudades,Interior,187211,91079,86993,174670,48.65045323191479,2024-05-01
2024,5,Pachuca,Ciudades,Interior,52256,27978,46033,59781,53.540263319044705,2024-05-01
2024,5,Palenque,Ciudades,Interior,64160,20062,37260,40691,31.268703241895263,2024-05-01
2024,5,Piedras Negras,Ciudades,Fronterizas,38998,24327,29833,40003,62.38012205754141,2024-05-01
2024,5,Playas de Rosarito,Centros de Playa,Otros,81592,32623,81574,101759,39.9830865771154,2024-05-01
2024,5,Puebla,Ciudades,Interior,325686,196405,277150,539914,60.30501771645081,2024-05-01
2024,5,Puerto Escondido,Centros de Playa,Otros,81530,34704,51874,84401,42.56592665276585,2024-05-01
2024,5,Puerto Vallarta,Centros de Playa,Tradicionales,415531,266969,205069,587780,64.24767345877925,2024-05-01
2024,5,Querétaro,Ciudades,Interior,230067,137360,120211,200106,59.70434699457115,2024-05-01
2024,5,Riviera Maya,Centros de Playa,Otros,1622766,1205780,462939,2545897,74.30399700264856,2024-05-01
2024,5,Salamanca,Ciudades,Interior,31961,11125,18157,23174,34.8080473076562,2024-05-01
2024,5,San Cristóbal de las Casas,Ciudades,Interior,101894,25340,43515,45279,24.86898149056863,2024-05-01
2024,5,San Felipe,Centros de Playa,Otros,25637,10944,25458,26449,42.688302063423954,2024-05-01
2024,5,San Juan de los Lagos,Ciudades,Interior,113956,38500,144801,148016,33.78496963740391,2024-05-01
2024,5,San Juan del Río,Ciudades,Interior,22413,11141,10629,19503,49.70775888992995,2024-05-01
2024,5,San Luis Potosí,Ciudades,Interior,193151,104725,81394,156696,54.219237798406425,2024-05-01
2024,5,San Miguel de Allende,Ciudades,Interior,93093,38614,49710,71617,41.47895115637051,2024-05-01
2024,5,Taxco,Ciudades,Interior,28303,4815,10392,10392,17.012330848319966,2024-05-01
2024,5,Tecate,Ciudades,Fronterizas,18631,13896,24596,24596,74.58536847190167,2024-05-01
2024,5,Tequisquiapan,Ciudades,Interior,17731,6682,14425,15623,37.685409734363546,2024-05-01
2024,5,Tijuana,Ciudades,Fronterizas,196726,130780,124833,172802,66.47824893506704,2024-05-01
2024,5,Tlaxcala,Ciudades,Interior,20925,6158,7343,11191,29.428912783751493,2024-05-01
2024,5,Toluca,Ciudades,Interior,130929,54229,70283,79075,41.418631472019186,2024-05-01
2024,5,Tonalá Puerto Arista,Centros de Playa,Otros,22909,7759,17936,20029,33.86878519359204,2024-05-01
2024,5,Tuxtla Gutiérrez,Ciudades,Interior,129804,60044,88131,115398,46.257434285538196,2024-05-01
2024,5,Valle de Bravo,Ciudades,Interior,40029,5504,10536,10536,13.750031227360164,2024-05-01
2024,5,Veracruz-Boca del Río,Centros de Playa,Tradicionales,323764,177783,208411,369803,54.91129341125017,2024-05-01
2024,5,Villahermosa,Ciudades,Interior,161714,103127,107372,223239,63.771225744215094,2024-05-01
2024,5,Xalapa,Ciudades,Interior,97060,45654,60561,81019,47.036884401401196,2024-05-01
2024,5,Zacatecas,Ciudades,Interior,93248,29935,25440,52650,32.10256520247083,2024-05-01
2024,6,Acapulco,Centros de Playa,Tradicionales,546540,196598,393493,501912,35.971383613276245,2024-06-01
2024,6,Aguascalientes,Ciudades,Interior,189002,86827,78056,137711,45.93972550555021,2024-06-01
2024,6,Bahías de Huatulco,Centros de Playa,Integralmente Planeados,130065,73647,62533,167440,56.623226848114406,2024-06-01
2024,6,Campeche,Ciudades,Interior,62280,35425,32807,66831,56.88021836865767,2024-06-01
2024,6,Cancún,Centros de Playa,Integralmente Planeados,1067100,798988,574159,2070886,74.87470715022022,2024-06-01
2024,6,Celaya,Ciudades,Interior,78600,27128,25863,41811,34.51399491094148,2024-06-01
2024,6,Chihuahua,Ciudades,Interior,146444,88907,94676,152513,60.71057878779602,2024-06-01
2024,6,Ciudad Juárez,Ciudades,Fronterizas,136200,89551,128312,141074,65.7496328928047,2024-06-01
2024,6,Ciudad de México,Ciudades,Grandes,1841485,1023102,969384,1881981,55.55853020795716,2024-06-01
2024,6,Coatzacoalcos,Ciudades,Interior,58348,28422,38662,40670,48.71118118872969,2024-06-01
2024,6,Colima,Ciudades,Interior,34860,14878,20813,28382,42.67928858290304,2024-06-01
2024,6,Comitán de Domínguez,Ciudades,Interior,41459,8977,14692,14692,21.65271714223691,2024-06-01
2024,6,Cozumel,Centros de Playa,Tradicionales,155310,73127,74290,166898,47.0845405962269,2024-06-01
2024,6,Culiacán,Ciudades,Interior,75000,31371,35098,57545,41.828,2024-06-01
2024,6,Durango,Ciudades,Interior,57990,29848,29577,46647,51.47094326608036,2024-06-01
2024,6,Guadalajara,Ciudades,Grandes,670914,356445,314517,634397,53.12826979314786,2024-06-01
2024,6,Guanajuato,Ciudades,Interior,100091,30276,54028,63436,30.24847388876123,2024-06-01
2024,6,Hermosillo,Ciudades,Interior,92820,48455,44818,77318,52.20318896789485,2024-06-01
2024,6,Irapuato,Ciudades,Interior,78480,25700,34436,43536,32.747196738022424,2024-06-01
2024,6,Isla Mujeres,Centros de Playa,Otros,49170,20320,31469,44976,41.32601179581045,2024-06-01
2024,6,Ixtapa - Zihuatanejo,Centros de Playa,Integralmente Planeados,204360,122891,99901,304670,60.13456645136034,2024-06-01
2024,6,La Paz,Centros de Playa,Tradicionales,81870,52389,44083,88320,63.99047270062294,2024-06-01
2024,6,León,Ciudades,Interior,198390,91471,100939,135061,46.10665860174404,2024-06-01
2024,6,Loreto,Centros de Playa,Integralmente Planeados,23250,8854,6848,19689,38.081720430107524,2024-06-01
2024,6,Los Cabos,Centros de Playa,Integralmente Planeados,665296,517970,302677,1333283,77.8555710540872,2024-06-01
2024,6,Los Mochis,Ciudades,Interior,33120,18290,24848,28849,55.22342995169082,2024-06-01
2024,6,Manzanillo,Centros de Playa,Tradicionales,129120,77032,96286,188972,59.65923172242875,2024-06-01
2024,6,Mazatlán,Centros de Playa,Tradicionales,302790,219213,245496,599648,72.3977013771921,2024-06-01
2024,6,Mexicali,Ciudades,Fronterizas,85170,48505,47866,71572,56.95080427380533,2024-06-01
2024,6,Monterrey,Ciudades,Grandes,525653,312397,241203,459253,59.43027053969063,2024-06-01
2024,6,Morelia,Ciudades,Interior,120780,58486,58186,96162,48.42358006292432,2024-06-01
2024,6,Mérida,Ciudades,Interior,248828,125666,150181,239176,50.50315880849422,2024-06-01
2024,6,Nuevo Nayarit,Centros de Playa,Otros,318724,242119,128421,611809,75.96509832958924,2024-06-01
2024,6,Oaxaca,Ciudades,Interior,181790,84957,75634,160219,46.73359370702459,2024-06-01
2024,6,Pachuca,Ciudades,Interior,50432,29753,47654,61421,58.99627220812183,2024-06-01
2024,6,Palenque,Ciudades,Interior,62206,17616,32457,34618,28.318811690190657,2024-06-01
2024,6,Piedras Negras,Ciudades,Fronterizas,37740,24916,29731,40814,66.02013778484367,2024-06-01
2024,6,Playas de Rosarito,Centros de Playa,Otros,78870,35322,88531,110331,44.78508938759985,2024-06-01
2024,6,Puebla,Ciudades,Interior,315161,177319,236827,492881,56.262989392723085,2024-06-01
2024,6,Puerto Escondido,Centros de Playa,Otros,78900,32503,44175,76120,41.19518377693283,2024-06-01
2024,6,Puerto Vallarta,Centros de Playa,Tradicionales,402102,263751,210870,593814,65.59305847769969,2024-06-01
2024,6,Querétaro,Ciudades,Interior,222642,129466,113377,187206,58.14985492404847,2024-06-01
2024,6,Riviera Maya,Centros de Playa,Otros,1568074,1142016,430946,2511746,72.82921596812395,2024-06-01
2024,6,Salamanca,Ciudades,Interior,30930,9132,10569,15314,29.52473326867119,2024-06-01
2024,6,San Cristóbal de las Casas,Ciudades,Interior,98610,19977,34153,36021,20.258594463036204,2024-06-01
2024,6,San Felipe,Centros de Playa,Otros,24810,9528,22090,22709,38.40386940749698,2024-06-01
2024,6,San Juan de los Lagos,Ciudades,Interior,110280,36455,138025,141202,33.05676459920203,2024-06-01
2024,6,San Juan del Río,Ciudades,Interior,21690,10085,12437,20732,46.496081143384046,2024-06-01
2024,6,San Luis Potosí,Ciudades,Interior,185127,99304,76575,148542,53.64101400660088,2024-06-01
2024,6,San Miguel de Allende,Ciudades,Interior,90929,29281,44200,56051,32.20204775154241,2024-06-01
2024,6,Taxco,Ciudades,Interior,25846,4299,9258,9258,16.633134721040005,2024-06-01
2024,6,Tecate,Ciudades,Fronterizas,18030,13133,23634,23634,72.83971159179146,2024-06-01
2024,6,Tequisquiapan,Ciudades,Interior,17176,5547,11963,12859,32.295062878435026,2024-06-01
2024,6,Tijuana,Ciudades,Fronterizas,190380,127806,126735,177076,67.13205168610148,2024-06-01
2024,6,Tlaxcala,Ciudades,Interior,20550,6451,7777,11957,31.391727493917276,2024-06-01
2024,6,Toluca,Ciudades,Interior,101100,49676,64946,71238,49.13550939663699,2024-06-01
2024,6,Tonalá Puerto Arista,Centros de Playa,Otros,22170,7021,16247,17956,31.66892196662156,2024-06-01
2024,6,Tuxtla Gutiérrez,Ciudades,Interior,125259,58403,78617,107411,46.625791360301456,2024-06-01
2024,6,Valle de Bravo,Ciudades,Interior,38738,6333,12235,12235,16.348288502245858,2024-06-01
2024,6,Veracruz-Boca del Río,Centros de Playa,Tradicionales,316560,173585,210987,370333,54.834786454384634,2024-06-01
2024,6,Villahermosa,Ciudades,Interior,156537,92202,87022,188539,58.90109047701183,2024-06-01
2024,6,Xalapa,Ciudades,Interior,93930,49013,57771,84937,52.180347066964764,2024-06-01
2024,6,Zacatecas,Ciudades,Interior,89700,33288,31103,58553,37.11036789297659,2024-06-01
2024,7,Acapulco,Centros de Playa,Tradicionales,564758,207097,446212,552250,36.670042743971756,2024-07-01
2024,7,Aguascalientes,Ciudades,Interior,196767,99625,96773,165807,50.630949295359486,2024-07-01
2024,7,Bahías de Huatulco,Centros de Playa,Integralmente Planeados,134415,92331,79764,221728,68.69099430867091,2024-07-01
2024,7,Campeche,Ciudades,Interior,64356,35275,42484,65029,54.81229411399092,2024-07-01
2024,7,Cancún,Centros de Playa,Integralmente Planeados,1102670,818010,585767,2186090,74.18447949069078,2024-07-01
2024,7,Celaya,Ciudades,Interior,83887,31936,29412,48382,38.070261184688924,2024-07-01
2024,7,Chihuahua,Ciudades,Interior,151435,91054,101723,157680,60.12744741968501,2024-07-01
2024,7,Ciudad Juárez,Ciudades,Fronterizas,140802,87662,120834,139729,62.259058820187214,2024-07-01
2024,7,Ciudad de México,Ciudades,Grandes,1902898,1141193,1138611,2210032,59.97131743267374,2024-07-01
2024,7,Coatzacoalcos,Ciudades,Interior,60294,29813,41250,43811,49.446047699605266,2024-07-01
2024,7,Colima,Ciudades,Interior,36022,17486,25158,35759,48.54255732607851,2024-07-01
2024,7,Comitán de Domínguez,Ciudades,Interior,42839,11526,19878,19890,26.905389948411493,2024-07-01
2024,7,Cozumel,Centros de Playa,Tradicionales,160487,70411,60651,163990,43.87333553496545,2024-07-01
2024,7,Culiacán,Ciudades,Interior,77500,34943,39188,64018,45.08774193548387,2024-07-01
2024,7,Durango,Ciudades,Interior,59926,38990,41528,64351,65.0635784133765,2024-07-01
2024,7,Guadalajara,Ciudades,Grandes,694155,390405,381942,720404,56.2417615662208,2024-07-01
2024,7,Guanajuato,Ciudades,Interior,104408,34064,62828,75023,32.62585242510153,2024-07-01
2024,7,Hermosillo,Ciudades,Interior,95914,47855,46372,82428,49.89365473236441,2024-07-01
2024,7,Irapuato,Ciudades,Interior,81096,31455,39037,51163,38.78736312518497,2024-07-01
2024,7,Isla Mujeres,Centros de Playa,Otros,50809,21103,33095,49857,41.5339802003582,2024-07-01
2024,7,Ixtapa - Zihuatanejo,Centros de Playa,Integralmente Planeados,211168,141357,138571,359204,66.9405402333687,2024-07-01
2024,7,La Paz,Centros de Playa,Tradicionales,84599,59650,54609,103887,70.50910767266753,2024-07-01
2024,7,León,Ciudades,Interior,204476,114378,129602,183860,55.93712709560046,2024-07-01
2024,7,Loreto,Centros de Playa,Integralmente Planeados,24025,12410,10435,29614,51.65452653485952,2024-07-01
2024,7,Los Cabos,Centros de Playa,Integralmente Planeados,687787,524525,302525,1417707,76.26270923992458,2024-07-01
2024,7,Los Mochis,Ciudades,Interior,34224,20457,27802,32316,59.77384291725105,2024-07-01
2024,7,Manzanillo,Centros de Playa,Tradicionales,133424,81858,102245,209068,61.35178078906344,2024-07-01
2024,7,Mazatlán,Centros de Playa,Tradicionales,312694,245651,277021,687019,78.55955023121646,2024-07-01
2024,7,Mexicali,Ciudades,Fronterizas,88009,45764,45393,69921,51.99922735174812,2024-07-01
2024,7,Monterrey,Ciudades,Grandes,543182,354237,281858,550444,65.21515808697637,2024-07-01
2024,7,Morelia,Ciudades,Interior,124806,61957,63923,107032,49.64264538563851,2024-07-01
2024,7,Mérida,Ciudades,Interior,257165,139943,165118,272591,54.4175918184823,2024-07-01
2024,7,Nuevo Nayarit,Centros de Playa,Otros,327166,250889,131973,664780,76.68553578305814,2024-07-01
2024,7,Oaxaca,Ciudades,Interior,187520,120137,116040,258791,64.06623293515358,2024-07-01
2024,7,Pachuca,Ciudades,Interior,52322,29277,44278,59013,55.95542983830893,2024-07-01
2024,7,Palenque,Ciudades,Interior,64450,27081,52001,55625,42.01861908456168,2024-07-01
2024,7,Piedras Negras,Ciudades,Fronterizas,38998,25126,30417,42524,64.42894507410637,2024-07-01
2024,7,Playas de Rosarito,Centros de Playa,Otros,81592,47406,118638,148331,58.10128443965095,2024-07-01
2024,7,Puebla,Ciudades,Interior,325631,202378,278178,532796,62.14948822440124,2024-07-01
2024,7,Puerto Escondido,Centros de Playa,Otros,81531,42816,58324,105667,52.5149942966479,2024-07-01
2024,7,Puerto Vallarta,Centros de Playa,Tradicionales,415527,292041,234104,690043,70.28207553299785,2024-07-01
2024,7,Querétaro,Ciudades,Interior,230061,143759,125792,217286,62.48734031409061,2024-07-01
2024,7,Riviera Maya,Centros de Playa,Otros,1636823,1193811,474230,2738487,72.93464229180553,2024-07-01
2024,7,Salamanca,Ciudades,Interior,31925,13403,14332,23437,41.982772122161315,2024-07-01
2024,7,San Cristóbal de las Casas,Ciudades,Interior,102300,28901,50174,53986,28.251221896383186,2024-07-01
2024,7,San Felipe,Centros de Playa,Otros,25637,7893,20693,21793,30.787533642781916,2024-07-01
2024,7,San Juan de los Lagos,Ciudades,Interior,113956,37857,144653,147850,33.220716767875324,2024-07-01
2024,7,San Juan del Río,Ciudades,Interior,22383,13370,12626,25191,59.73283295358084,2024-07-01
2024,7,San Luis Potosí,Ciudades,Interior,187930,110042,85775,174387,58.55478103549194,2024-07-01
2024,7,San Miguel de Allende,Ciudades,Interior,93093,31454,50308,64815,33.7877176586854,2024-07-01
2024,7,Taxco,Ciudades,Interior,27590,6622,15511,15511,24.00144980065241,2024-07-01
2024,7,Tecate,Ciudades,Fronterizas,18631,13710,25039,25039,73.58703236541248,2024-07-01
2024,7,Tequisquiapan,Ciudades,Interior,17769,7419,15940,18732,41.75249029208172,2024-07-01
2024,7,Tijuana,Ciudades,Fronterizas,196726,128857,124653,175188,65.50074723219096,2024-07-01
2024,7,Tlaxcala,Ciudades,Interior,21235,7190,10137,14419,33.859194725688724,2024-07-01
2024,7,Toluca,Ciudades,Interior,130929,53229,71737,80354,40.65485874023326,2024-07-01
2024,7,Tonalá Puerto Arista,Centros de Playa,Otros,22010,7851,17971,20241,35.67014993184916,2024-07-01
2024,7,Tuxtla Gutiérrez,Ciudades,Interior,129262,60121,80460,111984,46.510962231746376,2024-07-01
2024,7,Valle de Bravo,Ciudades,Interior,40029,6513,13399,13399,16.270703739788654,2024-07-01
2024,7,Veracruz-Boca del Río,Centros de Playa,Tradicionales,327112,210279,265987,451158,64.28348700139402,2024-07-01
2024,7,Villahermosa,Ciudades,Interior,161759,101925,100121,211569,63.0104043669904,2024-07-01
2024,7,Xalapa,Ciudades,Interior,99076,50786,54121,90120,51.25963906496023,2024-07-01
2024,7,Zacatecas,Ciudades,Interior,92783,32844,33314,62100,35.39872605973077,2024-07-01
2024,8,Acapulco,Centros de Playa,Tradicionales,564913,227817,450857,593553,40.327802688201544,2024-08-01
2024,8,Aguascalientes,Ciudades,Interior,196592,94096,93818,155714,47.86359567022056,2024-08-01
2024,8,Bahías de Huatulco,Centros de Playa,Integralmente Planeados,134323,83467,70342,198715,62.139023101032585,2024-08-01
2024,8,Campeche,Ciudades,Interior,64356,32037,34895,58531,49.78090620921126,2024-08-01
2024,8,Cancún,Centros de Playa,Integralmente Planeados,1102205,774247,553125,2098795,70.24528105025834,2024-08-01
2024,8,Celaya,Ciudades,Interior,83886,30051,29711,47371,35.823617766969456,2024-08-01
2024,8,Chihuahua,Ciudades,Interior,151435,89894,97986,153201,59.361442202925346,2024-08-01
2024,8,Ciudad Juárez,Ciudades,Fronterizas,140802,88635,117991,138048,62.950100140623,2024-08-01
2024,8,Ciudad de México,Ciudades,Grandes,1902729,1136971,1140751,2138022,59.754752253211045,2024-08-01
2024,8,Coatzacoalcos,Ciudades,Interior,60219,31591,43791,46420,52.46018698417443,2024-08-01
2024,8,Colima,Ciudades,Interior,36022,17432,25969,36279,48.39264893676087,2024-08-01
2024,8,Comitán de Domínguez,Ciudades,Interior,42838,9244,15055,15060,21.578971940800223,2024-08-01
2024,8,Cozumel,Centros de Playa,Tradicionales,158255,61637,52365,163970,38.94790054026729,2024-08-01
2024,8,Culiacán,Ciudades,Interior,77500,34521,38414,63047,44.543225806451616,2024-08-01
2024,8,Durango,Ciudades,Interior,59923,33190,32900,52693,55.387747609432104,2024-08-01
2024,8,Guadalajara,Ciudades,Grandes,694395,363282,345717,648652,52.31633292290411,2024-08-01
2024,8,Guanajuato,Ciudades,Interior,103447,34799,64034,75443,33.63944821986138,2024-08-01
2024,8,Hermosillo,Ciudades,Interior,95914,46003,43186,75736,47.962758304314285,2024-08-01
2024,8,Irapuato,Ciudades,Interior,81096,28679,36865,47169,35.36425964289237,2024-08-01
2024,8,Isla Mujeres,Centros de Playa,Otros,50809,19875,33291,45573,39.117085555708634,2024-08-01
2024,8,Ixtapa - Zihuatanejo,Centros de Playa,Integralmente Planeados,211172,121612,125602,313756,57.58907430909401,2024-08-01
2024,8,La Paz,Centros de Playa,Tradicionales,84599,54223,48775,95583,64.09413822858426,2024-08-01
2024,8,León,Ciudades,Interior,204476,94945,107991,141632,46.4333222480878,2024-08-01
2024,8,Loreto,Centros de Playa,Integralmente Planeados,28334,12303,11371,31409,43.421331262793814,2024-08-01
2024,8,Los Cabos,Centros de Playa,Integralmente Planeados,687139,409883,236571,1072463,59.65066747775923,2024-08-01
2024,8,Los Mochis,Ciudades,Interior,34224,18149,24351,28500,53.030037400654514,2024-08-01
2024,8,Manzanillo,Centros de Playa,Tradicionales,133434,71126,87858,173420,53.30425528725812,2024-08-01
2024,8,Mazatlán,Centros de Playa,Tradicionales,312883,226226,254396,633668,72.30370457966715,2024-08-01
2024,8,Mexicali,Ciudades,Fronterizas,88009,47002,44498,71161,53.405901669147475,2024-08-01
2024,8,Monterrey,Ciudades,Grandes,543169,356867,301875,550078,65.7009144483577,2024-08-01
2024,8,Morelia,Ciudades,Interior,119536,65082,63753,111957,54.44552268772588,2024-08-01
2024,8,Mérida,Ciudades,Interior,257235,144220,169324,274792,56.06546543044298,2024-08-01
2024,8,Nuevo Nayarit,Centros de Playa,Otros,341309,225926,121839,622149,66.19397671904345,2024-08-01
2024,8,Oaxaca,Ciudades,Interior,187548,107876,101900,217137,57.519141766374474,2024-08-01
2024,8,Pachuca,Ciudades,Interior,52048,29662,46834,60414,56.98970181371042,2024-08-01
2024,8,Palenque,Ciudades,Interior,64249,26160,50218,53266,40.71658702859188,2024-08-01
2024,8,Piedras Negras,Ciudades,Fronterizas,38998,25717,29269,40108,65.94440740550797,2024-08-01
2024,8,Playas de Rosarito,Centros de Playa,Otros,81592,45570,114043,142678,55.851063829787236,2024-08-01
2024,8,Puebla,Ciudades,Interior,325686,197757,289745,520069,60.72014148597115,2024-08-01
2024,8,Puerto Escondido,Centros de Playa,Otros,81489,37533,59844,94264,46.05897728527777,2024-08-01
2024,8,Puerto Vallarta,Centros de Playa,Tradicionales,415406,250677,206799,576034,60.345060013577076,2024-08-01
2024,8,Querétaro,Ciudades,Interior,230010,138614,120113,210843,60.264336333202905,2024-08-01
2024,8,Riviera Maya,Centros de Playa,Otros,1617765,1096343,442733,2464769,67.76898993364301,2024-08-01
2024,8,Salamanca,Ciudades,Interior,31961,11579,11809,19381,36.228528519132695,2024-08-01
2024,8,San Cristóbal de las Casas,Ciudades,Interior,102300,26789,46795,49848,26.18670576735093,2024-08-01
2024,8,San Felipe,Centros de Playa,Otros,25637,6706,17293,18281,26.157506728556385,2024-08-01
2024,8,San Juan de los Lagos,Ciudades,Interior,113956,51494,199904,203986,45.18761627294745,2024-08-01
2024,8,San Juan del Río,Ciudades,Interior,22413,13294,16907,28907,59.313791103377504,2024-08-01
2024,8,San Luis Potosí,Ciudades,Interior,190000,106740,90387,168588,56.17894736842105,2024-08-01
2024,8,San Miguel de Allende,Ciudades,Interior,94643,34943,56110,70842,36.920849930792556,2024-08-01
2024,8,Taxco,Ciudades,Interior,28303,8251,19205,19205,29.152386672790872,2024-08-01
2024,8,Tecate,Ciudades,Fronterizas,18631,13275,24543,24543,71.25221405184907,2024-08-01
2024,8,Tequisquiapan,Ciudades,Interior,17763,7899,18015,19856,44.46883972301976,2024-08-01
2024,8,Tijuana,Ciudades,Fronterizas,196726,138369,136793,200418,70.33589866108191,2024-08-01
2024,8,Tlaxcala,Ciudades,Interior,21235,6865,9685,13271,32.32870261360961,2024-08-01
2024,8,Toluca,Ciudades,Interior,130929,56651,66931,82565,43.26848902840471,2024-08-01
2024,8,Tonalá Puerto Arista,Centros de Playa,Otros,21271,7523,17233,19542,35.3674016266278,2024-08-01
2024,8,Tuxtla Gutiérrez,Ciudades,Interior,129679,58293,71436,105534,44.95176551330593,2024-08-01
2024,8,Valle de Bravo,Ciudades,Interior,40029,6035,12863,12863,15.076569487121837,2024-08-01
2024,8,Veracruz-Boca del Río,Centros de Playa,Tradicionales,327112,202157,258753,450061,61.800545378952776,2024-08-01
2024,8,Villahermosa,Ciudades,Interior,161700,94971,87976,181878,58.73283858998145,2024-08-01
2024,8,Xalapa,Ciudades,Interior,99076,50126,65074,91030,50.59348379022165,2024-08-01
2024,8,Zacatecas,Ciudades,Interior,92142,32916,33462,60717,35.7231230057954,2024-08-01
2024,9,Acapulco,Centros de Playa,Tradicionales,494635,158823,284013,382917,32.10913097536567,2024-09-01
2024,9,Aguascalientes,Ciudades,Interior,190648,91456,88377,147690,47.97113004070329,2024-09-01
2024,9,Bahías de Huatulco,Centros de Playa,Integralmente Planeados,129990,55724,45925,123090,42.86791291637818,2024-09-01
2024,9,Campeche,Ciudades,Interior,62250,28896,30519,49597,46.41927710843373,2024-09-01
2024,9,Cancún,Centros de Playa,Integralmente Planeados,1066650,665223,460339,1641318,62.36563071297989,2024-09-01
2024,9,Celaya,Ciudades,Interior,78601,26117,24785,39624,33.22731262961031,2024-09-01
2024,9,Chihuahua,Ciudades,Interior,146550,87989,96627,151964,60.040259297168205,2024-09-01
2024,9,Ciudad Juárez,Ciudades,Fronterizas,136260,90650,129878,142769,66.52722735945986,2024-09-01
2024,9,Ciudad de México,Ciudades,Grandes,1841518,1146829,1126717,2132260,62.27628510826394,2024-09-01
2024,9,Coatzacoalcos,Ciudades,Interior,58350,30104,39668,42856,51.59211653813196,2024-09-01
2024,9,Colima,Ciudades,Interior,34860,13833,17421,25914,39.6815834767642,2024-09-01
2024,9,Comitán de Domínguez,Ciudades,Interior,41463,7552,11623,11623,18.2138291971155,2024-09-01
2024,9,Cozumel,Centros de Playa,Tradicionales,153150,56361,47628,121031,36.80117531831538,2024-09-01
2024,9,Culiacán,Ciudades,Interior,75000,20897,23254,38782,27.862666666666666,2024-09-01
2024,9,Durango,Ciudades,Interior,58020,25386,25305,38526,43.75387797311272,2024-09-01
2024,9,Guadalajara,Ciudades,Grandes,672197,338469,298688,566605,50.35264959528234,2024-09-01
2024,9,Guanajuato,Ciudades,Interior,100040,31674,59998,68679,31.661335465813675,2024-09-01
2024,9,Hermosillo,Ciudades,Interior,92820,43346,38880,68743,46.69898728722258,2024-09-01
2024,9,Irapuato,Ciudades,Interior,78480,25679,32677,41934,32.72043832823649,2024-09-01
2024,9,Isla Mujeres,Centros de Playa,Otros,49170,16518,21238,34162,33.59365466748017,2024-09-01
2024,9,Ixtapa - Zihuatanejo,Centros de Playa,Integralmente Planeados,204351,90474,90991,213798,44.27382298104732,2024-09-01
2024,9,La Paz,Centros de Playa,Tradicionales,81870,42299,33678,66357,51.666055942347626,2024-09-01
2024,9,León,Ciudades,Interior,197880,108838,123485,166746,55.00202142712755,2024-09-01
2024,9,Loreto,Centros de Playa,Integralmente Planeados,23250,9339,10225,23955,40.16774193548387,2024-09-01
2024,9,Los Cabos,Centros de Playa,Integralmente Planeados,664950,347631,194420,818858,52.27926911797879,2024-09-01
2024,9,Los Mochis,Ciudades,Interior,33120,15738,21241,24774,47.518115942028984,2024-09-01
2024,9,Manzanillo,Centros de Playa,Tradicionales,129120,58136,70771,132975,45.02478314745973,2024-09-01
2024,9,Mazatlán,Centros de Playa,Tradicionales,302790,152342,169104,412999,50.31275801710757,2024-09-01
2024,9,Mexicali,Ciudades,Fronterizas,85170,46956,47963,71249,55.13208876364917,2024-09-01
2024,9,Monterrey,Ciudades,Grandes,522440,326009,263968,472717,62.401232677436646,2024-09-01
2024,9,Morelia,Ciudades,Interior,120780,65881,60470,105569,54.54628249710217,2024-09-01
2024,9,Mérida,Ciudades,Interior,248631,121262,125521,221546,48.771874786329946,2024-09-01
2024,9,Nuevo Nayarit,Centros de Playa,Otros,329825,170858,100672,436883,51.802622602895475,2024-09-01
2024,9,Oaxaca,Ciudades,Interior,181500,88923,75274,157042,48.993388429752066,2024-09-01
2024,9,Pachuca,Ciudades,Interior,50764,28919,39055,52537,56.9675360491687,2024-09-01
2024,9,Palenque,Ciudades,Interior,62580,19967,37895,39841,31.906359859379993,2024-09-01
2024,9,Piedras Negras,Ciudades,Fronterizas,37745,24531,26930,37283,64.9913895880249,2024-09-01
2024,9,Playas de Rosarito,Centros de Playa,Otros,78910,33363,83050,104547,42.27981244455709,2024-09-01
2024,9,Puebla,Ciudades,Interior,315158,188500,253220,475335,59.811269268113136,2024-09-01
2024,9,Puerto Escondido,Centros de Playa,Otros,78900,23002,34960,53285,29.15335868187579,2024-09-01
2024,9,Puerto Vallarta,Centros de Playa,Tradicionales,402024,206456,172795,439563,51.35414801106402,2024-09-01
2024,9,Querétaro,Ciudades,Interior,222690,135622,118284,203332,60.90170191746374,2024-09-01
2024,9,Riviera Maya,Centros de Playa,Otros,1568137,931357,392739,1946872,59.392578582100924,2024-09-01
2024,9,Salamanca,Ciudades,Interior,30930,9069,9546,14912,29.321047526673134,2024-09-01
2024,9,San Cristóbal de las Casas,Ciudades,Interior,98181,19787,33539,35263,20.15359387254153,2024-09-01
2024,9,San Felipe,Centros de Playa,Otros,24810,6484,16784,17148,26.134623135832324,2024-09-01
2024,9,San Juan de los Lagos,Ciudades,Interior,110261,27828,105688,107045,25.23829821967876,2024-09-01
2024,9,San Juan del Río,Ciudades,Interior,21690,13352,14440,25660,61.558321807284464,2024-09-01
2024,9,San Luis Potosí,Ciudades,Interior,183701,92384,73703,142949,50.29041758074262,2024-09-01
2024,9,San Miguel de Allende,Ciudades,Interior,92640,36223,55851,70691,39.100820379965455,2024-09-01
2024,9,Taxco,Ciudades,Interior,25981,6368,14016,14016,24.510219006196838,2024-09-01
2024,9,Tecate,Ciudades,Fronterizas,18030,11364,20897,20897,63.02828618968386,2024-09-01
2024,9,Tequisquiapan,Ciudades,Interior,17190,4866,10287,11951,28.30715532286213,2024-09-01
2024,9,Tijuana,Ciudades,Fronterizas,191580,128032,125276,177173,66.82952291470926,2024-09-01
2024,9,Tlaxcala,Ciudades,Interior,20546,6234,6689,10682,30.34167234498199,2024-09-01
2024,9,Toluca,Ciudades,Interior,126706,48756,56428,68600,38.479630009628586,2024-09-01
2024,9,Tonalá Puerto Arista,Centros de Playa,Otros,21540,5345,12024,13455,24.814298978644384,2024-09-01
2024,9,Tuxtla Gutiérrez,Ciudades,Interior,125268,53560,68458,96905,42.756330427563306,2024-09-01
2024,9,Valle de Bravo,Ciudades,Interior,38738,8036,16799,16799,20.744488615829418,2024-09-01
2024,9,Veracruz-Boca del Río,Centros de Playa,Tradicionales,316560,147989,174320,297233,46.74911549153399,2024-09-01
2024,9,Villahermosa,Ciudades,Interior,156568,85146,79437,157471,54.382760206427875,2024-09-01
2024,9,Xalapa,Ciudades,Interior,95878,49379,61296,88109,51.50190867560858,2024-09-01
2024,9,Zacatecas,Ciudades,Interior,89226,33031,34075,59764,37.01947862730594,2024-09-01
2024,10,Acapulco,Centros de Playa,Tradicionales,517181,126473,198292,291001,24.45430129877161,2024-10-01
2024,10,Aguascalientes,Ciudades,Interior,199230,96868,97953,165783,48.62119158761231,2024-10-01
2024,10,Bahías de Huatulco,Centros de Playa,Integralmente Planeados,134417,63285,52545,142412,47.081098372973656,2024-10-01
2024,10,Campeche,Ciudades,Interior,64356,31904,34423,54634,49.57424327180061,2024-10-01
2024,10,Cancún,Centros de Playa,Integralmente Planeados,1102275,702077,486205,1687354,63.693452178449114,2024-10-01
2024,10,Celaya,Ciudades,Interior,81224,31866,30018,48841,39.23224662661282,2024-10-01
2024,10,Chihuahua,Ciudades,Interior,151225,105908,113207,183918,70.03339394941312,2024-10-01
2024,10,Ciudad Juárez,Ciudades,Fronterizas,140800,96017,135451,149894,68.19389204545455,2024-10-01
2024,10,Ciudad de México,Ciudades,Grandes,1899642,1227106,1199127,2282211,64.59669769356542,2024-10-01
2024,10,Coatzacoalcos,Ciudades,Interior,60293,28030,36799,38979,46.48964224702702,2024-10-01
2024,10,Colima,Ciudades,Interior,36022,14349,19054,27881,39.83399033923713,2024-10-01
2024,10,Comitán de Domínguez,Ciudades,Interior,42842,8736,13592,13598,20.39120489239531,2024-10-01
2024,10,Cozumel,Centros de Playa,Tradicionales,158286,63340,50450,134797,40.016173256004954,2024-10-01
2024,10,Culiacán,Ciudades,Interior,77500,20113,21390,36457,25.95225806451613,2024-10-01
2024,10,Durango,Ciudades,Interior,59935,33473,27594,47719,55.8488362392592,2024-10-01
2024,10,Guadalajara,Ciudades,Grandes,698858,379842,334259,633410,54.3518139593451,2024-10-01
2024,10,Guanajuato,Ciudades,Interior,103957,42546,77511,90356,40.92653693353983,2024-10-01
2024,10,Hermosillo,Ciudades,Interior,95914,54001,45387,82456,56.30147840774027,2024-10-01
2024,10,Irapuato,Ciudades,Interior,81096,26574,29958,38505,32.768570583012725,2024-10-01
2024,10,Isla Mujeres,Centros de Playa,Otros,50778,16841,22306,35636,33.165938004647685,2024-10-01
2024,10,Ixtapa - Zihuatanejo,Centros de Playa,Integralmente Planeados,211110,97856,100854,231400,46.35308606887405,2024-10-01
2024,10,La Paz,Centros de Playa,Tradicionales,66681,45950,35347,75517,68.91018431037327,2024-10-01
2024,10,León,Ciudades,Interior,204476,91081,105861,141018,44.5436139204601,2024-10-01
2024,10,Loreto,Centros de Playa,Integralmente Planeados,24986,13044,13178,34802,52.20523493156168,2024-10-01
2024,10,Los Cabos,Centros de Playa,Integralmente Planeados,687106,490532,240232,1128722,71.39102263697305,2024-10-01
2024,10,Los Mochis,Ciudades,Interior,34224,22596,30449,35558,66.02384291725105,2024-10-01
2024,10,Manzanillo,Centros de Playa,Tradicionales,133486,65788,79094,155680,49.28456916830229,2024-10-01
2024,10,Mazatlán,Centros de Playa,Tradicionales,312883,138509,151484,371525,44.26862437396726,2024-10-01
2024,10,Mexicali,Ciudades,Fronterizas,88009,55921,56263,87403,63.540092490540744,2024-10-01
2024,10,Monterrey,Ciudades,Grandes,540973,370967,297275,545273,68.57403234542204,2024-10-01
2024,10,Morelia,Ciudades,Interior,124806,70491,65472,113377,56.48045767030431,2024-10-01
2024,10,Mérida,Ciudades,Interior,255306,141448,145813,252562,55.40331993764345,2024-10-01
2024,10,Nuevo Nayarit,Centros de Playa,Otros,342426,235667,116315,563656,68.82275294516188,2024-10-01
2024,10,Oaxaca,Ciudades,Interior,187550,106290,91308,188409,56.67288723007198,2024-10-01
2024,10,Pachuca,Ciudades,Interior,52176,35132,52958,64733,67.33363998773382,2024-10-01
2024,10,Palenque,Ciudades,Interior,64387,19559,35276,37701,30.377250066007115,2024-10-01
2024,10,Piedras Negras,Ciudades,Fronterizas,38998,24032,26632,36317,61.62367300887225,2024-10-01
2024,10,Playas de Rosarito,Centros de Playa,Otros,81592,28610,71607,89325,35.06471222668889,2024-10-01
2024,10,Puebla,Ciudades,Interior,325636,200267,267901,502303,61.50026409856404,2024-10-01
2024,10,Puerto Escondido,Centros de Playa,Otros,81501,25300,32392,59007,31.042563894921535,2024-10-01
2024,10,Puerto Vallarta,Centros de Playa,Tradicionales,415442,257325,198716,549434,61.94005420732617,2024-10-01
2024,10,Querétaro,Ciudades,Interior,230033,144499,124511,209294,62.81663935174518,2024-10-01
2024,10,Riviera Maya,Centros de Playa,Otros,1621274,1043848,428122,2162433,64.38442854199846,2024-10-01
2024,10,Salamanca,Ciudades,Interior,31961,12740,13778,20834,39.86108069209349,2024-10-01
2024,10,San Cristóbal de las Casas,Ciudades,Interior,101432,22119,35748,38475,21.806727659910088,2024-10-01
2024,10,San Felipe,Centros de Playa,Otros,25637,6426,15707,16043,25.06533525763545,2024-10-01
2024,10,San Juan de los Lagos,Ciudades,Interior,113956,35137,133577,136034,30.833830601284706,2024-10-01
2024,10,San Juan del Río,Ciudades,Interior,22413,12301,12578,21450,54.88332664078883,2024-10-01
2024,10,San Luis Potosí,Ciudades,Interior,187913,105649,81508,160706,56.22229435962387,2024-10-01
2024,10,San Miguel de Allende,Ciudades,Interior,96826,43868,60586,80811,45.306012847788814,2024-10-01
2024,10,Taxco,Ciudades,Interior,26688,5352,11565,11565,20.053956834532375,2024-10-01
2024,10,Tecate,Ciudades,Fronterizas,18631,10734,21693,21693,57.61365466158553,2024-10-01
2024,10,Tequisquiapan,Ciudades,Interior,17763,4064,8170,9455,22.879018183865337,2024-10-01
2024,10,Tijuana,Ciudades,Fronterizas,197966,129719,123972,176210,65.52589838659163,2024-10-01
2024,10,Tlaxcala,Ciudades,Interior,21235,7733,8622,14094,36.41629385448552,2024-10-01
2024,10,Toluca,Ciudades,Interior,130929,60651,73022,87835,46.323579955548425,2024-10-01
2024,10,Tonalá Puerto Arista,Centros de Playa,Otros,22258,5211,11364,12719,23.4118069907449,2024-10-01
2024,10,Tuxtla Gutiérrez,Ciudades,Interior,129435,57214,70043,102591,44.2028817553212,2024-10-01
2024,10,Valle de Bravo,Ciudades,Interior,40029,7655,15341,15341,19.123635364360837,2024-10-01
2024,10,Veracruz-Boca del Río,Centros de Playa,Tradicionales,327112,156005,196415,317130,47.691616327129545,2024-10-01
2024,10,Villahermosa,Ciudades,Interior,161816,81973,68305,137921,50.65815494141494,2024-10-01
2024,10,Xalapa,Ciudades,Interior,99076,53732,67422,94336,54.23311397311155,2024-10-01
2024,10,Zacatecas,Ciudades,Interior,91450,29007,27483,49290,31.718972115910333,2024-10-01
2024,11,Acapulco,Centros de Playa,Tradicionales,500056,211090,370247,508241,42.21327211352329,2024-11-01
2024,11,Aguascalientes,Ciudades,Interior,190204,94172,100176,158490,49.51105129229669,2024-11-01
2024,11,Bahías de Huatulco,Centros de Playa,Integralmente Planeados,130880,91692,64463,203657,70.0580684596577,2024-11-01
2024,11,Campeche,Ciudades,Interior,62280,34077,38880,58262,54.715799614643544,2024-11-01
2024,11,Cancún,Centros de Playa,Integralmente Planeados,1067100,774332,535798,1962135,72.56414581576234,2024-11-01
2024,11,Celaya,Ciudades,Interior,81205,30892,29174,48477,38.04199248814728,2024-11-01
2024,11,Chihuahua,Ciudades,Interior,146550,97521,108626,169137,66.54452405322415,2024-11-01
2024,11,Ciudad Juárez,Ciudades,Fronterizas,136260,92243,131321,144213,67.69631586672539,2024-11-01
2024,11,Ciudad de México,Ciudades,Grandes,1838124,1278588,1230463,2369039,69.55939860422909,2024-11-01
2024,11,Coatzacoalcos,Ciudades,Interior,58320,27143,36208,38376,46.54149519890261,2024-11-01
2024,11,Colima,Ciudades,Interior,34860,19166,26523,38875,54.97991967871486,2024-11-01
2024,11,Comitán de Domínguez,Ciudades,Interior,41460,8080,12862,12955,19.488663772310662,2024-11-01
2024,11,Cozumel,Centros de Playa,Tradicionales,153180,78755,58401,168653,51.41336989163076,2024-11-01
2024,11,Culiacán,Ciudades,Interior,51570,17610,12175,25818,34.1477603257708,2024-11-01
2024,11,Durango,Ciudades,Interior,57990,30562,25229,44277,52.70219003276427,2024-11-01
2024,11,Guadalajara,Ciudades,Grandes,676005,413059,378420,722566,61.10295042196434,2024-11-01
2024,11,Guanajuato,Ciudades,Interior,101728,44103,81136,96223,43.353845548914755,2024-11-01
2024,11,Hermosillo,Ciudades,Interior,92820,63541,56491,104353,68.45615169144581,2024-11-01
2024,11,Irapuato,Ciudades,Interior,78480,34850,37046,54541,44.406218144750255,2024-11-01
2024,11,Isla Mujeres,Centros de Playa,Otros,49170,22005,26107,46719,44.75289810860281,2024-11-01
2024,11,Ixtapa - Zihuatanejo,Centros de Playa,Integralmente Planeados,204069,121656,136804,293034,59.615130176557926,2024-11-01
2024,11,La Paz,Centros de Playa,Tradicionales,82020,56382,41675,95426,68.74177029992684,2024-11-01
2024,11,León,Ciudades,Interior,201464,111432,133943,169557,55.31112258269467,2024-11-01
2024,11,Loreto,Centros de Playa,Integralmente Planeados,10260,5870,6410,21408,57.212475633528264,2024-11-01
2024,11,Los Cabos,Centros de Playa,Integralmente Planeados,664996,525196,262485,1231628,78.97731715679492,2024-11-01
2024,11,Los Mochis,Ciudades,Interior,33120,24949,19594,35300,75.32910628019323,2024-11-01
2024,11,Manzanillo,Centros de Playa,Tradicionales,125730,69965,91635,178396,55.64702139505289,2024-11-01
2024,11,Mazatlán,Centros de Playa,Tradicionales,302790,147119,160698,392166,48.58780012549952,2024-11-01
2024,11,Mexicali,Ciudades,Fronterizas,85170,55304,58293,87579,64.93366208758952,2024-11-01
2024,11,Monterrey,Ciudades,Grandes,522786,382072,310692,589184,73.0838239738631,2024-11-01
2024,11,Morelia,Ciudades,Interior,120449,73749,68957,121099,61.228403722737426,2024-11-01
2024,11,Mérida,Ciudades,Interior,249298,161614,192742,287318,64.82763600189331,2024-11-01
2024,11,Nuevo Nayarit,Centros de Playa,Otros,336217,268595,107967,620033,79.88739415318084,2024-11-01
2024,11,Oaxaca,Ciudades,Interior,180717,114972,103304,211479,63.6199140091967,2024-11-01
2024,11,Pachuca,Ciudades,Interior,50566,36183,56714,68680,71.55598623581062,2024-11-01
2024,11,Palenque,Ciudades,Interior,62040,24447,44535,47516,39.40522243713733,2024-11-01
2024,11,Piedras Negras,Ciudades,Fronterizas,37740,19359,22131,30535,51.29570747217806,2024-11-01
2024,11,Playas de Rosarito,Centros de Playa,Otros,78960,28632,71737,89501,36.26139817629179,2024-11-01
2024,11,Puebla,Ciudades,Interior,315180,203635,267973,491309,64.60911225331557,2024-11-01
2024,11,Puerto Escondido,Centros de Playa,Otros,78909,37486,51837,87001,47.50535426884132,2024-11-01
2024,11,Puerto Vallarta,Centros de Playa,Tradicionales,402092,318419,229328,687512,79.19058324960457,2024-11-01
2024,11,Querétaro,Ciudades,Interior,222810,154419,141580,252941,69.30523764642521,2024-11-01
2024,11,Riviera Maya,Centros de Playa,Otros,1569601,1228643,467682,2544900,78.27740935435183,2024-11-01
2024,11,Salamanca,Ciudades,Interior,30930,11263,13660,18160,36.414484319430976,2024-11-01
2024,11,San Cristóbal de las Casas,Ciudades,Interior,98520,28940,47220,50915,29.374746244417377,2024-11-01
2024,11,San Felipe,Centros de Playa,Otros,24810,4103,10071,10179,16.537686416767432,2024-11-01
2024,11,San Juan de los Lagos,Ciudades,Interior,110280,37790,145244,147501,34.26731955023576,2024-11-01
2024,11,San Juan del Río,Ciudades,Interior,21690,14849,11870,23529,68.46011987090826,2024-11-01
2024,11,San Luis Potosí,Ciudades,Interior,181715,102672,80863,159799,56.50166469471425,2024-11-01
2024,11,San Miguel de Allende,Ciudades,Interior,93780,43989,69060,86577,46.9065898912348,2024-11-01
2024,11,Taxco,Ciudades,Interior,26274,8809,19521,19521,33.527441577224636,2024-11-01
2024,11,Tecate,Ciudades,Fronterizas,18030,11189,20678,20696,62.057681641708264,2024-11-01
2024,11,Tequisquiapan,Ciudades,Interior,6626,1852,4141,5376,27.950498038031995,2024-11-01
2024,11,Tijuana,Ciudades,Fronterizas,191580,130571,126550,186254,68.15481783067126,2024-11-01
2024,11,Tlaxcala,Ciudades,Interior,20668,8461,13149,17243,40.9376814399071,2024-11-01
2024,11,Toluca,Ciudades,Interior,126706,60464,76307,91609,47.719918551607655,2024-11-01
2024,11,Tonalá Puerto Arista,Centros de Playa,Otros,21540,5747,13154,14704,26.680594243268338,2024-11-01
2024,11,Tuxtla Gutiérrez,Ciudades,Interior,125619,67528,86867,123388,53.756199301061145,2024-11-01
2024,11,Valle de Bravo,Ciudades,Interior,38738,8891,18484,18489,22.951623728638545,2024-11-01
2024,11,Veracruz-Boca del Río,Centros de Playa,Tradicionales,316560,132628,152254,264409,41.89663886782916,2024-11-01
2024,11,Villahermosa,Ciudades,Interior,156577,80561,65762,137332,51.45136258837505,2024-11-01
2024,11,Xalapa,Ciudades,Interior,95880,53675,65765,94716,55.981435127242385,2024-11-01
2024,11,Zacatecas,Ciudades,Interior,92070,30885,30800,53147,33.54512870641903,2024-11-01
2024,12,Acapulco,Centros de Playa,Tradicionales,519404,255989,488356,676383,49.28514220144627,2024-12-01
2024,12,Aguascalientes,Ciudades,Interior,198756,84336,92352,143400,42.43192658334843,2024-12-01
2024,12,Bahías de Huatulco,Centros de Playa,Integralmente Planeados,135997,99649,63360,225619,73.27293984426127,2024-12-01
2024,12,Campeche,Ciudades,Interior,64356,30686,38940,57925,47.68164584498726,2024-12-01
2024,12,Cancún,Centros de Playa,Integralmente Planeados,1102205,877852,648095,2444522,79.64507509945972,2024-12-01
2024,12,Celaya,Ciudades,Interior,81306,24783,25647,39720,30.481145302929672,2024-12-01
2024,12,Chihuahua,Ciudades,Interior,151404,84613,93602,148466,55.88557765977121,2024-12-01
2024,12,Ciudad Juárez,Ciudades,Fronterizas,140802,87105,123259,135647,61.86346784846806,2024-12-01
2024,12,Ciudad de México,Ciudades,Grandes,1905162,1036762,1091568,2005825,54.41857437845181,2024-12-01
2024,12,Coatzacoalcos,Ciudades,Interior,60215,27042,40529,42532,44.90907581167483,2024-12-01
2024,12,Colima,Ciudades,Interior,36022,15910,22269,33462,44.16745322303037,2024-12-01
2024,12,Comitán de Domínguez,Ciudades,Interior,42787,10271,15694,15694,24.00495477598336,2024-12-01
2024,12,Cozumel,Centros de Playa,Tradicionales,158286,87350,65435,195321,55.184918438775384,2024-12-01
2024,12,Culiacán,Ciudades,Interior,53289,10720,9074,16329,20.116722025183435,2024-12-01
2024,12,Durango,Ciudades,Interior,59839,25305,25947,38858,42.28847407209345,2024-12-01
2024,12,Guadalajara,Ciudades,Grandes,697992,339040,327265,605406,48.57362262031656,2024-12-01
2024,12,Guanajuato,Ciudades,Interior,103447,32806,63378,71918,31.712857791912768,2024-12-01
2024,12,Hermosillo,Ciudades,Interior,95914,48253,51062,81872,50.30860979627583,2024-12-01
2024,12,Irapuato,Ciudades,Interior,81039,23200,30311,37398,28.628191364651588,2024-12-01
2024,12,Isla Mujeres,Centros de Playa,Otros,50809,28240,33232,67584,55.58070420594777,2024-12-01
2024,12,Ixtapa - Zihuatanejo,Centros de Playa,Integralmente Planeados,211017,149540,203265,382018,70.86632830530242,2024-12-01
2024,12,La Paz,Centros de Playa,Tradicionales,84754,52172,45862,94479,61.55697666186847,2024-12-01
2024,12,León,Ciudades,Interior,206053,72795,92875,116664,35.32828932362062,2024-12-01
2024,12,Loreto,Centros de Playa,Integralmente Planeados,14911,7153,7347,22532,47.97129635839313,2024-12-01
2024,12,Los Cabos,Centros de Playa,Integralmente Planeados,687763,538344,271659,1330261,78.27463821112796,2024-12-01
2024,12,Los Mochis,Ciudades,Interior,34224,20186,17577,31615,58.982000935016366,2024-12-01
2024,12,Manzanillo,Centros de Playa,Tradicionales,133486,79182,97189,201790,59.31858022564164,2024-12-01
2024,12,Mazatlán,Centros de Playa,Tradicionales,312883,146572,159184,393968,46.84562600077345,2024-12-01
2024,12,Mexicali,Ciudades,Fronterizas,88009,42895,48134,72245,48.73933347725801,2024-12-01
2024,12,Monterrey,Ciudades,Grandes,538639,310767,285112,484032,57.69485685217743,2024-12-01
2024,12,Morelia,Ciudades,Interior,124806,61397,70741,116236,49.19394900886175,2024-12-01
2024,12,Mérida,Ciudades,Interior,257267,147696,195822,291686,57.409617245896285,2024-12-01
2024,12,Nuevo Nayarit,Centros de Playa,Otros,347697,287720,113325,674127,82.75021067193562,2024-12-01
2024,12,Oaxaca,Ciudades,Interior,186578,107306,107824,221955,57.512675663797445,2024-12-01
2024,12,Pachuca,Ciudades,Interior,52755,36896,52945,70491,69.93839446497962,2024-12-01
2024,12,Palenque,Ciudades,Interior,64170,26275,50806,55089,40.945924887018855,2024-12-01
2024,12,Piedras Negras,Ciudades,Fronterizas,38998,21004,24903,36305,53.859172265244375,2024-12-01
2024,12,Playas de Rosarito,Centros de Playa,Otros,81592,17429,38734,49734,21.361162859103835,2024-12-01
2024,12,Puebla,Ciudades,Interior,328166,203575,302173,544441,62.034153446731224,2024-12-01
2024,12,Puerto Escondido,Centros de Playa,Otros,81530,41351,34277,103527,50.71875383294493,2024-12-01
2024,12,Puerto Vallarta,Centros de Playa,Tradicionales,415491,331566,225942,738520,79.80100651999682,2024-12-01
2024,12,Querétaro,Ciudades,Interior,230237,129811,141879,225089,56.38146779188401,2024-12-01
2024,12,Riviera Maya,Centros de Playa,Otros,1622154,1327235,485487,2818583,81.81929705810916,2024-12-01
2024,12,Salamanca,Ciudades,Interior,31961,9705,13170,16879,30.365132505240762,2024-12-01
2024,12,San Cristóbal de las Casas,Ciudades,Interior,101618,28499,50682,53916,28.045228207601017,2024-12-01
2024,12,San Felipe,Centros de Playa,Otros,25637,4576,11552,11579,17.84920232476499,2024-12-01
2024,12,San Juan de los Lagos,Ciudades,Interior,113956,37890,145833,149162,33.24967531327881,2024-12-01
2024,12,San Juan del Río,Ciudades,Interior,22413,13404,17140,30357,59.804577700441705,2024-12-01
2024,12,San Luis Potosí,Ciudades,Interior,188464,85455,74267,136557,45.34287715425758,2024-12-01
2024,12,San Miguel de Allende,Ciudades,Interior,95356,33880,52040,69631,35.53001384286254,2024-12-01
2024,12,Taxco,Ciudades,Interior,27159,8465,19538,19538,31.168305165875033,2024-12-01
2024,12,Tecate,Ciudades,Fronterizas,18631,10643,18939,18939,57.12522140518491,2024-12-01
2024,12,Tequisquiapan,Ciudades,Interior,17794,6683,13408,17620,37.55760368663594,2024-12-01
2024,12,Tijuana,Ciudades,Fronterizas,197966,112247,113659,158612,56.70014042815433,2024-12-01
2024,12,Tlaxcala,Ciudades,Interior,21153,6695,9116,13458,31.650356923367845,2024-12-01
2024,12,Toluca,Ciudades,Interior,130929,48169,63906,75832,36.790168717396455,2024-12-01
2024,12,Tonalá Puerto Arista,Centros de Playa,Otros,22248,7063,16930,18868,31.746673858324343,2024-12-01
2024,12,Tuxtla Gutiérrez,Ciudades,Interior,129542,63017,80629,115886,48.64599898102546,2024-12-01
2024,12,Valle de Bravo,Ciudades,Interior,40014,7551,15710,15710,18.87089518668466,2024-12-01
2024,12,Veracruz-Boca del Río,Centros de Playa,Tradicionales,327112,152083,192145,338490,46.492638606960305,2024-12-01
2024,12,Villahermosa,Ciudades,Interior,161882,72163,79528,143397,44.57753178240941,2024-12-01
2024,12,Xalapa,Ciudades,Interior,99076,49491,70546,93850,49.95256166982922,2024-12-01
2024,12,Zacatecas,Ciudades,Interior,92134,33324,40653,65437,36.16905811101222,2024-12-01
