anio,estado,clave_siinah,recinto,enero_nac,enero_ext,febrero_nac,febrero_ext,marzo_nac,marzo_ext,abril_nac,abril_ext,mayo_nac,mayo_ext,junio_nac,junio_ext,julio_nac,julio_ext,agosto_nac,agosto_ext,septiembre_nac,septiembre_ext,octubre_nac,octubre_ext,noviembre_nac,noviembre_ext,diciembre_nac,diciembre_ext
2026,Baja California,3120040,Zona Arqueológica de El Vallecito,761,3,560,6,554,4,793,5,644,6,508,6,373,2,332,2,,,,,,,,
2026,Baja California Sur,3120007,Zona Arqueológica de San Francisco de la Sierra,209,32,196,144,99,53,44,10,105,6,26,0,69,12,56,6,,,,,,,,
2026,Campeche,3120005,Zona Arqueológica de Balamkú,311,295,243,262,218,234,279,115,238,62,144,81,352,114,330,120,,,,,,,,
2026,Campeche,3110002,Zona Arqueológica de Becán,529,850,418,756,783,1071,748,535,471,262,441,99,591,591,646,496,,,,,,,,
2026,Campeche,3120008,Zona Arqueológica de Calakmul,2286,2128,1588,2294,1820,1986,1975,1145,1526,608,895,307,2124,1897,1487,2646,,,,,,,,
2026,Campeche,3120017,Zona Arqueológica de Chicanná,215,451,256,512,200,406,220,173,133,101,146,68,253,259,279,174,,,,,,,,
2026,Campeche,3120020,Zona Arqueológica de Chunhuhub,57,2,39,0,93,0,117,0,26,0,49,4,45,4,31,2,,,,,,,,
2026,Campeche,3110011,Zona Arqueológica de Dzibilnocac,658,29,225,39,308,8,538,9,223,0,235,1,714,9,636,1,,,,,,,,
2026,Campeche,3110012,Zona Arqueológica de Edzná,4673,1020,3281,1144,3981,933,4406,519,2935,291,2396,183,4131,491,3732,601,,,,,,,,
2026,Campeche,3110017,Zona Arqueológica de El Tigre,493,10,308,6,506,1,400,1,350,0,342,5,373,4,479,0,,,,,,,,
2026,Campeche,3120042,Zona Arqueológica de Hochob,97,50,89,25,64,10,53,7,66,4,50,1,137,1,97,8,,,,,,,,
2026,Campeche,3120043,Zona Arqueológica de Hormiguero,161,79,165,110,133,70,162,47,98,38,72,18,124,65,150,60,,,,,,,,
2026,Campeche,3120058,Zona Arqueológica de Kankí,151,22,123,10,90,7,87,2,64,0,31,2,49,0,48,1,,,,,,,,
2026,Campeche,3120096,Zona Arqueológica de Santa Rosa Xtampak,59,10,56,8,46,5,72,9,67,4,79,1,49,5,52,1,,,,,,,,
2026,Campeche,3120118,Zona Arqueológica de Tohcok,88,22,29,6,26,7,0,0,0,0,0,0,120,2,0,0,,,,,,,,
2026,Campeche,3120125,Zona Arqueológica de Xcalumkín,447,13,266,20,270,18,299,5,260,0,375,6,511,45,312,3,,,,,,,,
2026,Campeche,3110041,Zona Arqueológica de Xpuhil,721,192,303,182,468,152,500,85,261,35,237,16,612,62,591,54,,,,,,,,
2026,Campeche,3120098,Zona Arqueológica de Tabasqueño,264,24,96,13,99,18,135,14,89,8,31,3,125,13,112,10,,,,,,,,
2026,Chiapas,3110004,Zona Arqueológica de Bonampak,1187,720,716,663,1006,740,1473,451,1126,206,532,168,1602,448,1126,649,,,,,,,,
2026,Chiapas,3120019,Zona Arqueológica de Chincultic,1302,88,998,39,961,56,2011,159,533,95,1018,48,1087,54,852,153,,,,,,,,
2026,Chiapas,3110018,Zona Arqueológica de Izapa,1467,298,476,733,558,660,643,944,154,46,254,12,308,50,284,26,,,,,,,,
2026,Chiapas,3110026,"Zona Arqueológica de Palenque con museo ""Alberto Ruz L´Huiller""",22485,9938,13954,11005,19975,10000,30128,5227,16672,2549,12243,1462,28266,4277,27071,5579,,,,,,,,
2026,Chiapas,3120103,Zona Arqueológica de Tenam Puente,792,18,739,91,1183,34,1805,42,860,24,889,34,885,60,1315,51,,,,,,,,
2026,Chiapas,3110035,Zona Arqueológica de Toniná con museo de sitio,1192,45,520,56,5102,114,14962,198,4982,146,3587,119,5439,196,5862,292,,,,,,,,
2026,Chiapas,3110044,Zona Arqueológica de Yaxchilán,1266,935,636,853,1125,876,1113,1198,1080,351,669,205,1862,433,1309,817,,,,,,,,
2026,Chiapas,3220004,Zona Arqueológica de Chiapa de Corzo,300,10,256,47,143,15,187,9,252,5,253,9,211,18,227,19,,,,,,,,
2026,Chiapas,3220028,Zona Arqueológica de Lagartero,0,0,0,0,3899,111,14445,0,5652,53,1381,0,4372,62,5654,57,,,,,,,,
2026,Chiapas,3120134,Zona Arqueológica de Iglesia Vieja,208,1,146,7,443,11,267,0,151,2,96,0,200,3,417,5,,,,,,,,
2026,Chihuahua,3110028,Zona Arqueológica de Paquimé con Museo de las Culturas del Norte,1455,46,1715,21,3254,41,4012,29,3726,52,3060,39,3096,15,2984,28,,,,,,,,
2026,Chihuahua,3110010,Zona Arqueológica de Cuarenta Casas,58,0,72,1,133,0,1034,0,251,0,110,0,616,8,0,0,,,,,,,,
2026,Chihuahua,3120027,Zona Arqueológica de Cueva de la Olla,945,26,733,60,1572,60,5335,19,2175,13,1614,44,2454,58,3772,4,,,,,,,,
2026,Chihuahua,3120028,Zona Arqueológica de Cueva Grande,0,0,4,0,0,0,0,0,5,0,0,0,0,0,17,0,,,,,,,,
2026,Chihuahua,3120049,Zona Arqueológica de Huapoca,4,0,0,0,0,0,46,0,0,0,0,0,0,0,0,0,,,,,,,,
2026,Ciudad de México,3120013,Zona Arqueológica de Cerro de la Estrella,3008,3,2827,2,7378,3,5414,12,3576,2,4103,0,5917,8,5070,0,,,,,,,,
2026,Ciudad de México,3120029,Zona Arqueológica de Cuicuilco con museo de sitio,1866,350,2050,259,2739,155,2321,302,3329,179,1667,217,3571,479,1666,174,,,,,,,,
2026,Ciudad de México,3120116,Zona Arqueológica de Tlatelolco con museo de sitio,3893,604,2433,633,4319,492,7142,430,6275,317,3227,347,4161,504,4048,252,,,,,,,,
2026,Ciudad de México,4100021,Zona Arqueológica de Mixcoac,270,31,351,34,686,15,465,29,400,13,305,25,413,42,359,34,,,,,,,,
2026,Coahuila,4100022,Zona Paleontológica Rincón Colorado,330,14,467,7,446,4,674,9,322,9,24,0,0,0,0,0,,,,,,,,
2026,Colima,3120035,Zona Arqueológica de El Chanal,675,0,678,0,784,0,787,2,601,0,585,0,626,0,634,0,,,,,,,,
2026,Colima,3120059,Zona Arqueológica de La Campana,762,0,771,0,892,3,849,3,702,0,705,0,774,0,719,0,,,,,,,,
2026,Durango,3110020,Zona Arqueológica de La Ferrería con museo de sitio,134,2,292,1,767,0,285,1,278,0,223,0,238,0,146,0,,,,,,,,
2026,Estado de México,3110001,Zona Arqueológica de Acozac,1271,0,1013,0,1165,0,1334,0,1220,0,855,0,2059,0,1116,0,,,,,,,,
2026,Estado de México,3110006,Zona Arqueológica de Calixtlahuaca,2879,0,1516,0,2002,0,1890,0,1584,0,1503,0,1907,0,2163,0,,,,,,,,
2026,Estado de México,3120018,Zona Arqueológica de Chimalhuacán con museo de sitio,619,0,730,0,548,0,1086,0,1097,0,721,0,700,0,516,0,,,,,,,,
2026,Estado de México,3110014,Zona Arqueológica de El Conde,175,0,72,0,96,0,37,0,136,0,174,0,79,0,98,0,,,,,,,,
2026,Estado de México,3120050,Zona Arqueológica de Huexotla,108,0,0,0,152,0,176,0,176,0,154,0,927,0,311,0,,,,,,,,
2026,Estado de México,3120072,Zona Arqueológica de Los Melones,225,0,229,0,304,0,226,0,561,0,248,0,370,0,193,0,,,,,,,,
2026,Estado de México,3120073,Zona Arqueológica de Los Reyes La Paz,598,0,562,0,1071,0,458,0,400,0,281,0,485,0,368,0,,,,,,,,
2026,Estado de México,3120075,Zona Arqueológica de Malinalco,6479,251,8587,0,8407,0,7278,0,7201,0,5774,0,4890,0,6807,0,,,,,,,,
2026,Estado de México,3120095,"Zona Arqueológica de Santa Cecilia Acatitla con museo de la Escultura Mexica ""Eusebio Dávalos Hurtado""",550,0,601,0,0,0,0,0,0,0,25,0,265,0,438,0,,,,,,,,
2026,Estado de México,3120104,Zona Arqueológica de Tenayuca I con museo Xólotl,220,0,313,0,0,0,0,0,0,0,177,0,218,0,401,0,,,,,,,,
2026,Estado de México,3120129,Zona Arqueológica de Tenayuca II,77,0,51,0,0,0,0,0,0,0,23,0,68,0,66,0,,,,,,,,
2026,Estado de México,3110031,Zona Arqueológica Teotihuacan (con museo de sitio),102907,43196,79928,43307,132840,42921,97066,31557,80904,29209,63372,30377,94939,39223,107642,38213,,,,,,,,
2026,Estado de México,3110032,Zona Arqueológica de Tetzcotzinco,1115,0,1501,0,1532,0,265,0,1473,0,116,0,1401,0,2006,0,,,,,,,,
2026,Estado de México,3120115,Zona Arqueológica de Tlapacoya,209,0,194,0,328,0,226,0,240,0,305,0,275,0,268,0,,,,,,,,
2026,Estado de México,3120044,Zona Arqueológica de Huamango,0,0,0,0,23828,0,9222,23,336,0,175,0,178,0,351,0,,,,,,,,
2026,Estado de México,3120081,Zona Arqueológica de Ocoyoacac,0,0,0,0,0,0,0,0,0,0,0,0,0,0,0,0,,,,,,,,
2026,Estado de México,3120094,Zona Arqueológica de San Miguel Ixtapan,0,0,0,0,11863,0,3182,3,143,0,811,0,244,9,353,4,,,,,,,,
2026,Estado de México,3120108,Zona Arqueológica de Teotenango,0,0,3455,0,8081,0,3849,0,2477,0,1541,0,2861,0,3902,0,,,,,,,,
2026,Guanajuato,3120085,Zona Arqueológica de Plazuelas,644,36,472,13,621,39,788,25,382,15,439,17,760,85,697,28,,,,,,,,
2026,Guanajuato,3220023,Zona Arqueológica de Peralta,886,43,729,38,982,23,954,45,643,15,703,90,1101,60,782,18,,,,,,,,
2026,Guanajuato,3220022,Zona Arqueológica de Cañada de la Virgen,1031,556,104,170,599,1,0,0,418,58,546,344,1013,682,1062,467,,,,,,,,
2026,Guanajuato,3120133,Zona Arqueológica El Cóporo,343,8,138,22,1090,23,423,1,375,0,318,0,437,6,396,11,,,,,,,,
2026,Guanajuato,4100023,Zona Arqueológica Arroyo Seco,143,5,89,1,335,0,208,48,70,7,110,6,339,3,181,0,,,,,,,,
2026,Guerrero,3120046,Zona Arqueológica de Huamuxtitlán,66,12,168,12,167,16,161,11,40,3,73,0,191,5,130,13,,,,,,,,
2026,Guerrero,3120053,Zona Arqueológica de Ixcateopan,483,32,1787,13,146,7,147,6,157,0,186,8,263,11,311,4,,,,,,,,
2026,Guerrero,3110021,Zona Arqueológica de La Organera Xochipala,0,0,93,0,1723,0,124,0,68,0,95,0,88,0,161,0,,,,,,,,
2026,Guerrero,3120062,Zona Arqueológica de La Sabana,41,0,38,0,67,0,84,0,73,0,69,0,68,0,160,0,,,,,,,,
2026,Guerrero,3120026,Zona Arqueológica de Cuetlajuchitlán (Los Querende),22,0,27,0,40,0,26,0,24,0,47,0,43,0,24,0,,,,,,,,
2026,Guerrero,3110027,Zona Arqueológica de Palma Sola,100,0,150,4,242,1,154,0,55,0,139,0,119,2,184,0,,,,,,,,
2026,Guerrero,3120106,Zona Arqueológica de Teopantecuanitlán,22,0,12,0,15,0,23,0,2,0,25,0,1,0,47,0,,,,,,,,
2026,Guerrero,3220027,Zona Arqueológica de Tehuacalco,189,40,174,63,548,85,164,66,138,0,199,0,184,0,256,0,,,,,,,,
2026,Guerrero,3120132,Zona Arqueológica Soledad de Maciel,288,296,282,162,602,150,435,76,216,24,206,9,343,44,435,76,,,,,,,,
2026,Hidalgo,3120048,Zona Arqueológica de Huapalcalco,698,0,685,0,955,0,970,0,910,0,1081,2,1029,0,345,0,,,,,,,,
2026,Hidalgo,3120110,Zona Arqueológica de Tepeapulco,1017,1,798,2,2700,5,1348,4,900,3,945,3,1043,8,1031,3,,,,,,,,
2026,Hidalgo,3110036,Zona Arqueológica de Tula con museo de sitio,11410,556,8825,547,16513,505,19876,329,12503,0,11848,0,12158,272,16298,0,,,,,,,,
2026,Hidalgo,3120136,Zona Arqueológica Pahñú,1167,0,610,7,1285,6,1343,8,634,1,512,6,927,7,1059,3,,,,,,,,
2026,Jalisco,3120054,Zona Arqueológica de Ixtépete,0,0,0,0,0,0,0,0,0,0,0,0,0,0,212,32,,,,,,,,
2026,Jalisco,3120113,Zona Arqueológica de Teuchitlán,5989,1008,3785,537,5773,345,7080,408,4700,472,3087,590,7662,423,7358,501,,,,,,,,
2026,Michoacán,3120047,Zona Arqueológica de Huandacareo,354,0,146,0,263,0,181,0,152,0,102,0,205,0,185,0,,,,,,,,
2026,Michoacán,3120052,Zona Arqueológica de Ihuatzio,523,0,287,35,614,6,673,3,431,3,175,7,358,3,227,1,,,,,,,,
2026,Michoacán,3120091,Zona Arqueológica de San Felipe los Alzati,2986,0,870,32,1290,12,1045,4,611,2,582,0,705,0,1039,0,,,,,,,,
2026,Michoacán,3120114,Zona Arqueológica de Tingambato,4952,0,4244,11,2600,11,3586,8,1005,2,973,3,1241,2,977,6,,,,,,,,
2026,Michoacán,3120119,Zona Arqueológica de Tres Cerritos,144,0,43,5,139,2,73,0,123,0,46,2,97,1,110,0,,,,,,,,
2026,Michoacán,3120121,Zona Arqueológica de Tzintzuntzan con museo de sitio,12406,0,5020,51,5352,87,6751,71,4880,31,5445,41,8634,268,12277,91,,,,,,,,
2026,Morelos,3110007,Zona Arqueológica de Chalcatzingo,3072,43,1868,60,2618,23,2076,9,1628,13,1742,20,2335,9,3411,22,,,,,,,,
2026,Morelos,3110040,Zona Arqueológica de Xochicalco con museo de sitio,5753,469,2946,507,5451,318,5364,163,4728,100,3441,137,4467,235,5464,260,,,,,,,,
2026,Morelos,3120021,Zona Arqueológica de Coatetelco con museo de sitio,103,0,26,0,136,0,148,1,123,0,90,0,141,0,148,1,,,,,,,,
2026,Morelos,3120069,Zona Arqueológica de Las Pilas,95,0,71,0,172,0,109,0,160,0,34,0,56,0,96,0,,,,,,,,
2026,Morelos,3120112,Zona Arqueológica de Tepozteco,18078,617,10033,579,14865,524,15695,587,15204,420,11174,316,17356,290,22306,320,,,,,,,,
2026,Morelos,3120107,Zona Arqueológica de Teopanzolco,621,39,918,36,638,19,685,14,615,16,686,35,712,31,778,18,,,,,,,,
2026,Morelos,3110043,Zona Arqueológica de Yautepec,387,2,87,0,139,0,142,0,99,0,175,0,118,0,474,0,,,,,,,,
2026,Nayarit,3120055,Zona Arqueológica de Ixtlán del Río,602,26,499,37,1222,36,568,7,494,17,389,26,724,8,735,19,,,,,,,,
2026,Nuevo León,3110003,Zona Arqueológica de Boca de Potrerillos,136,0,217,0,370,0,158,3,196,3,198,6,92,3,148,3,,,,,,,,
2026,Oaxaca,3120031,Zona Arqueológica de Dainzú,163,92,133,49,160,31,283,44,162,18,113,13,157,12,133,7,,,,,,,,
2026,Oaxaca,3120041,Zona Arqueológica de Guiengola,126,9,75,8,136,7,117,4,132,4,81,9,154,0,109,9,,,,,,,,
2026,Oaxaca,3120051,Zona Arqueológica de Huijazoo,35,0,91,0,147,0,135,0,166,0,233,0,1090,40,154,0,,,,,,,,
2026,Oaxaca,3120065,Zona Arqueológica de Lambityeco,280,27,168,5,106,4,232,0,208,0,98,1,226,16,284,4,,,,,,,,
2026,Oaxaca,3110024,Zona Arqueológica de Mitla,6652,1387,5330,1239,6158,1264,7112,574,5924,546,5046,294,11330,434,8464,439,,,,,,,,
2026,Oaxaca,3110025,Zona Arqueológica de Monte Albán con museo de sitio,26415,10321,17733,10696,26034,9178,27595,6749,22479,4464,16567,4170,43394,6457,36140,6094,,,,,,,,
2026,Oaxaca,3110042,Zona Arqueológica de Yagul,741,206,643,217,598,133,684,141,713,84,537,54,685,64,1752,66,,,,,,,,
2026,Oaxaca,3110045,Zona Arqueológica de Zaachila,256,51,305,54,765,30,715,9,393,7,239,7,587,6,445,12,,,,,,,,
2026,Oaxaca,3120045,Zona Arqueológica de Huamelulpan,218,0,109,4,470,4,269,0,101,0,108,0,258,0,245,0,,,,,,,,
2026,Oaxaca,3120131,Zona Arqueológica de Bocana del Río Copalita (con museo de sitio),0,0,0,0,0,0,0,0,0,0,0,0,0,0,0,0,,,,,,,,
2026,Oaxaca,3220034,Zona Arqueológica de Atzompa,985,0,933,12,829,9,1245,3,834,2,798,0,1527,16,1020,4,,,,,,,,
2026,Puebla,3120010,Zona Arqueológica de Cantona,2869,100,1793,124,3688,129,3785,51,2286,33,2056,16,2785,39,3327,76,,,,,,,,
2026,Puebla,3110009,Zona Arqueológica de Cholula con museo de sitio,11639,2997,8329,1992,12022,2021,13431,1832,13593,1575,8954,1228,14332,2087,15874,2202,,,,,,,,
2026,Puebla,3120090,Zona Arqueológica de San Cristobal Tepatlaxco,362,0,238,0,1173,0,288,0,1205,0,301,0,254,0,217,0,,,,,,,,
2026,Puebla,3120109,Zona Arqueológica de Tepapayeca,5,0,19,0,16,0,16,0,11,0,11,0,9,0,4,0,,,,,,,,
2026,Puebla,3120111,Zona Arqueológica de Tepexi el Viejo,69,0,68,0,137,0,94,0,46,0,98,0,105,0,98,0,,,,,,,,
2026,Puebla,3120128,Zona Arqueológica de Yohualichan,5479,30,3953,35,6036,61,7617,292,1897,105,4375,0,9457,5,6899,8,,,,,,,,
2026,Querétaro,3110013,Zona Arqueológica de El Cerrito,6593,227,4716,301,8248,249,8251,332,1929,23,4705,173,7580,410,8209,361,,,,,,,,
2026,Querétaro,3110030,Zona Arqueológica de Ranas,272,0,426,0,0,0,0,0,0,0,0,0,0,0,0,0,,,,,,,,
2026,Querétaro,3110034,Zona Arqueológica de Toluquilla,245,0,440,5,0,0,0,0,0,0,60,0,263,0,872,0,,,,,,,,
2026,Querétaro,3220021,Zona Arqueológica de Tancama,364,48,346,14,408,21,342,54,295,4,240,0,353,50,266,33,,,,,,,,
2026,Quintana Roo,3120022,Zona Arqueológica de Cobá,7526,17802,5511,16346,6244,14030,5924,11444,5000,7428,2562,4103,4523,8604,5184,8606,,,,,,,,
2026,Quintana Roo,3120032,Zona Arqueológica de Dzibanché-Kinichná,723,773,320,494,400,209,418,210,483,107,396,63,687,133,486,105,,,,,,,,
2026,Quintana Roo,3110015,Zona Arqueológica de El Meco,1913,715,1342,994,1484,1028,1634,555,2273,415,1014,513,1406,330,1560,376,,,,,,,,
2026,Quintana Roo,3120038,Zona Arqueológica de El Rey,936,700,1061,917,728,820,626,511,776,320,532,248,579,275,520,228,,,,,,,,
2026,Quintana Roo,3110019,Zona Arqueológica de Kohunlich,1172,2937,600,2538,809,575,1305,844,912,169,547,106,1258,392,1062,364,,,,,,,,
2026,Quintana Roo,3120078,Zona Arqueológica de Muyil,0,0,744,1792,1584,1891,1585,1330,1077,717,782,492,872,788,872,694,,,,,,,,
2026,Quintana Roo,3120084,Zona Arqueológica de Oxtankah,1254,86,834,62,951,59,1044,36,676,37,585,8,681,35,696,29,,,,,,,,
2026,Quintana Roo,3120092,Zona Arqueológica de San Gervasio,1042,16174,873,13760,873,13760,931,6668,573,4973,716,5767,3708,2757,899,4882,,,,,,,,
2026,Quintana Roo,3110037,Zona Arqueológica de Tulum,37814,81588,15618,42757,30181,50020,35752,97930,10039,12165,7777,22394,15781,16431,8851,14754,,,,,,,,
2026,Quintana Roo,3110038,Zona Arqueológica de Xcaret,14,4,6,5,64,7,36,0,11,0,2,0,3,0,10,0,,,,,,,,
2026,Quintana Roo,3110039,Zona Arqueológica de Xelhá,0,0,0,0,0,0,0,0,0,0,0,0,241,12,88,35,,,,,,,,
2026,Quintana Roo,3120014,Zona Arqueológica de Chacchoben,2870,35612,1677,19163,2948,20351,2422,19966,1878,13735,1629,16087,2014,13508,10596,6016,,,,,,,,
2026,Quintana Roo,4100025,Zona Arqueológica de Ichkabal,2021,1322,1930,1451,1442,1331,2046,1138,1409,762,1362,652,1592,995,1568,892,,,,,,,,
2026,San Luis Potosí,3120099,Zona Arqueológica de Tamohí,171,4,28,0,144,2,176,4,99,2,51,2,113,7,102,5,,,,,,,,
2026,San Luis Potosí,3120100,Zona Arqueológica de Tamtoc,862,0,344,2,992,66,398,4,530,0,121,2,716,1,211,2,,,,,,,,
2026,Sinaloa,322033,Zona Arqueológica Las Labradas,97,38,83,16,2856,21,294,15,142,5,167,10,190,6,167,0,,,,,,,,
2026,Sonora,3210132,Zona Arqueológica de Cerro de las Trincheras,225,0,118,0,122,0,237,0,199,0,46,0,117,2,68,0,,,,,,,,
2026,Tabasco,3120023,Zona Arqueológica de Comalcalco con museo de sitio,4482,11,3758,22,5762,75,5539,12,3897,12,3058,19,4834,20,5843,31,,,,,,,,
2026,Tabasco,3110023,Zona Arqueológica de La Venta con museo de sitio,659,31,547,78,898,23,532,9,554,5,415,4,690,10,594,12,,,,,,,,
2026,Tabasco,3120086,Zona Arqueológica de Pomoná con museo de sitio,115,0,103,0,187,0,116,0,78,0,70,0,110,0,149,0,,,,,,,,
2026,Tabasco,3120076,Zona Arqueológica de Malpasito,164,2,77,0,86,1,233,0,137,0,158,0,265,0,160,0,,,,,,,,
2026,Tabasco,3120089,Zona Arqueológica de Moral-Reforma,184,14,224,9,1742,59,2793,15,405,43,189,0,167,7,186,16,,,,,,,,
2026,Tabasco,3220017,Zona Arqueológica de San Claudio,22,0,19,10,27,10,62,12,38,5,28,0,32,0,44,4,,,,,,,,
2026,Tamaulipas,3120039,Zona Arqueológica de El Sabinito,19,0,55,0,27,0,90,7,6,0,16,0,26,0,34,0,,,,,,,,
2026,Tamaulipas,3120067,Zona Arqueológica de Las Flores,83,9,212,1,144,4,236,8,134,0,104,2,153,18,104,6,,,,,,,,
2026,Tamaulipas,3120006,Zona Arqueológica de Balcón de Montezuma,7,0,31,0,37,0,130,0,20,0,15,0,15,0,0,0,,,,,,,,
2026,Tlaxcala,3110005,Zona Arqueológica de Cacaxtla con museo de sitio,4929,173,4425,233,4349,246,6217,195,5505,67,5675,61,5857,164,7237,213,,,,,,,,
2026,Tlaxcala,3110105,Zona Arqueológica de Xochitécatl con museo de sitio,4597,72,1877,29,3725,55,2395,112,2469,37,2618,16,2297,6,3060,36,,,,,,,,
2026,Tlaxcala,3110033,Zona Arqueológica de Tizatlán con museo de sitio,145,0,73,0,272,0,203,0,124,0,150,0,62,0,236,0,,,,,,,,
2026,Tlaxcala,3120080,Zona Arqueológica de Ocotelulco con museo de sitio,15,3,30,0,15,5,75,0,79,2,34,0,65,0,115,11,,,,,,,,
2026,Tlaxcala,3120101,Zona Arqueológica de Tecoaque,825,6,322,1,778,42,1032,4,382,0,749,25,1181,64,1327,16,,,,,,,,
2026,Veracruz,3120011,Zona Arqueológica de Castillo de Teayo con museo de sitio,137,0,80,0,687,0,143,0,68,0,109,0,212,0,183,0,,,,,,,,
2026,Veracruz,3120012,Zona Arqueológica de Cempoala con museo de sitio,2611,46,1955,71,2856,76,2657,68,2342,73,1621,26,2124,70,2561,116,,,,,,,,
2026,Veracruz,3120068,Zona Arqueológica de Las Higueras con museo de sitio,113,0,131,0,75,0,266,0,125,0,240,0,185,0,214,0,,,,,,,,
2026,Veracruz,3120093,Zona Arqueológica de San Lorenzo Tenochtitlan con museo de sitio,307,0,195,0,277,0,481,0,519,0,362,0,189,0,384,0,,,,,,,,
2026,Veracruz,3110016,Zona Arqueológica de El Tajín,37471,455,14420,375,27788,266,35773,301,25259,152,16858,1259,23904,246,38802,314,,,,,,,,
2026,Veracruz,3220012,Zona Arqueológica de Cuauhtochco,0,0,0,0,0,0,0,0,0,0,0,0,0,0,0,0,,,,,,,,
2026,Veracruz,3120123,Zona Arqueológica de Vega de la Peña,43,0,30,0,55,0,32,0,26,0,21,0,26,0,0,0,,,,,,,,
2026,Veracruz,3120088,Zona Arqueológica de Quiahuitztlán,2787,57,2125,46,3989,53,5124,36,3445,14,1344,15,2490,19,4672,13,,,,,,,,
2026,Veracruz,3120024,Zona Arqueológica de Cuajilote,502,0,444,0,443,0,636,0,404,0,384,0,489,0,436,0,,,,,,,,
2026,Veracruz,3120030,Zona Arqueológica de Cuyuxquihui,29,0,71,0,67,0,145,0,63,0,34,0,87,0,137,0,,,,,,,,
2026,Veracruz,3220014,Zona Arqueológica de Las Limas,55,0,34,0,39,0,65,0,83,0,254,0,93,0,79,0,,,,,,,,
2026,Yucatán,3120001,Zona Arqueológica de Acanceh,543,125,709,70,880,73,543,56,654,7,498,31,632,33,991,14,,,,,,,,
2026,Yucatán,3120002,Zona Arqueológica de Aké,1620,1632,823,541,973,1526,1168,2709,1165,10,465,547,643,1528,1128,2514,,,,,,,,
2026,Yucatán,3120004,Zona Arqueológica de Balamcanché,0,0,0,0,0,0,0,0,0,0,0,0,0,0,0,0,,,,,,,,
2026,Yucatán,3120015,Zona Arqueológica de Chacmultún,230,11,207,19,202,7,192,2,86,2,150,8,121,1,258,3,,,,,,,,
2026,Yucatán,3110008,Zona Arqueológica de Chichén Itzá,87538,139896,75726,90349,91093,114146,91103,67986,54133,49984,51574,70591,90751,95703,85124,83003,,,,,,,,
2026,Yucatán,3120033,Zona Arqueológica de Dzibilchaltún con museo del Pueblo Maya,4297,1762,3905,895,4562,1527,3612,1231,2162,905,2018,1544,3721,1229,3466,1727,,,,,,,,
2026,Yucatán,3120034,Zona Arqueológica de Ekbalam,6464,5837,5217,8543,6187,6666,6448,5260,10037,14794,3222,1942,5076,4470,5739,4278,,,,,,,,
2026,Yucatán,3120057,Zona Arqueológica de Kabah,2642,1320,2025,1440,1959,1060,2145,602,1606,360,1188,222,1895,508,1969,514,,,,,,,,
2026,Yucatán,3120064,Zona Arqueológica de Labná,954,380,502,346,1072,293,701,181,464,71,515,64,504,170,545,172,,,,,,,,
2026,Yucatán,3120071,Zona Arqueológica de Loltún,0,0,0,0,0,0,0,0,0,0,0,0,0,0,0,0,,,,,,,,
2026,Yucatán,3120077,Zona Arqueológica de Mayapán,0,0,0,0,0,0,0,0,0,0,0,0,0,0,0,0,,,,,,,,
2026,Yucatán,3120097,Zona Arqueológica de Sayil,786,394,648,405,458,363,653,188,383,68,378,65,472,164,719,150,,,,,,,,
2026,Yucatán,3120122,Zona Arqueológica de Uxmal con museo de sitio,21403,14263,16085,13403,15748,12553,16729,8055,11256,4559,8904,2638,16031,6200,16589,7051,,,,,,,,
2026,Yucatán,3120126,Zona Arqueológica de Xlapak,399,72,426,80,445,60,271,35,115,50,158,23,0,0,328,43,,,,,,,,
2026,Yucatán,3120083,Zona Arqueológica de Oxkintok,775,142,412,114,530,91,529,45,427,8,298,27,489,40,551,20,,,,,,,,
2026,Yucatán,3120056,Zona Arqueológica de Izamal,3241,1047,1887,604,2155,605,1760,711,1845,482,1775,468,1736,488,1836,622,,,,,,,,
2026,Yucatán,3120135,Zona Arqueológica de Xcambó,1509,3685,1290,2995,1364,2394,1899,3297,1164,1534,775,2346,1347,1007,1763,629,,,,,,,,
2026,Zacatecas,3120003,Zona Arqueológica de Altavista o Chalchihuites con museo de sitio,233,0,145,7,1583,20,683,0,367,3,389,2,264,1,294,2,,,,,,,,
2026,Zacatecas,3110022,Zona Arqueológica de La Quemada con museo de sitio,1130,19,578,7,1510,8,1332,16,1179,8,1011,23,1588,33,1223,29,,,,,,,,
2026,Zacatecas,4100027,Zona Arqueológica Cerro del Teúl,445,26,267,2,535,3,1194,9,279,3,173,20,684,72,932,78,,,,,,,,
2026,Zacatecas,4100028,Zona Arqueológica Cerro de las Ventanas,474,20,244,9,171,4,434,0,199,0,251,14,596,36,525,9,,,,,,,,
2025,Baja California,3120040,Zona Arqueológica de El Vallecito,939,5,857,8,968,4,1150,12,430,6,300,3,383,12,347,8,309,3,788,5,413,2,796,6
2025,Baja California Sur,3120007,Zona Arqueológica de San Francisco de la Sierra,303,45,185,145,491,255,578,82,444,20,91,5,97,34,129,28,37,4,98,21,177,31,259,41
2025,Campeche,3120005,Zona Arqueológica de Balamkú,338,259,199,291,184,218,411,171,184,107,192,66,313,173,268,298,148,61,236,77,278,277,481,234
2025,Campeche,3110002,Zona Arqueológica de Becán,466,927,396,1018,642,1043,612,627,347,331,267,160,519,717,603,597,249,127,412,337,500,739,577,573
2025,Campeche,3120008,Zona Arqueológica de Calakmul,1757,2219,1045,2415,1439,2268,2119,1915,1227,837,1129,571,2160,2107,2022,3308,839,368,1066,996,1538,2362,3213,2072
2025,Campeche,3120017,Zona Arqueológica de Chicanná,173,476,137,508,205,524,210,364,78,132,86,84,99,212,160,258,78,52,45,108,82,370,321,376
2025,Campeche,3120020,Zona Arqueológica de Chunhuhub,168,1,84,2,110,1,117,0,58,0,68,0,147,0,69,0,92,0,97,0,66,0,39,0
2025,Campeche,3110011,Zona Arqueológica de Dzibilnocac,843,13,312,27,293,18,480,5,547,8,261,2,407,3,485,2,244,0,218,20,289,6,488,10
2025,Campeche,3110012,Zona Arqueológica de Edzná,4197,1113,3387,1216,3686,1042,3955,687,2709,405,2431,250,4071,624,4231,911,2060,278,2214,489,3559,1240,5102,977
2025,Campeche,3110017,Zona Arqueológica de El Tigre,465,13,298,1,387,9,596,4,367,1,225,0,440,5,361,15,174,3,243,0,244,5,591,9
2025,Campeche,3120042,Zona Arqueológica de Hochob,90,14,94,24,85,32,71,20,40,1,59,6,91,7,76,5,67,8,39,3,51,10,57,8
2025,Campeche,3120043,Zona Arqueológica de Hormiguero,153,96,104,107,189,128,199,60,151,56,82,22,102,62,187,0,91,19,52,50,95,63,128,63
2025,Campeche,3120058,Zona Arqueológica de Kankí,106,9,115,4,63,0,72,1,58,0,57,0,102,0,96,2,41,0,25,3,62,1,61,0
2025,Campeche,3120096,Zona Arqueológica de Santa Rosa Xtampak,70,6,120,10,99,10,65,5,16,2,28,2,66,4,53,4,21,0,27,0,30,2,88,10
2025,Campeche,3120118,Zona Arqueológica de Tohcok,166,19,142,26,90,12,87,10,113,4,54,0,297,6,168,8,32,0,39,1,46,14,49,13
2025,Campeche,3120125,Zona Arqueológica de Xcalumkín,254,3,230,14,222,3,567,1,302,2,226,1,376,0,730,21,346,0,269,0,272,7,382,5
2025,Campeche,3110041,Zona Arqueológica de Xpuhil,560,255,375,265,430,148,516,138,306,79,268,46,515,128,610,182,249,43,261,97,354,260,683,184
2025,Campeche,3120098,Zona Arqueológica de Tabasqueño,174,25,74,24,74,19,163,18,71,6,58,9,80,18,150,11,62,6,47,8,54,12,115,23
2025,Chiapas,3110004,Zona Arqueológica de Bonampak,690,524,588,493,740,455,1398,408,817,194,557,141,1520,286,702,506,578,329,753,321,1142,851,1585,498
2025,Chiapas,3120019,Zona Arqueológica de Chincultic,1153,113,743,68,947,74,1601,271,604,57,591,27,1182,36,781,96,769,59,630,30,754,128,1355,204
2025,Chiapas,3110018,Zona Arqueológica de Izapa,375,76,238,785,682,1270,419,298,283,31,80,3,200,32,150,12,173,18,310,306,172,788,107,35
2025,Chiapas,3110026,"Zona Arqueológica de Palenque con museo ""Alberto Ruz L´Huiller""",17133,8880,12918,10071,16761,9576,33652,6219,18376,3362,15026,2154,29378,4661,23082,8678,11523,2314,13768,5678,18781,12291,29852,6717
2025,Chiapas,3120103,Zona Arqueológica de Tenam Puente,980,68,891,64,1307,63,1149,31,852,31,852,35,1133,46,780,104,639,86,517,84,853,59,807,72
2025,Chiapas,3110035,Zona Arqueológica de Toniná con museo de sitio,495,5,291,47,532,72,805,36,352,7,443,13,840,52,769,21,297,20,229,40,225,35,779,26
2025,Chiapas,3110044,Zona Arqueológica de Yaxchilán,788,795,511,705,855,784,1555,638,1051,296,551,254,1495,389,656,508,545,225,660,309,1358,843,1795,692
2025,Chiapas,3220004,Zona Arqueológica de Chiapa de Corzo,165,6,117,36,205,15,156,16,187,6,120,14,201,6,187,10,177,16,218,8,217,23,199,3
2025,Chiapas,3220028,Zona Arqueológica de Lagartero,0,0,0,0,0,0,0,0,0,0,0,0,0,0,0,0,0,0,0,0,0,0,0,0
2025,Chiapas,3120134,Zona Arqueológica de Iglesia Vieja,148,2,175,6,180,6,359,3,151,1,74,0,54,3,45,2,31,1,10,0,53,3,133,13
2025,Chihuahua,3110028,Zona Arqueológica de Paquimé con Museo de las Culturas del Norte,1878,96,1906,36,2546,118,4241,104,2295,68,2488,53,2913,35,3652,88,1740,33,2192,78,2562,82,2228,42
2025,Chihuahua,3110010,Zona Arqueológica de Cuarenta Casas,125,0,76,0,276,0,978,4,122,0,149,1,396,21,401,12,180,7,202,0,99,5,105,0
2025,Chihuahua,3120027,Zona Arqueológica de Cueva de la Olla,656,56,623,25,586,6,1985,33,1053,33,795,67,2022,108,3899,170,1762,64,1096,7,2751,27,1080,43
2025,Chihuahua,3120028,Zona Arqueológica de Cueva Grande,19,3,43,0,46,39,196,23,25,0,18,2,50,1,34,0,26,0,30,0,52,1,15,0
2025,Chihuahua,3120049,Zona Arqueológica de Huapoca,2,0,38,0,3,0,96,0,21,0,20,0,4,0,12,0,6,0,5,0,2,0,0,0
2025,Ciudad de México,3120013,Zona Arqueológica de Cerro de la Estrella,3918,3,2815,2,5137,2,4691,8,3297,0,3251,3,3961,4,4328,0,7116,1,3215,2,3755,13,2869,1
2025,Ciudad de México,3120029,Zona Arqueológica de Cuicuilco con museo de sitio,3241,364,3339,262,6575,298,3240,221,3423,198,3095,199,3113,310,2400,236,3207,171,3381,154,3013,310,1490,199
2025,Ciudad de México,3120116,Zona Arqueológica de Tlatelolco con museo de sitio,4556,508,4324,537,5342,550,6483,426,4846,324,2606,276,3809,427,4470,227,5422,303,9000,257,5303,463,3917,361
2025,Ciudad de México,0,Zona Arqueológica de Mixcoac,349,16,336,18,424,25,296,24,315,33,287,14,409,23,420,29,409,16,533,21,577,47,270,15
2025,Coahuila,0,Zona Paleontológica Rincón Colorado,166,1,594,2,375,1,485,4,241,1,157,1,281,15,703,8,385,2,169,0,594,2,340,7
2025,Colima,3120035,Zona Arqueológica de El Chanal,549,4,629,13,667,4,676,9,692,6,685,7,661,4,674,4,678,6,741,5,733,4,736,5
2025,Colima,3120059,Zona Arqueológica de La Campana,740,23,818,134,951,15,815,16,857,124,907,5,812,12,795,59,860,9,874,43,871,14,889,7
2025,Durango,3110020,Zona Arqueológica de La Ferrería con museo de sitio,388,1,508,0,364,0,299,0,123,6,295,3,219,7,268,0,160,0,217,2,243,0,394,5
2025,Estado de México,3110001,Zona Arqueológica de Acozac,4296,0,2148,0,5246,0,2663,0,3066,0,1386,0,2944,0,2918,0,3052,0,2422,0,2070,0,2134,5
2025,Estado de México,3110006,Zona Arqueológica de Calixtlahuaca,1214,201,3079,0,12754,0,1876,0,1872,0,1862,0,2398,0,2882,0,1618,0,2000,0,2489,0,2557,0
2025,Estado de México,3120018,Zona Arqueológica de Chimalhuacán con museo de sitio,1232,0,2740,1,2818,0,1257,0,1585,2,1882,0,984,0,924,0,1260,0,2938,0,2117,0,972,0
2025,Estado de México,3110014,Zona Arqueológica de El Conde,69,24,245,0,621,0,174,0,178,0,213,0,162,1,300,0,160,0,831,0,292,0,324,0
2025,Estado de México,3120050,Zona Arqueológica de Huexotla,278,0,199,0,278,0,384,0,324,0,0,0,152,1,0,0,72,0,0,0,0,0,0,0
2025,Estado de México,3120072,Zona Arqueológica de Los Melones,550,0,396,1,652,2,512,0,588,0,550,0,482,2,658,0,510,3,336,0,565,0,0,0
2025,Estado de México,3120073,Zona Arqueológica de Los Reyes La Paz,798,0,1337,14,792,0,901,0,902,0,840,0,1358,0,1468,0,1227,0,1344,0,1331,0,1023,0
2025,Estado de México,3120075,Zona Arqueológica de Malinalco,19092,223,12683,400,15733,357,21572,309,13215,32,7515,268,14556,30,19192,7464,10389,229,9795,23,14876,60,12651,27
2025,Estado de México,3120095,"Zona Arqueológica de Santa Cecilia Acatitla con museo de la Escultura Mexica ""Eusebio Dávalos Hurtado""",955,16,676,15,1610,12,829,16,567,4,428,0,884,3,824,3,756,0,852,5,738,0,431,7
2025,Estado de México,3120104,Zona Arqueológica de Tenayuca I con museo Xólotl,3303,66,4089,74,2659,0,2572,32,2276,25,2864,0,2625,6,2866,47,2244,0,2447,5,2831,80,1936,66
2025,Estado de México,3120129,Zona Arqueológica de Tenayuca II,146,0,0,0,155,0,132,0,170,0,64,0,254,0,237,0,178,0,0,0,186,0,90,0
2025,Estado de México,3110031,Zona Arqueológica Teotihuacan (con Museo de Sitio),97160,45978,76360,48810,137615,52442,102679,42017,84863,34448,83541,34508,115126,39241,123432,39013,58317,29062,71535,53195,201664,57048,107486,49735
2025,Estado de México,3110032,Zona Arqueológica de Tetzcotzinco,1704,2,2148,10,3993,0,2276,5,1922,10,886,0,1858,17,2870,19,2318,0,2290,24,2766,0,6548,15
2025,Estado de México,3120115,Zona Arqueológica de Tlapacoya,1128,4,447,0,544,0,888,0,674,0,826,0,592,0,570,0,378,0,0,0,348,2,551,0
2025,Estado de México,3120044,Zona Arqueológica de Huamango,0,0,0,0,0,0,0,0,0,0,0,0,0,0,0,0,0,0,0,0,0,0,0,0
2025,Estado de México,3120081,Zona Arqueológica de Ocoyoacac,0,0,0,0,0,0,0,0,0,0,0,0,0,0,0,0,0,0,0,0,0,0,0,0
2025,Estado de México,3120094,Zona Arqueológica de San Miguel Ixtapan,0,0,0,0,0,0,0,0,0,0,0,0,0,0,0,0,0,0,0,0,0,0,0,0
2025,Estado de México,3120108,Zona Arqueológica de Teotenango,4920,113,5379,63,11808,0,5416,0,4108,13,0,0,4942,47,7354,68,3410,0,1495,0,4296,0,4296,29
2025,Guanajuato,3120085,Zona Arqueológica de Plazuelas,748,51,716,9,857,34,612,15,262,10,409,45,947,53,852,31,519,51,608,31,387,33,692,87
2025,Guanajuato,3220023,Zona Arqueológica de Peralta,859,68,653,40,896,15,720,20,481,13,809,30,1104,57,874,20,449,14,623,20,469,19,835,42
2025,Guanajuato,3220022,Zona Arqueológica de Cañada de la Virgen,0,0,0,0,0,0,0,0,0,0,0,0,0,0,0,0,0,0,1316,141,1438,511,801,634
2025,Guanajuato,3120133,Zona Arqueológica El Cóporo,240,5,397,2,827,27,400,0,190,8,309,2,463,4,551,3,236,16,332,4,279,27,261,19
2025,Guanajuato,0,Zona Arqueológica Arroyo Seco,178,1,352,2,570,1,182,1,135,0,211,1,174,6,149,3,208,4,206,1,318,2,253,5
2025,Guerrero,3120046,Zona Arqueológica de Huamuxtitlán,120,26,139,14,59,6,157,36,43,2,104,11,119,16,116,11,134,10,113,19,145,12,149,19
2025,Guerrero,3120053,Zona Arqueológica de Ixcateopan,256,0,2027,0,169,11,419,10,216,5,177,17,233,7,272,1,235,9,145,0,179,5,253,14
2025,Guerrero,3110021,Zona Arqueológica de La Organera Xochipala,103,0,85,0,1680,0,76,0,25,0,87,0,108,0,106,0,75,0,147,0,40,0,173,0
2025,Guerrero,3120062,Zona Arqueológica de La Sabana,62,0,88,0,50,0,55,0,55,0,53,0,55,0,68,0,68,0,55,0,25,0,61,0
2025,Guerrero,3120026,Zona Arqueológica de Cuetlajuchitlán (Los Querende),24,0,26,0,28,0,27,0,32,0,21,0,22,0,40,0,0,0,50,0,38,0,87,0
2025,Guerrero,3110027,Zona Arqueológica de Palma Sola,103,7,98,4,182,0,130,0,95,0,113,0,230,4,162,0,165,0,243,0,308,0,181,2
2025,Guerrero,3120106,Zona Arqueológica de Teopantecuanitlán,63,0,50,0,100,0,97,0,68,0,58,0,35,0,67,0,0,0,4,0,0,0,22,0
2025,Guerrero,3220027,Zona Arqueológica de Tehuacalco,310,3,148,67,724,4,278,49,262,0,104,0,163,0,201,0,112,2,61,71,183,40,206,39
2025,Guerrero,3120132,Zona Arqueológica Soledad de Maciel,111,212,442,241,500,216,488,108,362,143,305,60,207,87,166,32,386,57,58,60,221,111,355,124
2025,Hidalgo,3120048,Zona Arqueológica de Huapalcalco,835,0,1280,0,3235,0,1249,80,970,80,710,0,1085,0,1015,0,575,0,825,0,1317,0,875,0
2025,Hidalgo,3120110,Zona Arqueológica de Tepeapulco,1029,6,1061,12,1718,4,1007,5,850,4,915,4,1072,3,1047,6,844,3,918,3,852,3,1394,7
2025,Hidalgo,3110036,Zona Arqueológica de Tula con museo de sitio,7294,496,11984,755,14394,375,12314,334,11103,199,10318,198,12857,318,13554,360,7579,252,5116,541,10014,1015,11739,388
2025,Hidalgo,3120136,Zona Arqueológica Pahñú,672,0,801,2,1447,0,1143,0,577,0,538,0,1017,0,1096,0,465,0,444,0,757,0,920,0
2025,Jalisco,3120054,Zona Arqueológica de Ixtépete,0,0,0,0,0,0,0,0,0,0,0,0,0,0,0,0,0,0,0,0,0,0,0,0
2025,Jalisco,3120113,Zona Arqueológica de Teuchitlán,9020,1257,10024,858,7588,804,5480,987,3334,444,4692,624,8172,808,9583,713,6398,597,8358,754,8558,930,6907,712
2025,Michoacán,3120047,Zona Arqueológica de Huandacareo,177,0,146,0,194,0,335,0,321,0,146,0,189,6,199,0,208,0,168,0,103,0,123,0
2025,Michoacán,3120052,Zona Arqueológica de Ihuatzio,462,9,427,29,673,25,743,7,285,6,437,6,486,11,499,4,332,4,280,2,447,33,337,14
2025,Michoacán,3120091,Zona Arqueológica de San Felipe los Alzati,1216,4,1093,59,1157,7,1321,8,659,7,373,0,1060,0,968,3,702,1,1134,3,744,26,1199,22
2025,Michoacán,3120114,Zona Arqueológica de Tingambato,1987,9,1633,20,3654,6,1692,8,742,6,1025,9,1014,6,1158,10,796,3,1557,8,828,5,1191,5
2025,Michoacán,3120119,Zona Arqueológica de Tres Cerritos,103,0,124,0,111,1,107,0,181,4,166,1,112,2,81,2,92,4,207,0,70,6,215,1
2025,Michoacán,3120121,Zona Arqueológica de Tzintzuntzan con museo de sitio,6481,97,5690,160,4998,88,8383,176,3898,95,3938,116,7859,218,8200,184,4364,98,4823,137,14922,571,8087,217
2025,Morelos,3110007,Zona Arqueológica de Chalcatzingo,1905,30,1927,40,3253,15,2006,62,1354,6,2439,15,3267,15,4123,14,1910,7,1912,42,1678,43,2605,46
2025,Morelos,3110040,Zona Arqueológica de Xochicalco con museo de sitio,6329,630,3802,571,4435,351,5565,413,4006,223,4154,247,4478,477,6350,474,3199,226,3495,286,3832,557,2497,361
2025,Morelos,3120021,Zona Arqueológica de Coatetelco con museo de sitio,212,4,56,0,69,0,88,0,63,0,27,0,110,0,83,0,69,0,111,0,32,0,95,0
2025,Morelos,3120069,Zona Arqueológica de Las Pilas,75,0,48,0,222,0,234,0,141,0,151,0,257,0,568,23,36,0,70,0,54,0,133,0
2025,Morelos,3120112,Zona Arqueológica de Tepozteco,16878,1792,15124,1346,13402,1175,9329,1351,12786,1544,12634,1249,17357,2031,22070,2125,11091,967,12328,1234,16217,1606,15992,1734
2025,Morelos,3120107,Zona Arqueológica de Teopanzolco,574,52,626,50,847,42,639,43,496,24,675,30,774,64,695,34,636,23,2932,74,588,27,592,72
2025,Morelos,3110043,Zona Arqueológica de Yautepec,204,0,79,4,368,40,103,0,39,0,87,0,184,0,854,0,351,0,66,0,124,0,181,0
2025,Nayarit,3120055,Zona Arqueológica de Ixtlán del Río,481,20,448,29,1277,18,670,26,439,13,648,12,804,22,981,14,545,6,653,19,607,18,1248,40
2025,Nuevo León,3110003,Zona Arqueológica de Boca de Potrerillos,103,0,0,0,49,15,159,4,87,0,89,3,235,0,156,1,157,0,223,58,219,5,125,5
2025,Oaxaca,3120031,Zona Arqueológica de Dainzú,197,69,100,63,135,65,134,53,246,37,237,30,181,36,279,31,119,13,445,37,215,63,159,29
2025,Oaxaca,3120041,Zona Arqueológica de Guiengola,102,2,107,9,217,10,252,7,238,28,134,12,98,24,74,10,313,2,136,16,119,5,166,2
2025,Oaxaca,3120051,Zona Arqueológica de Huijazoo,271,0,133,0,161,0,113,0,79,0,137,0,1314,12,42,0,90,0,95,0,127,0,395,0
2025,Oaxaca,3120065,Zona Arqueológica de Lambityeco,416,12,393,6,468,32,405,12,371,24,439,15,550,17,561,19,325,8,535,28,536,42,299,32
2025,Oaxaca,3110024,Zona Arqueológica de Mitla,7948,1310,6685,1330,6549,1381,8264,613,6269,299,5628,424,11478,640,8545,750,6128,324,7680,850,10302,1000,9262,769
2025,Oaxaca,3110025,Zona Arqueológica de Monte Albán con museo de sitio,26483,8300,19718,9372,21949,8064,28262,5564,21087,3727,20854,3614,49624,4601,35840,4525,19444,2910,26646,6810,32924,9162,40131,7064
2025,Oaxaca,3110042,Zona Arqueológica de Yagul,720,353,400,155,400,145,526,133,702,108,573,120,573,120,759,176,479,94,1404,156,781,243,851,214
2025,Oaxaca,3110045,Zona Arqueológica de Zaachila,422,98,258,161,325,98,284,88,325,113,228,82,238,134,214,52,114,26,151,101,189,76,327,125
2025,Oaxaca,3120045,Zona Arqueológica de Huamelulpan,277,0,205,5,424,4,347,3,336,0,290,2,345,4,279,0,162,0,59,0,114,0,171,0
2025,Oaxaca,3120131,Zona Arqueológica de Bocana del Río Copalita (con museo de sitio),0,0,0,0,0,0,0,0,0,0,0,0,0,0,0,0,0,0,0,0,0,0,0,0
2025,Oaxaca,3220034,Zona Arqueológica de Atzompa,1249,17,983,12,902,0,1062,8,702,17,948,7,1337,0,1240,5,647,3,808,39,1012,13,1220,0
2025,Puebla,3120010,Zona Arqueológica de Cantona,2382,86,1943,125,2944,100,2970,189,1808,46,1765,32,2930,37,3445,60,1746,21,2172,136,2151,138,3654,106
2025,Puebla,3110009,Zona Arqueológica de Cholula con museo de sitio,12312,2045,11094,1662,13717,1941,14448,1550,12668,1147,10510,1092,16926,1946,19966,1759,8250,1059,16219,1793,16157,2541,16303,1450
2025,Puebla,3120090,Zona Arqueológica de San Cristobal Tepatlaxco,296,0,180,0,1109,0,320,0,398,0,312,0,392,0,373,0,277,0,294,0,202,0,356,0
2025,Puebla,3120109,Zona Arqueológica de Tepapayeca,15,0,15,0,20,0,9,0,11,0,9,0,12,0,12,0,16,0,15,0,14,0,14,0
2025,Puebla,3120111,Zona Arqueológica de Tepexi el Viejo,57,0,85,0,58,0,87,0,68,0,39,0,84,0,55,0,87,0,65,0,72,0,95,0
2025,Puebla,3120128,Zona Arqueológica de Yohualichan,5048,33,2947,18,2275,28,7259,46,6513,44,4029,33,11408,39,12572,23,4926,23,4666,32,7943,13,9389,32
2025,Querétaro,3110013,Zona Arqueológica de El Cerrito,6622,214,6820,277,6505,564,7815,410,5248,411,5467,154,7923,452,8877,429,4270,266,4643,399,5019,311,5542,55
2025,Querétaro,3110030,Zona Arqueológica de Ranas,1487,2,1235,10,1886,5,2148,0,1395,2,1937,2,1571,0,2203,0,1087,2,326,0,0,0,0,0
2025,Querétaro,3110034,Zona Arqueológica de Toluquilla,186,0,121,0,170,0,229,0,97,0,87,2,134,0,246,0,229,0,302,0,472,0,175,0
2025,Querétaro,3220021,Zona Arqueológica de Tancama,258,20,239,19,317,4,448,2,159,3,111,35,435,21,357,5,201,28,144,7,193,35,424,54
2025,Quintana Roo,3120022,Zona Arqueológica de Cobá,5399,19685,4689,13760,5966,13542,6665,13109,5090,5792,4225,6083,6901,10687,4504,10084,3112,3902,3730,8368,4743,11072,7830,12877
2025,Quintana Roo,3120032,Zona Arqueológica de Dzibanché-Kinichná,0,0,65,184,323,165,382,153,372,63,214,260,584,436,469,401,254,150,249,77,258,801,539,193
2025,Quintana Roo,3110015,Zona Arqueológica de El Meco,2911,936,2979,988,3472,795,2458,1054,2078,468,1774,681,2081,524,1767,472,992,277,867,523,1122,1005,1360,738
2025,Quintana Roo,3120038,Zona Arqueológica de El Rey,0,0,0,0,0,0,0,0,0,0,0,0,233,123,381,245,282,245,244,233,463,364,890,677
2025,Quintana Roo,3110019,Zona Arqueológica de Kohunlich,85,665,565,2916,606,1433,1113,1271,563,634,433,474,852,870,785,1089,378,88,546,1158,572,2767,1013,974
2025,Quintana Roo,3120078,Zona Arqueológica de Muyil,0,0,0,0,0,0,0,0,0,0,0,0,0,0,0,0,0,0,0,0,0,0,0,0
2025,Quintana Roo,3120084,Zona Arqueológica de Oxtankah,1338,98,795,87,1080,67,1053,67,627,23,642,22,734,24,1027,21,634,20,587,34,767,46,1164,60
2025,Quintana Roo,3120092,Zona Arqueológica de San Gervasio,2115,20974,1407,6553,1588,16627,1349,11055,791,11425,1182,6847,944,8688,899,6382,692,3763,680,8300,702,16635,1262,12681
2025,Quintana Roo,3110037,Zona Arqueológica de Tulum,59399,91221,50157,69990,51737,63375,52719,61431,36429,39374,21461,30341,31718,33594,24062,73439,9468,9066,13054,37588,14279,106317,25090,26134
2025,Quintana Roo,3110038,Zona Arqueológica de Xcaret,2,0,11,6,26,6,75,4,8,0,20,9,7,4,6,2,2,4,8,2,8,12,11,5
2025,Quintana Roo,3110039,Zona Arqueológica de Xelhá,0,0,0,0,0,0,0,0,0,0,0,0,0,0,0,0,0,0,0,0,0,0,0,0
2025,Quintana Roo,3120014,Zona Arqueológica de Chacchoben,1095,28287,593,22606,1247,24064,2107,20769,1842,11068,1555,19635,1717,15558,1253,13585,1121,11668,1117,10932,1941,26884,3371,13024
2025,Quintana Roo,0,Zona Arqueológica de Ichkabal,4775,502,4823,844,3701,733,3736,747,2026,335,1682,230,2207,476,2342,573,1187,309,1041,511,1549,818,1881,1158
2025,San Luis Potosí,3120099,Zona Arqueológica de Tamohí,311,16,111,7,189,1,224,9,137,1,32,0,212,21,156,0,78,0,43,0,102,12,50,1
2025,San Luis Potosí,3120100,Zona Arqueológica de Tamtoc,0,0,0,0,619,13,483,92,160,0,104,0,469,4,270,2,136,0,283,9,347,11,90,6
2025,Sinaloa,322033,Zona Arqueológica Las Labradas,45,0,59,38,1156,17,371,18,67,8,89,13,106,8,194,3,293,4,41,4,75,71,115,10
2025,Sonora,3210132,Zona Arqueológica de Cerro de las Trincheras,87,0,37,0,110,0,110,0,68,0,70,0,97,0,119,0,64,0,104,0,116,0,329,0
2025,Tabasco,3120023,Zona Arqueológica de Comalcalco con museo de sitio,4102,12,2662,1,5684,14,5956,20,2625,1,2490,24,4910,12,6228,10,2381,8,2894,11,3276,39,2553,0
2025,Tabasco,3110023,Zona Arqueológica de La Venta con museo de sitio,430,0,327,31,640,34,604,18,542,27,394,8,401,22,552,10,379,0,457,28,356,70,709,14
2025,Tabasco,3120086,Zona Arqueológica de Pomoná con museo de sitio,55,0,86,0,94,0,110,0,94,0,82,0,130,0,98,0,115,0,81,0,59,0,101,0
2025,Tabasco,3120076,Zona Arqueológica de Malpasito,0,0,0,0,0,0,94,6,188,2,248,2,170,0,148,8,103,0,37,2,74,0,55,2
2025,Tabasco,3120089,Zona Arqueológica de Moral-Reforma,229,21,112,11,316,13,4531,37,308,0,134,9,247,10,179,5,184,17,117,8,82,0,125,9
2025,Tabasco,3220017,Zona Arqueológica de San Claudio,29,7,12,2,32,9,47,7,40,5,33,4,59,2,42,0,26,10,53,0,26,8,22,0
2025,Tamaulipas,3120039,Zona Arqueológica de El Sabinito,33,0,30,0,0,0,63,0,33,0,19,0,48,0,73,6,27,0,41,0,94,0,48,0
2025,Tamaulipas,3120067,Zona Arqueológica de Las Flores,56,4,80,3,102,5,219,9,79,0,82,4,135,4,162,11,154,2,94,6,118,6,128,11
2025,Tamaulipas,3120006,Zona Arqueológica de Balcón de Montezuma,59,0,67,0,18,0,42,0,39,0,53,0,27,0,42,0,30,0,13,0,88,0,17,0
2025,Tlaxcala,3110005,Zona Arqueológica de Cacaxtla con museo de sitio,4653,147,4597,378,5052,293,7446,244,5625,90,3936,168,5673,291,7651,0,5569,104,15307,118,6711,323,5187,114
2025,Tlaxcala,3110105,Zona Arqueológica de Xochitécatl con museo de sitio,2741,145,2334,78,3011,113,2925,85,2802,68,1889,48,1952,48,3226,124,3048,54,2664,40,1896,77,2714,154
2025,Tlaxcala,3110033,Zona Arqueológica de Tizatlán con museo de sitio,123,0,82,0,230,4,373,10,214,2,72,0,181,0,194,0,103,0,143,0,194,0,146,0
2025,Tlaxcala,3120080,Zona Arqueológica de Ocotelulco con museo de sitio,85,4,100,20,35,0,103,0,24,0,60,0,32,1,120,6,48,3,68,0,54,5,45,0
2025,Tlaxcala,3120101,Zona Arqueológica de Tecoaque,567,10,302,135,388,14,887,0,973,5,336,1,1493,56,367,11,271,5,328,4,887,15,376,82
2025,Veracruz,3120011,Zona Arqueológica de Castillo de Teayo con museo de sitio,89,3,52,0,266,0,88,0,32,0,85,0,126,0,232,0,130,0,44,0,1220,0,61,0
2025,Veracruz,3120012,Zona Arqueológica de Cempoala con museo de sitio,2775,128,1962,80,2829,75,3430,102,2884,45,1641,34,2555,83,3589,73,1623,25,1639,21,2064,48,3360,55
2025,Veracruz,3120068,Zona Arqueológica de Las Higueras con museo de sitio,115,0,138,0,191,0,201,0,84,0,22,0,67,0,124,0,37,0,28,0,46,0,71,0
2025,Veracruz,3120093,Zona Arqueológica de San Lorenzo Tenochtitlan con museo de sitio,263,0,350,0,398,0,200,0,424,0,497,0,367,0,399,0,394,0,216,0,703,0,488,0
2025,Veracruz,3110016,Zona Arqueológica de El Tajín,39702,433,18170,375,32205,260,45398,245,30980,164,18588,154,26023,254,46083,169,14850,107,5898,137,13099,353,13679,230
2025,Veracruz,3220012,Zona Arqueológica de Cuauhtochco,0,0,0,0,0,0,0,0,0,0,0,0,0,0,0,0,0,0,0,0,0,0,0,0
2025,Veracruz,3120123,Zona Arqueológica de Vega de la Peña,18,0,28,0,34,0,165,0,30,0,23,0,21,0,57,0,45,0,20,0,25,0,21,0
2025,Veracruz,3120088,Zona Arqueológica de Quiahuitztlán,1649,38,2114,33,1694,20,3977,33,3027,16,2400,9,2434,25,4317,15,1656,9,1724,29,2110,57,1341,459
2025,Veracruz,3120024,Zona Arqueológica de Cuajilote,564,0,502,0,390,0,837,0,508,0,379,0,444,0,467,0,401,0,203,0,397,0,301,0
2025,Veracruz,3120030,Zona Arqueológica de Cuyuxquihui,113,0,59,0,86,0,122,0,81,0,51,0,88,0,138,0,90,0,30,0,48,0,136,0
2025,Veracruz,3220014,Zona Arqueológica de Las Limas,40,0,57,0,28,0,166,0,50,0,74,0,50,0,86,0,110,0,44,0,45,0,84,0
2025,Yucatán,3120001,Zona Arqueológica de Acanceh,606,188,733,121,628,128,472,125,476,65,489,62,563,102,1087,122,414,96,410,104,392,113,538,135
2025,Yucatán,3120002,Zona Arqueológica de Aké,3574,229,2073,2098,1550,1568,2661,1650,1108,46,1026,1041,1384,47,973,31,584,17,679,31,829,50,1271,70
2025,Yucatán,3120004,Zona Arqueológica de Balamcanché,0,0,0,0,0,0,0,0,0,0,0,0,0,0,0,0,0,0,0,0,0,0,0,0
2025,Yucatán,3120015,Zona Arqueológica de Chacmultún,353,14,180,11,179,6,164,1,113,0,81,2,179,0,263,5,35,0,71,0,130,11,185,6
2025,Yucatán,3110008,Zona Arqueológica de Chichén Itzá,62823,138720,54854,159252,65700,136584,75967,145410,72996,68417,60916,100095,100009,124427,93438,85776,57416,74286,59101,69169,75909,117869,95319,87581
2025,Yucatán,3120033,Zona Arqueológica de Dzibilchaltún con museo del Pueblo Maya,4239,1348,3222,1036,4411,1036,3736,606,2417,357,2348,612,3188,673,3569,543,2150,322,3108,658,3219,955,4692,1350
2025,Yucatán,3120034,Zona Arqueológica de Ekbalam,7765,12198,6747,8745,7233,6744,7383,6195,4870,5026,4772,3657,7160,6098,7726,6088,3347,3305,4063,4073,5381,5923,6952,8314
2025,Yucatán,3120057,Zona Arqueológica de Kabah,2592,2047,1937,2360,2326,1861,3877,1143,792,768,1116,475,1706,972,1841,1163,1142,514,1420,925,2078,1780,1671,1630
2025,Yucatán,3120064,Zona Arqueológica de Labná,717,566,718,448,671,279,1758,256,324,109,165,95,488,221,488,314,380,76,638,129,572,283,627,339
2025,Yucatán,3120071,Zona Arqueológica de Loltún,0,0,0,0,0,0,0,0,0,0,0,0,0,0,0,0,0,0,0,0,0,0,0,0
2025,Yucatán,3120077,Zona Arqueológica de Mayapán,0,0,0,0,0,0,0,0,0,0,0,0,0,0,0,0,0,0,0,0,0,0,0,0
2025,Yucatán,3120097,Zona Arqueológica de Sayil,708,535,563,429,690,316,1630,293,431,114,238,78,579,172,558,252,319,72,328,148,574,391,1008,379
2025,Yucatán,3120122,Zona Arqueológica de Uxmal con museo de sitio,16927,12734,14159,12301,14747,11087,17693,8186,10164,4732,9592,3012,18395,6303,16491,8896,8415,2504,11049,6630,16734,14004,21910,10782
2025,Yucatán,3120126,Zona Arqueológica de Xlapak,338,205,289,128,250,93,828,69,263,23,131,31,384,47,295,60,179,13,158,50,255,100,392,131
2025,Yucatán,3120083,Zona Arqueológica de Oxkintok,566,126,395,157,507,166,746,58,500,48,255,55,506,40,419,72,380,58,379,49,462,87,559,142
2025,Yucatán,3120056,Zona Arqueológica de Izamal,2382,730,1910,621,1706,576,1096,416,1738,536,2086,544,1542,493,2861,818,2045,639,1947,499,2180,642,3333,915
2025,Yucatán,3120135,Zona Arqueológica de Xcambó,1786,4366,1209,4373,1458,4796,1580,2062,1048,802,987,1647,1524,2417,1645,1132,783,1313,1043,1251,1055,1811,1698,2812
2025,Zacatecas,3120003,Zona Arqueológica de Altavista o Chalchihuites con museo de sitio,182,7,157,5,1550,1,475,2,222,13,457,3,548,4,371,2,213,0,164,0,231,13,396,19
2025,Zacatecas,3110022,Zona Arqueológica de La Quemada con museo de sitio,940,25,779,3,1071,18,1315,12,1078,7,702,18,1711,19,1556,16,1058,10,954,22,780,26,1223,22
2025,Zacatecas,0,Zona Arqueológica Cerro del Teúl,384,25,247,12,460,12,1408,6,171,0,219,15,599,83,670,64,293,26,466,31,412,1,470,45
2025,Zacatecas,0,Zona Arqueológica Cerro de las Ventanas,460,39,261,3,284,1,476,8,544,5,242,11,760,58,581,8,444,4,159,6,207,3,297,7
2024,Baja California,3120040,Zona Arqueológica de El Vallecito,1141,11,988,9,957,0,1184,9,1001,0,894,4,458,2,418,0,677,5,894,1,926,11,800,15
2024,Baja California Sur,3120007,Zona Arqueológica de San Francisco de la Sierra,32,0,807,0,80,195,0,0,241,29,0,0,71,12,133,25,48,33,136,35,84,119,190,42
2024,Campeche,3120005,Zona Arqueológica de Balamkú,373,425,217,349,565,375,205,254,163,150,152,124,287,371,266,306,153,96,202,160,329,314,476,287
2024,Campeche,3110002,Zona Arqueológica de Becán,761,1321,665,1292,1194,1339,740,779,565,447,437,238,661,871,662,779,665,198,854,513,545,1187,961,808
2024,Campeche,3120008,Zona Arqueológica de Calakmul,940,2057,844,2089,1177,2230,883,1390,563,924,411,441,1073,1544,747,2304,406,161,486,805,1057,2035,2068,1815
2024,Campeche,3120017,Zona Arqueológica de Chicanná,292,632,331,763,374,695,185,470,181,219,86,51,249,317,253,328,171,57,194,287,169,397,452,395
2024,Campeche,3120020,Zona Arqueológica de Chunhuhub,64,4,47,6,82,2,162,0,39,0,84,0,75,2,54,1,110,0,55,4,81,0,85,4
2024,Campeche,3110011,Zona Arqueológica de Dzibilnocac,570,13,298,9,290,22,537,14,210,5,97,7,302,5,387,8,227,6,133,1,329,2,386,16
2024,Campeche,3110012,Zona Arqueológica de Edzná,3169,1159,4118,1272,4352,1085,2297,633,1552,380,1776,227,3375,573,2968,903,2117,247,2744,492,3025,1097,5419,912
2024,Campeche,3110017,Zona Arqueológica de El Tigre,463,17,383,5,813,4,175,4,208,2,191,2,297,8,381,5,249,1,127,3,162,7,767,19
2024,Campeche,3120042,Zona Arqueológica de Hochob,76,54,112,35,100,38,95,16,77,12,27,9,71,5,91,6,41,8,63,7,33,14,84,4
2024,Campeche,3120043,Zona Arqueológica de Hormiguero,130,179,128,170,322,111,131,62,170,50,132,19,80,65,200,74,176,56,96,45,118,90,90,70
2024,Campeche,3120058,Zona Arqueológica de Kankí,31,3,68,5,59,5,36,0,39,0,15,0,27,2,29,0,20,0,24,8,56,0,47,2
2024,Campeche,3120096,Zona Arqueológica de Santa Rosa Xtampak,22,11,99,4,117,16,62,6,25,3,22,0,47,6,55,4,45,3,18,2,73,12,136,17
2024,Campeche,3120118,Zona Arqueológica de Tohcok,62,1,83,17,43,15,66,7,47,6,37,0,45,0,59,2,58,2,43,2,54,10,206,21
2024,Campeche,3120125,Zona Arqueológica de Xcalumkín,393,12,310,2,217,0,193,6,130,0,92,0,107,2,210,0,81,0,108,4,221,4,211,6
2024,Campeche,3110041,Zona Arqueológica de Xpuhil,759,349,757,327,790,269,553,195,355,97,296,42,466,128,562,175,308,29,443,97,415,250,739,248
2024,Campeche,3120098,Zona Arqueológica de Tabasqueño,175,30,122,28,95,29,113,21,41,3,48,3,69,2,121,14,57,8,50,16,89,12,101,9
2024,Chiapas,3110004,Zona Arqueológica de Bonampak,1090,700,413,292,956,510,865,322,662,206,567,56,970,387,608,690,410,166,653,257,850,594,912,541
2024,Chiapas,3120019,Zona Arqueológica de Chincultic,1391,141,619,89,1214,207,684,26,792,123,229,31,833,4,955,17,417,81,302,137,510,64,696,103
2024,Chiapas,3110018,Zona Arqueológica de Izapa,549,39,256,10,219,59,110,7,53,5,95,8,358,13,217,36,160,12,269,968,199,595,199,942
2024,Chiapas,3110026,"Zona Arqueológica de Palenque con museo ""Alberto Ruz L´Huiller""",21714,9225,16782,10209,30138,10750,21374,5992,13655,3806,12838,2150,28347,5099,23102,7336,10528,2402,11295,4965,13908,11632,23946,7067
2024,Chiapas,3120103,Zona Arqueológica de Tenam Puente,1214,83,568,65,993,46,1106,20,742,0,791,19,1081,122,1451,27,658,33,632,43,698,41,922,37
2024,Chiapas,3110035,Zona Arqueológica de Toniná con museo de sitio,452,34,342,0,498,8,463,2,186,0,328,0,428,3,417,2,116,0,207,0,211,1,417,8
2024,Chiapas,3110044,Zona Arqueológica de Yaxchilán,0,0,0,0,707,374,981,525,734,164,577,149,1057,397,646,958,423,230,756,361,830,860,1181,556
2024,Chiapas,3220004,Zona Arqueológica de Chiapa de Corzo,155,35,181,20,193,4,178,18,100,35,167,7,225,10,235,6,105,13,150,88,187,14,228,7
2024,Chiapas,3220028,Zona Arqueológica de Lagartero,0,0,0,0,0,0,0,0,0,0,0,0,0,0,0,0,0,0,0,0,0,0,0,0
2024,Chiapas,3120134,Zona Arqueológica de Iglesia Vieja,223,2,145,2,329,17,102,0,91,2,84,0,74,1,60,3,33,0,40,2,70,2,151,6
2024,Chihuahua,3110028,Zona Arqueológica de Paquimé con Museo de las Culturas del Norte,1453,86,2158,11,4486,218,2369,44,2973,70,3104,37,3796,80,3629,128,2582,130,2981,121,3020,75,2441,88
2024,Chihuahua,3110010,Zona Arqueológica de Cuarenta Casas,160,5,113,3,1372,9,250,16,70,0,136,14,340,27,465,26,426,10,271,1,111,6,296,8
2024,Chihuahua,3120027,Zona Arqueológica de Cueva de la Olla,484,8,830,31,5236,82,1548,93,1876,54,2054,116,2835,156,2967,202,2447,89,1575,108,2440,67,928,31
2024,Chihuahua,3120028,Zona Arqueológica de Cueva Grande,23,0,78,0,242,0,33,0,33,0,57,0,63,0,68,0,41,0,33,0,45,0,18,0
2024,Chihuahua,3120049,Zona Arqueológica de Huapoca,4,0,6,0,64,0,54,0,13,0,8,0,42,0,16,0,8,0,14,0,10,0,4,0
2024,Ciudad de México,3120013,Zona Arqueológica de Cerro de la Estrella,4153,17,3168,25,7327,4,2299,1,4037,0,4292,32,4383,1,4804,3,3255,0,3298,0,3934,1,3142,0
2024,Ciudad de México,3120029,Zona Arqueológica de Cuicuilco con museo de sitio,4273,272,4816,254,5018,311,4277,277,6079,208,7785,224,5434,224,5156,285,5421,139,6255,210,4537,196,5690,256
2024,Ciudad de México,3120116,Zona Arqueológica de Tlatelolco con museo de sitio,3969,438,3460,565,4416,618,5312,486,3828,311,4854,389,4313,427,3874,282,4781,431,7417,432,3938,526,4430,561
2024,Ciudad de México,0,Zona Arqueológica de Mixcoac,415,30,368,25,451,4,179,5,220,16,342,6,351,26,317,25,321,15,378,20,460,11,328,8
2024,Coahuila,0,Zona Paleontológica Rincón Colorado,862,6,671,1,1211,22,517,0,282,5,301,0,338,4,459,7,312,2,197,5,251,14,332,12
2024,Colima,3120035,Zona Arqueológica de El Chanal,649,13,684,10,638,5,613,2,638,4,619,2,621,3,630,1,668,0,649,1,617,2,727,5
2024,Colima,3120059,Zona Arqueológica de La Campana,829,29,848,82,880,22,773,6,778,8,710,4,721,9,771,3,723,1,716,5,746,5,849,17
2024,Durango,3110020,Zona Arqueológica de La Ferrería con museo de sitio,239,0,262,0,983,4,323,31,156,0,159,1,342,0,162,4,263,0,251,2,244,2,265,2
2024,Estado de México,3110001,Zona Arqueológica de Acozac,1891,0,2708,1,3797,0,1786,0,2332,0,2300,0,2987,0,2725,0,3019,0,2707,0,3054,0,3309,0
2024,Estado de México,3110006,Zona Arqueológica de Calixtlahuaca,2475,0,1943,0,7068,0,2872,0,1190,0,1679,0,1337,0,1930,0,1816,0,1471,0,1353,0,1425,0
2024,Estado de México,3120018,Zona Arqueológica de Chimalhuacán con museo de sitio,1659,0,1546,0,2160,0,1428,0,1027,0,951,0,749,0,885,0,1112,0,2651,0,2557,3,970,2
2024,Estado de México,3110014,Zona Arqueológica de El Conde,73,0,81,0,610,0,81,0,117,0,122,0,117,0,109,0,104,0,204,0,94,0,76,0
2024,Estado de México,3120050,Zona Arqueológica de Huexotla,893,0,769,2,543,5,284,0,257,0,293,0,323,0,339,0,472,6,244,0,734,1,386,2
2024,Estado de México,3120072,Zona Arqueológica de Los Melones,440,1,701,3,642,2,569,0,453,0,479,0,488,4,642,0,666,0,540,4,1018,0,412,0
2024,Estado de México,3120073,Zona Arqueológica de Los Reyes La Paz,3001,6,2329,0,720,0,1360,0,1012,0,686,0,780,0,989,5,1160,0,906,1,934,0,918,0
2024,Estado de México,3120075,Zona Arqueológica de Malinalco,10588,38,10958,31,18852,19,8769,18,8934,23,8610,29,12097,97,11451,32,8987,177,9330,290,15680,324,14948,346
2024,Estado de México,3120095,"Zona Arqueológica de Santa Cecilia Acatitla con museo de la Escultura Mexica ""Eusebio Dávalos Hurtado""",413,15,315,16,965,0,814,17,265,0,934,27,987,20,872,11,524,9,694,14,1584,10,651,21
2024,Estado de México,3120104,Zona Arqueológica de Tenayuca I con museo Xólotl,3935,53,3585,104,5111,40,3025,58,2801,34,3017,29,2764,45,3037,35,2935,39,3338,84,3344,53,2410,70
2024,Estado de México,3120129,Zona Arqueológica de Tenayuca II,198,0,252,0,104,0,76,0,64,0,116,0,145,0,168,0,90,0,90,0,132,3,166,0
2024,Estado de México,3110031,Zona Arqueológica Teotihuacan (con Museo de Sitio),104808,45888,54176,46498,148611,53208,89499,38734,79675,33243,82286,30448,111099,34400,101621,31972,82375,28427,71045,45308,95022,53627,117752,42296
2024,Estado de México,3110032,Zona Arqueológica de Tetzcotzinco,2328,8,2051,25,544,8,2509,2,2827,20,2556,0,2518,48,3261,0,2284,0,2176,10,3074,20,3028,12
2024,Estado de México,3120115,Zona Arqueológica de Tlapacoya,412,2,475,2,562,0,652,0,462,0,584,0,491,0,544,0,349,0,0,0,146,0,334,0
2024,Estado de México,3120044,Zona Arqueológica de Huamango,0,0,0,0,0,0,0,0,0,0,0,0,0,0,0,0,0,0,0,0,0,0,0,0
2024,Estado de México,3120081,Zona Arqueológica de Ocoyoacac,0,0,0,0,0,0,0,0,0,0,0,0,0,0,0,0,0,0,0,0,0,0,0,0
2024,Estado de México,3120094,Zona Arqueológica de San Miguel Ixtapan,0,0,0,0,0,0,0,0,0,0,0,0,0,0,0,0,0,0,0,0,0,0,0,0
2024,Estado de México,3120108,Zona Arqueológica de Teotenango,4081,96,4168,0,15759,201,5613,89,3762,46,3118,46,4894,105,5031,78,3042,85,5260,106,3583,81,4231,114
2024,Guanajuato,3120085,Zona Arqueológica de Plazuelas,888,37,507,21,1482,20,556,16,447,19,673,11,1130,65,777,21,655,20,428,6,704,30,862,62
2024,Guanajuato,3220023,Zona Arqueológica de Peralta,1151,50,742,53,1370,51,750,11,474,27,663,41,1122,32,870,31,578,10,434,38,850,18,778,48
2024,Guanajuato,3220022,Zona Arqueológica de Cañada de la Virgen,0,0,0,0,0,0,0,0,0,0,0,0,0,0,0,0,0,0,0,0,0,0,0,0
2024,Guanajuato,3120133,Zona Arqueológica El Cóporo,555,17,462,8,1282,8,380,0,181,7,330,6,488,9,576,7,292,8,214,5,193,5,427,5
2024,Guanajuato,0,Zona Arqueológica Arroyo Seco,0,0,234,5,828,7,239,3,140,2,208,1,204,15,386,7,175,2,95,0,102,0,235,3
2024,Guerrero,3120046,Zona Arqueológica de Huamuxtitlán,184,6,120,11,208,11,175,21,45,3,112,10,130,16,187,26,126,8,112,12,177,16,28,4
2024,Guerrero,3120053,Zona Arqueológica de Ixcateopan,271,15,1270,10,291,7,247,30,48,2,78,2,101,6,107,7,133,8,107,0,213,24,268,4
2024,Guerrero,3110021,Zona Arqueológica de La Organera Xochipala,56,0,36,0,386,0,77,0,29,0,30,0,66,0,89,0,62,0,70,0,105,0,95,0
2024,Guerrero,3120062,Zona Arqueológica de La Sabana,0,0,15,0,44,0,52,0,85,0,57,0,46,0,75,0,31,0,28,0,41,0,66,0
2024,Guerrero,3120026,Zona Arqueológica de Cuetlajuchitlán (Los Querende),41,0,18,0,23,0,77,0,24,0,62,0,23,0,40,0,20,0,25,0,21,0,63,0
2024,Guerrero,3110027,Zona Arqueológica de Palma Sola,0,0,0,0,53,8,96,2,81,2,99,0,97,0,128,0,87,0,93,0,113,3,124,3
2024,Guerrero,3120106,Zona Arqueológica de Teopantecuanitlán,84,0,53,0,51,0,82,0,61,0,43,0,90,0,69,0,40,0,50,0,77,0,98,0
2024,Guerrero,3220027,Zona Arqueológica de Tehuacalco,268,0,206,0,978,0,202,0,299,0,329,2,277,1,308,2,107,0,64,34,182,0,271,0
2024,Guerrero,3120132,Zona Arqueológica Soledad de Maciel,189,226,270,341,321,294,326,320,499,35,908,138,1288,154,740,68,62,22,82,78,250,165,197,209
2024,Hidalgo,3120048,Zona Arqueológica de Huapalcalco,1770,0,440,0,2313,0,740,0,475,0,1020,0,1330,0,1271,0,855,0,955,0,1620,0,1510,0
2024,Hidalgo,3120110,Zona Arqueológica de Tepeapulco,1233,8,853,3,1609,9,977,9,951,9,932,11,1097,3,963,8,899,5,803,5,888,4,1074,4
2024,Hidalgo,3110036,Zona Arqueológica de Tula con museo de sitio,11982,401,8976,633,20031,567,12095,453,11181,240,11021,266,14637,358,12220,595,8595,185,8175,517,9524,606,16277,428
2024,Hidalgo,3120136,Zona Arqueológica Pahñú,807,2,615,2,1515,0,777,0,410,0,498,0,914,0,879,0,620,0,499,0,363,0,758,0
2024,Jalisco,3120054,Zona Arqueológica de Ixtépete,0,0,0,0,0,0,0,0,0,0,0,0,0,0,0,0,0,0,0,0,0,0,0,0
2024,Jalisco,3120113,Zona Arqueológica de Teuchitlán,0,0,0,0,0,0,8154,709,6355,492,8194,714,0,0,10335,809,10405,380,11933,490,9592,1569,0,0
2024,Michoacán,3120047,Zona Arqueológica de Huandacareo,113,0,97,0,133,2,184,0,155,0,201,0,177,0,191,0,201,0,168,0,203,0,298,6
2024,Michoacán,3120052,Zona Arqueológica de Ihuatzio,782,8,734,26,1270,34,705,21,328,17,373,16,780,10,663,3,449,7,811,7,968,50,674,0
2024,Michoacán,3120091,Zona Arqueológica de San Felipe los Alzati,521,31,932,17,1082,0,663,8,463,3,442,12,1262,9,1318,8,1288,21,1068,13,1145,20,1121,4
2024,Michoacán,3120114,Zona Arqueológica de Tingambato,1432,7,1363,17,4180,31,1602,16,839,5,1171,7,1566,33,1270,7,1257,7,1332,17,1841,47,1588,25
2024,Michoacán,3120119,Zona Arqueológica de Tres Cerritos,112,0,155,0,185,0,164,0,210,0,118,0,175,0,163,0,160,0,62,0,196,0,156,0
2024,Michoacán,3120121,Zona Arqueológica de Tzintzuntzan con museo de sitio,4223,70,5826,168,5608,139,6189,185,3682,82,3715,88,7558,227,9835,240,5722,130,6464,194,16221,502,9392,189
2024,Morelos,3110007,Zona Arqueológica de Chalcatzingo,2335,0,1156,46,3021,44,1474,29,920,7,1237,2,2405,16,2580,4,1856,12,1592,16,1628,19,2325,26
2024,Morelos,3110040,Zona Arqueológica de Xochicalco con museo de sitio,6310,636,4652,694,5386,458,4361,424,3069,212,2935,267,5046,483,6737,511,2596,345,2998,301,5168,434,4559,308
2024,Morelos,3120021,Zona Arqueológica de Coatetelco con museo de sitio,36,1,264,0,94,2,19,0,57,0,14,0,6,0,72,0,68,0,82,0,26,0,31,0
2024,Morelos,3120069,Zona Arqueológica de Las Pilas,103,0,21,0,121,0,100,0,286,0,49,0,223,0,108,0,53,0,86,0,13,0,80,0
2024,Morelos,3120112,Zona Arqueológica de Tepozteco,17266,4147,12933,1226,20788,3721,13286,1691,13346,1490,16132,1767,15883,2153,19883,2679,12727,1489,12547,1726,16206,2139,20710,2524
2024,Morelos,3120107,Zona Arqueológica de Teopanzolco,767,48,775,83,1010,34,2707,33,263,18,425,74,975,79,642,50,455,22,537,27,504,66,733,76
2024,Morelos,3110043,Zona Arqueológica de Yautepec,115,0,99,0,754,0,126,0,60,0,172,0,268,0,420,0,171,0,241,0,261,0,87,0
2024,Nayarit,3120055,Zona Arqueológica de Ixtlán del Río,473,14,504,26,704,20,471,13,252,9,543,22,380,5,512,27,422,25,320,7,380,14,639,8
2024,Nuevo León,3110003,Zona Arqueológica de Boca de Potrerillos,158,6,275,8,442,0,168,0,135,2,61,0,165,9,151,0,159,1,231,2,100,3,98,4
2024,Oaxaca,3120031,Zona Arqueológica de Dainzú,219,30,227,22,219,35,243,9,183,11,268,17,450,17,264,24,179,6,572,24,228,126,630,62
2024,Oaxaca,3120041,Zona Arqueológica de Guiengola,115,0,158,18,370,14,219,4,149,5,112,26,214,9,129,10,95,4,67,5,126,4,134,3
2024,Oaxaca,3120051,Zona Arqueológica de Huijazoo,398,36,163,23,180,16,173,33,240,18,147,23,1008,7,155,0,102,0,155,0,113,0,216,0
2024,Oaxaca,3120065,Zona Arqueológica de Lambityeco,337,17,368,20,280,20,315,10,277,10,216,5,407,20,229,13,549,16,559,33,524,17,546,18
2024,Oaxaca,3110024,Zona Arqueológica de Mitla,7451,1028,7451,1028,8602,1431,6341,736,5648,475,5596,456,10940,509,7964,729,5917,473,7768,1069,9991,1610,9270,1076
2024,Oaxaca,3110025,Zona Arqueológica de Monte Albán con museo de sitio,23513,8384,19109,9689,31060,7839,20907,5684,19155,4362,19206,4197,45627,4971,26588,4929,15307,3688,13452,6064,27046,10521,36002,7127
2024,Oaxaca,3110042,Zona Arqueológica de Yagul,772,268,635,300,689,258,688,115,680,104,655,101,958,184,602,189,480,130,1215,215,986,322,986,322
2024,Oaxaca,3110045,Zona Arqueológica de Zaachila,303,36,441,38,395,41,140,12,197,37,175,23,611,39,324,25,408,29,339,81,294,105,397,84
2024,Oaxaca,3120045,Zona Arqueológica de Huamelulpan,330,3,246,0,906,0,174,0,322,0,218,0,237,2,167,0,236,0,210,2,128,3,219,0
2024,Oaxaca,3120131,Zona Arqueológica de Bocana del Río Copalita (con museo de sitio),0,0,0,0,0,0,0,0,0,0,0,0,0,0,0,0,0,0,0,0,0,0,0,0
2024,Oaxaca,3220034,Zona Arqueológica de Atzompa,1255,11,1230,8,785,9,946,6,494,2,699,0,1290,0,510,42,850,0,745,25,1583,29,784,12
2024,Puebla,3120010,Zona Arqueológica de Cantona,2390,15,2219,13,3028,21,1988,41,1724,24,1613,11,2539,4,2404,3,1462,20,1827,40,2028,119,2492,58
2024,Puebla,3110009,Zona Arqueológica de Cholula con museo de sitio,8717,1686,6081,1505,12513,2206,7471,1459,8144,986,7737,1320,13724,1329,11872,1467,6365,694,11804,1533,19058,2437,20484,1680
2024,Puebla,3120090,Zona Arqueológica de San Cristobal Tepatlaxco,226,0,229,0,583,0,169,0,276,0,236,1,190,0,309,0,241,0,222,0,202,0,239,0
2024,Puebla,3120109,Zona Arqueológica de Tepapayeca,49,0,87,0,34,0,19,0,14,0,17,0,10,0,12,0,9,0,12,0,0,0,17,0
2024,Puebla,3120111,Zona Arqueológica de Tepexi el Viejo,63,0,68,0,29,0,25,0,75,0,75,0,72,0,72,0,105,0,47,0,77,0,92,0
2024,Puebla,3120128,Zona Arqueológica de Yohualichan,7396,25,3047,27,6021,72,5881,32,4443,62,4472,24,12436,31,10765,76,5336,37,6530,10,6329,42,7291,27
2024,Querétaro,3110013,Zona Arqueológica de El Cerrito,6241,468,4995,273,7554,273,6110,154,3720,51,4890,32,8092,201,7630,144,6161,0,5218,189,5380,232,6605,471
2024,Querétaro,3110030,Zona Arqueológica de Ranas,1041,12,1380,8,2466,8,1596,4,844,0,1258,4,1552,14,2272,9,1436,3,875,4,1459,6,1544,0
2024,Querétaro,3110034,Zona Arqueológica de Toluquilla,92,2,346,0,637,9,187,0,58,0,46,0,194,0,360,4,276,2,73,0,208,3,187,0
2024,Querétaro,3220021,Zona Arqueológica de Tancama,333,21,440,0,548,11,335,0,127,0,120,12,414,0,443,0,170,4,303,20,285,8,465,27
2024,Quintana Roo,3120022,Zona Arqueológica de Cobá,6904,19066,4462,19315,5892,15740,4493,14779,4117,8833,3243,8243,5416,10102,5091,11426,3612,4764,4311,10299,5098,12349,6851,13406
2024,Quintana Roo,3120032,Zona Arqueológica de Dzibanché-Kinichná,945,0,0,0,0,0,0,0,0,0,0,0,0,0,0,0,0,0,0,0,0,0,0,0
2024,Quintana Roo,3110015,Zona Arqueológica de El Meco,473,409,0,0,0,0,0,0,0,0,0,0,0,0,0,0,0,0,0,0,0,0,0,0
2024,Quintana Roo,3120038,Zona Arqueológica de El Rey,873,684,720,713,730,673,562,476,430,427,864,364,508,439,384,421,0,0,0,0,0,0,0,0
2024,Quintana Roo,3110019,Zona Arqueológica de Kohunlich,3266,0,2956,0,0,0,0,0,0,0,0,0,0,0,0,0,0,0,0,0,0,0,0,0
2024,Quintana Roo,3120078,Zona Arqueológica de Muyil,894,1497,943,1521,1051,1562,822,1064,420,901,11,65,0,0,0,0,0,0,0,0,0,0,0,0
2024,Quintana Roo,3120084,Zona Arqueológica de Oxtankah,0,0,0,0,0,0,0,0,0,0,0,0,0,0,0,0,0,0,0,0,81,0,1407,115
2024,Quintana Roo,3120092,Zona Arqueológica de San Gervasio,910,20536,891,15117,618,12952,244,7448,877,6918,645,5978,672,7628,869,7612,533,6383,0,2500,0,4600,1873,15522
2024,Quintana Roo,3110037,Zona Arqueológica de Tulum,36212,76006,31898,60238,34708,74293,23405,51852,38853,57980,45377,54256,48915,50299,54983,72676,39054,35331,44595,53222,46828,83591,63364,67358
2024,Quintana Roo,3110038,Zona Arqueológica de Xcaret,21,0,0,3,12,2,2,2,0,0,0,0,3,2,3,2,7,0,4,3,0,20,12,0
2024,Quintana Roo,3110039,Zona Arqueológica de Xelhá,12,39,0,0,0,0,0,0,0,0,0,0,0,0,0,0,0,0,0,0,0,0,0,0
2024,Quintana Roo,3120014,Zona Arqueológica de Chacchoben,779,19223,581,23805,942,26641,718,17268,557,14592,668,7702,736,14516,688,3436,508,8290,524,9651,700,19272,2304,21256
2024,San Luis Potosí,3120099,Zona Arqueológica de Tamohí,341,14,81,8,102,8,224,1,33,10,104,0,175,5,215,16,104,0,100,6,237,5,228,6
2024,San Luis Potosí,3120100,Zona Arqueológica de Tamtoc,290,0,197,3,1511,4,235,0,143,0,77,0,0,0,0,0,0,0,0,0,0,0,0,0
2024,Sinaloa,322033,Zona Arqueológica Las Labradas,100,0,300,0,3692,44,4546,25,205,0,190,0,493,0,502,0,108,0,24,21,0,0,18,0
2024,Sonora,3210132,Zona Arqueológica de Cerro de las Trincheras,103,0,107,0,83,0,148,0,157,0,71,0,75,0,37,0,67,0,104,0,90,0,81,0
2024,Tabasco,3120023,Zona Arqueológica de Comalcalco con museo de sitio,4302,67,5513,235,9136,118,4540,54,2680,16,2708,13,5206,11,3438,7,1314,30,3470,0,2647,28,4035,16
2024,Tabasco,3110023,Zona Arqueológica de La Venta con museo de sitio,500,37,461,65,709,0,517,44,409,30,339,16,354,46,351,10,352,5,367,4,398,21,516,23
2024,Tabasco,3120086,Zona Arqueológica de Pomoná con museo de sitio,178,9,221,15,344,0,213,5,108,2,97,0,121,3,97,1,77,0,173,0,232,2,127,3
2024,Tabasco,3120076,Zona Arqueológica de Malpasito,0,0,0,0,0,0,0,0,0,0,0,0,0,0,0,0,0,0,0,0,0,0,0,0
2024,Tabasco,3120089,Zona Arqueológica de Moral-Reforma,698,44,737,86,3583,0,4768,0,187,5,276,7,335,22,217,10,117,4,188,14,355,41,384,45
2024,Tabasco,3220017,Zona Arqueológica de San Claudio,77,10,52,6,62,0,40,3,34,5,29,2,40,7,26,7,26,0,68,8,48,4,57,4
2024,Tamaulipas,3120039,Zona Arqueológica de El Sabinito,2,0,63,0,175,0,16,6,23,0,5,0,13,0,54,0,3,0,7,5,22,0,44,0
2024,Tamaulipas,3120067,Zona Arqueológica de Las Flores,113,6,133,0,348,11,122,6,98,5,87,4,169,18,130,4,156,6,131,8,133,2,93,8
2024,Tamaulipas,3120006,Zona Arqueológica de Balcón de Montezuma,15,0,83,0,127,0,24,0,52,0,47,0,25,0,15,0,6,0,30,0,21,0,28,0
2024,Tlaxcala,3110005,Zona Arqueológica de Cacaxtla con museo de sitio,4881,255,5195,268,6253,283,7310,180,4474,72,4281,81,6664,139,8680,182,5322,99,20407,247,5314,310,4333,181
2024,Tlaxcala,3110105,Zona Arqueológica de Xochitécatl con museo de sitio,3254,100,3402,163,4072,45,3936,105,2011,55,1978,42,2124,55,2502,89,1880,38,2334,40,2580,63,2737,110
2024,Tlaxcala,3110033,Zona Arqueológica de Tizatlán con museo de sitio,119,5,236,6,107,0,178,4,191,0,136,0,234,0,206,0,72,0,207,0,306,0,144,0
2024,Tlaxcala,3120080,Zona Arqueológica de Ocotelulco con museo de sitio,0,0,18,3,84,1,0,0,40,0,17,9,37,1,210,0,17,0,42,3,43,0,0,0
2024,Tlaxcala,3120101,Zona Arqueológica de Tecoaque,345,0,374,2,695,8,233,2,652,8,411,6,2904,21,631,10,348,0,464,5,1223,5,0,0
2024,Veracruz,3120011,Zona Arqueológica de Castillo de Teayo con museo de sitio,81,0,171,0,478,0,153,0,153,0,63,0,63,0,98,0,78,0,104,0,807,0,366,0
2024,Veracruz,3120012,Zona Arqueológica de Cempoala con museo de sitio,1438,53,2276,81,1948,67,3391,76,2672,14,1992,25,2064,22,3361,32,1758,22,1746,42,2141,46,2304,83
2024,Veracruz,3120068,Zona Arqueológica de Las Higueras con museo de sitio,65,0,73,0,199,0,221,0,84,0,45,0,89,0,136,0,70,0,64,0,95,0,146,0
2024,Veracruz,3120093,Zona Arqueológica de San Lorenzo Tenochtitlan con museo de sitio,262,0,361,0,708,0,732,0,322,0,409,0,328,0,355,0,307,0,196,0,202,0,531,0
2024,Veracruz,3110016,Zona Arqueológica de El Tajín,17591,339,22460,365,42555,272,50512,291,26812,212,21035,146,25159,233,44651,258,13522,140,11625,317,37799,510,17429,175
2024,Veracruz,3220012,Zona Arqueológica de Cuauhtochco,0,0,0,0,0,0,0,0,0,0,0,0,0,0,0,0,0,0,0,0,0,0,0,0
2024,Veracruz,3120123,Zona Arqueológica de Vega de la Peña,25,0,23,0,45,0,25,4,35,0,33,0,27,0,15,0,31,0,23,0,12,9,0,0
2024,Veracruz,3120088,Zona Arqueológica de Quiahuitztlán,1704,33,2465,30,3634,48,2990,30,2256,28,1678,8,1700,13,2800,32,1595,4,1140,47,1541,15,1494,12
2024,Veracruz,3120024,Zona Arqueológica de Cuajilote,227,0,281,0,322,0,599,0,314,0,182,0,281,0,408,0,247,0,231,0,446,0,451,0
2024,Veracruz,3120030,Zona Arqueológica de Cuyuxquihui,121,0,192,2,125,0,240,2,74,1,68,2,80,0,142,0,63,0,54,0,89,5,193,0
2024,Veracruz,3220014,Zona Arqueológica de Las Limas,48,0,44,0,29,0,61,0,57,0,18,0,44,0,62,0,108,0,60,0,58,0,54,0
2024,Yucatán,3120001,Zona Arqueológica de Acanceh,908,278,630,149,764,169,533,130,368,96,272,72,714,114,622,93,705,47,366,51,591,101,879,157
2024,Yucatán,3120002,Zona Arqueológica de Aké,1672,1491,1221,713,2018,74,683,32,640,19,673,25,1252,1566,1399,7338,586,1526,927,79,1830,1118,3089,1116
2024,Yucatán,3120004,Zona Arqueológica de Balamcanché,0,0,0,0,0,0,0,0,0,0,0,0,0,0,0,0,0,0,0,0,0,0,0,0
2024,Yucatán,3120015,Zona Arqueológica de Chacmultún,230,10,275,25,283,24,108,3,41,5,32,5,161,0,170,2,110,0,130,9,115,2,207,11
2024,Yucatán,3110008,Zona Arqueológica de Chichén Itzá,84185,152133,50071,170468,71630,152886,48297,150929,44789,90958,46306,118504,71318,126995,74399,107330,44930,95545,44222,82318,47953,142018,76914,153099
2024,Yucatán,3120033,Zona Arqueológica de Dzibilchaltún con museo del Pueblo Maya,5021,1936,0,0,0,0,0,0,0,0,0,0,0,0,0,0,0,0,0,0,42,3,3689,721
2024,Yucatán,3120034,Zona Arqueológica de Ekbalam,6116,12705,5365,10843,7049,9365,5247,7915,3965,5025,3250,3150,5103,5936,11697,1172,3227,2086,3195,4741,5108,8255,7872,7844
2024,Yucatán,3120057,Zona Arqueológica de Kabah,2614,2167,2364,2242,2628,1832,1866,1111,1646,646,1088,588,2326,936,1698,1059,1232,619,2331,860,1802,1683,3194,1721
2024,Yucatán,3120064,Zona Arqueológica de Labná,890,490,631,478,1026,418,762,254,790,147,346,129,832,157,618,250,335,76,1172,186,595,418,987,510
2024,Yucatán,3120071,Zona Arqueológica de Loltún,0,0,0,0,0,0,0,0,0,0,0,0,0,0,0,0,0,0,0,0,0,0,0,0
2024,Yucatán,3120077,Zona Arqueológica de Mayapán,0,0,0,0,0,0,0,0,0,0,0,0,0,0,0,0,0,0,0,0,0,0,0,0
2024,Yucatán,3120097,Zona Arqueológica de Sayil,795,555,531,632,887,424,202,212,518,86,282,108,875,157,468,215,183,55,276,88,256,318,1216,336
2024,Yucatán,3120122,Zona Arqueológica de Uxmal con museo de sitio,16631,12345,14221,13498,20369,13343,13491,9455,8701,4871,8661,3449,16071,6702,13845,9287,8679,3237,10217,6115,12989,13381,21358,11175
2024,Yucatán,3120126,Zona Arqueológica de Xlapak,460,186,229,188,459,116,128,75,145,42,108,37,363,42,335,57,214,33,488,48,244,113,461,142
2024,Yucatán,3120083,Zona Arqueológica de Oxkintok,802,548,458,147,467,131,357,89,287,43,206,41,371,40,461,37,319,30,236,40,450,93,515,78
2024,Yucatán,3120056,Zona Arqueológica de Izamal,1903,700,1949,578,2086,685,1751,543,1879,478,1437,413,2334,618,1933,565,1545,501,1854,483,1830,502,3127,634
2024,Yucatán,3120135,Zona Arqueológica de Xcambó,1348,1544,1361,1660,2170,1761,1066,740,871,1149,611,770,1351,2406,1433,1860,1011,735,673,960,949,2580,1878,3846
2024,Zacatecas,3120003,Zona Arqueológica de Altavista o Chalchihuites con museo de sitio,219,6,198,4,1140,17,367,9,206,6,358,2,329,13,366,7,221,4,363,6,135,6,438,9
2024,Zacatecas,3110022,Zona Arqueológica de La Quemada con museo de sitio,1191,20,1170,20,2963,13,1960,17,695,13,1183,11,2317,12,1341,7,1132,11,974,19,906,6,1671,7
2024,Zacatecas,0,Zona Arqueológica Cerro del Teúl,468,20,365,11,1398,26,451,15,237,37,206,12,563,104,687,92,544,14,431,14,232,11,385,38
2024,Zacatecas,0,Zona Arqueológica Cerro de las Ventanas,351,25,424,0,460,5,658,0,403,7,79,4,487,39,402,0,355,2,417,27,235,5,298,26
2023,Baja California,3120040,Zona Arqueológica de El Vallecito,610,6,1143,16,815,9,1627,6,1236,4,1215,0,533,4,598,3,686,5,1246,24,1232,10,1088,23
2023,Baja California Sur,3120007,Zona Arqueológica de San Francisco de la Sierra,128,19,0,0,316,282,162,0,225,61,0,0,264,20,144,28,15,0,136,15,86,32,549,0
2023,Campeche,3120005,Zona Arqueológica de Balamkú,336,310,252,393,234,235,484,165,332,155,254,76,605,235,379,403,185,63,351,129,261,366,743,327
2023,Campeche,3110002,Zona Arqueológica de Becán,963,1017,687,1169,594,1039,1150,632,540,422,539,259,978,783,819,1025,613,159,943,521,700,1174,904,726
2023,Campeche,3120008,Zona Arqueológica de Calakmul,1943,3050,1243,3096,1257,2743,2614,2116,886,1390,691,808,1438,2525,1140,3962,619,693,931,1196,1006,2868,1442,1923
2023,Campeche,3120017,Zona Arqueológica de Chicanná,279,400,433,542,291,687,426,339,196,241,164,153,422,327,251,389,114,90,201,319,261,615,403,446
2023,Campeche,3120020,Zona Arqueológica de Chunhuhub,66,2,54,1,71,9,77,7,49,3,82,0,70,1,103,0,51,0,71,0,43,5,79,4
2023,Campeche,3110011,Zona Arqueológica de Dzibilnocac,542,8,297,9,223,14,433,4,555,1,135,3,304,4,431,10,210,14,389,2,470,3,578,19
2023,Campeche,3110012,Zona Arqueológica de Edzná,3330,920,2749,982,2548,961,4437,726,1921,357,1916,257,3659,621,3197,759,1532,337,10119,682,2751,1236,4572,929
2023,Campeche,3110017,Zona Arqueológica de El Tigre,433,5,305,9,215,2,654,12,325,0,197,0,556,2,610,0,337,0,443,5,231,0,666,1
2023,Campeche,3120042,Zona Arqueológica de Hochob,101,26,76,27,66,12,144,8,56,4,57,4,54,14,79,21,50,8,98,16,157,40,178,42
2023,Campeche,3120043,Zona Arqueológica de Hormiguero,232,137,206,127,227,101,215,55,189,33,153,60,190,101,161,53,101,16,198,32,149,94,227,108
2023,Campeche,3120058,Zona Arqueológica de Kankí,84,9,58,8,34,5,33,1,23,1,0,0,29,1,3,0,7,0,158,3,40,2,46,1
2023,Campeche,3120096,Zona Arqueológica de Santa Rosa Xtampak,64,27,85,25,71,19,74,8,0,0,3,2,30,0,52,6,24,4,50,3,28,18,58,18
2023,Campeche,3120118,Zona Arqueológica de Tohcok,81,16,21,40,59,11,40,30,97,0,43,0,41,9,224,0,65,0,148,2,115,37,153,26
2023,Campeche,3120125,Zona Arqueológica de Xcalumkín,159,8,169,20,191,0,177,0,193,0,154,0,174,0,257,2,70,1,279,5,195,0,217,0
2023,Campeche,3110041,Zona Arqueológica de Xpuhil,662,330,600,350,547,254,967,190,355,119,362,80,796,201,730,235,526,58,570,129,433,337,764,298
2023,Campeche,3120098,Zona Arqueológica de Tabasqueño,0,0,0,0,0,0,0,0,0,0,95,1,151,9,136,13,73,6,98,8,151,21,197,26
2023,Chiapas,3110004,Zona Arqueológica de Bonampak,2057,1123,1581,1209,1712,1282,3726,655,1252,381,1563,230,2747,691,2129,1761,1000,245,1317,468,1724,1007,1926,692
2023,Chiapas,3120019,Zona Arqueológica de Chincultic,1456,244,791,138,383,15,2112,353,763,76,892,81,1326,247,1238,267,223,168,582,77,584,202,865,115
2023,Chiapas,3110018,Zona Arqueológica de Izapa,237,192,307,0,515,96,919,0,414,0,228,0,828,0,343,14,219,22,261,1031,150,33,393,37
2023,Chiapas,3110026,"Zona Arqueológica de Palenque con museo ""Alberto Ruz L´Huiller""",25426,11006,16592,11203,20405,10661,44460,6459,20124,4339,16108,2952,33788,6238,27544,9371,10378,2216,13001,4567,15217,12180,30322,6321
2023,Chiapas,3120103,Zona Arqueológica de Tenam Puente,1588,95,999,74,1326,70,1846,90,1140,42,878,35,1311,41,916,44,331,69,655,21,928,90,980,73
2023,Chiapas,3110035,Zona Arqueológica de Toniná con museo de sitio,3819,509,2368,433,6179,462,6600,270,4837,239,2410,141,4079,258,3661,567,302,4,491,6,378,1,841,10
2023,Chiapas,3110044,Zona Arqueológica de Yaxchilán,2446,1457,1866,1497,2540,1661,4456,988,1892,558,1583,414,3020,909,2542,1686,1233,307,519,126,0,0,0,0
2023,Chiapas,3220004,Zona Arqueológica de Chiapa de Corzo,325,58,334,42,578,34,261,52,141,15,207,32,269,23,385,13,172,14,183,10,194,8,171,12
2023,Chiapas,3220028,Zona Arqueológica de Lagartero,0,0,0,0,0,0,0,0,0,0,0,0,0,0,0,0,0,0,67,4,0,0,0,0
2023,Chiapas,3120134,Zona Arqueológica de Iglesia Vieja,274,6,170,5,384,29,406,7,215,6,153,10,121,9,110,4,82,1,52,0,165,2,301,11
2023,Chihuahua,3110028,Zona Arqueológica de Paquimé con Museo de las Culturas del Norte,634,377,1154,136,1708,83,6201,241,3160,7,4128,86,4192,139,3014,103,2873,80,4469,87,2851,83,2624,63
2023,Chihuahua,3110010,Zona Arqueológica de Cuarenta Casas,86,2,86,0,208,8,2251,11,190,2,184,2,672,20,454,15,360,3,151,8,148,9,149,3
2023,Chihuahua,3120027,Zona Arqueológica de Cueva de la Olla,811,10,646,7,1228,71,6874,123,1266,52,1458,151,2572,32,2779,108,2900,124,2077,33,2900,93,1032,51
2023,Chihuahua,3120028,Zona Arqueológica de Cueva Grande,4,0,6,0,18,0,309,0,18,0,58,0,128,0,63,0,55,0,35,0,18,0,25,0
2023,Chihuahua,3120049,Zona Arqueológica de Huapoca,0,0,2,0,8,0,146,0,22,0,11,0,17,0,18,1,22,0,6,0,11,0,6,0
2023,Ciudad de México,3120013,Zona Arqueológica de Cerro de la Estrella,4401,55,3520,14,9098,12,7831,14,4791,2,4227,11,3991,16,3947,16,5192,15,5110,30,3560,48,3985,20
2023,Ciudad de México,3120029,Zona Arqueológica de Cuicuilco con museo de sitio,3259,353,7900,194,7670,192,4064,189,3567,139,4274,197,5648,300,4558,257,6462,210,4463,221,6623,328,5696,268
2023,Ciudad de México,3120116,Zona Arqueológica de Tlatelolco con museo de sitio,5388,527,3990,514,5390,431,5153,444,3763,444,3195,200,3785,599,3716,511,4739,309,7109,491,4942,652,3320,450
2023,Ciudad de México,0,Zona Arqueológica de Mixcoac,227,15,360,19,538,10,358,9,377,25,292,8,455,29,307,28,335,9,416,15,274,23,310,23
2023,Coahuila,0,Zona Paleontológica Rincón Colorado,0,0,538,0,247,2,973,0,204,1,160,1,434,22,163,11,294,2,489,4,204,5,262,8
2023,Colima,3120035,Zona Arqueológica de El Chanal,560,22,634,4,715,4,454,2,475,2,512,1,571,2,509,3,542,2,547,4,534,9,590,24
2023,Colima,3120059,Zona Arqueológica de La Campana,519,252,702,7,1472,4,680,5,825,68,603,3,654,3,587,2,751,5,767,6,816,13,844,38
2023,Durango,3110020,Zona Arqueológica de La Ferrería con museo de sitio,380,6,592,0,756,0,460,0,146,0,846,0,225,0,248,0,349,2,271,0,293,4,227,0
2023,Estado de México,3110001,Zona Arqueológica de Acozac,1934,0,939,0,2823,0,2121,0,1955,0,1470,2,3041,0,4231,0,1988,0,2603,0,2367,0,2130,0
2023,Estado de México,3110006,Zona Arqueológica de Calixtlahuaca,2251,0,2064,0,5281,0,2272,0,2008,0,1729,0,2403,0,2018,0,2001,0,2422,0,1958,0,1953,0
2023,Estado de México,3120018,Zona Arqueológica de Chimalhuacán con museo de sitio,872,0,687,0,1962,0,818,0,827,0,807,0,1511,0,1454,0,1736,3,3224,0,1521,0,1374,0
2023,Estado de México,3110014,Zona Arqueológica de El Conde,94,0,110,0,749,0,49,0,93,0,75,4,19,0,121,0,171,0,190,0,150,0,53,0
2023,Estado de México,3120050,Zona Arqueológica de Huexotla,45,0,157,0,363,0,248,2,160,0,425,0,364,0,351,0,277,0,278,0,276,0,255,0
2023,Estado de México,3120072,Zona Arqueológica de Los Melones,338,0,251,0,338,0,373,0,261,0,232,0,649,0,644,2,322,0,711,2,586,0,505,0
2023,Estado de México,3120073,Zona Arqueológica de Los Reyes La Paz,460,0,495,0,1771,0,1661,4,2507,0,1091,0,1377,0,1843,0,640,0,3299,13,2054,0,2481,0
2023,Estado de México,3120075,Zona Arqueológica de Malinalco,11367,63,11383,0,12766,0,18894,17,10549,0,7496,24,12598,37,11712,54,8456,39,7972,19,11935,49,11959,21
2023,Estado de México,3120095,"Zona Arqueológica de Santa Cecilia Acatitla con museo de la Escultura Mexica ""Eusebio Dávalos Hurtado""",479,8,307,0,1129,0,429,0,836,1,253,4,1030,21,859,14,280,12,578,0,872,0,142,0
2023,Estado de México,3120104,Zona Arqueológica de Tenayuca I con museo Xólotl,2416,47,2938,0,4233,0,2017,0,1912,30,1521,35,4247,43,1596,83,3169,64,3737,56,1293,50,2738,45
2023,Estado de México,3120129,Zona Arqueológica de Tenayuca II,148,0,104,0,94,0,121,0,382,0,87,0,240,0,250,0,248,0,238,0,190,0,158,0
2023,Estado de México,3110031,Zona Arqueológica Teotihuacan (con Museo de Sitio),130112,47821,102952,45086,129542,48754,145733,43388,97277,38819,78194,32164,141265,39813,114321,38048,74044,29787,63667,48057,98956,49569,110409,41206
2023,Estado de México,3110032,Zona Arqueológica de Tetzcotzinco,1098,29,1063,0,1046,0,1401,56,2266,0,2195,20,3510,5,3428,1,2657,54,3505,20,2505,6,2774,7
2023,Estado de México,3120115,Zona Arqueológica de Tlapacoya,320,0,410,0,979,0,626,0,725,0,636,0,895,0,446,0,624,0,622,0,484,5,628,3
2023,Estado de México,3120044,Zona Arqueológica de Huamango,0,0,0,0,0,0,0,0,0,0,0,0,0,0,0,0,0,0,0,0,0,0,0,0
2023,Estado de México,3120081,Zona Arqueológica de Ocoyoacac,0,0,0,0,0,0,0,0,0,0,0,0,0,0,0,0,0,0,0,0,0,0,0,0
2023,Estado de México,3120094,Zona Arqueológica de San Miguel Ixtapan,0,0,0,0,0,0,0,0,0,0,0,0,0,0,0,0,0,0,0,0,0,0,0,0
2023,Estado de México,3120108,Zona Arqueológica de Teotenango,0,0,0,0,0,0,0,0,0,0,0,0,0,0,5646,146,3359,107,3335,78,3656,78,3929,133
2023,Guanajuato,3120085,Zona Arqueológica de Plazuelas,921,53,593,33,1260,64,1062,14,625,28,518,64,991,68,1066,48,631,15,890,36,594,46,900,65
2023,Guanajuato,3220023,Zona Arqueológica de Peralta,971,49,809,20,1378,44,1471,39,507,33,526,13,1193,53,900,38,498,15,606,19,823,20,1054,54
2023,Guanajuato,3220022,Zona Arqueológica de Cañada de la Virgen,1845,0,0,0,0,0,0,0,0,0,0,0,0,0,0,0,0,0,0,0,0,0,0,0
2023,Guanajuato,3120133,Zona Arqueológica El Cóporo,406,12,450,4,0,0,1457,12,260,10,343,1,646,29,472,4,549,0,423,20,0,0,185,3
2023,Guanajuato,0,Zona Arqueológica Arroyo Seco,180,10,228,6,497,6,254,0,140,2,85,2,293,5,369,0,195,1,767,0,243,8,218,1
2023,Guerrero,3120046,Zona Arqueológica de Huamuxtitlán,44,8,95,11,139,7,138,27,91,11,155,12,123,13,143,10,148,19,161,11,150,16,163,35
2023,Guerrero,3120053,Zona Arqueológica de Ixcateopan,148,2,1420,13,267,3,98,4,121,8,164,9,356,10,381,12,187,4,379,2,258,9,467,7
2023,Guerrero,3110021,Zona Arqueológica de La Organera Xochipala,178,0,124,0,1531,0,258,0,63,0,72,0,68,0,143,0,113,0,72,0,78,0,127,0
2023,Guerrero,3120062,Zona Arqueológica de La Sabana,34,0,20,0,21,0,31,0,40,0,36,0,25,0,25,0,216,0,0,0,0,0,0,0
2023,Guerrero,3120026,Zona Arqueológica de Cuetlajuchitlán (Los Querende),19,0,40,0,33,0,23,0,25,0,44,0,65,0,38,0,22,0,17,0,20,0,29,0
2023,Guerrero,3110027,Zona Arqueológica de Palma Sola,138,7,205,8,186,16,222,2,395,1,76,0,109,29,102,4,64,0,0,0,0,0,0,0
2023,Guerrero,3120106,Zona Arqueológica de Teopantecuanitlán,64,0,54,0,56,0,74,0,30,0,53,0,42,0,61,0,17,0,43,0,41,0,34,0
2023,Guerrero,3220027,Zona Arqueológica de Tehuacalco,405,2,486,20,819,17,466,3,236,0,349,0,607,6,367,5,125,2,101,0,187,0,294,0
2023,Guerrero,3120132,Zona Arqueológica Soledad de Maciel,318,410,548,405,1045,282,558,126,492,576,530,52,462,118,434,35,314,360,145,76,63,635,377,975
2023,Hidalgo,3120048,Zona Arqueológica de Huapalcalco,1390,10,1320,0,2900,0,2383,0,2075,0,1350,0,2410,0,1432,0,1201,0,1550,5,1550,5,1025,0
2023,Hidalgo,3120110,Zona Arqueológica de Tepeapulco,1177,12,871,3,2353,3,1360,6,941,4,981,4,1224,3,1021,2,864,4,970,10,1027,14,1420,13
2023,Hidalgo,3110036,Zona Arqueológica de Tula con museo de sitio,12885,577,16897,586,19666,375,21931,391,11594,255,6133,166,14807,335,14623,504,7575,188,17348,504,10664,627,25615,455
2023,Hidalgo,3120136,Zona Arqueológica Pahñú,963,18,844,5,2280,4,1352,0,503,4,521,0,1084,6,895,6,510,0,967,0,967,0,838,2
2023,Jalisco,3120054,Zona Arqueológica de Ixtépete,0,0,0,0,0,0,0,0,0,0,0,0,0,0,0,0,0,0,0,0,0,0,0,0
2023,Jalisco,3120113,Zona Arqueológica de Teuchitlán,14350,992,12348,1034,25923,1118,15457,773,4193,337,15566,861,14129,1189,0,0,11140,705,14404,992,10058,1034,0,0
2023,Michoacán,3120047,Zona Arqueológica de Huandacareo,126,0,154,0,294,6,197,7,117,0,140,0,169,0,148,0,96,0,136,0,129,0,114,0
2023,Michoacán,3120052,Zona Arqueológica de Ihuatzio,593,0,888,0,710,25,1112,21,540,7,694,11,897,7,811,5,459,2,779,10,972,40,778,5
2023,Michoacán,3120091,Zona Arqueológica de San Felipe los Alzati,496,0,794,0,518,4,303,7,118,0,564,4,339,5,745,3,544,0,610,0,775,9,463,0
2023,Michoacán,3120114,Zona Arqueológica de Tingambato,2150,0,1757,0,2342,17,2558,32,1215,11,1563,17,1785,27,1596,20,1165,8,1152,14,1328,42,1241,7
2023,Michoacán,3120119,Zona Arqueológica de Tres Cerritos,93,0,107,0,216,2,206,0,116,0,115,0,217,0,213,0,204,0,182,0,154,0,141,0
2023,Michoacán,3120121,Zona Arqueológica de Tzintzuntzan con museo de sitio,4719,97,4801,0,6005,62,5291,107,4478,128,4241,119,5224,203,6371,229,4109,116,4942,184,17021,452,6364,171
2023,Morelos,3110007,Zona Arqueológica de Chalcatzingo,2334,9,1991,35,2847,29,2346,2,1093,16,1474,15,2557,16,2467,15,1504,12,1494,34,1860,12,2337,12
2023,Morelos,3110040,Zona Arqueológica de Xochicalco con museo de sitio,7509,978,5298,769,9581,708,8067,738,4222,215,4122,291,4394,373,6826,588,3733,239,3872,363,4814,744,4580,313
2023,Morelos,3120021,Zona Arqueológica de Coatetelco con museo de sitio,12,0,13,0,114,0,25,0,84,0,89,0,37,0,53,2,192,0,82,8,15,0,34,0
2023,Morelos,3120069,Zona Arqueológica de Las Pilas,126,0,86,0,129,0,183,0,177,0,77,0,82,0,289,0,32,0,48,0,64,0,52,0
2023,Morelos,3120112,Zona Arqueológica de Tepozteco,16972,3632,20738,3951,15650,3839,22265,5564,11150,3034,12381,3440,22793,5861,20474,5398,17486,4829,16378,3054,16561,4847,19377,6250
2023,Morelos,3120107,Zona Arqueológica de Teopanzolco,691,37,643,32,873,60,1199,0,992,19,374,42,1021,29,785,58,680,56,984,66,733,87,667,69
2023,Morelos,3110043,Zona Arqueológica de Yautepec,121,0,85,0,692,0,123,0,134,0,51,0,133,0,243,0,194,0,196,0,95,0,174,0
2023,Nayarit,3120055,Zona Arqueológica de Ixtlán del Río,407,23,410,31,576,10,785,11,313,0,492,16,543,18,700,10,432,7,473,3,1839,10,664,10
2023,Nuevo León,3110003,Zona Arqueológica de Boca de Potrerillos,176,15,79,5,608,7,306,5,84,0,102,0,103,1,86,0,71,0,136,5,103,0,143,5
2023,Oaxaca,3120031,Zona Arqueológica de Dainzú,160,21,84,3,113,7,381,11,252,13,209,11,326,25,333,11,343,6,100,15,258,30,414,29
2023,Oaxaca,3120041,Zona Arqueológica de Guiengola,0,0,0,0,0,0,0,0,129,9,115,5,107,18,113,5,102,0,198,16,119,0,140,0
2023,Oaxaca,3120051,Zona Arqueológica de Huijazoo,460,13,213,11,229,27,176,28,223,29,298,20,1671,65,151,23,224,30,167,23,328,50,324,40
2023,Oaxaca,3120065,Zona Arqueológica de Lambityeco,0,0,44,25,141,48,233,12,203,28,286,4,485,16,328,14,174,12,448,11,227,28,478,26
2023,Oaxaca,3110024,Zona Arqueológica de Mitla,7447,831,6990,833,7715,882,9989,408,6440,516,7365,467,13458,660,10074,633,6809,372,8431,1090,10468,1283,11619,1118
2023,Oaxaca,3110025,Zona Arqueológica de Monte Albán con museo de sitio,31245,9698,25115,8043,27874,8184,44939,5412,24995,4396,22929,3639,56771,6046,40105,5477,19764,3640,20780,6716,28276,10228,44229,7262
2023,Oaxaca,3110042,Zona Arqueológica de Yagul,851,304,436,318,1150,368,1037,147,572,100,656,72,1152,168,744,180,534,76,1057,186,640,334,1232,214
2023,Oaxaca,3110045,Zona Arqueológica de Zaachila,70,14,440,31,352,52,203,27,121,17,417,10,382,33,321,31,207,11,275,28,315,94,501,102
2023,Oaxaca,3120045,Zona Arqueológica de Huamelulpan,229,0,272,6,1233,13,564,17,732,8,450,5,232,4,346,5,358,12,409,6,385,0,405,6
2023,Oaxaca,3120131,Zona Arqueológica de Bocana del Río Copalita (con museo de sitio),0,0,0,0,0,0,0,0,0,0,0,0,0,0,0,0,0,0,0,0,0,0,0,0
2023,Oaxaca,3220034,Zona Arqueológica de Atzompa,2228,176,1077,20,2181,180,1509,11,870,0,624,257,1474,3,1958,3,1183,58,1770,41,1544,24,2326,36
2023,Puebla,3120010,Zona Arqueológica de Cantona,2623,0,2189,0,3874,3,2841,62,1821,7,1615,5,2699,16,2520,9,1399,7,2088,39,2150,0,2133,3
2023,Puebla,3110009,Zona Arqueológica de Cholula con museo de sitio,8386,2188,6809,2011,13788,2046,14512,1853,5919,1139,6331,1317,14080,1269,13574,1195,7693,1208,7852,1695,10713,2570,16270,1619
2023,Puebla,3120090,Zona Arqueológica de San Cristobal Tepatlaxco,165,0,144,0,2116,0,315,1,164,0,167,0,319,0,269,0,196,0,202,0,196,0,209,0
2023,Puebla,3120109,Zona Arqueológica de Tepapayeca,47,0,106,0,117,0,67,0,44,0,43,0,55,0,61,0,60,0,77,0,30,0,85,0
2023,Puebla,3120111,Zona Arqueológica de Tepexi el Viejo,40,0,64,0,52,0,53,0,44,0,50,0,53,0,48,0,70,0,52,0,42,0,91,0
2023,Puebla,3120128,Zona Arqueológica de Yohualichan,3685,23,2940,23,5034,68,9719,49,4378,41,3131,32,8484,80,6544,41,2518,37,3530,22,4880,30,10054,56
2023,Querétaro,3110013,Zona Arqueológica de El Cerrito,4508,477,4545,516,10618,631,9282,450,3453,115,4200,20,7489,827,7764,381,5070,287,5637,346,4763,227,6918,513
2023,Querétaro,3110030,Zona Arqueológica de Ranas,1674,15,1434,15,1675,3,3246,3,1355,0,1545,21,2688,21,2723,17,1794,10,1077,2,1972,5,1555,17
2023,Querétaro,3110034,Zona Arqueológica de Toluquilla,386,0,461,0,234,0,520,0,196,0,210,0,411,0,294,0,290,0,72,0,318,0,251,0
2023,Querétaro,3220021,Zona Arqueológica de Tancama,266,16,302,15,228,30,657,14,378,9,143,0,270,22,120,15,2579,0,182,2,860,10,455,5
2023,Quintana Roo,3120022,Zona Arqueológica de Cobá,0,0,0,0,0,0,0,0,0,0,0,0,1392,3603,6711,25268,3839,13281,5242,13671,5094,15844,10245,17202
2023,Quintana Roo,3120032,Zona Arqueológica de Dzibanché-Kinichná,587,1452,219,503,603,478,512,377,159,304,183,301,535,140,302,267,154,149,674,0,407,0,937,0
2023,Quintana Roo,3110015,Zona Arqueológica de El Meco,996,732,740,563,886,704,1108,443,654,465,1018,391,1032,310,481,418,423,321,544,354,557,630,1038,440
2023,Quintana Roo,3120038,Zona Arqueológica de El Rey,614,598,580,503,798,566,632,480,584,419,712,293,611,359,533,372,416,280,717,332,602,425,1048,755
2023,Quintana Roo,3110019,Zona Arqueológica de Kohunlich,1112,3107,593,2454,817,4298,829,1113,493,1508,539,1519,626,1242,723,1260,400,314,2342,0,2598,0,4192,0
2023,Quintana Roo,3120078,Zona Arqueológica de Muyil,770,2151,629,2060,701,1991,942,1862,855,1439,147,1241,677,1527,441,1175,169,503,704,791,1041,1372,1465,1526
2023,Quintana Roo,3120084,Zona Arqueológica de Oxtankah,824,122,826,89,906,77,1288,55,640,30,608,19,586,19,687,51,63,6,0,0,0,0,0,0
2023,Quintana Roo,3120092,Zona Arqueológica de San Gervasio,1207,19085,966,14546,1282,15520,994,7302,556,4176,782,8104,1096,6557,1057,7151,562,4445,776,5628,567,9662,1396,16658
2023,Quintana Roo,3110037,Zona Arqueológica de Tulum,80937,131278,53701,78199,53249,80150,60753,89893,23085,37041,29307,47917,44794,59677,43499,59254,25668,42220,34560,29777,27158,41266,45689,81892
2023,Quintana Roo,3110038,Zona Arqueológica de Xcaret,10,0,10,2,76,2,7,2,9,1,4,2,9,1,16,0,3,4,61,1,1,4,27,21
2023,Quintana Roo,3110039,Zona Arqueológica de Xelhá,134,55,86,71,132,57,147,71,198,78,163,56,95,33,80,30,108,29,50,15,100,63,186,66
2023,Quintana Roo,3120014,Zona Arqueológica de Chacchoben,781,22787,608,8655,949,19882,990,13183,578,12513,598,12478,954,15371,956,10529,464,8834,732,7543,560,20519,1060,22017
2023,San Luis Potosí,3120099,Zona Arqueológica de Tamohí,314,4,249,9,707,4,417,3,137,4,261,4,156,1,209,8,75,1,90,10,387,30,169,16
2023,San Luis Potosí,3120100,Zona Arqueológica de Tamtoc,406,1,350,6,565,0,576,2,650,2,164,0,755,1,322,0,86,67,242,0,1495,13,238,0
2023,Sinaloa,322033,Zona Arqueológica Las Labradas,300,0,450,20,6328,66,450,0,272,0,200,0,400,0,600,0,450,0,154,0,300,0,312,0
2023,Sonora,3210132,Zona Arqueológica de Cerro de las Trincheras,92,101,472,6,204,0,254,0,59,0,95,0,32,0,80,0,18,0,33,0,32,0,23,0
2023,Tabasco,3120023,Zona Arqueológica de Comalcalco con museo de sitio,8271,94,4264,84,7500,78,9462,49,4039,60,3938,136,7127,97,6596,52,3376,46,4113,48,2783,92,4265,137
2023,Tabasco,3110023,Zona Arqueológica de La Venta con museo de sitio,475,26,318,47,547,50,970,44,389,3,396,28,495,13,508,12,301,7,410,15,312,2,773,26
2023,Tabasco,3120086,Zona Arqueológica de Pomoná con museo de sitio,116,0,141,3,177,2,227,5,104,0,90,2,286,2,139,3,69,4,65,17,64,7,126,10
2023,Tabasco,3120076,Zona Arqueológica de Malpasito,0,0,0,0,0,0,0,0,0,0,0,0,0,0,0,0,0,0,0,0,0,0,0,0
2023,Tabasco,3120089,Zona Arqueológica de Moral-Reforma,204,10,196,15,499,13,6287,36,230,9,190,5,265,3,444,13,267,0,174,10,237,24,538,48
2023,Tabasco,3220017,Zona Arqueológica de San Claudio,93,4,40,5,53,6,26,6,35,24,22,0,34,0,65,2,42,3,48,6,55,8,59,17
2023,Tamaulipas,3120039,Zona Arqueológica de El Sabinito,70,0,70,0,237,0,153,0,112,0,17,0,46,0,17,0,68,0,33,0,6,0,29,0
2023,Tamaulipas,3120067,Zona Arqueológica de Las Flores,133,9,50,0,217,6,236,6,100,9,99,5,140,3,122,5,103,4,117,7,151,2,111,0
2023,Tamaulipas,3120006,Zona Arqueológica de Balcón de Montezuma,81,0,123,0,74,1,94,0,42,0,17,0,22,0,17,0,36,0,133,0,81,0,29,0
2023,Tlaxcala,3110005,Zona Arqueológica de Cacaxtla con museo de sitio,4904,264,6288,264,6456,267,7870,266,5315,164,4092,146,7864,73,11034,225,6564,77,11695,161,6066,232,4570,250
2023,Tlaxcala,3110105,Zona Arqueológica de Xochitécatl con museo de sitio,3472,155,3278,80,4572,143,3287,185,2432,54,2333,35,2719,105,3220,159,2131,22,3709,60,2780,85,3485,80
2023,Tlaxcala,3110033,Zona Arqueológica de Tizatlán con museo de sitio,119,0,170,0,148,0,106,4,83,0,198,0,74,0,121,0,138,0,106,0,146,0,96,0
2023,Tlaxcala,3120080,Zona Arqueológica de Ocotelulco con museo de sitio,9,6,21,9,10,0,8,0,12,0,23,0,8,0,22,0,4,0,11,0,15,0,12,0
2023,Tlaxcala,3120101,Zona Arqueológica de Tecoaque,467,5,834,43,1249,23,1340,8,415,0,639,22,1550,28,1014,0,632,2,375,11,1441,45,784,3
2023,Veracruz,3120011,Zona Arqueológica de Castillo de Teayo con museo de sitio,139,0,109,0,686,0,128,0,87,0,76,0,125,0,250,0,84,0,51,0,1128,0,285,0
2023,Veracruz,3120012,Zona Arqueológica de Cempoala con museo de sitio,4229,130,2226,139,4325,70,5471,52,2993,49,2267,59,2732,54,4344,74,2061,28,1786,98,1991,98,3035,72
2023,Veracruz,3120068,Zona Arqueológica de Las Higueras con museo de sitio,104,0,118,0,95,0,104,0,88,0,127,0,140,0,135,0,87,0,70,0,129,0,51,0
2023,Veracruz,3120093,Zona Arqueológica de San Lorenzo Tenochtitlan con museo de sitio,183,0,245,0,346,0,916,0,297,0,333,0,264,0,321,0,335,0,344,0,264,0,365,0
2023,Veracruz,3110016,Zona Arqueológica de El Tajín,24010,294,21435,272,36693,316,56496,199,31270,160,24700,142,29896,232,48634,227,16925,129,12170,178,20998,413,20160,306
2023,Veracruz,3220012,Zona Arqueológica de Cuauhtochco,0,0,0,0,0,0,0,0,0,0,0,0,0,0,0,0,0,0,0,0,0,0,0,0
2023,Veracruz,3120123,Zona Arqueológica de Vega de la Peña,0,0,0,0,45,0,33,2,27,0,32,5,10,0,10,5,26,3,30,2,32,2,25,9
2023,Veracruz,3120088,Zona Arqueológica de Quiahuitztlán,2097,46,2015,37,2519,48,5338,31,2749,23,2873,23,3054,30,2986,12,1299,9,1714,41,1570,34,1559,44
2023,Veracruz,3120024,Zona Arqueológica de Cuajilote,281,0,222,6,399,0,344,0,295,0,352,0,411,12,314,0,258,0,233,0,339,0,285,0
2023,Veracruz,3120030,Zona Arqueológica de Cuyuxquihui,155,0,160,0,70,0,130,0,0,0,90,0,80,0,85,0,65,0,115,0,112,0,141,0
2023,Veracruz,3220014,Zona Arqueológica de Las Limas,24,0,79,0,25,0,40,0,31,0,68,0,25,0,25,0,65,0,61,0,37,0,51,0
2023,Yucatán,3120001,Zona Arqueológica de Acanceh,443,112,324,120,354,61,641,50,509,28,239,38,701,46,655,48,318,27,559,25,447,206,909,263
2023,Yucatán,3120002,Zona Arqueológica de Aké,1650,93,1336,126,1365,69,1916,93,1022,22,1283,43,1663,74,1130,70,1013,20,1315,34,1324,60,1404,92
2023,Yucatán,3120004,Zona Arqueológica de Balamcanché,0,0,0,0,0,0,0,0,0,0,0,0,0,0,0,0,0,0,0,0,0,0,0,0
2023,Yucatán,3120015,Zona Arqueológica de Chacmultún,371,13,292,22,181,9,187,6,183,4,96,7,272,4,160,10,160,2,172,6,187,15,194,14
2023,Yucatán,3110008,Zona Arqueológica de Chichén Itzá,57889,87623,96092,111695,67241,139832,83620,121092,63125,101617,58147,99593,75880,160038,87932,133171,61812,71960,79337,89017,83992,139345,97524,164871
2023,Yucatán,3120033,Zona Arqueológica de Dzibilchaltún con museo del Pueblo Maya,6399,2008,4480,1209,6571,1423,5307,1026,2286,312,3294,408,5041,494,4288,497,2220,507,4247,424,4292,680,6313,1082
2023,Yucatán,3120034,Zona Arqueológica de Ekbalam,9149,27882,4892,10934,6090,8089,6823,10157,4154,7167,3725,4963,5573,6012,6273,9493,2952,7157,4881,5298,5221,7514,6890,8421
2023,Yucatán,3120057,Zona Arqueológica de Kabah,2885,1881,2086,1650,3058,1498,3074,1165,1771,746,1953,528,3038,1326,1562,1269,1248,602,2611,1174,2032,2248,3494,2246
2023,Yucatán,3120064,Zona Arqueológica de Labná,1123,523,932,433,1225,454,617,218,432,175,706,85,1339,277,721,474,237,94,687,171,651,547,1166,417
2023,Yucatán,3120071,Zona Arqueológica de Loltún,0,0,0,0,0,0,0,0,0,0,0,0,0,0,0,0,0,0,0,0,0,0,0,0
2023,Yucatán,3120077,Zona Arqueológica de Mayapán,4060,4424,3391,2470,3523,897,3393,765,2208,408,1760,2481,3268,2572,2656,593,1644,2279,2565,1118,619,194,0,0
2023,Yucatán,3120097,Zona Arqueológica de Sayil,810,673,607,484,391,434,870,337,380,162,733,80,957,260,633,270,309,116,579,219,707,539,896,350
2023,Yucatán,3120122,Zona Arqueológica de Uxmal con museo de sitio,21107,15363,15289,13448,15904,12054,1438,282,10229,4845,10538,3224,19465,7843,17839,10941,8198,3133,16144,5803,14739,11336,23744,10782
2023,Yucatán,3120126,Zona Arqueológica de Xlapak,225,210,295,141,251,107,134,42,117,44,774,39,607,80,302,109,208,42,270,52,259,169,339,127
2023,Yucatán,3120083,Zona Arqueológica de Oxkintok,749,146,418,110,479,134,498,39,311,46,309,39,458,53,480,47,245,30,732,29,439,96,427,94
2023,Yucatán,3120056,Zona Arqueológica de Izamal,3037,506,0,0,2234,528,1587,359,2223,429,1469,358,1469,358,2011,485,1656,323,969,352,1574,434,2875,782
2023,Yucatán,3120135,Zona Arqueológica de Xcambó,1406,1315,1145,1641,1188,1993,619,314,1059,217,876,663,1186,1133,1309,668,828,867,986,669,898,710,1400,1189
2023,Zacatecas,3120003,Zona Arqueológica de Altavista o Chalchihuites con museo de sitio,240,8,236,3,1227,13,705,19,438,10,415,17,567,67,279,0,347,1,357,9,388,2,337,10
2023,Zacatecas,3110022,Zona Arqueológica de La Quemada con museo de sitio,882,19,855,20,2877,24,1495,17,797,13,771,11,2127,8,1265,0,819,12,1493,5,767,6,1237,21
2023,Zacatecas,0,Zona Arqueológica Cerro del Teúl,402,23,229,25,512,8,1277,0,310,1,188,4,555,28,758,59,321,10,792,24,246,15,560,78
2023,Zacatecas,0,Zona Arqueológica Cerro de las Ventanas,329,52,223,2,750,4,877,0,357,0,322,0,646,16,412,1,445,4,247,6,213,16,302,14
2022,Baja California,3120040,Zona Arqueológica de El Vallecito,1323,7,1148,12,1074,25,1898,13,1142,12,704,5,841,1,401,7,541,7,834,28,1281,20,486,7
2022,Baja California Sur,3120007,Zona Arqueológica de San Francisco de la Sierra,0,0,275,47,22,0,672,120,24,0,81,42,0,0,200,68,0,0,99,14,0,0,164,0
2022,Campeche,3120005,Zona Arqueológica de Balamkú,264,312,209,333,245,388,440,234,219,139,197,95,336,212,323,324,173,116,237,103,342,284,433,235
2022,Campeche,3110002,Zona Arqueológica de Becán,737,866,428,994,627,1025,926,867,539,398,547,356,740,892,707,900,536,250,809,507,573,1218,1017,657
2022,Campeche,3120008,Zona Arqueológica de Calakmul,2163,3061,1293,3361,1517,2935,2567,2610,1291,1650,1196,1138,2419,3019,2109,4675,961,1099,1071,1524,1262,3000,2526,2204
2022,Campeche,3120017,Zona Arqueológica de Chicanná,257,372,133,486,309,479,224,412,163,181,208,149,215,282,199,377,153,103,207,242,178,635,380,421
2022,Campeche,3120020,Zona Arqueológica de Chunhuhub,82,24,67,2,77,11,56,4,34,0,23,2,46,1,56,0,41,0,57,1,76,1,91,0
2022,Campeche,3110011,Zona Arqueológica de Dzibilnocac,520,6,357,6,383,15,454,8,421,1,208,3,516,0,334,11,183,0,232,4,588,20,433,10
2022,Campeche,3110012,Zona Arqueológica de Edzná,3527,1121,2628,901,2837,919,3464,592,2245,380,1931,266,3916,622,3219,812,1788,380,2061,477,2437,911,4435,880
2022,Campeche,3110017,Zona Arqueológica de El Tigre,510,14,213,5,295,5,586,2,220,1,187,4,397,0,368,0,181,2,184,7,141,0,372,7
2022,Campeche,3120042,Zona Arqueológica de Hochob,168,41,80,33,208,20,108,10,75,6,57,2,131,6,120,17,89,6,66,4,90,8,241,22
2022,Campeche,3120043,Zona Arqueológica de Hormiguero,255,150,182,155,212,145,255,79,182,59,175,41,285,107,271,94,141,120,213,69,149,88,191,103
2022,Campeche,3120058,Zona Arqueológica de Kankí,68,14,86,1,38,0,81,1,17,2,13,0,39,0,41,0,40,0,31,0,51,2,10,2
2022,Campeche,3120096,Zona Arqueológica de Santa Rosa Xtampak,197,29,78,23,164,7,129,22,50,4,74,4,65,2,110,8,58,0,33,5,77,14,65,32
2022,Campeche,3120118,Zona Arqueológica de Tohcok,120,23,107,0,149,12,105,8,29,0,103,10,110,0,105,2,77,0,107,1,127,4,100,21
2022,Campeche,3120125,Zona Arqueológica de Xcalumkín,143,12,99,3,143,5,164,0,90,1,185,5,127,0,230,2,148,1,106,1,160,7,73,2
2022,Campeche,3110041,Zona Arqueológica de Xpuhil,653,448,422,364,619,359,674,202,339,123,381,95,619,235,771,305,468,87,490,115,519,332,794,245
2022,Campeche,3120098,Zona Arqueológica de Tabasqueño,0,0,0,0,0,0,0,0,0,0,0,0,0,0,0,0,0,0,0,0,0,0,0,0
2022,Chiapas,3110004,Zona Arqueológica de Bonampak,1455,649,1497,801,2089,898,3602,770,1806,501,1676,289,2278,904,2536,1595,1163,384,1591,660,2092,1339,3342,1020
2022,Chiapas,3120019,Zona Arqueológica de Chincultic,1992,88,373,145,667,62,1840,257,271,34,559,47,1235,102,1175,125,512,54,882,96,622,144,1846,100
2022,Chiapas,3110018,Zona Arqueológica de Izapa,1270,145,156,35,163,47,597,475,373,273,136,30,348,82,183,25,135,17,235,33,235,33,455,68
2022,Chiapas,3110026,"Zona Arqueológica de Palenque con museo ""Alberto Ruz L´Huiller""",31865,5133,13283,6219,18844,6183,37867,5165,18921,3847,14696,3214,31344,7154,30898,9217,12025,3755,14054,6493,17452,11630,34777,6983
2022,Chiapas,3120103,Zona Arqueológica de Tenam Puente,0,0,0,0,0,0,0,0,0,0,0,0,942,21,1233,46,1048,34,770,77,1010,127,1503,64
2022,Chiapas,3110035,Zona Arqueológica de Toniná con museo de sitio,3205,339,1585,273,3004,321,4880,379,2201,302,2111,190,3741,386,3690,657,1847,554,2347,348,2068,340,4485,484
2022,Chiapas,3110044,Zona Arqueológica de Yaxchilán,2578,612,1721,1271,2392,1162,3901,1085,1522,543,1863,492,2669,918,3050,1469,1351,329,1448,935,2119,1849,3938,1101
2022,Chiapas,3220004,Zona Arqueológica de Chiapa de Corzo,258,43,129,23,296,23,190,16,193,9,192,23,202,32,192,18,185,2,200,42,199,42,300,33
2022,Chiapas,3220028,Zona Arqueológica de Lagartero,0,0,0,0,0,0,0,0,0,0,0,0,0,0,0,0,0,0,0,0,0,0,0,0
2022,Chiapas,3120134,Zona Arqueológica de Iglesia Vieja,412,15,265,5,420,20,479,21,225,0,192,23,257,9,157,8,22,1,41,4,116,7,300,7
2022,Chihuahua,3110028,Zona Arqueológica de Paquimé con Museo de las Culturas del Norte,161,51,1005,0,2265,209,3931,87,2253,45,2209,73,1393,67,2031,40,3145,39,3486,0,2427,24,1296,54
2022,Chihuahua,3110010,Zona Arqueológica de Cuarenta Casas,216,0,91,1,276,5,2061,4,395,12,290,9,1021,36,478,24,324,6,153,3,120,0,237,8
2022,Chihuahua,3120027,Zona Arqueológica de Cueva de la Olla,956,31,678,21,2371,67,5845,130,1153,8,1819,126,2625,219,3442,99,2591,89,2272,71,1682,70,511,102
2022,Chihuahua,3120028,Zona Arqueológica de Cueva Grande,0,0,0,0,26,0,303,0,37,0,23,0,57,0,36,0,18,0,6,0,8,0,8,0
2022,Chihuahua,3120049,Zona Arqueológica de Huapoca,2,0,0,0,5,0,89,0,22,0,18,0,53,0,15,0,7,0,8,0,6,0,0,0
2022,Ciudad de México,3120013,Zona Arqueológica de Cerro de la Estrella,3037,0,3639,0,10171,0,5030,0,5073,0,6304,0,7240,0,8978,0,6278,0,5130,0,5267,0,5280,0
2022,Ciudad de México,3120029,Zona Arqueológica de Cuicuilco con museo de sitio,1943,222,2136,187,4890,307,3362,213,2900,333,3660,269,3635,317,3733,257,2944,152,3530,250,3049,353,2946,252
2022,Ciudad de México,3120116,Zona Arqueológica de Tlatelolco con museo de sitio,1598,463,472,267,1303,0,3581,870,5163,998,4993,1002,7220,1703,6960,1440,5140,2071,7262,1952,3721,153,3554,558
2022,Ciudad de México,0,Zona Arqueológica de Mixcoac,200,0,255,0,458,0,346,0,286,0,249,0,413,0,299,0,273,0,409,0,276,0,287,0
2022,Colima,3120035,Zona Arqueológica de El Chanal,246,1,501,7,552,6,534,7,486,1,434,2,339,2,383,2,334,1,402,3,373,6,506,8
2022,Colima,3120059,Zona Arqueológica de La Campana,392,6,779,17,917,8,909,6,696,2,590,6,620,4,709,3,450,2,440,3,482,24,678,47
2022,Durango,3110020,Zona Arqueológica de La Ferrería con museo de sitio,311,14,231,2,702,5,326,5,447,5,152,0,319,2,309,9,223,2,132,0,649,0,190,7
2022,Estado de México,3110001,Zona Arqueológica de Acozac,0,0,0,0,6472,0,3896,0,2692,0,1713,0,1802,3,3128,0,1813,0,3657,1,1579,0,1643,0
2022,Estado de México,3110006,Zona Arqueológica de Calixtlahuaca,0,0,656,0,13890,4,3217,3,1980,9,1738,0,2030,0,2895,0,2045,0,1874,0,2223,0,2488,0
2022,Estado de México,3120018,Zona Arqueológica de Chimalhuacán con museo de sitio,0,0,0,0,0,0,0,0,0,0,60,0,439,0,1137,4,778,0,1685,0,758,0,1068,0
2022,Estado de México,3110014,Zona Arqueológica de El Conde,0,0,0,0,289,0,0,0,0,0,41,33,36,35,74,0,49,51,64,0,121,0,48,0
2022,Estado de México,3120050,Zona Arqueológica de Huexotla,0,0,0,0,0,0,0,0,0,0,148,0,171,0,231,0,201,0,254,8,79,0,33,0
2022,Estado de México,3120072,Zona Arqueológica de Los Melones,0,0,5,0,60,0,0,0,176,6,192,2,358,9,332,0,268,0,407,0,355,0,211,0
2022,Estado de México,3120073,Zona Arqueológica de Los Reyes La Paz,0,0,0,0,0,0,0,0,0,0,456,1,280,0,691,2,393,2,518,0,1103,0,202,0
2022,Estado de México,3120075,Zona Arqueológica de Malinalco,13097,222,8092,184,14685,208,15941,196,8726,170,7934,35,10680,7260,16202,83,6860,1637,8864,0,11042,0,9332,0
2022,Estado de México,3120095,"Zona Arqueológica de Santa Cecilia Acatitla con museo de la Escultura Mexica ""Eusebio Dávalos Hurtado""",0,0,0,0,0,0,0,0,266,2,272,3,151,42,394,0,297,0,403,0,678,0,402,0
2022,Estado de México,3120104,Zona Arqueológica de Tenayuca I con museo Xólotl,0,0,0,0,1162,0,0,0,1868,39,343,2,663,0,408,21,568,446,800,697,1893,0,1186,0
2022,Estado de México,3120129,Zona Arqueológica de Tenayuca II,0,0,0,0,0,0,0,0,0,0,0,0,26,28,279,0,90,0,103,0,84,0,70,0
2022,Estado de México,3110031,Zona Arqueológica Teotihuacan (con Museo de Sitio),84892,39520,82875,37214,170541,43137,126594,48849,93737,41380,91937,42155,153257,47819,130150,39953,98434,36740,118601,54493,124977,58288,136974,47004
2022,Estado de México,3110032,Zona Arqueológica de Tetzcotzinco,0,0,0,0,5282,0,5409,0,0,0,1707,32,1187,15,3124,16,1689,9,1619,0,1095,0,952,0
2022,Estado de México,3120115,Zona Arqueológica de Tlapacoya,0,0,0,0,198,0,0,0,0,0,183,0,190,0,179,0,218,0,440,1,325,0,305,0
2022,Estado de México,3120044,Zona Arqueológica de Huamango,0,0,0,0,0,0,0,0,0,0,0,0,0,0,0,0,0,0,0,0,0,0,0,0
2022,Estado de México,3120081,Zona Arqueológica de Ocoyoacac,0,0,0,0,0,0,0,0,0,0,0,0,0,0,0,0,0,0,0,0,0,0,0,0
2022,Estado de México,3120094,Zona Arqueológica de San Miguel Ixtapan,0,0,0,0,0,0,0,0,0,0,0,0,0,0,0,0,0,0,0,0,0,0,0,0
2022,Estado de México,3120108,Zona Arqueológica de Teotenango,0,0,0,0,0,0,0,0,0,0,0,0,0,0,0,0,0,0,0,0,0,0,0,0
2022,Guanajuato,3120085,Zona Arqueológica de Plazuelas,1096,67,703,16,1017,28,1171,25,494,77,588,34,1161,85,852,19,588,57,734,16,537,37,1038,69
2022,Guanajuato,3220023,Zona Arqueológica de Peralta,1213,38,816,33,1117,41,1078,17,637,17,760,88,1311,108,926,45,865,34,623,58,601,53,1012,113
2022,Guanajuato,3220022,Zona Arqueológica de Cañada de la Virgen,1222,420,1044,596,1664,833,1800,643,931,359,2579,1242,0,0,4166,0,0,0,0,0,0,0,0,0
2022,Guanajuato,3120133,Zona Arqueológica El Cóporo,570,0,447,0,853,0,823,0,239,0,399,20,565,3,450,13,573,1,419,2,212,7,334,4
2022,Guanajuato,0,Zona Arqueológica Arroyo Seco,174,9,229,0,395,29,358,0,133,0,314,9,663,5,197,0,153,7,192,10,150,0,270,4
2022,Guerrero,3120046,Zona Arqueológica de Huamuxtitlán,0,0,0,0,85,0,109,5,67,7,130,11,87,0,171,16,146,52,102,16,87,0,243,30
2022,Guerrero,3120053,Zona Arqueológica de Ixcateopan,51,1,671,2,299,2,123,1,172,3,143,4,54,7,273,0,230,1,94,1,130,6,87,5
2022,Guerrero,3110021,Zona Arqueológica de La Organera Xochipala,64,0,50,0,1226,0,167,0,43,0,46,0,62,0,207,0,117,0,221,0,90,0,249,0
2022,Guerrero,3120062,Zona Arqueológica de La Sabana,0,0,5,0,16,0,11,0,12,0,15,0,22,0,22,0,16,0,17,0,15,0,16,0
2022,Guerrero,3120026,Zona Arqueológica de Cuetlajuchitlán (Los Querende),25,0,16,0,17,0,26,0,17,0,25,0,26,0,22,0,19,0,27,0,18,0,70,0
2022,Guerrero,3110027,Zona Arqueológica de Palma Sola,129,0,79,2,64,4,113,3,48,0,66,0,124,5,92,2,57,1,111,7,229,1,159,0
2022,Guerrero,3120106,Zona Arqueológica de Teopantecuanitlán,53,0,40,0,78,0,127,0,53,0,38,1,67,0,118,0,52,0,134,0,26,0,17,0
2022,Guerrero,3220027,Zona Arqueológica de Tehuacalco,469,18,345,22,1128,18,552,6,364,5,543,3,433,0,651,12,171,0,387,7,279,2,602,11
2022,Guerrero,3120132,Zona Arqueológica Soledad de Maciel,310,210,196,284,363,289,770,102,415,103,561,98,494,106,443,72,529,69,373,645,557,180,847,231
2022,Hidalgo,3120048,Zona Arqueológica de Huapalcalco,1035,35,900,20,2850,150,1300,100,1200,0,1316,25,1337,0,1095,5,1080,20,1175,10,895,5,1335,25
2022,Hidalgo,3120110,Zona Arqueológica de Tepeapulco,1281,7,1217,10,5606,19,1305,20,1249,27,1191,23,1010,17,1147,9,900,31,1130,18,846,11,1077,18
2022,Hidalgo,3110036,Zona Arqueológica de Tula con museo de sitio,9443,346,7456,282,29669,391,29646,444,10098,333,9946,232,16000,341,12991,512,9396,215,8642,437,7732,484,12028,495
2022,Hidalgo,3120136,Zona Arqueológica Pahñú,1028,8,688,12,941,14,1103,4,552,11,1056,14,1786,28,1053,25,922,3,602,4,625,15,783,26
2022,Jalisco,3120054,Zona Arqueológica de Ixtépete,0,0,0,0,0,0,1500,0,2350,0,0,0,0,0,0,0,0,0,0,0,0,0,0,0
2022,Jalisco,3120113,Zona Arqueológica de Teuchitlán,2868,406,11362,736,13839,750,11457,747,8110,568,14868,913,9200,924,4319,31,9704,779,15355,794,8801,777,8280,950
2022,Michoacán,3120047,Zona Arqueológica de Huandacareo,12,0,34,0,105,0,1313,0,89,0,121,0,254,10,183,6,236,2,271,0,101,7,132,0
2022,Michoacán,3120052,Zona Arqueológica de Ihuatzio,156,0,142,0,1044,20,879,0,106,0,231,0,721,0,518,0,398,0,455,0,733,0,806,0
2022,Michoacán,3120091,Zona Arqueológica de San Felipe los Alzati,0,0,85,0,649,0,1297,0,499,0,672,0,303,0,513,0,377,0,265,0,339,0,366,0
2022,Michoacán,3120114,Zona Arqueológica de Tingambato,1026,0,452,11,2032,12,2439,43,945,10,1389,0,1857,0,1444,13,1216,6,1306,18,1321,45,1803,22
2022,Michoacán,3120119,Zona Arqueológica de Tres Cerritos,0,0,0,0,0,0,0,0,151,0,102,0,103,0,154,0,159,0,171,0,743,0,278,0
2022,Michoacán,3120121,Zona Arqueológica de Tzintzuntzan con museo de sitio,1415,0,1937,60,5126,89,4134,127,2256,72,3721,106,4660,194,4910,12,2993,101,5579,145,7193,207,6025,372
2022,Morelos,3110007,Zona Arqueológica de Chalcatzingo,2662,15,1861,19,2449,17,1952,17,1214,62,1555,5,2807,11,2759,8,2014,10,2056,10,1556,10,2528,33
2022,Morelos,3110040,Zona Arqueológica de Xochicalco con museo de sitio,5558,350,2517,274,6934,411,6819,343,3200,311,4851,454,6015,627,6789,724,4754,292,3854,383,4540,632,5325,469
2022,Morelos,3120021,Zona Arqueológica de Coatetelco con museo de sitio,44,0,9,0,154,0,64,0,15,0,65,0,40,0,70,0,42,0,66,0,114,0,36,0
2022,Morelos,3120069,Zona Arqueológica de Las Pilas,54,0,30,0,90,0,15,0,290,0,280,0,142,0,52,0,61,0,80,0,89,0,78,0
2022,Morelos,3120112,Zona Arqueológica de Tepozteco,0,0,0,0,0,0,0,0,0,0,0,0,0,0,0,0,3055,2290,13977,3068,13304,4198,14305,4370
2022,Morelos,3120107,Zona Arqueológica de Teopanzolco,372,11,398,20,850,61,881,25,477,24,566,47,1027,84,720,45,699,37,599,46,725,71,856,73
2022,Morelos,3110043,Zona Arqueológica de Yautepec,172,0,97,0,243,0,181,0,86,0,65,0,90,0,89,0,154,0,60,0,107,0,139,0
2022,Nayarit,3120055,Zona Arqueológica de Ixtlán del Río,124,2,246,10,536,22,626,12,204,15,297,5,674,24,625,6,549,16,614,8,438,12,245,4
2022,Nuevo León,3110003,Zona Arqueológica de Boca de Potrerillos,67,0,204,4,478,10,220,13,81,4,201,5,168,5,136,5,204,0,303,17,114,2,105,1
2022,Oaxaca,3120031,Zona Arqueológica de Dainzú,84,16,251,5,193,7,324,3,114,0,117,0,412,0,116,3,98,3,154,7,72,45,112,21
2022,Oaxaca,3120041,Zona Arqueológica de Guiengola,0,0,0,0,0,0,0,0,0,0,0,0,0,0,0,0,0,0,0,0,0,0,0,0
2022,Oaxaca,3120051,Zona Arqueológica de Huijazoo,0,0,0,0,0,0,178,20,279,30,350,4,1772,21,353,14,356,8,310,8,165,25,296,25
2022,Oaxaca,3120065,Zona Arqueológica de Lambityeco,0,0,0,0,0,0,0,0,17,2,0,0,0,0,0,0,0,0,0,0,0,0,0,0
2022,Oaxaca,3110024,Zona Arqueológica de Mitla,2649,385,1823,322,2820,493,6115,666,2369,404,7616,611,11536,756,21011,393,4526,315,5455,814,9146,653,8485,677
2022,Oaxaca,3110025,Zona Arqueológica de Monte Albán con museo de sitio,27450,4787,14282,5020,23810,5400,36319,4128,23384,3292,21364,3157,49531,4633,43407,4148,23933,3187,30706,4918,36312,9689,43141,7040
2022,Oaxaca,3110042,Zona Arqueológica de Yagul,630,158,595,181,575,173,718,145,415,99,491,66,756,146,487,141,488,118,580,138,496,264,1123,222
2022,Oaxaca,3110045,Zona Arqueológica de Zaachila,169,15,90,2,335,21,182,29,223,5,206,8,330,11,257,3,154,4,121,9,195,46,238,8
2022,Oaxaca,3120045,Zona Arqueológica de Huamelulpan,0,0,0,0,0,0,440,13,311,12,295,9,451,18,283,0,196,0,260,0,456,10,508,0
2022,Oaxaca,3120131,Zona Arqueológica de Bocana del Río Copalita (con museo de sitio),0,0,0,0,0,0,0,0,0,0,0,0,0,0,0,0,0,0,0,0,0,0,0,0
2022,Oaxaca,3220034,Zona Arqueológica de Atzompa,205,20,654,26,327,9,436,31,316,25,375,31,1863,53,2312,0,1294,71,1198,105,867,99,1548,109
2022,Puebla,3120010,Zona Arqueológica de Cantona,2162,24,1707,12,3930,41,2589,22,1481,13,1588,14,2326,0,2220,5,1616,20,1972,1,2350,0,2143,0
2022,Puebla,3110009,Zona Arqueológica de Cholula con museo de sitio,808,28,1658,354,12707,1530,11549,1293,4910,1047,7759,1194,12071,1621,10294,1472,8424,1124,6527,1633,11651,2613,16463,2685
2022,Puebla,3120090,Zona Arqueológica de San Cristobal Tepatlaxco,0,0,0,0,358,0,172,0,195,0,203,0,216,0,157,0,176,0,201,0,143,0,141,0
2022,Puebla,3120109,Zona Arqueológica de Tepapayeca,0,0,0,0,0,0,0,0,55,0,28,0,54,0,101,0,47,0,76,0,70,0,92,0
2022,Puebla,3120111,Zona Arqueológica de Tepexi el Viejo,0,0,0,0,0,0,0,0,0,0,0,0,0,0,0,0,0,0,0,0,67,0,36,0
2022,Puebla,3120128,Zona Arqueológica de Yohualichan,1434,22,954,25,2009,46,4175,67,2359,12,1892,14,2840,27,3275,30,1637,13,2335,16,2795,24,5877,38
2022,Querétaro,3110013,Zona Arqueológica de El Cerrito,2861,966,3320,401,11030,464,6293,411,3551,324,2946,338,6824,636,8038,623,4956,361,5019,454,4395,520,4980,493
2022,Querétaro,3110030,Zona Arqueológica de Ranas,0,0,0,0,0,0,0,0,0,0,0,0,0,0,0,0,0,0,0,0,0,0,1025,0
2022,Querétaro,3110034,Zona Arqueológica de Toluquilla,398,68,506,0,208,0,852,0,633,0,353,0,598,0,604,0,482,0,477,0,396,0,249,0
2022,Querétaro,3220021,Zona Arqueológica de Tancama,929,16,236,12,602,24,406,7,159,3,21,15,400,8,493,20,189,9,145,4,311,25,476,12
2022,Quintana Roo,3120022,Zona Arqueológica de Cobá,0,0,0,0,0,0,0,0,0,0,0,0,0,0,0,0,0,0,0,0,0,0,0,0
2022,Quintana Roo,3120032,Zona Arqueológica de Dzibanché-Kinichná,820,477,496,1020,463,1043,631,760,443,134,241,156,477,195,411,250,200,115,646,119,316,1076,679,525
2022,Quintana Roo,3110015,Zona Arqueológica de El Meco,0,0,0,0,148,72,491,224,334,233,579,334,738,344,643,244,808,162,456,224,413,328,566,692
2022,Quintana Roo,3120038,Zona Arqueológica de El Rey,0,0,150,245,625,496,611,412,474,385,429,392,612,424,527,450,435,334,508,359,501,433,666,598
2022,Quintana Roo,3110019,Zona Arqueológica de Kohunlich,2107,1434,730,2357,736,2842,1323,2662,861,1053,853,1215,1224,1998,805,1958,507,1397,701,1571,666,2399,1217,1986
2022,Quintana Roo,3120078,Zona Arqueológica de Muyil,5367,2349,4864,2493,2842,3434,1531,3094,964,2258,526,1434,996,2000,808,2083,586,1025,573,1420,565,1613,849,1949
2022,Quintana Roo,3120084,Zona Arqueológica de Oxtankah,859,70,611,133,781,69,1033,64,494,20,409,29,669,55,673,51,416,16,541,35,565,36,903,83
2022,Quintana Roo,3120092,Zona Arqueológica de San Gervasio,2938,4970,3067,5292,5225,8548,3712,6746,1916,7052,1092,10904,1329,13750,2754,9812,683,8286,1014,11726,1053,7403,930,12374
2022,Quintana Roo,3110037,Zona Arqueológica de Tulum,48617,65570,51121,61679,26557,49320,86781,56702,66808,76249,42531,43806,42436,31654,40955,107012,42529,43806,37145,73500,41515,97490,55723,115634
2022,Quintana Roo,3110038,Zona Arqueológica de Xcaret,0,0,9,0,8,0,11,2,6,2,12,7,12,1,33,0,1,0,50,0,2,0,0,0
2022,Quintana Roo,3110039,Zona Arqueológica de Xelhá,0,0,21,9,85,42,89,41,36,29,35,7,109,38,97,26,92,19,103,41,73,35,110,74
2022,Quintana Roo,3120014,Zona Arqueológica de Chacchoben,987,11271,969,18559,564,16838,857,17403,589,11863,622,6896,851,11504,650,10156,416,10946,515,10733,520,16847,812,17511
2022,San Luis Potosí,3120099,Zona Arqueológica de Tamohí,191,40,94,8,197,38,312,1,145,1,107,9,228,13,414,7,108,3,575,3,606,11,148,12
2022,San Luis Potosí,3120100,Zona Arqueológica de Tamtoc,513,2,177,10,944,0,686,1,264,1,307,5,647,0,773,3,305,15,222,0,2353,6,580,3
2022,Sinaloa,322033,Zona Arqueológica Las Labradas,0,0,0,0,5254,70,766,34,310,43,322,43,623,32,396,4,100,0,390,0,344,0,500,0
2022,Sonora,3210132,Zona Arqueológica de Cerro de las Trincheras,65,0,52,6,205,0,88,0,80,0,114,0,90,0,52,10,24,0,114,0,100,0,70,0
2022,Tabasco,3120023,Zona Arqueológica de Comalcalco con museo de sitio,4469,86,2887,59,6824,45,9254,70,5453,16,4044,59,7444,60,7736,54,3444,45,3846,38,2974,61,3980,101
2022,Tabasco,3110023,Zona Arqueológica de La Venta con museo de sitio,486,44,166,36,352,29,780,28,415,8,361,5,751,13,631,11,284,4,277,9,291,13,841,22
2022,Tabasco,3120086,Zona Arqueológica de Pomoná con museo de sitio,61,5,50,6,98,4,160,3,75,2,87,6,338,4,70,0,58,0,39,0,53,0,78,0
2022,Tabasco,3120076,Zona Arqueológica de Malpasito,0,0,0,0,0,0,0,0,0,0,0,0,0,0,0,0,0,0,0,0,0,0,0,0
2022,Tabasco,3120089,Zona Arqueológica de Moral-Reforma,46,7,33,1,508,0,6210,0,678,8,358,7,249,3,164,4,183,4,87,9,115,5,155,8
2022,Tabasco,3220017,Zona Arqueológica de San Claudio,15,3,9,0,17,0,35,0,24,2,14,2,30,0,21,0,17,2,13,2,33,3,44,0
2022,Tamaulipas,3120039,Zona Arqueológica de El Sabinito,28,0,30,3,60,0,81,0,37,0,71,0,66,0,46,0,53,0,128,0,95,0,104,0
2022,Tamaulipas,3120067,Zona Arqueológica de Las Flores,0,0,0,0,78,1,212,9,100,2,145,5,147,9,157,4,112,1,184,0,138,2,133,7
2022,Tamaulipas,3120006,Zona Arqueológica de Balcón de Montezuma,40,0,70,0,92,0,25,0,34,0,85,0,72,0,42,0,49,0,65,1,48,0,61,2
2022,Tlaxcala,3110005,Zona Arqueológica de Cacaxtla con museo de sitio,2829,67,2883,110,6624,152,8129,87,4941,344,4587,116,4855,159,7077,100,6835,123,12246,181,4862,192,4744,67
2022,Tlaxcala,3110105,Zona Arqueológica de Xochitécatl con museo de sitio,0,0,0,0,7074,8,4012,15,1622,0,2407,0,3685,45,3326,85,2400,115,2911,60,3410,79,4002,0
2022,Tlaxcala,3110033,Zona Arqueológica de Tizatlán con museo de sitio,158,0,94,2,112,0,217,0,170,0,136,0,194,0,226,0,164,0,88,0,28,0,65,0
2022,Tlaxcala,3120080,Zona Arqueológica de Ocotelulco con museo de sitio,0,0,8,2,4,0,17,3,2,0,0,0,26,2,49,8,22,3,15,0,30,0,0,0
2022,Tlaxcala,3120101,Zona Arqueológica de Tecoaque,284,2,617,4,1193,12,1186,5,395,0,1242,8,2506,42,1137,8,560,21,700,3,493,10,296,1
2022,Veracruz,3120011,Zona Arqueológica de Castillo de Teayo con museo de sitio,0,0,0,0,0,0,303,0,27,0,109,0,191,0,80,0,58,0,85,0,1142,0,74,0
2022,Veracruz,3120012,Zona Arqueológica de Cempoala con museo de sitio,1026,78,1042,70,2637,68,4150,47,2102,29,2805,68,3065,69,3725,108,1717,27,1599,57,2431,81,2597,67
2022,Veracruz,3120068,Zona Arqueológica de Las Higueras con museo de sitio,0,0,0,0,0,0,63,0,21,0,44,0,43,0,53,0,95,0,82,0,99,0,94,0
2022,Veracruz,3120093,Zona Arqueológica de San Lorenzo Tenochtitlan con museo de sitio,0,0,0,0,0,0,976,0,353,0,328,0,197,0,352,0,251,0,185,0,265,0,249,0
2022,Veracruz,3110016,Zona Arqueológica de El Tajín,0,0,3513,118,24469,169,59421,218,26692,183,24112,185,31358,285,45314,294,19860,148,14149,218,19861,424,19079,210
2022,Veracruz,3220012,Zona Arqueológica de Cuauhtochco,0,0,0,0,0,0,0,0,0,0,0,0,0,0,0,0,0,0,0,0,0,0,0,0
2022,Veracruz,3120123,Zona Arqueológica de Vega de la Peña,0,0,0,0,53,0,40,0,31,0,19,0,25,0,54,0,55,0,36,0,30,0,33,0
2022,Veracruz,3120088,Zona Arqueológica de Quiahuitztlán,534,15,444,15,1347,19,2983,27,1707,15,1390,7,2065,37,2370,36,1234,37,1271,65,1888,45,2005,23
2022,Veracruz,3120024,Zona Arqueológica de Cuajilote,87,0,66,0,116,0,680,0,227,0,275,0,224,0,311,4,237,0,218,0,209,0,219,4
2022,Veracruz,3120030,Zona Arqueológica de Cuyuxquihui,0,0,80,0,160,2,345,0,108,0,111,0,130,0,105,0,88,0,64,0,57,0,84,0
2022,Veracruz,3220014,Zona Arqueológica de Las Limas,0,0,0,0,0,0,30,0,9,0,20,0,17,0,17,0,15,0,15,0,26,0,87,0
2022,Yucatán,3120001,Zona Arqueológica de Acanceh,0,0,0,0,244,31,482,50,447,32,390,32,590,19,283,42,266,31,341,25,229,27,372,63
2022,Yucatán,3120002,Zona Arqueológica de Aké,0,0,0,0,393,6,1252,39,1053,45,795,29,1354,78,1175,109,613,16,1291,52,1223,62,1277,68
2022,Yucatán,3120004,Zona Arqueológica de Balamcanché,0,0,0,0,0,0,0,0,0,0,0,0,0,0,0,0,0,0,0,0,0,0,0,0
2022,Yucatán,3120015,Zona Arqueológica de Chacmultún,0,0,0,0,0,0,0,0,95,3,116,2,0,0,134,0,96,6,161,6,113,5,91,8
2022,Yucatán,3110008,Zona Arqueológica de Chichén Itzá,113253,118215,92936,134770,131905,99086,117340,155431,121701,79514,143898,82806,131945,106528,147551,112821,61146,70051,77184,85167,102155,113674,108343,123076
2022,Yucatán,3120033,Zona Arqueológica de Dzibilchaltún con museo del Pueblo Maya,5883,1001,764,161,0,0,0,0,0,0,0,0,1391,179,4805,862,3559,464,4367,1210,3530,2603,6857,1006
2022,Yucatán,3120034,Zona Arqueológica de Ekbalam,5331,12382,4530,9649,4736,10352,5529,8345,3753,6255,3648,4785,4397,10385,5302,9040,3001,4024,3312,5987,4461,8245,5569,9371
2022,Yucatán,3120057,Zona Arqueológica de Kabah,1576,1003,1578,1444,1263,1327,1756,755,1158,500,1550,476,2390,1000,2178,1369,1285,605,1994,895,1755,1300,3229,1460
2022,Yucatán,3120064,Zona Arqueológica de Labná,0,0,0,0,0,0,0,0,266,74,399,66,841,137,767,315,248,103,689,143,738,279,1285,340
2022,Yucatán,3120071,Zona Arqueológica de Loltún,0,0,0,0,0,0,0,0,0,0,0,0,0,0,0,0,0,0,0,0,0,0,0,0
2022,Yucatán,3120077,Zona Arqueológica de Mayapán,3566,2221,2695,2228,2786,2396,3331,1919,2432,1269,2311,1947,3403,3148,3030,1554,1966,2067,2156,1392,2502,2564,2997,1029
2022,Yucatán,3120097,Zona Arqueológica de Sayil,0,0,0,0,0,0,0,0,245,104,433,139,886,280,734,380,465,165,564,173,638,445,1072,297
2022,Yucatán,3120122,Zona Arqueológica de Uxmal con museo de sitio,14301,7881,10557,8050,12424,7413,16754,5454,10866,3939,9498,3311,20346,6188,21115,7399,9498,3517,6544,3880,13817,11204,22318,9059
2022,Yucatán,3120126,Zona Arqueológica de Xlapak,0,0,0,0,0,0,0,0,0,0,95,8,94,34,191,23,0,0,107,48,208,110,335,105
2022,Yucatán,3120083,Zona Arqueológica de Oxkintok,0,0,0,0,0,0,0,0,449,21,330,45,411,44,426,71,251,19,433,13,329,50,606,89
2022,Yucatán,3120056,Zona Arqueológica de Izamal,1639,776,1205,487,1975,385,1627,298,1521,452,2530,471,4439,953,3089,849,1686,365,2600,715,2100,304,4686,1065
2022,Yucatán,3120135,Zona Arqueológica de Xcambó,1711,884,1418,1004,1703,1421,2581,1733,1359,1187,1165,1705,2044,1771,1458,1505,890,1266,1078,885,1096,1332,1332,1694
2022,Zacatecas,3120003,Zona Arqueológica de Altavista o Chalchihuites con museo de sitio,207,8,158,2,1254,4,558,18,325,5,232,19,719,29,364,24,283,0,263,5,214,2,490,27
2022,Zacatecas,3110022,Zona Arqueológica de La Quemada con museo de sitio,1104,12,981,2,2042,51,1937,18,920,9,1142,24,2867,32,1922,11,1181,10,1428,18,1081,27,1025,13
2022,Zacatecas,0,Zona Arqueológica Cerro del Teúl,80,3,176,0,717,8,1304,9,164,7,247,35,540,99,755,122,257,13,399,17,350,5,412,12
2022,Zacatecas,0,Zona Arqueológica Cerro de las Ventanas,0,0,0,0,0,0,0,0,0,0,0,0,1070,58,668,8,252,3,202,3,186,13,313,28
2021,Baja California,3120040,Zona Arqueológica de El Vallecito,0,0,0,0,0,0,0,0,536,0,229,1,24,0,610,2,703,0,1119,6,774,8,357,2
2021,Baja California Sur,3120007,Zona Arqueológica de San Francisco de la Sierra,0,0,0,0,0,0,147,26,37,10,48,24,94,33,0,0,58,13,41,10,51,20,89,52
2021,Campeche,3120005,Zona Arqueológica de Balamkú,232,87,178,65,251,103,382,89,274,79,151,72,314,107,218,155,117,67,246,124,378,244,522,246
2021,Campeche,3110002,Zona Arqueológica de Becán,0,0,0,0,0,0,0,0,0,0,0,0,0,0,0,0,0,0,0,0,0,0,1186,772
2021,Campeche,3120008,Zona Arqueológica de Calakmul,2848,821,1120,756,1664,815,1912,794,1496,842,1245,697,2719,1299,1673,1950,927,751,1221,1409,1723,2571,3474,2320
2021,Campeche,3120017,Zona Arqueológica de Chicanná,0,0,0,0,0,0,0,0,0,0,0,0,0,0,199,174,122,66,302,192,372,667,413,360
2021,Campeche,3120020,Zona Arqueológica de Chunhuhub,0,0,0,0,0,0,0,0,0,0,0,0,0,0,23,1,28,2,29,3,51,4,55,1
2021,Campeche,3110011,Zona Arqueológica de Dzibilnocac,394,23,100,4,268,21,743,6,397,10,206,6,217,7,300,3,279,6,263,11,418,20,493,24
2021,Campeche,3110012,Zona Arqueológica de Edzná,2427,344,1422,278,2322,306,3175,293,2681,240,1807,292,2936,357,2315,524,1534,324,2459,534,3391,1150,5328,830
2021,Campeche,3110017,Zona Arqueológica de El Tigre,0,0,0,0,0,0,173,0,166,0,186,2,340,23,190,0,176,1,210,4,188,7,349,32
2021,Campeche,3120042,Zona Arqueológica de Hochob,101,22,61,8,81,13,185,16,108,12,66,6,105,6,136,11,44,7,115,14,161,36,254,25
2021,Campeche,3120043,Zona Arqueológica de Hormiguero,315,65,131,67,264,74,369,96,201,77,152,74,256,96,156,73,86,44,265,72,212,117,318,117
2021,Campeche,3120058,Zona Arqueológica de Kankí,0,0,0,0,0,0,0,0,0,0,0,0,0,0,0,0,0,0,0,0,0,0,16,0
2021,Campeche,3120096,Zona Arqueológica de Santa Rosa Xtampak,0,0,0,0,0,0,0,0,0,0,0,0,0,0,0,0,0,0,0,0,0,0,92,17
2021,Campeche,3120118,Zona Arqueológica de Tohcok,0,0,0,0,0,0,0,0,0,0,0,0,0,0,0,0,0,0,0,0,0,0,117,12
2021,Campeche,3120125,Zona Arqueológica de Xcalumkín,0,0,0,0,0,0,0,0,0,0,0,0,0,0,0,0,0,0,0,0,0,0,191,4
2021,Campeche,3110041,Zona Arqueológica de Xpuhil,410,131,237,132,383,134,687,182,575,182,328,102,595,171,358,148,209,98,549,180,574,478,898,288
2021,Campeche,3120098,Zona Arqueológica de Tabasqueño,0,0,0,0,0,0,0,0,0,0,0,0,0,0,0,0,0,0,0,0,0,0,0,0
2021,Chiapas,3110004,Zona Arqueológica de Bonampak,2462,92,676,139,1750,271,2160,251,2300,419,1806,213,3817,365,2336,733,1536,301,1289,304,2507,875,1455,649
2021,Chiapas,3120019,Zona Arqueológica de Chincultic,0,0,0,0,0,0,0,0,0,0,0,0,0,0,0,0,0,0,0,0,0,0,1936,88
2021,Chiapas,3110018,Zona Arqueológica de Izapa,0,0,0,0,0,0,0,0,0,0,0,0,0,0,0,0,0,0,0,0,0,0,230,69
2021,Chiapas,3110026,"Zona Arqueológica de Palenque con museo ""Alberto Ruz L´Huiller""",24041,2027,12400,1642,25582,1948,24541,2014,19336,1943,14853,1603,33058,2268,22028,2655,12648,1757,14987,2496,20156,5939,31865,5133
2021,Chiapas,3120103,Zona Arqueológica de Tenam Puente,0,0,0,0,0,0,0,0,0,0,0,0,0,0,0,0,0,0,0,0,0,0,0,0
2021,Chiapas,3110035,Zona Arqueológica de Toniná con museo de sitio,0,0,0,0,0,0,0,0,0,0,0,0,0,0,848,104,1382,91,1726,130,1947,355,4437,398
2021,Chiapas,3110044,Zona Arqueológica de Yaxchilán,2419,465,728,267,1520,330,3463,54,1657,433,2103,296,3866,609,1670,945,1463,252,1572,563,2483,1301,2578,612
2021,Chiapas,3220004,Zona Arqueológica de Chiapa de Corzo,0,0,0,0,0,0,0,0,0,0,0,0,0,0,0,0,0,0,0,0,0,0,340,8
2021,Chiapas,3220028,Zona Arqueológica de Lagartero,0,0,0,0,0,0,0,0,0,0,0,0,0,0,0,0,0,0,0,0,0,0,0,0
2021,Chiapas,3120134,Zona Arqueológica de Iglesia Vieja,0,0,0,0,0,0,0,0,0,0,0,0,0,0,0,0,0,0,0,0,0,0,0,0
2021,Chihuahua,3110028,Zona Arqueológica de Paquimé con Museo de las Culturas del Norte,0,0,208,5,2137,51,3460,117,1125,61,1439,59,1425,18,1579,0,1635,20,1937,30,2395,129,1029,0
2021,Chihuahua,3110010,Zona Arqueológica de Cuarenta Casas,0,0,0,0,54,6,320,0,249,4,95,5,316,16,489,12,289,12,173,5,143,0,242,14
2021,Chihuahua,3120027,Zona Arqueológica de Cueva de la Olla,0,0,0,0,1546,18,8644,44,2349,43,1040,12,4521,53,2895,59,2882,120,2321,84,1767,21,805,16
2021,Chihuahua,3120028,Zona Arqueológica de Cueva Grande,0,0,0,0,0,0,85,0,0,0,6,0,30,0,16,0,8,0,16,0,0,0,0,0
2021,Chihuahua,3120049,Zona Arqueológica de Huapoca,0,0,0,0,0,0,30,0,4,0,6,0,13,0,31,0,20,0,17,0,9,3,9,0
2021,Ciudad de México,3120013,Zona Arqueológica de Cerro de la Estrella,0,0,0,0,0,0,0,0,0,0,411,0,1038,0,1534,0,3940,0,3765,0,3451,0,2500,0
2021,Ciudad de México,3120029,Zona Arqueológica de Cuicuilco con museo de sitio,0,0,22,0,422,11,670,36,436,49,460,82,1006,144,0,0,442,72,644,103,523,108,1560,167
2021,Ciudad de México,3120116,Zona Arqueológica de Tlatelolco con museo de sitio,0,0,0,0,0,0,0,0,0,0,0,0,0,0,0,0,0,0,0,0,0,0,1520,361
2021,Ciudad de México,0,Zona Arqueológica de Mixcoac,0,0,0,0,0,0,0,0,0,0,0,0,0,0,0,0,0,0,0,0,0,0,134,0
2021,Colima,3120035,Zona Arqueológica de El Chanal,0,0,0,0,0,0,0,0,0,0,0,0,0,0,0,0,0,0,82,0,251,5,366,11
2021,Colima,3120059,Zona Arqueológica de La Campana,0,0,0,0,0,0,0,0,0,0,0,0,0,0,0,0,0,0,152,0,406,17,679,24
2021,Durango,3110020,Zona Arqueológica de La Ferrería con museo de sitio,0,0,0,0,0,0,216,5,473,3,333,2,909,27,498,14,443,2,356,10,307,12,407,7
2021,Estado de México,3110001,Zona Arqueológica de Acozac,0,0,0,0,0,0,0,0,0,0,0,0,0,0,0,0,0,0,0,0,0,0,0,0
2021,Estado de México,3110006,Zona Arqueológica de Calixtlahuaca,0,0,0,0,0,0,0,0,0,0,0,0,0,0,0,0,0,0,0,0,0,0,0,0
2021,Estado de México,3120018,Zona Arqueológica de Chimalhuacán con museo de sitio,0,0,0,0,0,0,0,0,0,0,0,0,0,0,0,0,0,0,0,0,0,0,0,0
2021,Estado de México,3110014,Zona Arqueológica de El Conde,0,0,0,0,0,0,0,0,0,0,0,0,0,0,0,0,0,0,0,0,0,0,0,0
2021,Estado de México,3120050,Zona Arqueológica de Huexotla,0,0,0,0,0,0,0,0,0,0,0,0,0,0,0,0,0,0,0,0,0,0,0,0
2021,Estado de México,3120072,Zona Arqueológica de Los Melones,0,0,0,0,0,0,0,0,0,0,0,0,0,0,0,0,0,0,0,0,0,0,0,0
2021,Estado de México,3120073,Zona Arqueológica de Los Reyes La Paz,0,0,0,0,0,0,0,0,0,0,0,0,0,0,0,0,0,0,0,0,0,0,0,0
2021,Estado de México,3120075,Zona Arqueológica de Malinalco,0,0,0,0,0,0,0,0,0,0,0,0,0,0,0,0,0,0,0,0,0,0,7011,106
2021,Estado de México,3120095,"Zona Arqueológica de Santa Cecilia Acatitla con museo de la Escultura Mexica ""Eusebio Dávalos Hurtado""",0,0,0,0,0,0,0,0,0,0,0,0,0,0,0,0,0,0,0,0,0,0,0,0
2021,Estado de México,3120104,Zona Arqueológica de Tenayuca I con museo Xólotl,0,0,0,0,0,0,0,0,0,0,0,0,0,0,0,0,0,0,0,0,0,0,0,0
2021,Estado de México,3120129,Zona Arqueológica de Tenayuca II,0,0,0,0,0,0,0,0,0,0,0,0,0,0,0,0,0,0,0,0,0,0,0,0
2021,Estado de México,3110031,Zona Arqueológica Teotihuacan (con Museo de Sitio),0,0,6178,1292,34581,8927,26110,16284,52377,14149,59490,16717,81148,24926,67563,25446,52784,23539,70638,33324,97452,49190,112986,44413
2021,Estado de México,3110032,Zona Arqueológica de Tetzcotzinco,0,0,0,0,0,0,0,0,0,0,0,0,0,0,0,0,0,0,0,0,0,0,0,0
2021,Estado de México,3120115,Zona Arqueológica de Tlapacoya,0,0,0,0,0,0,0,0,0,0,0,0,0,0,0,0,0,0,0,0,0,0,0,0
2021,Estado de México,3120044,Zona Arqueológica de Huamango,0,0,0,0,0,0,0,0,0,0,0,0,0,0,0,0,0,0,0,0,0,0,0,0
2021,Estado de México,3120081,Zona Arqueológica de Ocoyoacac,0,0,0,0,0,0,0,0,0,0,0,0,0,0,0,0,0,0,0,0,0,0,0,0
2021,Estado de México,3120094,Zona Arqueológica de San Miguel Ixtapan,0,0,0,0,0,0,0,0,0,0,0,0,0,0,0,0,0,0,0,0,0,0,0,0
2021,Estado de México,3120108,Zona Arqueológica de Teotenango,0,0,0,0,0,0,0,0,0,0,0,0,0,0,0,0,0,0,0,0,0,0,0,0
2021,Guanajuato,3120085,Zona Arqueológica de Plazuelas,0,0,0,0,698,85,943,13,651,20,651,20,1491,81,860,15,1054,20,711,45,673,31,1125,94
2021,Guanajuato,3220023,Zona Arqueológica de Peralta,0,0,0,0,605,10,1133,32,657,26,657,26,1482,50,1023,39,797,43,861,11,653,25,1334,33
2021,Guanajuato,3220022,Zona Arqueológica de Cañada de la Virgen,0,0,0,0,925,137,1283,201,890,242,977,331,1683,496,1147,358,886,263,1038,422,924,668,1378,623
2021,Guanajuato,3120133,Zona Arqueológica El Cóporo,0,0,0,0,488,0,793,0,471,0,417,0,624,0,506,0,423,0,438,0,318,0,386,11
2021,Guanajuato,0,Zona Arqueológica Arroyo Seco,0,0,0,0,234,0,0,0,0,0,0,0,0,0,199,12,0,0,0,0,1846,23,0,0
2021,Guerrero,3120046,Zona Arqueológica de Huamuxtitlán,0,0,0,0,0,0,0,0,0,0,0,0,0,0,0,0,0,0,0,0,42,0,0,0
2021,Guerrero,3120053,Zona Arqueológica de Ixcateopan,0,0,0,0,0,0,0,0,0,0,0,0,0,0,0,0,0,0,0,0,40,1,137,6
2021,Guerrero,3110021,Zona Arqueológica de La Organera Xochipala,0,0,0,0,0,0,0,0,0,0,4,0,181,0,0,0,8,13,127,0,70,0,77,3
2021,Guerrero,3120062,Zona Arqueológica de La Sabana,0,0,0,0,0,0,0,0,0,0,0,0,0,0,0,0,0,0,0,0,3,0,0,0
2021,Guerrero,3120026,Zona Arqueológica de Cuetlajuchitlán (Los Querende),0,0,0,0,0,0,0,0,0,0,0,0,0,0,0,0,0,0,0,0,16,0,10,0
2021,Guerrero,3110027,Zona Arqueológica de Palma Sola,0,0,0,0,0,0,0,0,0,0,0,0,71,0,0,0,29,0,66,0,47,1,50,2
2021,Guerrero,3120106,Zona Arqueológica de Teopantecuanitlán,0,0,0,0,0,0,0,0,0,0,0,0,0,0,0,0,0,0,0,0,21,0,34,0
2021,Guerrero,3220027,Zona Arqueológica de Tehuacalco,0,0,0,0,0,0,0,0,0,0,12,2,331,13,0,0,132,0,369,6,327,8,490,4
2021,Guerrero,3120132,Zona Arqueológica Soledad de Maciel,283,109,0,0,117,48,208,74,137,106,83,125,321,207,0,0,100,83,98,70,177,128,404,215
2021,Hidalgo,3120048,Zona Arqueológica de Huapalcalco,0,0,0,0,0,0,0,0,0,0,0,0,0,0,0,0,0,0,0,0,312,0,950,0
2021,Hidalgo,3120110,Zona Arqueológica de Tepeapulco,0,0,0,0,0,0,0,0,0,0,0,0,0,0,0,0,0,0,0,0,783,8,1425,11
2021,Hidalgo,3110036,Zona Arqueológica de Tula con museo de sitio,0,0,0,0,0,0,0,0,0,0,0,0,0,0,0,0,0,0,0,0,6141,323,8460,270
2021,Hidalgo,3120136,Zona Arqueológica Pahñú,0,0,0,0,0,0,0,0,0,0,0,0,0,0,0,0,0,0,0,0,772,14,1281,62
2021,Jalisco,3120054,Zona Arqueológica de Ixtépete,0,0,0,0,0,0,0,0,0,0,0,0,0,0,0,0,0,0,0,0,0,0,0,0
2021,Jalisco,3120113,Zona Arqueológica de Teuchitlán,0,0,0,0,5308,20,10607,370,7609,382,6295,377,0,0,4814,341,2686,373,0,0,0,0,0,0
2021,Michoacán,3120047,Zona Arqueológica de Huandacareo,0,0,0,0,0,0,0,0,0,0,33,0,78,0,42,0,69,7,81,0,52,0,68,0
2021,Michoacán,3120052,Zona Arqueológica de Ihuatzio,0,0,0,0,0,0,0,0,0,0,0,0,0,0,0,0,0,0,0,0,0,0,319,0
2021,Michoacán,3120091,Zona Arqueológica de San Felipe los Alzati,0,0,0,0,0,0,0,0,0,0,0,0,0,0,0,0,0,0,0,0,0,0,0,0
2021,Michoacán,3120114,Zona Arqueológica de Tingambato,0,0,0,0,0,0,0,0,0,0,351,4,716,5,388,5,341,0,428,10,894,11,1085,7
2021,Michoacán,3120119,Zona Arqueológica de Tres Cerritos,0,0,0,0,0,0,0,0,0,0,0,0,0,0,0,0,0,0,0,0,0,0,0,0
2021,Michoacán,3120121,Zona Arqueológica de Tzintzuntzan con museo de sitio,0,0,0,0,0,0,0,0,0,0,0,0,0,0,0,0,0,0,0,0,4859,245,2171,44
2021,Morelos,3110007,Zona Arqueológica de Chalcatzingo,0,0,0,0,0,0,308,0,1486,2,1812,1,2991,10,2090,6,1703,0,1926,4,1697,2,2405,32
2021,Morelos,3110040,Zona Arqueológica de Xochicalco con museo de sitio,0,0,0,0,0,0,0,0,631,33,3183,157,5797,309,4579,239,3212,188,3107,151,3686,293,3107,151
2021,Morelos,3120021,Zona Arqueológica de Coatetelco con museo de sitio,0,0,0,0,0,0,0,0,25,2,54,0,45,0,36,0,4,0,2,0,27,0,47,0
2021,Morelos,3120069,Zona Arqueológica de Las Pilas,0,0,0,0,0,0,0,0,0,0,0,0,130,0,60,0,150,0,161,0,45,0,50,0
2021,Morelos,3120112,Zona Arqueológica de Tepozteco,0,0,0,0,0,0,0,0,0,0,0,0,0,0,0,0,0,0,0,0,0,0,0,0
2021,Morelos,3120107,Zona Arqueológica de Teopanzolco,0,0,0,0,0,0,0,0,106,8,285,19,709,38,367,36,280,30,563,26,465,4,493,0
2021,Morelos,3110043,Zona Arqueológica de Yautepec,0,0,0,0,0,0,0,0,0,0,0,0,0,0,0,0,107,0,85,0,172,0,63,0
2021,Nayarit,3120055,Zona Arqueológica de Ixtlán del Río,0,0,0,0,0,0,0,0,0,0,0,0,0,0,0,0,0,0,0,0,0,0,0,0
2021,Nuevo León,3110003,Zona Arqueológica de Boca de Potrerillos,0,0,0,0,0,0,0,0,0,0,0,0,0,0,0,0,0,0,40,0,307,0,117,3
2021,Oaxaca,3120031,Zona Arqueológica de Dainzú,0,0,0,0,0,0,0,0,0,0,0,0,0,0,0,0,0,0,0,0,0,0,0,0
2021,Oaxaca,3120041,Zona Arqueológica de Guiengola,0,0,0,0,0,0,0,0,0,0,0,0,0,0,0,0,0,0,0,0,0,0,0,0
2021,Oaxaca,3120051,Zona Arqueológica de Huijazoo,0,0,0,0,0,0,0,0,0,0,0,0,0,0,0,0,0,0,0,0,0,0,0,0
2021,Oaxaca,3120065,Zona Arqueológica de Lambityeco,0,0,0,0,0,0,0,0,0,0,0,0,0,0,0,0,0,0,0,0,0,0,0,0
2021,Oaxaca,3110024,Zona Arqueológica de Mitla,1886,256,1048,139,1627,258,2204,223,1566,272,2798,446,3978,527,1887,269,1965,246,2790,437,2431,480,3480,430
2021,Oaxaca,3110025,Zona Arqueológica de Monte Albán con museo de sitio,11458,1748,8258,1391,13030,1652,12592,1449,12592,1449,15586,1962,22665,2590,14380,1995,12262,1701,18381,2780,24640,3916,33295,3953
2021,Oaxaca,3110042,Zona Arqueológica de Yagul,0,0,0,0,0,0,0,0,0,0,526,70,1336,141,960,171,259,47,487,119,929,222,981,155
2021,Oaxaca,3110045,Zona Arqueológica de Zaachila,0,0,0,0,0,0,0,0,0,0,0,0,0,0,0,0,0,0,0,0,0,0,359,28
2021,Oaxaca,3120045,Zona Arqueológica de Huamelulpan,0,0,0,0,0,0,0,0,0,0,0,0,0,0,0,0,0,0,0,0,0,0,0,0
2021,Oaxaca,3120131,Zona Arqueológica de Bocana del Río Copalita (con museo de sitio),0,0,0,0,0,0,0,0,0,0,0,0,0,0,0,0,0,0,0,0,0,0,0,0
2021,Oaxaca,3220034,Zona Arqueológica de Atzompa,0,0,0,0,0,0,0,0,0,0,0,0,0,0,0,0,0,0,0,0,0,0,117,3
2021,Puebla,3120010,Zona Arqueológica de Cantona,0,0,0,0,0,0,0,0,0,0,0,0,0,0,0,0,0,0,0,0,852,25,2360,45
2021,Puebla,3110009,Zona Arqueológica de Cholula con museo de sitio,0,0,0,0,0,0,1381,194,5449,650,6242,701,14325,1279,6364,1013,0,0,4013,728,6897,1329,12691,1334
2021,Puebla,3120090,Zona Arqueológica de San Cristobal Tepatlaxco,0,0,0,0,0,0,0,0,0,0,0,0,0,0,0,0,0,0,0,0,0,0,0,0
2021,Puebla,3120109,Zona Arqueológica de Tepapayeca,0,0,0,0,0,0,0,0,0,0,0,0,0,0,0,0,0,0,0,0,0,0,0,0
2021,Puebla,3120111,Zona Arqueológica de Tepexi el Viejo,0,0,0,0,0,0,0,0,0,0,0,0,0,0,0,0,0,0,0,0,0,0,0,0
2021,Puebla,3120128,Zona Arqueológica de Yohualichan,0,0,0,0,0,0,157,5,797,38,588,21,1622,54,514,16,0,0,879,28,1227,55,2615,83
2021,Querétaro,3110013,Zona Arqueológica de El Cerrito,0,0,0,0,0,0,0,0,0,0,0,0,3760,332,3124,265,2780,242,2921,537,2604,275,2612,418
2021,Querétaro,3110030,Zona Arqueológica de Ranas,0,0,0,0,0,0,0,0,0,0,0,0,0,0,0,0,0,0,0,0,0,0,0,0
2021,Querétaro,3110034,Zona Arqueológica de Toluquilla,0,0,0,0,0,0,0,0,0,0,0,0,307,95,4080,82,279,115,140,4,415,101,301,49
2021,Querétaro,3220021,Zona Arqueológica de Tancama,0,0,0,0,0,0,0,0,0,0,0,0,445,1,2170,5,124,2,147,7,302,2,407,30
2021,Quintana Roo,3120022,Zona Arqueológica de Cobá,13849,13140,6323,13671,11929,16805,14114,15776,12241,20772,8009,23205,9363,23763,6442,18378,4092,20457,4549,21623,4650,13916,0,0
2021,Quintana Roo,3120032,Zona Arqueológica de Dzibanché-Kinichná,724,189,400,105,459,156,533,201,438,174,329,120,648,282,513,296,283,108,485,138,252,759,549,1027
2021,Quintana Roo,3110015,Zona Arqueológica de El Meco,0,0,0,0,0,0,0,0,0,0,0,0,0,0,0,0,0,0,0,0,0,0,0,0
2021,Quintana Roo,3120038,Zona Arqueológica de El Rey,0,0,0,0,0,0,0,0,0,0,0,0,0,0,0,0,0,0,0,0,0,0,0,0
2021,Quintana Roo,3110019,Zona Arqueológica de Kohunlich,1257,277,602,123,871,362,944,247,813,183,779,358,1569,530,1420,658,510,1019,906,759,820,3520,1062,2836
2021,Quintana Roo,3120078,Zona Arqueológica de Muyil,648,294,432,156,663,360,868,560,1317,1075,405,600,1012,719,1155,681,504,553,979,815,1603,1195,2278,2871
2021,Quintana Roo,3120084,Zona Arqueológica de Oxtankah,905,69,420,43,602,20,617,22,667,25,370,21,570,29,598,31,342,37,420,34,486,566,937,55
2021,Quintana Roo,3120092,Zona Arqueológica de San Gervasio,683,1151,397,1006,1012,1413,1044,1229,1064,1302,288,439,1309,1374,1469,1631,1044,1254,1041,1211,3277,5514,3896,6013
2021,Quintana Roo,3110037,Zona Arqueológica de Tulum,64924,45122,47551,26835,69000,47394,68241,35541,33759,26809,6386,19253,35103,52654,19880,36920,22339,35212,17593,32673,54201,52138,64657,103685
2021,Quintana Roo,3110038,Zona Arqueológica de Xcaret,0,0,0,0,0,0,0,0,0,0,0,0,0,0,0,0,0,0,0,0,0,0,0,0
2021,Quintana Roo,3110039,Zona Arqueológica de Xelhá,0,0,0,0,0,0,0,0,0,0,0,0,0,0,0,0,0,0,0,0,0,0,0,0
2021,Quintana Roo,3120014,Zona Arqueológica de Chacchoben,0,0,0,0,0,0,0,0,0,0,0,75,630,808,607,2831,218,4773,381,5567,759,9835,731,12146
2021,San Luis Potosí,3120099,Zona Arqueológica de Tamohí,0,0,0,0,0,0,388,4,126,2,130,0,203,13,160,9,0,0,81,0,206,7,180,39
2021,San Luis Potosí,3120100,Zona Arqueológica de Tamtoc,424,0,31,0,591,0,582,4,260,5,266,2,588,1,0,0,0,0,202,0,378,1,0,0
2021,Sinaloa,322033,Zona Arqueológica Las Labradas,0,0,0,0,0,0,0,0,0,0,0,0,0,0,0,0,0,0,0,0,0,0,0,0
2021,Sonora,3210132,Zona Arqueológica de Cerro de las Trincheras,184,0,179,0,162,0,103,0,68,0,28,0,49,1,36,0,46,0,112,0,89,0,136,0
2021,Tabasco,3120023,Zona Arqueológica de Comalcalco con museo de sitio,0,0,0,0,0,0,0,0,1132,0,378,10,0,0,0,0,0,0,3114,33,3042,76,3908,69
2021,Tabasco,3110023,Zona Arqueológica de La Venta con museo de sitio,0,0,0,0,0,0,0,0,43,0,38,0,0,0,0,0,0,0,100,0,207,23,391,30
2021,Tabasco,3120086,Zona Arqueológica de Pomoná con museo de sitio,0,0,0,0,0,0,0,0,22,0,14,0,0,0,0,0,0,0,18,0,190,0,104,0
2021,Tabasco,3120076,Zona Arqueológica de Malpasito,0,0,0,0,0,0,0,0,0,0,0,0,0,0,0,0,0,0,0,0,0,0,0,0
2021,Tabasco,3120089,Zona Arqueológica de Moral-Reforma,0,0,0,0,0,0,0,0,44,0,18,0,0,0,0,0,0,0,0,0,0,0,39,0
2021,Tabasco,3220017,Zona Arqueológica de San Claudio,0,0,0,0,0,0,0,0,0,0,0,0,0,0,0,0,0,0,0,0,0,0,11,0
2021,Tamaulipas,3120039,Zona Arqueológica de El Sabinito,0,0,0,0,0,0,0,0,0,0,0,0,0,0,0,0,0,0,0,0,0,0,38,0
2021,Tamaulipas,3120067,Zona Arqueológica de Las Flores,0,0,0,0,0,0,0,0,0,0,0,0,0,0,0,0,0,0,0,0,0,0,0,0
2021,Tamaulipas,3120006,Zona Arqueológica de Balcón de Montezuma,244,0,121,0,181,0,129,0,89,0,84,0,109,0,51,0,75,0,120,0,106,1,58,0
2021,Tlaxcala,3110005,Zona Arqueológica de Cacaxtla con museo de sitio,0,0,0,0,0,0,0,0,0,0,838,13,2591,6,1029,12,2062,0,1275,0,1445,79,1818,0
2021,Tlaxcala,3110105,Zona Arqueológica de Xochitécatl con museo de sitio,0,0,0,0,0,0,0,0,0,0,279,8,925,2,198,0,0,0,0,0,0,0,0,0
2021,Tlaxcala,3110033,Zona Arqueológica de Tizatlán con museo de sitio,0,0,0,0,0,0,0,0,0,0,0,0,379,0,238,0,248,0,107,0,77,0,105,0
2021,Tlaxcala,3120080,Zona Arqueológica de Ocotelulco con museo de sitio,0,0,0,0,0,0,0,0,0,0,0,0,0,0,0,0,0,0,0,0,67,0,0,0
2021,Tlaxcala,3120101,Zona Arqueológica de Tecoaque,0,0,0,0,0,0,0,0,0,0,428,4,640,0,66,0,316,6,261,4,653,15,1061,18
2021,Veracruz,3120011,Zona Arqueológica de Castillo de Teayo con museo de sitio,0,0,0,0,0,0,0,0,0,0,0,0,0,0,0,0,0,0,0,0,0,0,0,0
2021,Veracruz,3120012,Zona Arqueológica de Cempoala con museo de sitio,0,0,0,0,0,0,0,0,0,0,0,0,0,0,0,0,0,0,0,0,0,0,1442,103
2021,Veracruz,3120068,Zona Arqueológica de Las Higueras con museo de sitio,0,0,0,0,0,0,0,0,0,0,0,0,0,0,0,0,0,0,0,0,0,0,0,0
2021,Veracruz,3120093,Zona Arqueológica de San Lorenzo Tenochtitlan con museo de sitio,0,0,0,0,0,0,0,0,0,0,0,0,0,0,0,0,0,0,0,0,0,0,0,0
2021,Veracruz,3110016,Zona Arqueológica de El Tajín,0,0,0,0,0,0,0,0,0,0,0,0,0,0,0,0,0,0,0,0,0,0,0,0
2021,Veracruz,3220012,Zona Arqueológica de Cuauhtochco,0,0,0,0,0,0,0,0,0,0,0,0,0,0,0,0,0,0,0,0,0,0,0,0
2021,Veracruz,3120123,Zona Arqueológica de Vega de la Peña,0,0,0,0,0,0,0,0,0,0,0,0,0,0,0,0,0,0,0,0,0,0,0,0
2021,Veracruz,3120088,Zona Arqueológica de Quiahuitztlán,0,0,0,0,0,0,0,0,0,0,0,0,0,0,0,0,0,0,0,0,0,0,589,0
2021,Veracruz,3120024,Zona Arqueológica de Cuajilote,0,0,0,0,0,0,0,0,0,0,0,0,0,0,0,0,0,0,0,0,0,0,66,0
2021,Veracruz,3120030,Zona Arqueológica de Cuyuxquihui,0,0,0,0,0,0,0,0,0,0,0,0,0,0,0,0,0,0,0,0,0,0,0,0
2021,Veracruz,3220014,Zona Arqueológica de Las Limas,0,0,0,0,0,0,0,0,0,0,0,0,0,0,0,0,0,0,0,0,0,0,0,0
2021,Yucatán,3120001,Zona Arqueológica de Acanceh,0,0,0,0,0,0,0,0,0,0,0,0,0,0,0,0,0,0,0,0,0,0,0,0
2021,Yucatán,3120002,Zona Arqueológica de Aké,0,0,0,0,0,0,0,0,0,0,0,0,0,0,0,0,0,0,0,0,0,0,0,0
2021,Yucatán,3120004,Zona Arqueológica de Balamcanché,0,0,0,0,0,0,0,0,0,0,0,0,0,0,0,0,0,0,0,0,0,0,0,0
2021,Yucatán,3120015,Zona Arqueológica de Chacmultún,0,0,0,0,0,0,0,0,0,0,0,0,0,0,0,0,0,0,0,0,0,0,0,0
2021,Yucatán,3110008,Zona Arqueológica de Chichén Itzá,47707,31851,31565,23832,28727,67332,37234,45460,55688,73949,59260,86856,90164,125124,75229,116507,54024,85550,69549,94271,95755,119046,125236,103472
2021,Yucatán,3120033,Zona Arqueológica de Dzibilchaltún con museo del Pueblo Maya,4277,375,3365,253,5400,291,3933,223,4080,297,3419,350,124,15,0,0,0,0,0,0,3156,384,7791,600
2021,Yucatán,3120034,Zona Arqueológica de Ekbalam,4749,2342,2386,1469,3349,2840,4487,3468,3364,4232,2597,4334,4151,4078,3913,5035,2866,3415,3835,5909,4434,8551,5967,10241
2021,Yucatán,3120057,Zona Arqueológica de Kabah,0,0,0,0,0,0,0,0,0,0,0,0,0,0,0,0,0,0,0,0,173,66,2220,1047
2021,Yucatán,3120064,Zona Arqueológica de Labná,0,0,0,0,0,0,0,0,0,0,0,0,0,0,0,0,0,0,0,0,0,0,0,0
2021,Yucatán,3120071,Zona Arqueológica de Loltún,0,0,0,0,0,0,0,0,0,0,0,0,0,0,0,0,0,0,0,0,0,0,0,0
2021,Yucatán,3120077,Zona Arqueológica de Mayapán,2680,334,1881,318,2387,403,2789,330,2355,349,2253,437,3506,1341,2658,1140,1772,802,2875,964,3142,2042,3824,1777
2021,Yucatán,3120097,Zona Arqueológica de Sayil,0,0,0,0,0,0,0,0,0,0,0,0,0,0,0,0,0,0,0,0,0,0,0,0
2021,Yucatán,3120122,Zona Arqueológica de Uxmal con museo de sitio,11943,2429,6854,1710,9120,1808,10865,1108,8999,1310,8116,930,16050,2766,12104,3468,7598,1888,10145,3282,12971,7469,18607,6849
2021,Yucatán,3120126,Zona Arqueológica de Xlapak,0,0,0,0,0,0,0,0,0,0,0,0,0,0,0,0,0,0,0,0,0,0,0,0
2021,Yucatán,3120083,Zona Arqueológica de Oxkintok,0,0,0,0,0,0,0,0,0,0,0,0,0,0,0,0,0,0,0,0,0,0,0,0
2021,Yucatán,3120056,Zona Arqueológica de Izamal,1422,251,1211,296,1488,433,2284,468,1686,263,1460,805,1834,913,1909,837,1600,887,1732,710,1514,820,3705,750
2021,Yucatán,3120135,Zona Arqueológica de Xcambó,2110,154,1087,120,1549,153,1750,80,1516,102,955,94,1951,409,1859,312,1175,205,1243,266,1524,624,1903,592
2021,Zacatecas,3120003,Zona Arqueológica de Altavista o Chalchihuites con museo de sitio,0,0,0,0,0,0,0,0,0,0,0,0,593,0,304,13,188,5,184,9,304,1,537,10
2021,Zacatecas,3110022,Zona Arqueológica de La Quemada con museo de sitio,0,0,0,0,0,0,2392,4,1866,21,1464,10,1297,0,1436,6,1345,0,1696,14,1608,5,1255,12
2021,Zacatecas,0,Zona Arqueológica Cerro del Teúl,0,0,0,0,0,0,0,0,0,0,0,0,708,21,856,60,464,6,396,6,374,11,239,28
2021,Zacatecas,0,Zona Arqueológica Cerro de las Ventanas,0,0,0,0,0,0,0,0,0,0,0,0,0,0,0,0,0,0,0,0,0,0,0,0
2020,Baja California,3120040,Zona Arqueológica de El Vallecito,1089,6,1246,0,832,0,0,0,0,0,0,0,0,0,0,0,0,0,189,0,930,0,147,0
2020,Baja California Sur,3120007,Zona Arqueológica de San Francisco de la Sierra,90,75,349,190,360,105,0,0,0,0,0,0,0,0,0,0,0,0,0,0,0,0,0,0
2020,Campeche,3120005,Zona Arqueológica de Balamkú,478,328,234,396,153,236,0,0,0,0,0,0,0,0,0,0,139,28,118,54,229,89,492,108
2020,Campeche,3110002,Zona Arqueológica de Becán,993,1626,387,1617,341,809,0,0,0,0,0,0,0,0,0,0,0,0,0,0,0,0,0,0
2020,Campeche,3120008,Zona Arqueológica de Calakmul,2630,2680,1458,3446,836,1665,0,0,0,0,0,0,0,0,0,0,0,0,0,0,0,0,2176,469
2020,Campeche,3120017,Zona Arqueológica de Chicanná,349,683,263,696,130,558,0,0,0,0,0,0,0,0,0,0,0,0,0,0,0,0,0,0
2020,Campeche,3120020,Zona Arqueológica de Chunhuhub,47,0,44,0,54,0,0,0,0,0,0,0,0,0,0,0,0,0,0,0,0,0,0,0
2020,Campeche,3110011,Zona Arqueológica de Dzibilnocac,534,28,325,21,238,19,0,0,0,0,0,0,0,0,0,0,72,5,82,3,146,2,342,17
2020,Campeche,3110012,Zona Arqueológica de Edzná,4237,1319,3586,1232,1659,612,0,0,0,0,0,0,0,0,0,0,233,14,866,157,1425,188,2883,208
2020,Campeche,3110017,Zona Arqueológica de El Tigre,470,5,270,9,132,4,0,0,0,0,0,0,0,0,0,0,0,0,0,0,0,0,0,0
2020,Campeche,3120042,Zona Arqueológica de Hochob,113,65,62,12,92,28,0,0,0,0,0,0,0,0,0,0,37,2,38,4,66,8,175,8
2020,Campeche,3120043,Zona Arqueológica de Hormiguero,216,96,134,159,146,59,0,0,0,0,0,0,0,0,0,0,130,9,137,41,159,46,309,90
2020,Campeche,3120058,Zona Arqueológica de Kankí,74,11,116,4,30,4,0,0,0,0,0,0,0,0,0,0,0,0,0,0,0,0,0,0
2020,Campeche,3120096,Zona Arqueológica de Santa Rosa Xtampak,192,29,95,16,58,11,0,0,0,0,0,0,0,0,0,0,0,0,0,0,0,0,0,0
2020,Campeche,3120118,Zona Arqueológica de Tohcok,42,19,70,22,14,8,0,0,0,0,0,0,0,0,0,0,0,0,0,0,0,0,0,0
2020,Campeche,3120125,Zona Arqueológica de Xcalumkín,236,4,142,10,65,9,0,0,0,0,0,0,0,0,0,0,0,0,0,0,0,0,0,0
2020,Campeche,3110041,Zona Arqueológica de Xpuhil,737,533,441,393,345,229,0,0,0,0,0,0,0,0,0,0,146,28,238,61,301,87,474,185
2020,Campeche,3120098,Zona Arqueológica de Tabasqueño,188,26,223,19,96,13,0,0,0,0,0,0,0,0,0,0,0,0,0,0,0,0,0,0
2020,Chiapas,3110004,Zona Arqueológica de Bonampak,4549,6253,4138,5597,2807,3750,0,0,0,0,0,0,0,0,0,0,0,0,791,139,1245,31,1599,0
2020,Chiapas,3120019,Zona Arqueológica de Chincultic,2843,141,1468,168,1050,84,0,0,0,0,0,0,0,0,0,0,0,0,0,0,0,0,0,0
2020,Chiapas,3110018,Zona Arqueológica de Izapa,1901,581,1103,603,634,38,0,0,0,0,0,0,0,0,0,0,0,0,0,0,0,0,0,0
2020,Chiapas,3110026,"Zona Arqueológica de Palenque con museo ""Alberto Ruz L´Huiller""",83598,25909,57055,18048,37696,11946,0,0,0,0,0,0,0,0,0,0,1760,74,10660,426,15603,817,21442,1055
2020,Chiapas,3120103,Zona Arqueológica de Tenam Puente,2259,190,1717,130,477,41,0,0,0,0,0,0,0,0,0,0,0,0,0,0,0,0,0,0
2020,Chiapas,3110035,Zona Arqueológica de Toniná con museo de sitio,4783,793,3239,749,2406,350,0,0,0,0,0,0,0,0,0,0,0,0,0,0,0,0,0,0
2020,Chiapas,3110044,Zona Arqueológica de Yaxchilán,13781,7816,11871,6642,7954,4168,0,0,0,0,0,0,0,0,0,0,0,0,0,0,1176,102,0,0
2020,Chiapas,3220004,Zona Arqueológica de Chiapa de Corzo,251,49,217,44,263,6,0,0,0,0,0,0,0,0,0,0,0,0,0,0,0,0,0,0
2020,Chiapas,3220028,Zona Arqueológica de Lagartero,9610,2059,3407,430,3525,265,0,0,0,0,0,0,0,0,0,0,0,0,0,0,0,0,0,0
2020,Chiapas,3120134,Zona Arqueológica de Iglesia Vieja,1321,13,426,5,322,0,0,0,0,0,0,0,0,0,0,0,0,0,0,0,0,0,0,0
2020,Chihuahua,3110028,Zona Arqueológica de Paquimé con Museo de las Culturas del Norte,1918,52,1890,146,3087,168,0,0,0,0,0,0,0,0,0,0,1066,38,1189,0,0,0,0,0
2020,Chihuahua,3110010,Zona Arqueológica de Cuarenta Casas,67,0,30,0,62,0,0,0,0,0,0,0,0,0,0,0,0,0,0,0,0,0,0,0
2020,Chihuahua,3120027,Zona Arqueológica de Cueva de la Olla,761,29,800,0,1253,0,0,0,0,0,0,0,0,0,0,0,0,0,0,0,0,0,0,0
2020,Chihuahua,3120028,Zona Arqueológica de Cueva Grande,4,0,0,0,4,0,0,0,0,0,0,0,0,0,0,0,0,0,8,0,0,0,0,0
2020,Chihuahua,3120049,Zona Arqueológica de Huapoca,0,0,4,0,6,0,0,0,0,0,0,0,0,0,0,0,0,0,4,0,0,0,0,0
2020,Ciudad de México,3120013,Zona Arqueológica de Cerro de la Estrella,1532,0,1913,0,3580,0,0,0,0,0,0,0,0,0,0,0,0,0,0,0,0,0,0,0
2020,Ciudad de México,3120029,Zona Arqueológica de Cuicuilco con museo de sitio,7111,247,6949,312,3070,116,0,0,0,0,0,0,0,0,0,0,626,36,1062,63,834,79,377,44
2020,Ciudad de México,3120116,Zona Arqueológica de Tlatelolco con museo de sitio,5508,4130,5389,3629,3258,2069,0,0,0,0,0,0,0,0,0,0,0,0,0,0,0,0,0,0
2020,Ciudad de México,0,Zona Arqueológica de Mixcoac,690,29,590,26,433,19,0,0,0,0,0,0,0,0,0,0,87,0,129,0,108,0,69,0
2020,Colima,3120035,Zona Arqueológica de El Chanal,853,29,829,22,213,5,0,0,0,0,0,0,0,0,0,0,0,0,0,0,0,0,0,0
2020,Colima,3120059,Zona Arqueológica de La Campana,1111,217,1320,16,436,7,0,0,0,0,0,0,0,0,0,0,0,0,0,0,0,0,0,0
2020,Durango,3110020,Zona Arqueológica de La Ferrería con museo de sitio,815,13,605,22,628,11,0,0,0,0,0,0,0,0,0,0,0,0,187,4,0,0,0,0
2020,Estado de México,3110001,Zona Arqueológica de Acozac,2840,0,2578,0,2586,5,0,0,0,0,0,0,0,0,0,0,0,0,0,0,0,0,0,0
2020,Estado de México,3110006,Zona Arqueológica de Calixtlahuaca,2488,0,5340,0,5028,0,0,0,0,0,0,0,0,0,0,0,0,0,0,0,0,0,0,0
2020,Estado de México,3120018,Zona Arqueológica de Chimalhuacán con museo de sitio,7530,0,4298,0,4943,6,0,0,0,0,0,0,0,0,0,0,0,0,0,0,0,0,0,0
2020,Estado de México,3110014,Zona Arqueológica de El Conde,216,0,374,0,308,0,0,0,0,0,0,0,0,0,0,0,0,0,0,0,0,0,0,0
2020,Estado de México,3120050,Zona Arqueológica de Huexotla,476,0,590,0,242,0,0,0,0,0,0,0,0,0,0,0,0,0,0,0,0,0,0,0
2020,Estado de México,3120072,Zona Arqueológica de Los Melones,1084,0,1115,0,747,4,0,0,0,0,0,0,0,0,0,0,0,0,0,0,0,0,0,0
2020,Estado de México,3120073,Zona Arqueológica de Los Reyes La Paz,1450,0,1482,0,1558,1,0,0,0,0,0,0,0,0,0,0,0,0,0,0,0,0,0,0
2020,Estado de México,3120075,Zona Arqueológica de Malinalco,33025,0,25512,223,18549,301,0,0,0,0,0,0,0,0,0,0,0,0,0,0,0,0,0,0
2020,Estado de México,3120095,"Zona Arqueológica de Santa Cecilia Acatitla con museo de la Escultura Mexica ""Eusebio Dávalos Hurtado""",1330,0,1918,19,1344,4,0,0,0,0,0,0,0,0,0,0,0,0,0,0,0,0,0,0
2020,Estado de México,3120104,Zona Arqueológica de Tenayuca I con museo Xólotl,5212,0,5024,0,5486,25,0,0,0,0,0,0,0,0,0,0,0,0,0,0,0,0,0,0
2020,Estado de México,3120129,Zona Arqueológica de Tenayuca II,386,0,330,0,214,0,0,0,0,0,0,0,0,0,0,0,0,0,0,0,0,0,0,0
2020,Estado de México,3110031,Zona Arqueológica Teotihuacan (con Museo de Sitio),125102,76840,177666,61799,102236,30841,0,0,0,0,0,0,0,0,0,0,15420,9541,33470,6900,33606,8671,16066,3855
2020,Estado de México,3110032,Zona Arqueológica de Tetzcotzinco,3788,0,2732,0,3704,17,0,0,0,0,0,0,0,0,0,0,0,0,0,0,0,0,0,0
2020,Estado de México,3120115,Zona Arqueológica de Tlapacoya,632,0,772,0,257,2,0,0,0,0,0,0,0,0,0,0,0,0,0,0,0,0,0,0
2020,Estado de México,3120044,Zona Arqueológica de Huamango,816,0,1042,0,0,0,0,0,0,0,0,0,0,0,0,0,0,0,0,0,0,0,0,0
2020,Estado de México,3120081,Zona Arqueológica de Ocoyoacac,0,0,0,0,64,0,0,0,0,0,0,0,0,0,0,0,0,0,0,0,0,0,0,0
2020,Estado de México,3120094,Zona Arqueológica de San Miguel Ixtapan,1360,0,698,0,0,0,0,0,0,0,0,0,0,0,0,0,0,0,0,0,0,0,0,0
2020,Estado de México,3120108,Zona Arqueológica de Teotenango,2836,0,6076,0,4899,23,0,0,0,0,0,0,0,0,0,0,0,0,0,0,0,0,0,0
2020,Guanajuato,3120085,Zona Arqueológica de Plazuelas,1810,69,864,14,769,35,0,0,0,0,0,0,0,0,0,0,641,13,380,19,571,15,418,32
2020,Guanajuato,3220023,Zona Arqueológica de Peralta,1537,266,937,73,661,66,0,0,0,0,0,0,0,0,0,0,698,18,361,17,485,32,467,17
2020,Guanajuato,3220022,Zona Arqueológica de Cañada de la Virgen,2228,1081,1373,783,1092,431,0,0,0,0,0,0,0,0,0,0,800,76,680,117,714,173,586,154
2020,Guanajuato,3120133,Zona Arqueológica El Cóporo,696,6,419,0,300,0,0,0,0,0,0,0,0,0,0,0,539,0,309,0,334,0,234,0
2020,Guanajuato,0,Zona Arqueológica Arroyo Seco,551,26,781,4,445,0,0,0,0,0,0,0,0,0,0,0,143,0,117,0,113,0,0,0
2020,Guerrero,3120046,Zona Arqueológica de Huamuxtitlán,80,6,165,0,402,6,0,0,0,0,0,0,0,0,0,0,0,0,0,0,0,0,0,0
2020,Guerrero,3120053,Zona Arqueológica de Ixcateopan,258,0,1666,5,330,0,0,0,0,0,0,0,0,0,0,0,0,0,0,0,0,0,0,0
2020,Guerrero,3110021,Zona Arqueológica de La Organera Xochipala,233,0,386,0,152,0,0,0,0,0,0,0,0,0,0,0,0,0,0,0,0,0,0,0
2020,Guerrero,3120062,Zona Arqueológica de La Sabana,36,0,25,0,45,0,0,0,0,0,0,0,0,0,0,0,0,0,0,0,0,0,0,0
2020,Guerrero,3120026,Zona Arqueológica de Cuetlajuchitlán (Los Querende),18,0,196,0,48,0,0,0,0,0,0,0,0,0,0,0,0,0,0,0,0,0,0,0
2020,Guerrero,3110027,Zona Arqueológica de Palma Sola,127,4,214,7,152,6,0,0,0,0,0,0,0,0,0,0,0,0,0,0,0,0,0,0
2020,Guerrero,3120106,Zona Arqueológica de Teopantecuanitlán,144,0,115,1,144,0,0,0,0,0,0,0,0,0,0,0,0,0,0,0,0,0,0,0
2020,Guerrero,3220027,Zona Arqueológica de Tehuacalco,1213,17,853,47,590,33,0,0,0,0,0,0,0,0,0,0,0,0,0,0,0,0,0,0
2020,Guerrero,3120132,Zona Arqueológica Soledad de Maciel,317,460,380,624,162,169,0,0,0,0,0,0,0,0,0,0,0,0,0,0,59,5,279,128
2020,Hidalgo,3120048,Zona Arqueológica de Huapalcalco,2704,7,2183,21,611,12,0,0,0,0,0,0,0,0,0,0,0,0,0,0,0,0,0,0
2020,Hidalgo,3120110,Zona Arqueológica de Tepeapulco,1803,16,1325,14,841,20,0,0,0,0,0,0,0,0,0,0,0,0,0,0,0,0,0,0
2020,Hidalgo,3110036,Zona Arqueológica de Tula con museo de sitio,18088,1085,16643,785,10904,386,0,0,0,0,0,0,0,0,0,0,0,0,0,0,0,0,0,0
2020,Hidalgo,3120136,Zona Arqueológica Pahñú,2406,79,1646,22,1283,29,0,0,0,0,0,0,0,0,0,0,0,0,0,0,0,0,0,0
2020,Jalisco,3120054,Zona Arqueológica de Ixtépete,538,0,923,0,0,0,0,0,0,0,0,0,0,0,0,0,0,0,0,0,0,0,0,0
2020,Jalisco,3120113,Zona Arqueológica de Teuchitlán,14738,1267,16501,1145,10837,620,0,0,0,0,0,0,0,0,0,0,0,0,8233,317,4146,403,7879,477
2020,Michoacán,3120047,Zona Arqueológica de Huandacareo,295,11,144,0,101,0,0,0,0,0,0,0,0,0,0,0,0,0,0,0,32,0,51,0
2020,Michoacán,3120052,Zona Arqueológica de Ihuatzio,599,42,606,28,213,18,0,0,0,0,0,0,0,0,0,0,0,0,0,0,0,0,0,0
2020,Michoacán,3120091,Zona Arqueológica de San Felipe los Alzati,1021,0,1058,10,480,0,0,0,0,0,0,0,0,0,0,0,0,0,0,0,0,0,0,0
2020,Michoacán,3120114,Zona Arqueológica de Tingambato,1965,24,1530,25,1389,6,0,0,0,0,0,0,0,0,0,0,0,0,0,0,323,13,315,3
2020,Michoacán,3120119,Zona Arqueológica de Tres Cerritos,142,0,391,0,326,0,0,0,0,0,0,0,0,0,0,0,0,0,0,0,0,0,0,0
2020,Michoacán,3120121,Zona Arqueológica de Tzintzuntzan con museo de sitio,4142,88,4235,199,3418,86,0,0,0,0,0,0,0,0,0,0,0,0,0,0,0,0,0,0
2020,Morelos,3110007,Zona Arqueológica de Chalcatzingo,2196,51,1727,36,1647,29,0,0,0,0,0,0,0,0,0,0,1570,12,2078,9,2110,10,0,0
2020,Morelos,3110040,Zona Arqueológica de Xochicalco con museo de sitio,9562,1403,6620,420,5446,421,0,0,0,0,0,0,0,0,0,0,0,0,0,0,953,35,0,0
2020,Morelos,3120021,Zona Arqueológica de Coatetelco con museo de sitio,66,0,11,0,28,0,0,0,0,0,0,0,0,0,0,0,0,0,0,0,8,2,0,0
2020,Morelos,3120069,Zona Arqueológica de Las Pilas,85,0,113,0,177,0,0,0,0,0,0,0,0,0,0,0,0,0,0,0,0,0,0,0
2020,Morelos,3120112,Zona Arqueológica de Tepozteco,32902,8122,30534,6006,14240,2855,0,0,0,0,0,0,0,0,0,0,0,0,0,0,0,0,0,0
2020,Morelos,3120107,Zona Arqueológica de Teopanzolco,289,15,965,56,612,17,0,0,0,0,0,0,0,0,0,0,0,0,0,0,0,0,0,0
2020,Morelos,3110043,Zona Arqueológica de Yautepec,133,0,134,0,51,0,0,0,0,0,0,0,0,0,0,0,0,0,0,0,0,0,0,0
2020,Nayarit,3120055,Zona Arqueológica de Ixtlán del Río,1337,45,1183,57,991,40,0,0,0,0,0,0,0,0,0,0,0,0,0,0,0,0,0,0
2020,Nuevo León,3110003,Zona Arqueológica de Boca de Potrerillos,86,0,343,0,86,0,0,0,0,0,0,0,0,0,0,0,0,0,196,8,191,11,0,0
2020,Oaxaca,3120031,Zona Arqueológica de Dainzú,435,44,181,16,242,18,0,0,0,0,0,0,0,0,0,0,0,0,0,0,0,0,0,0
2020,Oaxaca,3120041,Zona Arqueológica de Guiengola,302,8,939,10,343,6,0,0,0,0,0,0,0,0,0,0,0,0,0,0,0,0,0,0
2020,Oaxaca,3120051,Zona Arqueológica de Huijazoo,244,31,178,47,58,10,0,0,0,0,0,0,0,0,0,0,0,0,0,0,0,0,0,0
2020,Oaxaca,3120065,Zona Arqueológica de Lambityeco,230,21,163,18,143,7,0,0,0,0,0,0,0,0,0,0,0,0,0,0,0,0,0,0
2020,Oaxaca,3110024,Zona Arqueológica de Mitla,6771,1645,5869,1523,3237,981,0,0,0,0,0,0,0,0,0,0,0,0,0,0,0,0,1549,240
2020,Oaxaca,3110025,Zona Arqueológica de Monte Albán con museo de sitio,39664,6545,33327,6900,20431,3838,0,0,0,0,0,0,0,0,0,0,0,0,0,0,2783,461,14359,1833
2020,Oaxaca,3110042,Zona Arqueológica de Yagul,1356,200,1086,127,643,149,0,0,0,0,0,0,0,0,0,0,0,0,0,0,0,0,0,0
2020,Oaxaca,3110045,Zona Arqueológica de Zaachila,308,242,145,41,140,49,0,0,0,0,0,0,0,0,0,0,0,0,0,0,0,0,0,0
2020,Oaxaca,3120045,Zona Arqueológica de Huamelulpan,464,2,123,5,124,4,0,0,0,0,0,0,0,0,0,0,0,0,0,0,0,0,0,0
2020,Oaxaca,3120131,Zona Arqueológica de Bocana del Río Copalita (con museo de sitio),931,1040,614,951,476,545,0,0,0,0,0,0,0,0,0,0,0,0,0,0,0,0,0,0
2020,Oaxaca,3220034,Zona Arqueológica de Atzompa,2032,160,1537,112,821,71,0,0,0,0,0,0,0,0,0,0,0,0,0,0,0,0,0,0
2020,Puebla,3120010,Zona Arqueológica de Cantona,3685,208,2432,96,2179,66,0,0,0,0,0,0,0,0,0,0,0,0,0,0,0,0,0,0
2020,Puebla,3110009,Zona Arqueológica de Cholula con museo de sitio,66673,5379,45870,4607,37064,3692,0,0,0,0,0,0,0,0,0,0,0,0,2097,169,4520,444,3552,396
2020,Puebla,3120090,Zona Arqueológica de San Cristobal Tepatlaxco,263,0,152,0,226,0,0,0,0,0,0,0,0,0,0,0,0,0,0,0,0,0,0,0
2020,Puebla,3120109,Zona Arqueológica de Tepapayeca,69,0,93,0,80,0,0,0,0,0,0,0,0,0,0,0,0,0,0,0,0,0,0,0
2020,Puebla,3120111,Zona Arqueológica de Tepexi el Viejo,60,0,65,0,81,0,0,0,0,0,0,0,0,0,0,0,0,0,0,0,0,0,0,0
2020,Puebla,3120128,Zona Arqueológica de Yohualichan,3161,64,3420,67,3233,38,0,0,0,0,0,0,0,0,0,0,0,0,0,0,0,0,670,14
2020,Querétaro,3110013,Zona Arqueológica de El Cerrito,4782,509,6622,771,3002,291,0,0,0,0,0,0,0,0,0,0,0,0,1069,96,1623,145,554,70
2020,Querétaro,3110030,Zona Arqueológica de Ranas,1974,1,1857,3,1985,4,0,0,0,0,0,0,0,0,0,0,0,0,0,0,0,0,0,0
2020,Querétaro,3110034,Zona Arqueológica de Toluquilla,279,5,301,2,111,0,0,0,0,0,0,0,0,0,0,0,0,0,0,0,0,0,0,0
2020,Querétaro,3220021,Zona Arqueológica de Tancama,493,37,436,4,396,10,0,0,0,0,0,0,0,0,0,0,0,0,0,0,0,0,0,0
2020,Quintana Roo,3120022,Zona Arqueológica de Cobá,9620,53281,18184,48776,7411,28780,0,0,0,0,0,0,0,0,0,0,3278,6309,3657,9308,12370,8995,14236,11720
2020,Quintana Roo,3120032,Zona Arqueológica de Dzibanché-Kinichná,631,2386,676,833,222,833,0,0,0,0,0,0,0,0,0,0,0,0,363,59,386,40,719,72
2020,Quintana Roo,3110015,Zona Arqueológica de El Meco,1087,313,1117,371,794,205,0,0,0,0,0,0,0,0,0,0,0,0,0,0,0,0,0,0
2020,Quintana Roo,3120038,Zona Arqueológica de El Rey,1221,1029,1078,1243,319,792,0,0,0,0,0,0,0,0,0,0,0,0,0,0,0,0,0,0
2020,Quintana Roo,3110019,Zona Arqueológica de Kohunlich,1720,5350,1851,2416,1009,1091,0,0,0,0,0,0,0,0,0,0,0,0,682,45,773,58,1060,199
2020,Quintana Roo,3120078,Zona Arqueológica de Muyil,549,810,495,880,208,509,0,0,0,0,0,0,0,0,0,0,112,159,178,112,405,187,687,366
2020,Quintana Roo,3120084,Zona Arqueológica de Oxtankah,1154,110,996,101,692,75,0,0,0,0,0,0,0,0,0,0,0,0,191,23,416,7,592,36
2020,Quintana Roo,3120092,Zona Arqueológica de San Gervasio,2166,9457,1980,8244,131,480,0,0,0,0,0,0,0,0,0,0,143,255,139,446,486,647,727,1141
2020,Quintana Roo,3110037,Zona Arqueológica de Tulum,64146,113541,42211,102418,43152,48827,0,0,0,0,0,0,0,0,0,0,7975,10363,15854,22648,39135,32425,49184,32552
2020,Quintana Roo,3110038,Zona Arqueológica de Xcaret,50,2,50,2,5,3,0,0,0,0,0,0,0,0,0,0,0,0,0,0,0,0,0,0
2020,Quintana Roo,3110039,Zona Arqueológica de Xelhá,178,111,146,98,42,97,0,0,0,0,0,0,0,0,0,0,0,0,0,0,0,0,0,0
2020,Quintana Roo,3120014,Zona Arqueológica de Chacchoben,3840,21939,476,12824,1093,8534,0,0,0,0,0,0,0,0,0,0,0,0,0,0,0,0,0,0
2020,San Luis Potosí,3120099,Zona Arqueológica de Tamohí,632,5,177,8,309,41,0,0,0,0,0,0,0,0,0,0,0,0,0,0,0,0,0,0
2020,San Luis Potosí,3120100,Zona Arqueológica de Tamtoc,690,0,659,21,706,8,0,0,0,0,0,0,0,0,0,0,0,0,0,0,0,0,508,4
2020,Sinaloa,322033,Zona Arqueológica Las Labradas,646,142,655,130,763,109,0,0,0,0,0,0,0,0,0,0,0,0,0,0,0,0,0,0
2020,Sonora,3210132,Zona Arqueológica de Cerro de las Trincheras,299,28,234,64,95,0,0,0,0,0,0,0,0,0,0,0,20,0,75,0,93,0,140,0
2020,Tabasco,3120023,Zona Arqueológica de Comalcalco con museo de sitio,5557,274,5363,117,6921,105,0,0,0,0,0,0,0,0,0,0,0,0,0,0,0,0,0,0
2020,Tabasco,3110023,Zona Arqueológica de La Venta con museo de sitio,748,40,774,0,282,18,0,0,0,0,0,0,0,0,0,0,0,0,0,0,0,0,0,0
2020,Tabasco,3120086,Zona Arqueológica de Pomoná con museo de sitio,211,0,179,0,32,0,0,0,0,0,0,0,0,0,0,0,0,0,0,0,0,0,0,0
2020,Tabasco,3120076,Zona Arqueológica de Malpasito,124,0,63,0,13,0,0,0,0,0,0,0,0,0,0,0,0,0,0,0,0,0,0,0
2020,Tabasco,3120089,Zona Arqueológica de Moral-Reforma,232,0,167,0,87,0,0,0,0,0,0,0,0,0,0,0,0,0,0,0,0,0,0,0
2020,Tabasco,3220017,Zona Arqueológica de San Claudio,45,0,23,0,17,0,0,0,0,0,0,0,0,0,0,0,0,0,0,0,0,0,0,0
2020,Tamaulipas,3120039,Zona Arqueológica de El Sabinito,79,0,213,0,89,0,0,0,0,0,0,0,0,0,0,0,0,0,0,0,0,0,0,0
2020,Tamaulipas,3120067,Zona Arqueológica de Las Flores,243,15,227,10,169,0,0,0,0,0,0,0,0,0,0,0,0,0,0,0,0,0,0,0
2020,Tamaulipas,3120006,Zona Arqueológica de Balcón de Montezuma,41,0,121,0,159,0,0,0,0,0,0,0,0,0,0,0,0,0,0,0,114,0,58,0
2020,Tlaxcala,3110005,Zona Arqueológica de Cacaxtla con museo de sitio,10519,194,9184,193,5816,252,0,0,0,0,0,0,0,0,0,0,106,0,1115,0,972,0,763,0
2020,Tlaxcala,3110105,Zona Arqueológica de Xochitécatl con museo de sitio,9118,130,3950,32,2444,17,0,0,0,0,0,0,0,0,0,0,14,0,347,9,447,2,368,38
2020,Tlaxcala,3110033,Zona Arqueológica de Tizatlán con museo de sitio,256,0,531,0,198,0,0,0,0,0,0,0,0,0,0,0,0,0,0,0,0,0,0,0
2020,Tlaxcala,3120080,Zona Arqueológica de Ocotelulco con museo de sitio,79,0,45,1,22,0,0,0,0,0,0,0,0,0,0,0,0,0,0,0,0,0,0,0
2020,Tlaxcala,3120101,Zona Arqueológica de Tecoaque,1580,8,671,5,302,0,0,0,0,0,0,0,0,0,0,0,0,0,92,1,125,2,40,0
2020,Veracruz,3120011,Zona Arqueológica de Castillo de Teayo con museo de sitio,0,0,0,0,0,0,0,0,0,0,0,0,0,0,0,0,0,0,0,0,0,0,0,0
2020,Veracruz,3120012,Zona Arqueológica de Cempoala con museo de sitio,2869,74,3039,104,3070,36,0,0,0,0,0,0,0,0,0,0,0,0,0,0,0,0,0,0
2020,Veracruz,3120068,Zona Arqueológica de Las Higueras con museo de sitio,24,0,34,0,12,0,0,0,0,0,0,0,0,0,0,0,0,0,0,0,0,0,0,0
2020,Veracruz,3120093,Zona Arqueológica de San Lorenzo Tenochtitlan con museo de sitio,331,0,342,0,292,0,0,0,0,0,0,0,0,0,0,0,0,0,0,0,0,0,0,0
2020,Veracruz,3110016,Zona Arqueológica de El Tajín,27314,323,24649,262,31554,242,0,0,0,0,0,0,0,0,0,0,0,0,0,0,0,0,0,0
2020,Veracruz,3220012,Zona Arqueológica de Cuauhtochco,0,0,0,0,0,0,0,0,0,0,0,0,0,0,0,0,0,0,0,0,0,0,0,0
2020,Veracruz,3120123,Zona Arqueológica de Vega de la Peña,29,3,52,5,26,5,0,0,0,0,0,0,0,0,0,0,0,0,0,0,0,0,0,0
2020,Veracruz,3120088,Zona Arqueológica de Quiahuitztlán,2023,65,2205,45,2356,47,0,0,0,0,0,0,0,0,0,0,0,0,0,0,0,0,0,0
2020,Veracruz,3120024,Zona Arqueológica de Cuajilote,346,0,384,6,252,0,0,0,0,0,0,0,0,0,0,0,0,0,0,0,0,0,0,0
2020,Veracruz,3120030,Zona Arqueológica de Cuyuxquihui,350,0,112,0,200,0,0,0,0,0,0,0,0,0,0,0,0,0,0,0,0,0,0,0
2020,Veracruz,3220014,Zona Arqueológica de Las Limas,33,0,14,0,15,0,0,0,0,0,0,0,0,0,0,0,0,0,0,0,0,0,0,0
2020,Yucatán,3120001,Zona Arqueológica de Acanceh,738,72,969,98,343,44,0,0,0,0,0,0,0,0,0,0,0,0,0,0,0,0,0,0
2020,Yucatán,3120002,Zona Arqueológica de Aké,1434,101,1274,116,1361,68,0,0,0,0,0,0,0,0,0,0,0,0,0,0,0,0,0,0
2020,Yucatán,3120004,Zona Arqueológica de Balamcanché,1158,198,611,82,209,51,0,0,0,0,0,0,0,0,0,0,0,0,0,0,0,0,0,0
2020,Yucatán,3120015,Zona Arqueológica de Chacmultún,391,0,219,0,128,0,0,0,0,0,0,0,0,0,0,0,0,0,0,0,0,0,0,0
2020,Yucatán,3110008,Zona Arqueológica de Chichén Itzá,80103,162258,125883,117912,62120,75716,0,0,0,0,0,0,0,0,0,0,8436,2992,28442,8771,56738,11499,52017,30908
2020,Yucatán,3120033,Zona Arqueológica de Dzibilchaltún con museo del Pueblo Maya,10746,5466,9581,3273,5120,2399,0,0,0,0,0,0,0,0,0,0,884,82,344,16,0,0,2441,628
2020,Yucatán,3120034,Zona Arqueológica de Ekbalam,5970,10830,4852,10251,2987,4229,0,0,0,0,0,0,0,0,0,0,934,184,1115,355,2678,996,4202,1997
2020,Yucatán,3120057,Zona Arqueológica de Kabah,1681,1842,2615,2196,1937,1744,0,0,0,0,0,0,0,0,0,0,0,0,0,0,0,0,0,0
2020,Yucatán,3120064,Zona Arqueológica de Labná,1267,348,1322,405,1072,378,0,0,0,0,0,0,0,0,0,0,0,0,0,0,0,0,0,0
2020,Yucatán,3120071,Zona Arqueológica de Loltún,3002,490,2402,393,1474,853,0,0,0,0,0,0,0,0,0,0,0,0,0,0,0,0,0,0
2020,Yucatán,3120077,Zona Arqueológica de Mayapán,2698,4604,2678,1567,1522,1332,0,0,0,0,0,0,0,0,0,0,554,40,1217,128,2026,225,3581,586
2020,Yucatán,3120097,Zona Arqueológica de Sayil,988,380,1185,685,778,559,0,0,0,0,0,0,0,0,0,0,0,0,0,0,0,0,0,0
2020,Yucatán,3120122,Zona Arqueológica de Uxmal con museo de sitio,22669,14100,20753,11669,10559,6738,0,0,0,0,0,0,0,0,0,0,2687,177,5014,608,8581,1110,12467,1892
2020,Yucatán,3120126,Zona Arqueológica de Xlapak,0,0,0,0,433,236,0,0,0,0,0,0,0,0,0,0,0,0,0,0,0,0,0,0
2020,Yucatán,3120083,Zona Arqueológica de Oxkintok,872,40,549,61,529,249,0,0,0,0,0,0,0,0,0,0,0,0,0,0,0,0,0,0
2020,Yucatán,3120056,Zona Arqueológica de Izamal,601,435,608,385,1101,245,0,0,0,0,0,0,0,0,0,0,500,176,846,268,1115,328,1767,179
2020,Yucatán,3120135,Zona Arqueológica de Xcambó,1692,2399,1670,3033,935,805,0,0,0,0,0,0,0,0,0,0,656,19,60,0,371,24,1622,162
2020,Zacatecas,3120003,Zona Arqueológica de Altavista o Chalchihuites con museo de sitio,337,8,386,0,410,1,0,0,0,0,0,0,0,0,0,0,0,0,0,0,0,0,0,0
2020,Zacatecas,3110022,Zona Arqueológica de La Quemada con museo de sitio,2738,0,2864,31,2649,34,0,0,0,0,0,0,0,0,0,0,0,0,0,0,0,0,0,0
2020,Zacatecas,0,Zona Arqueológica Cerro del Teúl,953,113,542,17,439,2,0,0,0,0,0,0,0,0,0,0,0,0,0,0,0,0,0,0
2020,Zacatecas,0,Zona Arqueológica Cerro de las Ventanas,808,176,492,19,166,2,0,0,0,0,0,0,0,0,0,0,0,0,0,0,0,0,0,0
2019,Baja California,3120040,Zona Arqueológica de El Vallecito,1436,32,1455,0,2176,3,2130,15,1618,19,1414,0,1235,0,811,0,752,19,1585,3,1484,0,1419,15
2019,Baja California Sur,3120007,Zona Arqueológica de San Francisco de la Sierra,222,94,725,251,58,0,475,203,37,41,31,31,61,43,40,35,25,5,10,11,51,49,60,34
2019,Campeche,3120005,Zona Arqueológica de Balamkú,501,384,379,352,356,294,575,234,264,127,204,107,494,225,259,354,221,88,202,117,265,277,583,266
2019,Campeche,3110002,Zona Arqueológica de Becán,911,1323,509,1232,627,1342,938,1042,381,512,555,382,1191,878,639,1148,426,341,422,514,519,1509,1301,1104
2019,Campeche,3120008,Zona Arqueológica de Calakmul,2857,2392,1224,2530,1389,2605,3168,1927,1197,1417,1540,875,3531,2399,1869,3502,975,797,974,1229,1341,2599,3748,2001
2019,Campeche,3120017,Zona Arqueológica de Chicanná,359,485,262,481,311,596,381,440,213,193,225,152,529,424,219,511,203,152,146,204,126,875,591,400
2019,Campeche,3120020,Zona Arqueológica de Chunhuhub,76,4,72,11,56,0,92,3,19,0,48,3,69,0,69,0,17,0,18,0,47,0,39,6
2019,Campeche,3110011,Zona Arqueológica de Dzibilnocac,896,20,403,7,305,3,576,1,688,6,265,9,395,0,368,10,199,2,308,3,430,12,549,12
2019,Campeche,3110012,Zona Arqueológica de Edzná,3676,1326,2573,1144,3539,1147,4536,804,1818,498,2192,299,5130,980,2986,1101,2007,296,1966,519,2871,1090,5660,905
2019,Campeche,3110017,Zona Arqueológica de El Tigre,433,8,254,17,336,5,476,19,653,2,232,16,379,1,382,3,128,2,158,1,163,4,392,3
2019,Campeche,3120042,Zona Arqueológica de Hochob,275,45,61,58,96,29,234,12,142,1,67,11,89,14,136,12,71,3,94,8,107,46,183,17
2019,Campeche,3120043,Zona Arqueológica de Hormiguero,236,134,151,108,134,82,179,39,99,30,107,27,253,78,133,119,132,27,84,30,92,84,301,126
2019,Campeche,3120058,Zona Arqueológica de Kankí,78,0,155,7,34,1,190,4,515,2,26,7,42,0,31,0,29,0,31,3,70,6,87,2
2019,Campeche,3120096,Zona Arqueológica de Santa Rosa Xtampak,170,11,86,23,97,13,256,10,108,5,31,5,87,6,144,5,73,1,70,4,64,11,126,10
2019,Campeche,3120118,Zona Arqueológica de Tohcok,70,9,31,23,51,15,44,27,29,18,36,11,59,2,40,2,12,0,71,18,118,12,82,6
2019,Campeche,3120125,Zona Arqueológica de Xcalumkín,305,11,191,12,176,4,317,12,158,4,158,6,176,2,106,0,66,0,94,0,106,14,224,2
2019,Campeche,3110041,Zona Arqueológica de Xpuhil,817,447,479,395,524,340,968,245,416,197,405,90,839,237,553,294,345,106,233,150,488,396,763,318
2019,Campeche,3120098,Zona Arqueológica de Tabasqueño,364,33,180,10,177,17,241,11,171,6,176,5,198,18,201,8,136,6,160,5,162,17,207,18
2019,Chiapas,3110004,Zona Arqueológica de Bonampak,3869,1811,2684,1421,4764,1765,6477,764,2493,958,2170,779,6589,912,1992,524,1708,414,2352,678,5626,1470,4172,1509
2019,Chiapas,3120019,Zona Arqueológica de Chincultic,1890,167,1297,86,1438,101,3522,531,1647,79,1426,92,2915,189,1868,97,1702,138,961,130,1334,132,2812,302
2019,Chiapas,3110018,Zona Arqueológica de Izapa,1669,669,1600,324,3747,395,2164,937,1202,223,1012,121,1769,125,1331,133,1538,98,2778,478,1481,81,2866,532
2019,Chiapas,3110026,"Zona Arqueológica de Palenque con museo ""Alberto Ruz L´Huiller""",54041,20396,41006,15519,45928,17008,86504,26805,43607,5671,24560,7832,85430,26288,41552,12027,34552,7081,38112,29584,55823,17363,66823,20799
2019,Chiapas,3120103,Zona Arqueológica de Tenam Puente,1770,89,934,23,931,84,2728,246,1150,21,1523,43,3019,27,1218,18,1150,37,970,58,1247,62,3601,94
2019,Chiapas,3110035,Zona Arqueológica de Toniná con museo de sitio,4226,420,3388,75,4672,138,5990,511,2799,102,3729,376,6234,478,5277,413,2647,241,2296,347,3442,529,8206,653
2019,Chiapas,3110044,Zona Arqueológica de Yaxchilán,4935,2460,4134,2073,5547,1080,8776,1456,3970,1441,2450,958,7099,685,2512,380,2359,288,2378,328,6334,2055,5735,2138
2019,Chiapas,3220004,Zona Arqueológica de Chiapa de Corzo,0,0,0,0,0,0,0,0,0,0,0,0,0,0,0,0,0,0,0,0,0,0,234,18
2019,Chiapas,3220028,Zona Arqueológica de Lagartero,6723,1860,3517,474,5147,518,13095,4969,5080,743,2714,593,5277,488,5901,317,2912,599,1941,262,2316,630,3986,1781
2019,Chiapas,3120134,Zona Arqueológica de Iglesia Vieja,439,5,206,4,601,0,766,7,425,7,1326,14,558,16,283,4,122,9,97,1,166,2,809,22
2019,Chihuahua,3110028,Zona Arqueológica de Paquimé con Museo de las Culturas del Norte,1968,127,1991,174,3897,0,6629,245,2581,100,3023,89,3301,131,2989,99,1789,140,3333,194,1960,193,2452,170
2019,Chihuahua,3110010,Zona Arqueológica de Cuarenta Casas,50,1,108,0,169,2,1606,0,88,0,212,8,897,12,190,0,28,0,32,1,120,5,60,0
2019,Chihuahua,3120027,Zona Arqueológica de Cueva de la Olla,304,2,393,44,852,81,5503,60,845,23,723,78,2312,216,1644,69,1154,35,685,19,774,33,642,75
2019,Chihuahua,3120028,Zona Arqueológica de Cueva Grande,0,0,7,0,0,0,235,0,9,0,16,0,104,0,14,0,19,0,9,0,7,14,6,0
2019,Chihuahua,3120049,Zona Arqueológica de Huapoca,0,0,0,0,0,0,71,0,3,0,8,0,11,0,2,0,0,0,14,1,5,17,0,0
2019,Ciudad de México,3120013,Zona Arqueológica de Cerro de la Estrella,1941,0,1964,0,2902,0,2336,0,2080,0,1729,0,2173,0,2249,0,2379,0,2002,0,1981,11,1474,2
2019,Ciudad de México,3120029,Zona Arqueológica de Cuicuilco con museo de sitio,5706,274,5861,203,10426,250,9086,238,5164,186,5054,218,5127,220,5802,280,7261,170,7620,215,5911,315,6648,279
2019,Ciudad de México,3120116,Zona Arqueológica de Tlatelolco con museo de sitio,8075,4329,7512,3893,9102,4675,9277,5328,6667,4319,6848,3624,4481,4676,6861,4264,6910,2884,11558,4476,7969,4822,5327,4120
2019,Ciudad de México,0,Zona Arqueológica de Mixcoac,0,0,0,0,0,0,0,0,0,0,0,0,0,0,0,0,0,0,980,30,525,27,531,34
2019,Colima,3120035,Zona Arqueológica de El Chanal,783,22,839,17,914,7,724,14,739,4,743,8,758,23,774,23,796,11,779,9,903,11,902,32
2019,Colima,3120059,Zona Arqueológica de La Campana,1012,127,1198,19,1285,17,1293,40,1334,10,1343,10,1340,22,1167,259,1099,13,1411,22,1408,23,1405,37
2019,Durango,3110020,Zona Arqueológica de La Ferrería con museo de sitio,1164,60,1292,25,1800,4,1547,11,716,15,1041,23,1236,35,1051,18,724,20,1112,18,1050,8,1250,75
2019,Estado de México,3110001,Zona Arqueológica de Acozac,2907,0,2591,0,4163,0,3544,0,710,0,3558,0,3206,0,3956,0,3486,0,3378,0,3850,0,3194,0
2019,Estado de México,3110006,Zona Arqueológica de Calixtlahuaca,7078,0,5360,4,5701,36,4989,7,2174,15,5000,5,3864,0,5225,4,4871,7,4879,2,4814,4,4209,4
2019,Estado de México,3120018,Zona Arqueológica de Chimalhuacán con museo de sitio,4898,0,6290,0,10170,0,4544,0,2345,3,4324,0,4324,0,3796,0,5796,0,5136,0,5270,0,4758,0
2019,Estado de México,3110014,Zona Arqueológica de El Conde,122,0,298,0,774,0,375,0,223,0,288,0,414,0,322,0,376,0,490,0,606,0,946,0
2019,Estado de México,3120050,Zona Arqueológica de Huexotla,164,0,236,0,236,0,724,0,501,0,710,0,416,0,328,0,296,0,678,0,424,0,284,0
2019,Estado de México,3120072,Zona Arqueológica de Los Melones,778,0,1211,3,979,0,954,0,515,0,1166,0,967,0,965,0,1195,0,2060,0,1588,0,955,0
2019,Estado de México,3120073,Zona Arqueológica de Los Reyes La Paz,1492,0,1294,4,2824,0,1369,0,542,0,1226,4,1656,2,1578,0,1118,0,1142,0,1806,0,1100,0
2019,Estado de México,3120075,Zona Arqueológica de Malinalco,23247,390,24755,529,25056,0,28268,216,9646,311,19065,227,23313,313,24646,0,18639,207,15596,0,23433,0,16056,0
2019,Estado de México,3120095,"Zona Arqueológica de Santa Cecilia Acatitla con museo de la Escultura Mexica ""Eusebio Dávalos Hurtado""",1214,0,1668,0,1390,0,1718,0,631,2,1198,0,1158,4,1273,9,1139,22,2004,6,2024,0,1622,0
2019,Estado de México,3120104,Zona Arqueológica de Tenayuca I con museo Xólotl,778,0,794,0,3114,0,4672,0,636,0,4648,27,4155,19,3512,37,6745,17,8256,0,7867,22,8236,43
2019,Estado de México,3120129,Zona Arqueológica de Tenayuca II,648,0,422,0,678,0,754,0,208,0,494,0,576,0,426,0,390,0,424,0,462,0,670,0
2019,Estado de México,3110031,Zona Arqueológica Teotihuacan (con Museo de Sitio),277719,63654,212556,70407,326958,21675,359354,53206,152191,59349,130589,45731,200085,81985,200366,45226,266807,34785,234278,67714,173321,67428,245184,68960
2019,Estado de México,3110032,Zona Arqueológica de Tetzcotzinco,2206,0,2392,0,2706,0,2438,6,1584,0,2366,0,2496,0,4296,0,2136,0,4114,0,2422,0,2104,0
2019,Estado de México,3120115,Zona Arqueológica de Tlapacoya,1737,0,1417,0,787,0,611,0,710,0,714,0,816,0,632,0,610,1,748,0,682,0,858,0
2019,Estado de México,3120044,Zona Arqueológica de Huamango,1194,0,556,0,1124,0,1990,0,857,0,516,0,1036,0,996,0,574,0,694,0,624,0,0,0
2019,Estado de México,3120081,Zona Arqueológica de Ocoyoacac,0,0,0,0,0,0,0,0,0,0,0,0,0,0,0,0,0,0,0,0,0,0,0,0
2019,Estado de México,3120094,Zona Arqueológica de San Miguel Ixtapan,866,16,490,0,1992,0,798,3,349,0,738,7,1170,20,830,0,510,0,1370,0,814,0,0,0
2019,Estado de México,3120108,Zona Arqueológica de Teotenango,3138,18,1426,0,21287,0,7471,13,2668,6,3704,36,4415,55,7918,0,7473,0,4134,0,4454,0,0,0
2019,Guanajuato,3120085,Zona Arqueológica de Plazuelas,1650,243,927,56,1188,85,2066,40,939,14,1033,83,1700,135,1490,71,1574,9,907,51,872,53,934,105
2019,Guanajuato,3220023,Zona Arqueológica de Peralta,1739,283,838,122,1252,123,2026,139,811,116,1148,73,1569,261,1836,160,805,29,1050,31,1111,94,789,88
2019,Guanajuato,3220022,Zona Arqueológica de Cañada de la Virgen,2182,1117,1429,834,1820,898,2712,791,1849,302,1907,475,2211,761,2704,642,1193,312,1059,599,1366,663,1083,568
2019,Guanajuato,3120133,Zona Arqueológica El Cóporo,557,12,381,2,464,8,1135,17,508,0,524,14,881,0,944,4,418,0,477,0,507,0,513,29
2019,Guanajuato,0,Zona Arqueológica Arroyo Seco,0,0,0,0,0,0,0,0,0,0,0,0,0,0,0,0,0,0,3942,19,466,0,268,6
2019,Guerrero,3120046,Zona Arqueológica de Huamuxtitlán,118,0,133,5,54,3,0,0,32,3,87,0,94,0,98,0,94,5,102,10,95,0,113,0
2019,Guerrero,3120053,Zona Arqueológica de Ixcateopan,431,2,1901,0,93,3,230,2,148,3,282,6,227,2,251,12,164,1,196,1,292,5,154,3
2019,Guerrero,3110021,Zona Arqueológica de La Organera Xochipala,79,0,157,0,244,0,170,0,80,0,112,0,80,0,155,0,57,0,74,0,106,0,104,0
2019,Guerrero,3120062,Zona Arqueológica de La Sabana,21,0,35,0,53,0,33,0,55,0,25,0,31,0,28,0,44,0,18,0,51,0,39,0
2019,Guerrero,3120026,Zona Arqueológica de Cuetlajuchitlán (Los Querende),20,0,21,0,9,0,41,0,25,0,24,7,29,1,26,0,18,0,20,0,15,0,17,0
2019,Guerrero,3110027,Zona Arqueológica de Palma Sola,220,9,301,5,275,14,187,0,154,2,129,0,127,5,115,0,167,0,84,0,224,2,202,0
2019,Guerrero,3120106,Zona Arqueológica de Teopantecuanitlán,153,1,127,0,547,0,156,1,134,0,25,0,59,0,117,1,59,0,69,0,141,0,160,0
2019,Guerrero,3220027,Zona Arqueológica de Tehuacalco,1416,46,790,50,3245,19,1083,15,692,14,431,30,1011,16,1262,14,522,7,462,18,352,8,640,20
2019,Guerrero,3120132,Zona Arqueológica Soledad de Maciel,762,777,401,682,321,415,629,221,163,73,189,93,241,69,204,68,311,32,224,70,111,177,525,186
2019,Hidalgo,3120048,Zona Arqueológica de Huapalcalco,2125,45,2643,19,5652,130,2820,35,1952,54,2220,37,3368,96,3612,37,1331,10,1425,11,2076,12,2559,10
2019,Hidalgo,3120110,Zona Arqueológica de Tepeapulco,1598,13,1603,12,4809,29,2416,31,1427,9,2236,2,2553,22,1519,0,1084,19,1096,21,1130,13,1901,14
2019,Hidalgo,3110036,Zona Arqueológica de Tula con museo de sitio,14753,852,23730,740,29593,622,28633,486,10549,324,14374,292,21319,376,17052,492,11572,235,10622,500,17299,558,20696,501
2019,Hidalgo,3120136,Zona Arqueológica Pahñú,2170,27,1100,12,2215,27,4378,90,940,22,1145,36,3118,148,3287,78,1343,13,1174,23,1795,22,2196,36
2019,Jalisco,3120054,Zona Arqueológica de Ixtépete,1234,6,1846,11,1591,1,2380,4,1520,4,0,0,0,0,681,0,873,0,846,0,821,0,711,0
2019,Jalisco,3120113,Zona Arqueológica de Teuchitlán,17462,1105,18228,916,2864,12811,29313,997,9742,847,8079,1323,18577,1445,8906,1347,10218,935,8611,1154,9790,1201,11317,887
2019,Michoacán,3120047,Zona Arqueológica de Huandacareo,248,2,97,0,339,0,613,6,108,0,154,0,175,5,191,0,113,0,214,0,314,0,323,5
2019,Michoacán,3120052,Zona Arqueológica de Ihuatzio,1458,13,398,29,492,48,565,10,385,19,532,8,983,25,672,11,387,12,709,24,1336,42,1136,31
2019,Michoacán,3120091,Zona Arqueológica de San Felipe los Alzati,822,0,1062,0,1167,17,1232,0,773,0,579,0,1289,0,990,0,768,0,785,0,742,0,1257,8
2019,Michoacán,3120114,Zona Arqueológica de Tingambato,1552,20,1441,0,1962,17,3409,22,1560,5,1164,79,2906,13,2193,18,1282,9,1207,18,1624,25,1922,10
2019,Michoacán,3120119,Zona Arqueológica de Tres Cerritos,81,0,137,0,194,0,383,3,96,0,415,0,194,0,163,0,176,0,178,0,321,0,419,0
2019,Michoacán,3120121,Zona Arqueológica de Tzintzuntzan con museo de sitio,2093,119,3718,193,4230,162,6266,145,3429,79,3256,90,5395,92,5425,162,4240,70,3608,154,8252,175,10554,297
2019,Morelos,3110007,Zona Arqueológica de Chalcatzingo,2171,35,1250,43,3553,48,2076,17,901,3,1767,5,2532,7,1954,18,1273,14,1399,15,1848,14,2426,15
2019,Morelos,3110040,Zona Arqueológica de Xochicalco con museo de sitio,9610,1221,7434,868,8090,759,11346,800,5242,432,5865,446,8156,648,7373,1073,3545,418,4324,484,5769,990,5518,448
2019,Morelos,3120021,Zona Arqueológica de Coatetelco con museo de sitio,33,1,17,0,299,0,95,0,18,0,33,0,164,0,49,0,16,0,36,0,31,0,17,0
2019,Morelos,3120069,Zona Arqueológica de Las Pilas,63,0,165,0,429,0,200,0,183,0,215,0,172,0,116,0,173,0,309,0,94,0,131,0
2019,Morelos,3120112,Zona Arqueológica de Tepozteco,26093,5597,23044,3731,33954,4447,26469,5629,14746,2752,22822,4053,35867,3099,29649,6300,24100,3426,17998,4388,25114,5774,33848,7558
2019,Morelos,3120107,Zona Arqueológica de Teopanzolco,0,0,0,0,0,0,0,0,0,0,0,0,0,0,0,0,0,0,0,0,0,0,0,0
2019,Morelos,3110043,Zona Arqueológica de Yautepec,136,0,66,0,381,0,208,4,100,0,110,0,192,0,181,0,300,0,149,3,81,34,128,0
2019,Nayarit,3120055,Zona Arqueológica de Ixtlán del Río,1369,39,931,57,1996,30,1466,13,869,10,667,11,1858,44,1307,6,976,0,833,5,1080,11,1217,10
2019,Nuevo León,3110003,Zona Arqueológica de Boca de Potrerillos,147,0,239,0,681,0,233,20,332,0,105,0,260,0,237,0,436,0,370,0,402,0,306,0
2019,Oaxaca,3120031,Zona Arqueológica de Dainzú,307,40,185,10,947,28,306,44,126,0,169,4,250,22,474,32,100,4,479,17,624,20,480,20
2019,Oaxaca,3120041,Zona Arqueológica de Guiengola,207,0,367,0,410,0,298,0,270,0,0,0,71,26,0,0,276,8,356,8,445,10,333,9
2019,Oaxaca,3120051,Zona Arqueológica de Huijazoo,390,0,263,0,377,0,858,0,233,0,285,40,903,136,483,81,188,43,332,58,230,53,643,78
2019,Oaxaca,3120065,Zona Arqueológica de Lambityeco,176,33,113,11,351,25,427,9,309,18,230,9,567,15,97,7,92,4,202,20,259,31,307,19
2019,Oaxaca,3110024,Zona Arqueológica de Mitla,3811,1184,1927,973,3341,1079,9559,1117,3907,749,3712,847,10939,2012,8164,1720,3971,1060,4687,1645,6982,2858,9252,2022
2019,Oaxaca,3110025,Zona Arqueológica de Monte Albán con museo de sitio,30220,5813,22408,6258,36936,6107,50342,5259,24030,2735,26686,2743,72367,3214,38712,3134,29804,3755,28817,5126,42544,9883,53122,7571
2019,Oaxaca,3110042,Zona Arqueológica de Yagul,624,254,863,291,973,319,1113,162,660,57,947,125,1433,200,905,200,651,100,674,134,1626,120,1852,250
2019,Oaxaca,3110045,Zona Arqueológica de Zaachila,278,34,142,23,158,28,448,23,184,45,193,53,732,64,333,38,146,36,239,28,207,96,431,138
2019,Oaxaca,3120045,Zona Arqueológica de Huamelulpan,91,0,180,0,412,0,565,0,234,0,462,16,470,8,233,5,207,0,125,0,70,0,168,11
2019,Oaxaca,3120131,Zona Arqueológica de Bocana del Río Copalita (con museo de sitio),951,630,519,533,418,527,872,269,598,69,804,74,1454,132,837,51,490,302,752,515,607,554,852,605
2019,Oaxaca,3220034,Zona Arqueológica de Atzompa,1503,0,1454,107,1138,0,2001,74,1139,43,1941,58,5214,302,1843,69,815,57,1052,206,1636,259,2218,139
2019,Puebla,3120010,Zona Arqueológica de Cantona,3726,64,2434,127,3253,47,3724,86,2115,60,1684,29,3113,23,3165,29,2293,0,2555,0,3567,16,1661,38
2019,Puebla,3110009,Zona Arqueológica de Cholula con museo de sitio,62746,5439,36450,3869,34698,3854,55980,5534,37808,4311,36855,3998,61421,5789,72514,6174,39064,3958,35920,3774,47959,5367,52510,5153
2019,Puebla,3120090,Zona Arqueológica de San Cristobal Tepatlaxco,284,0,164,0,632,0,203,0,227,0,197,0,308,0,311,2,203,1,134,0,216,0,174,0
2019,Puebla,3120109,Zona Arqueológica de Tepapayeca,59,2,105,0,354,0,78,0,64,0,42,0,37,0,53,0,59,0,70,0,100,0,45,0
2019,Puebla,3120111,Zona Arqueológica de Tepexi el Viejo,123,0,47,0,71,0,60,0,80,0,89,0,91,0,108,0,64,0,67,0,104,0,70,0
2019,Puebla,3120128,Zona Arqueológica de Yohualichan,4324,108,3016,92,4067,90,6906,102,4196,55,3847,84,6182,44,4643,55,3410,39,4869,73,4448,7,4416,93
2019,Querétaro,3110013,Zona Arqueológica de El Cerrito,2560,411,4224,523,10500,440,10327,728,4697,451,4168,513,8947,902,6898,671,4470,466,4266,476,6218,641,4800,557
2019,Querétaro,3110030,Zona Arqueológica de Ranas,1000,7,1850,10,1726,17,3911,31,1868,18,1543,1,3702,2,2806,7,1990,5,1378,9,2037,6,1853,3
2019,Querétaro,3110034,Zona Arqueológica de Toluquilla,124,0,336,4,268,0,477,0,359,0,351,0,762,8,206,8,173,3,358,0,418,2,234,0
2019,Querétaro,3220021,Zona Arqueológica de Tancama,408,20,403,6,618,0,816,16,542,15,438,0,852,55,458,32,279,26,226,30,511,22,758,61
2019,Quintana Roo,3120022,Zona Arqueológica de Cobá,13706,76274,15589,51361,6650,60069,11291,57668,11536,40992,12289,40551,19123,51780,16068,51159,8708,23804,5948,44541,6869,54142,12887,57108
2019,Quintana Roo,3120032,Zona Arqueológica de Dzibanché-Kinichná,1274,1580,864,956,1248,1916,1117,1054,690,41,546,520,1007,699,1311,711,422,372,313,733,216,1190,844,1702
2019,Quintana Roo,3110015,Zona Arqueológica de El Meco,1266,314,1166,322,1648,372,660,440,602,236,1078,245,998,244,947,192,582,221,1037,265,515,321,1277,448
2019,Quintana Roo,3120038,Zona Arqueológica de El Rey,1451,865,902,827,1072,1040,1098,820,867,890,841,793,1071,700,812,807,869,864,830,668,512,921,1426,971
2019,Quintana Roo,3110019,Zona Arqueológica de Kohunlich,1332,3749,885,3751,1079,3876,1740,2021,924,669,1058,1563,1808,2282,959,1899,797,1061,733,1333,1461,2528,1782,3523
2019,Quintana Roo,3120078,Zona Arqueológica de Muyil,609,1777,464,1972,637,1564,833,1336,551,884,323,493,623,609,505,748,231,362,453,372,341,688,873,883
2019,Quintana Roo,3120084,Zona Arqueológica de Oxtankah,1159,110,827,98,1039,103,1555,45,1267,41,1246,37,1403,48,1146,53,606,44,655,31,729,34,1417,79
2019,Quintana Roo,3120092,Zona Arqueológica de San Gervasio,1816,24903,638,6050,1536,17276,854,5882,1161,7037,1488,9872,1906,9973,1554,9576,787,5388,626,4391,1278,7281,2955,10118
2019,Quintana Roo,3110037,Zona Arqueológica de Tulum,79631,172071,56273,98996,35804,127252,176538,88368,62503,105770,61812,80392,92936,113139,74482,79008,44697,49629,50343,45297,61653,96363,54665,88922
2019,Quintana Roo,3110038,Zona Arqueológica de Xcaret,12,2,75,6,9,2,7,2,5,0,21,0,16,0,15,0,16,1,7,0,0,0,4,0
2019,Quintana Roo,3110039,Zona Arqueológica de Xelhá,241,50,144,93,167,90,250,93,124,69,206,127,122,64,159,59,106,41,80,42,127,95,225,145
2019,Quintana Roo,3120014,Zona Arqueológica de Chacchoben,815,17363,1438,20086,1173,17928,890,13029,1833,10127,635,7596,1076,16395,763,11817,434,4307,361,7674,4346,14786,886,20669
2019,San Luis Potosí,3120099,Zona Arqueológica de Tamohí,303,4,184,2,408,3,485,19,224,9,155,2,379,1,307,19,169,14,95,0,307,19,246,7
2019,San Luis Potosí,3120100,Zona Arqueológica de Tamtoc,1608,14,454,0,1050,0,1221,8,533,1,569,0,911,0,584,4,415,2,474,1,5781,6,439,6
2019,Sinaloa,322033,Zona Arqueológica Las Labradas,1101,169,830,138,3797,203,2153,79,875,31,607,18,1155,45,634,24,255,13,0,0,970,184,588,67
2019,Sonora,3210132,Zona Arqueológica de Cerro de las Trincheras,400,0,118,0,303,0,327,0,187,9,129,0,166,10,102,0,114,0,423,0,348,0,169,43
2019,Tabasco,3120023,Zona Arqueológica de Comalcalco con museo de sitio,3797,74,4005,22,5980,65,11708,61,5611,24,4971,30,8123,66,9158,36,4073,45,3375,31,2796,101,5844,56
2019,Tabasco,3110023,Zona Arqueológica de La Venta con museo de sitio,1177,138,701,66,299,33,737,21,338,7,416,5,883,10,880,19,372,7,292,10,181,24,786,27
2019,Tabasco,3120086,Zona Arqueológica de Pomoná con museo de sitio,252,0,289,0,218,0,650,0,225,0,106,0,402,0,725,0,184,0,131,0,154,0,198,0
2019,Tabasco,3120076,Zona Arqueológica de Malpasito,101,0,157,2,77,0,413,0,101,0,152,0,294,2,83,2,75,2,76,1,91,2,34,0
2019,Tabasco,3120089,Zona Arqueológica de Moral-Reforma,295,0,358,0,322,0,7633,0,358,0,311,0,389,0,440,0,220,0,130,0,147,0,204,0
2019,Tabasco,3220017,Zona Arqueológica de San Claudio,36,0,26,0,36,0,95,0,32,0,22,0,74,0,89,0,25,0,17,0,12,0,33,0
2019,Tamaulipas,3120039,Zona Arqueológica de El Sabinito,69,0,64,0,46,1,102,0,88,0,98,0,87,0,71,0,52,0,60,0,67,0,108,0
2019,Tamaulipas,3120067,Zona Arqueológica de Las Flores,22,0,151,7,251,8,339,4,274,3,122,6,526,12,164,8,124,0,300,0,190,0,173,0
2019,Tamaulipas,3120006,Zona Arqueológica de Balcón de Montezuma,0,0,0,0,0,0,0,0,0,0,0,0,63,0,40,0,40,0,45,0,40,0,46,0
2019,Tlaxcala,3110005,Zona Arqueológica de Cacaxtla con museo de sitio,9634,205,8284,241,6706,208,11410,198,6752,53,8965,55,14969,91,13555,172,10381,154,18694,236,8917,0,7405,96
2019,Tlaxcala,3110105,Zona Arqueológica de Xochitécatl con museo de sitio,9618,55,6163,27,6426,38,9277,35,5106,10,5073,10,6203,35,6078,25,4511,11,7467,95,6089,60,3435,27
2019,Tlaxcala,3110033,Zona Arqueológica de Tizatlán con museo de sitio,112,2,147,0,148,0,168,0,186,3,244,3,129,0,180,0,318,0,298,0,245,0,227,0
2019,Tlaxcala,3120080,Zona Arqueológica de Ocotelulco con museo de sitio,31,21,184,0,9,0,89,0,71,0,120,0,50,0,217,0,34,3,128,3,61,0,83,0
2019,Tlaxcala,3120101,Zona Arqueológica de Tecoaque,1243,2,1153,0,1168,0,1539,0,1739,6,0,0,4935,131,2756,111,519,1,1157,28,968,30,1456,12
2019,Veracruz,3120011,Zona Arqueológica de Castillo de Teayo con museo de sitio,160,0,429,0,126,0,118,0,0,0,0,0,0,0,0,0,181,0,0,0,102,0,0,0
2019,Veracruz,3120012,Zona Arqueológica de Cempoala con museo de sitio,2416,73,2901,109,4659,101,4927,100,3371,41,3130,2,3842,60,4162,34,1778,32,2300,44,2991,65,4141,125
2019,Veracruz,3120068,Zona Arqueológica de Las Higueras con museo de sitio,53,0,20,3,41,0,78,0,22,0,24,0,27,0,34,0,34,0,30,0,36,0,86,0
2019,Veracruz,3120093,Zona Arqueológica de San Lorenzo Tenochtitlan con museo de sitio,361,0,398,0,746,0,686,0,459,0,637,0,385,0,528,0,243,0,248,0,328,0,366,0
2019,Veracruz,3110016,Zona Arqueológica de El Tajín,22514,268,23966,350,46118,387,63387,390,34133,303,30259,487,44450,257,48312,372,19665,218,15159,295,23336,417,50334,799
2019,Veracruz,3220012,Zona Arqueológica de Cuauhtochco,0,0,0,0,0,0,0,0,0,0,0,0,0,0,0,0,0,0,0,0,0,0,0,0
2019,Veracruz,3120123,Zona Arqueológica de Vega de la Peña,34,0,69,0,47,0,43,6,147,1,33,0,62,2,55,0,38,2,133,0,57,0,63,0
2019,Veracruz,3120088,Zona Arqueológica de Quiahuitztlán,1635,91,2657,69,3217,52,6121,40,3454,25,2917,8,3718,27,5169,13,2169,6,2623,58,2090,49,2532,98
2019,Veracruz,3120024,Zona Arqueológica de Cuajilote,462,0,550,0,374,0,588,0,351,0,305,0,491,0,672,0,207,0,317,0,300,0,509,0
2019,Veracruz,3120030,Zona Arqueológica de Cuyuxquihui,311,0,200,0,200,0,590,0,340,0,250,0,472,0,426,0,100,0,150,0,150,0,523,0
2019,Veracruz,3220014,Zona Arqueológica de Las Limas,50,0,75,0,32,0,40,0,77,0,70,0,57,0,76,0,132,0,36,0,160,0,120,0
2019,Yucatán,3120001,Zona Arqueológica de Acanceh,287,53,473,81,563,62,786,133,405,42,232,28,646,73,857,72,251,37,229,30,465,50,588,128
2019,Yucatán,3120002,Zona Arqueológica de Aké,1620,96,1378,133,1078,93,2108,101,1310,54,1148,42,1214,68,1234,82,892,21,1018,38,1113,42,1499,115
2019,Yucatán,3120004,Zona Arqueológica de Balamcanché,430,74,324,103,463,78,423,84,388,28,560,29,554,72,362,44,199,49,419,40,466,72,0,0
2019,Yucatán,3120015,Zona Arqueológica de Chacmultún,179,2,118,3,193,3,162,1,53,0,97,0,80,4,183,0,113,2,117,1,145,6,210,0
2019,Yucatán,3110008,Zona Arqueológica de Chichén Itzá,54796,219226,66768,91578,77330,147338,56588,140122,43503,120060,46069,147974,79183,164963,57581,133830,43800,82515,69081,81520,119346,95453,113810,113120
2019,Yucatán,3120033,Zona Arqueológica de Dzibilchaltún con museo del Pueblo Maya,9566,3083,8404,2142,16687,4181,17082,2277,9113,1386,9527,1894,17720,2298,10730,2189,8101,2053,6904,2084,9413,2368,9263,6835
2019,Yucatán,3120034,Zona Arqueológica de Ekbalam,7146,12984,4993,11765,5474,10885,7400,9133,5111,5498,5396,4538,7370,8351,5894,9817,4266,3828,3793,8489,5372,7755,6584,9531
2019,Yucatán,3120057,Zona Arqueológica de Kabah,1995,2654,1819,1777,1971,1847,3224,1366,1885,864,2002,740,1876,1025,2076,1739,945,599,1789,930,1860,1796,3286,1891
2019,Yucatán,3120064,Zona Arqueológica de Labná,953,402,1115,612,1364,340,1318,437,1434,264,904,281,0,0,771,300,486,106,478,160,1192,553,1178,505
2019,Yucatán,3120071,Zona Arqueológica de Loltún,2457,622,2947,417,2701,413,4024,612,1913,377,1507,234,3870,366,3927,556,1478,151,1384,209,2189,360,4551,433
2019,Yucatán,3120077,Zona Arqueológica de Mayapán,1691,2299,2617,2321,2043,1302,3236,2382,1648,1264,2117,1259,2732,2379,3221,2541,1589,1737,1583,2191,1923,1418,2671,1855
2019,Yucatán,3120097,Zona Arqueológica de Sayil,850,450,984,640,971,667,1313,462,977,316,1116,189,872,377,1304,619,553,221,489,227,641,494,1227,942
2019,Yucatán,3120122,Zona Arqueológica de Uxmal con museo de sitio,16545,15942,12465,12675,19522,13555,23350,9079,11566,7163,11593,5374,21059,9863,14691,11123,9541,3099,12150,5609,18010,11940,29155,10852
2019,Yucatán,3120126,Zona Arqueológica de Xlapak,404,380,517,405,653,363,540,192,626,135,722,138,610,242,449,236,303,110,339,160,1343,365,0,0
2019,Yucatán,3120083,Zona Arqueológica de Oxkintok,903,71,599,75,621,117,938,89,425,29,475,33,646,20,722,33,330,11,412,49,440,89,573,124
2019,Yucatán,3120056,Zona Arqueológica de Izamal,987,268,1606,374,1304,345,2012,422,889,261,918,192,2012,312,2407,472,1176,352,991,310,1005,362,2529,1290
2019,Yucatán,3120135,Zona Arqueológica de Xcambó,1942,1865,2514,1885,2755,1561,2817,2250,1690,1470,1613,1306,2585,2467,2947,2306,1081,1619,1478,2385,1039,1452,2262,2454
2019,Zacatecas,3120003,Zona Arqueológica de Altavista o Chalchihuites con museo de sitio,404,7,448,3,1601,12,916,12,538,18,635,10,889,61,622,19,607,6,718,25,427,8,412,6
2019,Zacatecas,3110022,Zona Arqueológica de La Quemada con museo de sitio,2849,35,3389,51,4442,34,4786,16,1986,21,3392,42,5187,74,4090,100,3452,28,2921,29,3681,25,3787,31
2019,Zacatecas,0,Zona Arqueológica Cerro del Teúl,0,0,0,0,0,0,0,0,0,0,0,0,0,0,0,0,12810,360,442,27,991,39,874,66
2019,Zacatecas,0,Zona Arqueológica Cerro de las Ventanas,0,0,0,0,0,0,0,0,0,0,0,0,0,0,0,0,1254,53,347,6,572,16,795,32
2018,Baja California,3120040,Zona Arqueológica de El Vallecito,2389,0,1870,0,2300,0,1643,0,1552,0,817,0,1427,32,645,0,1005,0,1433,8,1408,18,1171,30
2018,Baja California Sur,3120007,Zona Arqueológica de San Francisco de la Sierra,98,119,171,186,328,277,96,98,64,55,58,27,247,3,90,35,38,2,48,16,81,101,136,63
2018,Campeche,3120005,Zona Arqueológica de Balamkú,495,347,361,417,668,387,332,192,301,165,209,94,559,162,358,262,128,97,243,123,358,274,882,271
2018,Campeche,3110002,Zona Arqueológica de Becán,721,1301,443,1198,700,1193,849,1005,457,582,436,371,900,611,886,900,370,225,471,317,614,1301,1529,827
2018,Campeche,3120008,Zona Arqueológica de Calakmul,2481,1918,1399,1933,2123,2158,1879,1510,1419,1312,1093,726,3329,1726,1975,2936,881,665,897,961,1775,2094,3927,1762
2018,Campeche,3120017,Zona Arqueológica de Chicanná,417,428,214,438,403,472,262,368,205,205,122,151,449,262,320,372,141,114,256,162,325,512,554,388
2018,Campeche,3120020,Zona Arqueológica de Chunhuhub,138,4,74,0,107,2,127,1,55,0,36,0,99,0,105,0,19,0,34,0,83,4,53,1
2018,Campeche,3110011,Zona Arqueológica de Dzibilnocac,666,15,131,4,441,12,766,7,352,1,242,0,573,11,551,4,266,2,318,8,383,12,386,18
2018,Campeche,3110012,Zona Arqueológica de Edzná,3983,1226,3253,1088,5249,995,3764,713,2082,491,2177,410,4977,711,3117,977,1938,298,1852,544,2938,977,6608,931
2018,Campeche,3110017,Zona Arqueológica de El Tigre,415,7,180,22,407,5,506,4,371,5,207,0,297,2,259,21,178,0,130,0,190,0,391,2
2018,Campeche,3120042,Zona Arqueológica de Hochob,219,53,105,73,109,56,185,15,79,4,85,1,137,15,45,17,30,2,56,14,103,31,142,30
2018,Campeche,3120043,Zona Arqueológica de Hormiguero,203,100,174,123,184,87,128,72,116,45,103,54,210,58,217,52,168,17,113,14,238,76,213,51
2018,Campeche,3120058,Zona Arqueológica de Kankí,65,0,57,2,257,6,70,3,44,2,16,0,70,0,26,0,23,4,29,4,90,9,62,4
2018,Campeche,3120096,Zona Arqueológica de Santa Rosa Xtampak,189,20,102,34,146,23,163,10,74,13,36,6,90,10,83,2,40,27,49,8,97,10,115,12
2018,Campeche,3120118,Zona Arqueológica de Tohcok,136,32,97,37,127,30,112,30,70,12,68,4,124,6,53,9,62,8,68,5,61,8,94,24
2018,Campeche,3120125,Zona Arqueológica de Xcalumkín,155,24,117,8,202,7,171,0,179,0,79,0,298,7,136,6,70,0,120,3,197,14,176,2
2018,Campeche,3110041,Zona Arqueológica de Xpuhil,505,362,449,365,800,346,535,177,341,111,484,137,967,233,594,286,383,66,441,164,518,300,936,288
2018,Campeche,3120098,Zona Arqueológica de Tabasqueño,362,22,273,36,202,29,277,11,172,1,142,4,261,17,265,10,165,0,130,8,177,9,234,13
2018,Chiapas,3110004,Zona Arqueológica de Bonampak,633,126,2847,907,4416,846,1890,302,1581,604,1789,691,20454,12383,20967,8105,3051,595,2175,599,2370,840,5186,2364
2018,Chiapas,3120019,Zona Arqueológica de Chincultic,1462,97,1026,54,1878,185,1321,116,1506,50,287,12,2370,55,1805,100,744,47,855,85,1072,88,2291,268
2018,Chiapas,3110018,Zona Arqueológica de Izapa,1866,908,1734,787,2766,179,1690,2623,1328,92,1200,426,1794,139,1448,258,1415,328,1000,251,1276,573,2801,614
2018,Chiapas,3110026,"Zona Arqueológica de Palenque con museo ""Alberto Ruz L´Huiller""",51478,10329,38760,13840,81902,12129,56584,8894,33954,11759,23063,9504,59499,25519,39447,16705,27059,8793,37255,11493,56382,19734,71305,22218
2018,Chiapas,3120103,Zona Arqueológica de Tenam Puente,1196,12,1096,63,2761,82,1206,41,1007,12,1151,37,1468,105,1827,114,635,14,1387,28,1136,61,1938,118
2018,Chiapas,3110035,Zona Arqueológica de Toniná con museo de sitio,5888,572,2571,656,5875,845,5161,482,5852,367,2679,361,5444,384,4208,320,2627,289,2069,326,2864,524,6315,680
2018,Chiapas,3110044,Zona Arqueológica de Yaxchilán,219,161,2205,573,5385,1079,1353,285,2673,386,4078,437,13781,7816,8878,5386,5093,745,5218,773,4885,1050,5743,2819
2018,Chiapas,3220004,Zona Arqueológica de Chiapa de Corzo,0,0,0,0,0,0,0,0,0,0,0,0,0,0,0,0,0,0,0,0,0,0,0,0
2018,Chiapas,3220028,Zona Arqueológica de Lagartero,7158,1943,1738,251,11852,1136,9898,910,3743,427,1677,418,5644,454,5644,454,1764,572,1534,321,2670,652,7917,1984
2018,Chiapas,3120134,Zona Arqueológica de Iglesia Vieja,0,0,0,0,0,0,0,0,120,4,240,0,204,40,282,6,133,2,134,6,168,3,188,0
2018,Chihuahua,3110028,Zona Arqueológica de Paquimé con Museo de las Culturas del Norte,1977,27,2158,207,6399,591,4820,46,3135,71,3525,118,4956,266,3043,146,2435,52,2355,148,3052,234,2265,172
2018,Chihuahua,3110010,Zona Arqueológica de Cuarenta Casas,94,0,65,0,819,0,290,0,160,1,94,12,563,15,221,13,106,17,85,5,118,0,84,0
2018,Chihuahua,3120027,Zona Arqueológica de Cueva de la Olla,934,50,686,50,5238,54,2198,107,808,44,864,81,2893,118,1292,60,1000,37,1175,74,822,188,494,43
2018,Chihuahua,3120028,Zona Arqueológica de Cueva Grande,5,0,8,0,110,0,18,0,5,0,0,0,22,0,0,0,8,0,0,0,5,0,1,0
2018,Chihuahua,3120049,Zona Arqueológica de Huapoca,0,0,0,0,40,0,0,0,5,0,0,0,16,0,1,0,0,0,0,0,4,0,1,0
2018,Ciudad de México,3120013,Zona Arqueológica de Cerro de la Estrella,2046,0,2295,0,4911,0,3894,0,2210,0,2060,0,2305,0,3180,0,2977,0,2041,0,2325,0,1868,0
2018,Ciudad de México,3120029,Zona Arqueológica de Cuicuilco con museo de sitio,5493,178,4552,277,9816,593,7434,782,6254,455,4912,518,4936,282,4584,541,7723,608,7607,310,7371,266,6477,431
2018,Ciudad de México,3120116,Zona Arqueológica de Tlatelolco con museo de sitio,13384,4115,8708,4160,8366,4602,6935,4084,7507,3783,6036,4119,7231,3536,6357,3441,11371,3084,13894,3802,7822,5145,5813,3676
2018,Colima,3120035,Zona Arqueológica de El Chanal,608,18,647,9,732,13,565,39,611,7,728,8,508,17,658,16,925,13,728,5,736,8,993,48
2018,Colima,3120059,Zona Arqueológica de La Campana,692,70,898,34,1225,172,750,77,753,50,867,6,803,39,1056,25,1128,14,915,116,1108,20,1339,106
2018,Durango,3110020,Zona Arqueológica de La Ferrería con museo de sitio,854,18,529,17,2673,0,1113,26,611,4,918,32,1313,88,762,15,846,11,975,0,942,0,728,21
2018,Estado de México,3110001,Zona Arqueológica de Acozac,2033,0,1338,0,2461,0,3030,0,1948,0,1672,0,3588,0,1694,0,1142,0,1627,0,1636,0,1610,0
2018,Estado de México,3110006,Zona Arqueológica de Calixtlahuaca,2902,21,2470,12,4291,12,3220,15,2046,11,2655,10,2558,15,2721,11,2866,12,3207,11,2635,17,2334,2
2018,Estado de México,3120018,Zona Arqueológica de Chimalhuacán con museo de sitio,2780,0,2383,0,4709,7,4520,0,956,3,2641,0,3133,2,9209,0,3878,2,2268,4,2566,0,2113,0
2018,Estado de México,3110014,Zona Arqueológica de El Conde,88,4,178,0,1046,0,153,0,143,0,138,0,90,0,203,0,167,0,224,0,291,0,201,0
2018,Estado de México,3120050,Zona Arqueológica de Huexotla,112,0,239,0,753,0,41,1,76,0,91,0,146,0,210,0,336,0,122,0,192,0,69,0
2018,Estado de México,3120072,Zona Arqueológica de Los Melones,480,2,1053,0,746,1,609,0,594,0,499,3,855,0,575,0,1000,0,786,1,736,0,500,0
2018,Estado de México,3120073,Zona Arqueológica de Los Reyes La Paz,1273,5,1751,0,3716,0,1711,9,802,0,1079,0,1980,0,907,0,604,0,1028,0,409,0,699,0
2018,Estado de México,3120075,Zona Arqueológica de Malinalco,12247,169,20042,405,12225,381,19210,302,10580,282,9238,366,11328,374,16502,342,9854,254,9205,286,12752,194,9864,365
2018,Estado de México,3120095,"Zona Arqueológica de Santa Cecilia Acatitla con museo de la Escultura Mexica ""Eusebio Dávalos Hurtado""",451,22,496,28,1134,4,650,2,616,5,500,8,442,15,618,0,527,11,991,6,637,7,406,6
2018,Estado de México,3120104,Zona Arqueológica de Tenayuca I con museo Xólotl,1418,43,2049,22,2364,16,2132,25,1107,22,1475,16,1589,26,1542,16,2076,28,3243,17,2382,25,1688,0
2018,Estado de México,3120129,Zona Arqueológica de Tenayuca II,215,15,193,0,389,7,250,5,241,0,221,14,238,0,257,0,192,0,230,9,146,6,324,0
2018,Estado de México,3110031,Zona Arqueológica Teotihuacan (con Museo de Sitio),278160,63123,182469,60321,464451,22542,366767,44774,153467,46930,142707,55763,235979,31451,294493,68296,305759,48223,310174,63704,208964,75414,457342,85925
2018,Estado de México,3110032,Zona Arqueológica de Tetzcotzinco,1697,27,817,31,1053,3,1215,0,1495,15,945,4,1556,0,2450,0,1995,0,1745,0,1568,7,1916,7
2018,Estado de México,3120115,Zona Arqueológica de Tlapacoya,194,0,188,0,228,0,459,1,584,0,196,0,266,0,420,0,303,0,538,2,253,0,299,0
2018,Estado de México,3120044,Zona Arqueológica de Huamango,2782,0,553,0,742,0,345,0,363,0,356,0,435,0,1090,0,258,0,216,0,662,0,425,0
2018,Estado de México,3120081,Zona Arqueológica de Ocoyoacac,0,0,0,0,0,0,0,0,0,0,0,0,0,0,0,0,0,0,0,0,0,0,0,0
2018,Estado de México,3120094,Zona Arqueológica de San Miguel Ixtapan,293,8,457,3,569,0,355,0,175,0,221,0,670,13,420,6,331,42,550,0,602,0,211,10
2018,Estado de México,3120108,Zona Arqueológica de Teotenango,4728,52,4807,39,32194,48,8084,54,5698,38,4314,49,6860,40,5388,42,4308,34,3914,25,4678,51,3725,0
2018,Guanajuato,3120085,Zona Arqueológica de Plazuelas,2297,161,1195,80,1551,44,2108,77,1010,63,1504,86,1722,179,1589,98,683,41,1108,42,1482,71,727,66
2018,Guanajuato,3220023,Zona Arqueológica de Peralta,2541,585,1630,96,1613,98,2637,94,1119,58,1312,162,2213,211,1900,151,1175,45,900,74,1114,51,742,100
2018,Guanajuato,3220022,Zona Arqueológica de Cañada de la Virgen,2870,986,1488,796,1388,783,2190,585,1132,315,1057,446,2293,730,2397,655,1804,228,1787,415,2038,706,1357,386
2018,Guanajuato,3120133,Zona Arqueológica El Cóporo,715,20,517,6,566,4,1285,24,629,4,412,0,828,28,1036,25,548,6,688,7,868,2,393,9
2018,Guerrero,3120046,Zona Arqueológica de Huamuxtitlán,81,0,85,0,180,0,64,3,92,0,78,0,92,0,335,12,97,0,143,0,102,0,158,0
2018,Guerrero,3120053,Zona Arqueológica de Ixcateopan,65,0,319,0,128,0,0,0,0,0,0,0,26,4,62,5,157,1,155,3,178,0,133,7
2018,Guerrero,3110021,Zona Arqueológica de La Organera Xochipala,110,0,77,0,86,0,53,0,48,0,39,0,103,0,105,0,50,0,58,0,34,0,142,0
2018,Guerrero,3120062,Zona Arqueológica de La Sabana,33,0,30,0,29,0,39,0,47,0,30,0,25,0,53,0,40,0,67,0,48,0,28,0
2018,Guerrero,3120026,Zona Arqueológica de Cuetlajuchitlán (Los Querende),29,0,16,0,22,0,24,0,23,0,17,0,40,0,40,0,21,0,23,0,24,0,27,0
2018,Guerrero,3110027,Zona Arqueológica de Palma Sola,366,7,238,7,401,4,156,6,67,2,207,0,178,4,210,1,123,0,168,1,77,2,117,9
2018,Guerrero,3120106,Zona Arqueológica de Teopantecuanitlán,42,0,0,0,450,0,0,0,0,0,0,0,20,0,47,2,70,1,86,2,92,0,92,2
2018,Guerrero,3220027,Zona Arqueológica de Tehuacalco,832,49,432,0,2417,77,1027,27,487,13,436,25,921,33,784,4,253,8,567,6,814,19,829,23
2018,Guerrero,3120132,Zona Arqueológica Soledad de Maciel,229,551,514,0,966,239,483,0,363,116,448,87,591,96,604,122,324,80,409,141,724,354,575,89
2018,Hidalgo,3120048,Zona Arqueológica de Huapalcalco,933,0,908,195,4577,288,1208,92,1545,0,1406,78,1933,100,2663,172,3020,0,3446,0,2388,171,2156,164
2018,Hidalgo,3120110,Zona Arqueológica de Tepeapulco,1344,0,1275,14,3338,16,1078,7,993,26,1052,27,2027,39,1428,29,1257,0,1031,17,1126,14,1953,17
2018,Hidalgo,3110036,Zona Arqueológica de Tula con museo de sitio,16880,940,17595,927,36621,597,39956,737,12498,380,14805,428,27096,652,19611,586,13427,323,12872,678,12872,678,28986,541
2018,Hidalgo,3120136,Zona Arqueológica Pahñú,2980,0,1760,22,3070,32,2675,31,1276,10,1203,54,3451,139,2215,110,1948,0,632,25,1435,40,2490,70
2018,Jalisco,3120054,Zona Arqueológica de Ixtépete,1246,8,1820,4,4732,0,4732,0,896,6,883,0,1041,0,2017,3,514,2,402,0,1618,2,675,18
2018,Jalisco,3120113,Zona Arqueológica de Teuchitlán,11374,1223,6358,1050,19954,0,7512,897,4050,845,3992,270,10256,0,9006,352,4215,0,2668,0,18410,156,2280,8794
2018,Michoacán,3120047,Zona Arqueológica de Huandacareo,379,6,179,0,403,2,380,4,184,2,144,0,201,5,141,1,199,2,137,0,289,8,244,1
2018,Michoacán,3120052,Zona Arqueológica de Ihuatzio,1074,37,512,18,1177,57,794,6,335,12,280,20,992,22,352,29,495,18,548,0,1438,28,1464,18
2018,Michoacán,3120091,Zona Arqueológica de San Felipe los Alzati,720,0,657,12,1242,0,893,0,212,219,602,0,1229,0,529,0,691,0,673,0,585,0,1466,4
2018,Michoacán,3120114,Zona Arqueológica de Tingambato,2079,24,1772,41,3113,18,2156,35,992,6,1129,16,2371,21,1526,17,1380,13,1339,39,2131,47,2851,37
2018,Michoacán,3120119,Zona Arqueológica de Tres Cerritos,138,4,87,0,501,0,195,0,115,0,77,0,97,0,159,0,112,0,236,0,437,3,190,0
2018,Michoacán,3120121,Zona Arqueológica de Tzintzuntzan con museo de sitio,4202,15,4015,50,6605,115,3913,194,3248,8,3287,36,6367,204,5416,143,3284,73,3404,142,7901,264,6656,215
2018,Morelos,3110007,Zona Arqueológica de Chalcatzingo,1514,22,1373,24,3457,33,1265,13,1080,1,1025,0,2187,7,2164,7,1349,1,1202,47,1631,54,3167,23
2018,Morelos,3110040,Zona Arqueológica de Xochicalco con museo de sitio,8929,900,6187,791,8434,715,10434,885,6524,800,5530,624,8051,848,8966,952,4153,479,7003,670,8039,1148,6221,583
2018,Morelos,3120021,Zona Arqueológica de Coatetelco con museo de sitio,0,0,11,0,196,0,86,0,0,0,0,0,23,2,27,3,22,1,11,2,141,0,61,0
2018,Morelos,3120069,Zona Arqueológica de Las Pilas,83,0,201,0,135,0,266,0,191,0,251,0,442,1,91,0,37,0,38,0,73,0,99,0
2018,Morelos,3120112,Zona Arqueológica de Tepozteco,18603,2040,17540,1282,35715,6418,18821,2109,16533,2081,16720,2012,35422,3004,23763,4456,24012,3302,17959,2769,24408,4435,30593,5291
2018,Morelos,3120107,Zona Arqueológica de Teopanzolco,0,0,0,0,0,0,0,0,0,0,0,0,0,0,0,0,0,0,0,0,0,0,0,0
2018,Morelos,3110043,Zona Arqueológica de Yautepec,252,11,116,0,711,0,98,0,114,0,161,0,149,0,242,0,361,0,619,4,106,0,128,1
2018,Nayarit,3120055,Zona Arqueológica de Ixtlán del Río,1365,37,894,45,1642,74,1477,20,1173,13,797,28,1596,22,1070,2,749,14,949,20,889,18,1162,33
2018,Nuevo León,3110003,Zona Arqueológica de Boca de Potrerillos,320,0,235,0,854,136,257,63,229,6,125,0,487,126,202,7,324,15,110,2,159,8,206,8
2018,Oaxaca,3120031,Zona Arqueológica de Dainzú,816,53,570,20,454,9,191,6,275,4,163,0,451,53,209,15,155,2,130,5,372,40,543,25
2018,Oaxaca,3120041,Zona Arqueológica de Guiengola,197,0,455,0,440,0,217,0,268,0,220,0,92,13,122,0,73,0,122,0,139,0,171,0
2018,Oaxaca,3120051,Zona Arqueológica de Huijazoo,368,0,103,41,251,0,183,0,157,0,259,0,725,60,226,0,213,0,245,0,253,0,467,0
2018,Oaxaca,3120065,Zona Arqueológica de Lambityeco,175,15,138,18,629,22,330,19,596,4,199,11,377,11,136,12,220,3,129,63,199,58,352,34
2018,Oaxaca,3110024,Zona Arqueológica de Mitla,12209,2109,9420,1020,15431,1341,10109,727,9858,528,10130,658,11505,2897,2809,1009,1512,581,2005,812,4565,1692,5051,1578
2018,Oaxaca,3110025,Zona Arqueológica de Monte Albán con museo de sitio,32068,6826,22586,5800,40090,6031,35313,0,22564,2834,20191,2436,67612,3878,32324,4116,19117,2163,21537,4102,31300,8219,47130,4838
2018,Oaxaca,3110042,Zona Arqueológica de Yagul,1170,271,1007,220,1500,203,918,150,1373,73,789,33,1300,210,876,139,796,107,1056,167,852,262,1597,158
2018,Oaxaca,3110045,Zona Arqueológica de Zaachila,150,119,270,42,245,67,221,56,193,23,192,40,703,117,177,63,118,21,462,61,241,83,839,198
2018,Oaxaca,3120045,Zona Arqueológica de Huamelulpan,152,0,124,0,111,0,477,0,191,0,108,0,367,11,272,0,54,0,63,0,86,0,732,0
2018,Oaxaca,3120131,Zona Arqueológica de Bocana del Río Copalita (con museo de sitio),725,950,349,1540,846,423,720,666,619,73,537,72,1508,232,953,55,385,35,322,237,485,336,1033,409
2018,Oaxaca,3220034,Zona Arqueológica de Atzompa,3230,59,913,0,1359,45,1358,28,922,23,755,15,2386,59,1378,51,776,13,1314,35,1302,136,2635,85
2018,Puebla,3120010,Zona Arqueológica de Cantona,3683,168,2246,121,2814,121,4460,109,2121,79,2543,91,3180,59,3090,99,2004,41,2011,63,2688,67,2128,44
2018,Puebla,3110009,Zona Arqueológica de Cholula con museo de sitio,60886,6756,29807,4286,30337,4200,52617,4847,29240,4267,28019,3437,52601,5431,59540,6467,35452,3896,32367,4196,39739,5204,46759,3708
2018,Puebla,3120090,Zona Arqueológica de San Cristobal Tepatlaxco,151,0,195,0,1007,0,155,2,217,0,179,0,168,0,253,0,173,0,248,0,195,0,127,0
2018,Puebla,3120109,Zona Arqueológica de Tepapayeca,61,0,71,0,156,0,72,0,47,49,28,0,125,0,129,0,37,0,172,0,61,0,45,0
2018,Puebla,3120111,Zona Arqueológica de Tepexi el Viejo,113,0,66,0,86,1,18,0,22,0,63,0,68,0,82,0,67,0,99,0,95,0,102,0
2018,Puebla,3120128,Zona Arqueológica de Yohualichan,4060,83,2311,67,4752,124,7784,118,4422,79,4418,105,4707,80,5210,104,2788,48,3778,66,4844,53,3334,63
2018,Querétaro,3110013,Zona Arqueológica de El Cerrito,2920,388,3165,458,8415,330,3093,447,2455,272,2819,427,4256,457,2103,349,0,0,0,0,1566,219,2377,385
2018,Querétaro,3110030,Zona Arqueológica de Ranas,1755,39,1176,11,1869,9,3329,22,2274,47,1483,12,3208,63,2087,41,1103,8,1172,39,2775,35,1932,10
2018,Querétaro,3110034,Zona Arqueológica de Toluquilla,256,19,201,20,671,2,853,2,437,2,310,2,402,0,378,4,174,0,243,0,562,7,286,1
2018,Querétaro,3220021,Zona Arqueológica de Tancama,449,38,333,20,805,12,730,27,152,16,698,24,946,51,527,13,400,17,186,17,541,39,843,0
2018,Quintana Roo,3120022,Zona Arqueológica de Cobá,13075,69124,8459,53899,12670,60020,13198,49249,10733,41670,11382,44783,20263,51226,16238,57503,9236,31645,9766,38857,10709,50220,17145,54731
2018,Quintana Roo,3120032,Zona Arqueológica de Dzibanché-Kinichná,948,2081,802,1362,956,1453,918,787,560,722,547,728,996,1005,935,990,618,491,573,528,598,957,1040,1267
2018,Quintana Roo,3110015,Zona Arqueológica de El Meco,1043,275,1101,363,1253,373,1007,312,472,286,1094,221,1131,178,893,321,1042,142,505,267,758,392,1285,360
2018,Quintana Roo,3120038,Zona Arqueológica de El Rey,1398,934,913,683,2021,929,1082,683,789,483,729,569,1273,605,872,489,857,425,1024,635,801,658,1307,816
2018,Quintana Roo,3110019,Zona Arqueológica de Kohunlich,2245,5191,1014,3837,1702,4331,1306,2152,902,1605,895,1199,1615,2294,1246,2101,888,1431,966,1458,1282,2428,1685,3117
2018,Quintana Roo,3120078,Zona Arqueológica de Muyil,680,1690,493,1915,716,1299,726,1156,448,903,436,708,1084,803,1025,1596,457,377,806,827,649,1334,919,1498
2018,Quintana Roo,3120084,Zona Arqueológica de Oxtankah,1380,58,901,98,1208,73,1194,48,915,46,694,31,1291,39,549,125,674,20,677,29,615,48,1300,157
2018,Quintana Roo,3120092,Zona Arqueológica de San Gervasio,1989,26306,1265,18223,2128,26403,1927,11814,1280,11679,1380,11854,2099,9897,2066,13777,942,6197,2933,11171,1776,15377,2841,17718
2018,Quintana Roo,3110037,Zona Arqueológica de Tulum,75329,171944,59425,145935,73346,130463,77766,110042,63526,110553,65965,104118,103046,127843,72066,97057,46197,57466,48803,78779,57906,111570,99486,100905
2018,Quintana Roo,3110038,Zona Arqueológica de Xcaret,5,1,23,2,14,3,6,1,17,3,0,0,7,2,3,2,8,0,11,0,11,0,15,0
2018,Quintana Roo,3110039,Zona Arqueológica de Xelhá,195,170,200,195,144,64,180,46,187,50,121,56,270,62,119,47,40,2,132,53,134,82,350,50
2018,Quintana Roo,3120014,Zona Arqueológica de Chacchoben,2025,7991,893,6588,1795,11413,937,3651,733,5907,2543,4814,2016,5007,1950,8839,683,5830,1000,6242,576,9564,1708,15504
2018,San Luis Potosí,3120099,Zona Arqueológica de Tamohí,439,13,244,7,323,18,417,0,177,2,213,21,430,12,574,20,151,7,110,4,346,18,327,20
2018,San Luis Potosí,3120100,Zona Arqueológica de Tamtoc,423,7,423,7,2091,3,1139,0,424,0,278,0,1173,7,894,2,363,6,0,0,4299,5,896,2
2018,Sinaloa,322033,Zona Arqueológica Las Labradas,834,188,535,48,4920,185,2283,84,463,40,473,8,1047,53,635,25,265,11,414,64,588,65,145,39
2018,Sonora,3210132,Zona Arqueológica de Cerro de las Trincheras,447,0,297,0,523,0,320,0,204,0,177,0,417,27,443,18,6069,631,15392,545,3527,364,214,0
2018,Tabasco,3120023,Zona Arqueológica de Comalcalco con museo de sitio,6466,5,7684,84,11267,183,7862,9,4159,12,3272,9,6017,50,6850,46,3695,22,3231,29,2897,40,5364,53
2018,Tabasco,3110023,Zona Arqueológica de La Venta con museo de sitio,2156,62,1318,40,1347,20,1108,16,891,6,1085,22,1644,29,1277,20,1171,12,497,28,646,22,638,21
2018,Tabasco,3120086,Zona Arqueológica de Pomoná con museo de sitio,54,0,173,0,353,0,445,0,173,0,159,5,633,0,400,0,400,0,219,0,59,0,120,0
2018,Tabasco,3120076,Zona Arqueológica de Malpasito,122,8,48,32,63,30,265,0,219,2,104,0,52,2,117,0,76,0,195,0,68,2,254,4
2018,Tabasco,3120089,Zona Arqueológica de Moral-Reforma,243,0,212,0,1854,0,3354,0,356,0,209,0,1232,0,456,0,229,0,190,0,77,0,104,0
2018,Tabasco,3220017,Zona Arqueológica de San Claudio,27,0,35,0,80,0,34,0,24,0,21,0,105,0,43,0,28,0,31,0,16,0,30,0
2018,Tamaulipas,3120039,Zona Arqueológica de El Sabinito,63,0,58,0,145,0,85,0,155,0,65,0,72,0,88,0,45,0,79,0,77,0,131,0
2018,Tamaulipas,3120067,Zona Arqueológica de Las Flores,94,1,161,1,325,7,358,5,177,0,217,3,477,18,344,7,235,4,220,10,160,34,182,11
2018,Tlaxcala,3110005,Zona Arqueológica de Cacaxtla con museo de sitio,8835,195,8601,205,8962,209,10702,113,7407,80,7584,151,12866,155,11450,175,5678,39,27831,170,7252,421,6420,51
2018,Tlaxcala,3110105,Zona Arqueológica de Xochitécatl con museo de sitio,9680,26,9992,56,9925,6,12232,16,7809,29,3053,16,15189,204,18133,25,9485,9,16385,43,9462,46,8138,29
2018,Tlaxcala,3110033,Zona Arqueológica de Tizatlán con museo de sitio,215,9,172,0,139,2,185,0,133,10,80,0,219,12,13,0,127,3,184,3,64,0,18,0
2018,Tlaxcala,3120080,Zona Arqueológica de Ocotelulco con museo de sitio,21,10,22,3,123,1,72,0,8,0,23,0,51,0,63,0,18,0,10,0,0,0,55,0
2018,Tlaxcala,3120101,Zona Arqueológica de Tecoaque,1076,7,798,2,1459,8,1212,50,1083,12,1308,0,3844,28,980,6,938,7,701,7,1316,16,866,12
2018,Veracruz,3120011,Zona Arqueológica de Castillo de Teayo con museo de sitio,191,0,159,0,333,0,520,0,117,0,144,0,245,0,329,0,113,0,67,0,78,0,108,0
2018,Veracruz,3120012,Zona Arqueológica de Cempoala con museo de sitio,2550,98,2692,137,4865,90,4757,119,2744,78,2936,61,4367,50,4352,64,1546,42,1855,48,3393,109,4412,96
2018,Veracruz,3120068,Zona Arqueológica de Las Higueras con museo de sitio,15,0,24,0,24,0,65,0,35,0,4,0,51,0,72,0,10,0,38,0,67,0,60,0
2018,Veracruz,3120093,Zona Arqueológica de San Lorenzo Tenochtitlan con museo de sitio,269,0,317,0,616,0,938,0,662,0,329,0,450,0,709,0,321,0,318,0,285,0,565,0
2018,Veracruz,3110016,Zona Arqueológica de El Tajín,19860,245,17193,310,45818,254,67845,337,21588,125,15077,148,46363,222,49057,229,17892,183,15803,217,24304,392,51833,403
2018,Veracruz,3220012,Zona Arqueológica de Cuauhtochco,0,0,0,0,0,0,0,0,0,0,0,0,0,0,0,0,0,0,0,0,0,0,0,0
2018,Veracruz,3120123,Zona Arqueológica de Vega de la Peña,38,8,83,0,62,0,78,0,0,0,76,2,62,5,54,0,48,0,53,2,38,3,49,2
2018,Veracruz,3120088,Zona Arqueológica de Quiahuitztlán,1297,61,1938,41,3303,43,4911,39,2448,39,2530,37,3905,61,4096,38,1522,26,1624,41,2740,101,3465,36
2018,Veracruz,3120024,Zona Arqueológica de Cuajilote,355,0,349,2,235,0,751,0,522,0,264,0,282,26,450,0,285,0,154,0,243,0,581,0
2018,Veracruz,3120030,Zona Arqueológica de Cuyuxquihui,200,0,250,0,450,0,0,0,140,0,200,0,532,0,286,0,125,0,150,0,150,0,218,0
2018,Veracruz,3220014,Zona Arqueológica de Las Limas,0,0,0,0,60,0,36,0,0,0,53,0,46,0,96,0,66,0,133,0,201,0,70,0
2018,Yucatán,3120001,Zona Arqueológica de Acanceh,501,45,522,65,632,51,797,107,280,35,190,24,525,63,401,51,171,30,435,45,653,64,870,98
2018,Yucatán,3120002,Zona Arqueológica de Aké,1139,107,2077,159,1246,65,1740,94,1839,39,1814,27,729,88,1402,97,628,19,1183,31,1599,113,1610,127
2018,Yucatán,3120004,Zona Arqueológica de Balamcanché,263,65,539,80,995,64,555,57,698,35,470,57,571,68,275,60,199,19,367,54,428,128,547,49
2018,Yucatán,3120015,Zona Arqueológica de Chacmultún,198,5,139,3,135,6,189,2,65,0,70,1,131,4,108,2,84,0,78,2,141,2,139,1
2018,Yucatán,3110008,Zona Arqueológica de Chichén Itzá,47814,206151,36693,158619,72544,175738,79566,150307,70362,137609,64573,146922,120530,168134,73305,206433,54321,87454,58795,115538,68311,159155,126218,158462
2018,Yucatán,3120033,Zona Arqueológica de Dzibilchaltún con museo del Pueblo Maya,8375,3968,9083,4341,14802,4182,10471,2866,8484,2387,7282,2221,12610,2370,8981,2023,6568,1286,7156,1813,8480,2099,14467,3241
2018,Yucatán,3120034,Zona Arqueológica de Ekbalam,5010,12804,5056,11655,7376,11519,7249,10320,4264,8855,4214,7675,8428,10266,4924,14724,3902,6235,3688,6993,5294,10511,10698,10930
2018,Yucatán,3120057,Zona Arqueológica de Kabah,2110,2170,1957,2377,2284,1947,2723,1136,2331,1036,1233,865,2145,1812,1476,1746,906,600,1761,874,2417,1675,3146,2152
2018,Yucatán,3120064,Zona Arqueológica de Labná,1370,485,1273,334,1219,390,1692,542,1312,224,905,239,1206,268,1058,320,559,191,899,211,959,428,1677,599
2018,Yucatán,3120071,Zona Arqueológica de Loltún,3200,485,2995,490,2423,374,4523,612,2646,349,2239,308,3972,417,3681,594,1976,253,2304,212,2919,586,4086,670
2018,Yucatán,3120077,Zona Arqueológica de Mayapán,2015,786,2831,783,1966,345,2844,487,1506,291,1396,1298,1437,1732,1943,1184,1125,194,1099,1184,1577,1398,3561,678
2018,Yucatán,3120097,Zona Arqueológica de Sayil,1117,600,996,612,1020,626,1435,617,784,375,612,298,1066,445,690,474,476,229,573,237,1221,803,1981,857
2018,Yucatán,3120122,Zona Arqueológica de Uxmal con museo de sitio,15050,15036,10591,13529,15961,13682,14694,9423,10201,6845,10538,4700,20792,9448,12477,10883,7816,4668,10063,6625,13188,12099,25333,11120
2018,Yucatán,3120126,Zona Arqueológica de Xlapak,1017,412,793,320,704,325,878,208,904,273,511,130,1330,244,625,280,415,176,382,180,511,368,779,365
2018,Yucatán,3120083,Zona Arqueológica de Oxkintok,945,104,706,58,692,75,890,55,626,59,444,30,628,45,931,74,381,47,543,62,730,97,902,84
2018,Yucatán,3120056,Zona Arqueológica de Izamal,987,185,942,211,1833,238,2027,385,1350,320,1066,382,2026,412,2232,432,1034,185,1376,310,862,194,2338,480
2018,Yucatán,3120135,Zona Arqueológica de Xcambó,1179,1868,1246,2201,1372,2056,2416,820,1949,1543,1605,1172,2187,1423,2645,689,1428,613,1292,993,1719,1175,2652,1660
2018,Zacatecas,3120003,Zona Arqueológica de Altavista o Chalchihuites con museo de sitio,494,24,235,2,2021,13,719,5,349,3,551,15,967,77,571,40,310,1,458,12,405,5,479,47
2018,Zacatecas,3110022,Zona Arqueológica de La Quemada con museo de sitio,2544,35,2531,55,5445,31,3514,30,2699,17,3264,26,6127,69,3475,25,2827,33,2772,50,3345,33,3679,24
2017,Baja California,3120040,Zona Arqueológica de El Vallecito,1556,18,1068,4,1621,0,2653,15,1228,0,1108,0,1039,0,1273,0,1230,0,1483,0,1802,0,1041,0
2017,Baja California Sur,3120007,Zona Arqueológica de San Francisco de la Sierra,102,182,114,190,589,0,337,235,105,141,21,83,45,51,33,83,8,37,66,45,79,69,102,99
2017,Campeche,3120005,Zona Arqueológica de Balamkú,404,329,295,345,433,353,821,277,337,169,190,105,629,273,413,352,211,85,212,134,476,331,782,287
2017,Campeche,3110002,Zona Arqueológica de Becán,1142,1233,718,1323,841,1310,1360,812,597,516,637,399,1074,1030,787,1096,372,326,482,358,2066,1166,1280,1041
2017,Campeche,3120008,Zona Arqueológica de Calakmul,1734,1898,1107,1825,1491,1510,3564,1333,1650,822,1017,747,3015,1893,2032,2701,810,579,956,763,1498,1742,3413,1596
2017,Campeche,3120017,Zona Arqueológica de Chicanná,379,540,258,655,413,610,396,386,216,208,224,194,500,364,287,513,136,141,188,217,290,512,510,317
2017,Campeche,3120020,Zona Arqueológica de Chunhuhub,145,0,93,0,158,13,117,0,168,3,69,0,171,0,85,0,34,1,53,1,37,0,59,0
2017,Campeche,3110011,Zona Arqueológica de Dzibilnocac,520,9,280,14,261,14,510,7,523,8,217,1,462,5,399,0,220,5,359,3,485,8,554,30
2017,Campeche,3110012,Zona Arqueológica de Edzná,4211,1189,2960,1331,3852,1385,6076,779,2106,501,3892,263,4818,839,3608,1020,1507,320,1999,528,2862,923,5930,987
2017,Campeche,3110017,Zona Arqueológica de El Tigre,371,7,230,23,325,22,777,0,263,0,246,2,378,3,271,2,136,24,72,6,201,1,430,1
2017,Campeche,3120042,Zona Arqueológica de Hochob,268,35,79,51,126,52,226,20,142,17,62,5,224,14,133,8,50,3,32,12,100,37,233,19
2017,Campeche,3120043,Zona Arqueológica de Hormiguero,189,151,142,85,183,93,183,48,78,34,41,55,159,37,108,58,66,17,40,39,169,64,237,57
2017,Campeche,3120058,Zona Arqueológica de Kankí,20,0,38,3,56,0,43,2,67,0,20,0,7,0,57,0,49,3,85,6,68,1,62,4
2017,Campeche,3120096,Zona Arqueológica de Santa Rosa Xtampak,150,29,99,13,198,10,229,4,159,8,62,6,111,3,101,15,19,4,26,5,77,19,146,16
2017,Campeche,3120118,Zona Arqueológica de Tohcok,35,0,96,25,113,12,48,0,98,16,56,9,91,8,98,2,63,7,52,14,75,14,105,18
2017,Campeche,3120125,Zona Arqueológica de Xcalumkín,80,0,119,11,238,12,310,3,102,1,37,17,168,0,112,2,56,1,93,1,98,2,215,2
2017,Campeche,3110041,Zona Arqueológica de Xpuhil,558,318,447,356,476,319,946,175,348,162,424,116,894,262,505,284,306,86,308,140,602,277,785,313
2017,Campeche,3120098,Zona Arqueológica de Tabasqueño,136,9,202,5,174,12,290,7,186,9,152,1,352,6,232,6,130,5,271,7,299,16,334,18
2017,Chiapas,3110004,Zona Arqueológica de Bonampak,3810,1554,2418,939,3259,1265,6413,2130,2552,832,1924,821,4710,2093,4236,1671,1561,538,1554,545,3089,1156,6451,1981
2017,Chiapas,3120019,Zona Arqueológica de Chincultic,1717,113,1202,126,1253,73,3684,255,1843,35,733,94,2569,134,2125,144,803,54,815,87,1341,56,1173,30
2017,Chiapas,3110018,Zona Arqueológica de Izapa,1813,2350,1065,476,1530,147,2855,874,1979,836,1090,278,2113,102,1542,147,1338,136,1542,147,1344,703,1854,527
2017,Chiapas,3110026,"Zona Arqueológica de Palenque con museo ""Alberto Ruz L´Huiller""",68324,17478,51769,13867,60136,16057,91228,26732,45505,12324,37654,9758,96251,19875,72859,19748,26346,5423,34538,6585,65305,12504,93469,16735
2017,Chiapas,3120103,Zona Arqueológica de Tenam Puente,1428,10,831,16,1645,18,1551,14,758,17,995,38,2155,23,667,20,594,31,1028,10,1790,14,1498,61
2017,Chiapas,3110035,Zona Arqueológica de Toniná con museo de sitio,5438,165,4137,480,3079,416,4599,376,3361,177,3291,196,6329,400,5319,279,2362,194,2009,174,3821,483,7610,578
2017,Chiapas,3110044,Zona Arqueológica de Yaxchilán,5068,1756,2959,1151,4407,1476,6681,1871,1856,520,1607,502,2940,1308,5020,2195,1346,339,1283,344,2574,730,6171,1358
2017,Chiapas,3220004,Zona Arqueológica de Chiapa de Corzo,289,47,274,47,431,41,533,35,299,9,300,20,651,23,456,28,98,7,0,0,0,0,0,0
2017,Chiapas,3220028,Zona Arqueológica de Lagartero,6540,932,2327,404,3344,379,14323,3868,4491,454,1670,43,4521,188,3717,199,1430,176,1254,233,1508,483,2574,1215
2017,Chiapas,3120134,Zona Arqueológica de Iglesia Vieja,458,7,286,0,342,6,702,3,327,9,74,0,92,9,204,40,126,1,76,11,163,1,315,6
2017,Chihuahua,3110028,Zona Arqueológica de Paquimé con Museo de las Culturas del Norte,1460,45,2145,107,3613,545,6672,255,2913,93,2898,46,3320,162,3487,94,2697,87,3209,96,3482,24,2519,86
2017,Chihuahua,3110010,Zona Arqueológica de Cuarenta Casas,135,4,140,7,426,27,2169,19,0,0,0,0,0,0,0,0,0,0,0,0,0,0,0,0
2017,Chihuahua,3120027,Zona Arqueológica de Cueva de la Olla,856,26,1108,42,1715,124,6341,305,1344,39,1042,96,3790,239,2159,124,1737,34,1529,52,819,69,917,22
2017,Chihuahua,3120028,Zona Arqueológica de Cueva Grande,37,0,39,0,66,0,324,0,24,0,4,0,6,0,0,0,0,0,0,0,0,0,0,0
2017,Chihuahua,3120049,Zona Arqueológica de Huapoca,4,0,17,0,45,0,95,0,7,0,4,0,0,0,0,0,0,0,0,0,0,0,0,0
2017,Ciudad de México,3120013,Zona Arqueológica de Cerro de la Estrella,1976,0,1796,0,5963,0,5283,0,2275,0,2591,0,3929,0,4739,0,1291,0,2098,0,1695,0,2103,0
2017,Ciudad de México,3120029,Zona Arqueológica de Cuicuilco con museo de sitio,6960,345,7641,465,10314,1064,6493,288,4865,208,4582,577,4373,412,4892,409,4682,248,7949,168,7601,443,7334,565
2017,Ciudad de México,3120116,Zona Arqueológica de Tlatelolco con museo de sitio,8326,0,7219,0,7320,0,10189,0,8032,0,6963,0,7736,0,6173,0,4423,0,5005,0,19340,0,16371,0
2017,Colima,3120035,Zona Arqueológica de El Chanal,482,40,525,16,627,10,719,19,720,5,945,10,709,6,724,8,698,7,605,103,703,8,893,38
2017,Colima,3120059,Zona Arqueológica de La Campana,614,348,870,125,752,280,948,101,933,94,1003,73,1112,28,1123,8,879,6,589,110,1009,49,1031,244
2017,Durango,3110020,Zona Arqueológica de La Ferrería con museo de sitio,876,24,905,7,2310,38,1582,15,957,13,656,24,1614,59,1011,22,962,15,901,13,895,14,739,0
2017,Estado de México,3110001,Zona Arqueológica de Acozac,2658,0,2496,0,6255,0,5009,0,3109,2,3320,0,2538,0,3992,0,3005,3,1519,0,2046,0,1433,0
2017,Estado de México,3110006,Zona Arqueológica de Calixtlahuaca,3010,10,2407,0,6873,31,3183,21,2111,6,2389,5,2585,13,4083,32,2811,9,2652,7,2583,7,2449,19
2017,Estado de México,3120018,Zona Arqueológica de Chimalhuacán con museo de sitio,639,9,7406,2,14255,18,7850,5,4210,6,1870,0,3854,0,2794,2,3243,2,2825,12,2813,0,2658,0
2017,Estado de México,3110014,Zona Arqueológica de El Conde,90,3,175,6,545,0,177,0,28,0,94,0,186,0,93,0,139,0,111,0,164,0,190,0
2017,Estado de México,3120050,Zona Arqueológica de Huexotla,155,10,78,0,239,0,159,2,39,0,182,0,182,1,93,0,268,0,195,21,184,0,144,3
2017,Estado de México,3120072,Zona Arqueológica de Los Melones,669,0,791,0,1338,2,1154,2,720,3,728,0,977,3,868,3,1629,0,1417,0,636,3,625,0
2017,Estado de México,3120073,Zona Arqueológica de Los Reyes La Paz,2665,0,1872,0,2665,0,4620,0,2526,0,2079,11,3694,12,1740,15,2214,9,1051,0,1176,15,1001,0
2017,Estado de México,3120075,Zona Arqueológica de Malinalco,25149,429,13284,411,26931,422,35106,460,19469,326,13929,357,23785,426,23068,348,14851,256,13535,229,17227,370,7965,302
2017,Estado de México,3120095,"Zona Arqueológica de Santa Cecilia Acatitla con museo de la Escultura Mexica ""Eusebio Dávalos Hurtado""",639,9,742,6,1298,15,1037,11,503,8,330,8,524,24,416,7,543,6,527,6,586,19,563,13
2017,Estado de México,3120104,Zona Arqueológica de Tenayuca I con museo Xólotl,1122,0,1351,20,1752,31,1341,36,975,23,983,27,1593,16,1607,11,1392,25,2302,20,2300,36,1864,40
2017,Estado de México,3120129,Zona Arqueológica de Tenayuca II,231,0,286,0,446,7,534,18,696,16,768,35,724,28,356,53,446,17,252,10,266,15,122,12
2017,Estado de México,3110031,Zona Arqueológica Teotihuacan (con Museo de Sitio),267685,62027,184776,52224,447353,8361,456437,73155,164134,36123,145822,56489,154869,75312,291702,72920,309567,43120,287862,55530,220307,61126,582832,75284
2017,Estado de México,3110032,Zona Arqueológica de Tetzcotzinco,5216,0,1296,0,2471,7,1907,0,1084,0,921,0,1500,0,1571,23,1647,0,1708,6,1185,9,1155,0
2017,Estado de México,3120115,Zona Arqueológica de Tlapacoya,356,0,346,0,331,0,280,1,175,0,183,0,149,0,346,0,371,0,147,0,262,0,361,3
2017,Estado de México,3120044,Zona Arqueológica de Huamango,0,0,0,0,0,0,0,0,0,0,0,0,500,6,500,6,612,0,241,0,338,16,162,0
2017,Estado de México,3120081,Zona Arqueológica de Ocoyoacac,0,0,0,0,29,0,0,0,0,0,0,0,0,0,0,0,0,0,0,0,0,0,0,0
2017,Estado de México,3120094,Zona Arqueológica de San Miguel Ixtapan,0,0,0,0,0,0,0,0,0,0,0,0,704,31,790,13,616,0,302,4,360,0,306,0
2017,Estado de México,3120108,Zona Arqueológica de Teotenango,0,0,0,0,0,0,0,0,0,0,0,0,6503,22,6098,102,4036,63,4780,60,4816,98,2104,88
2017,Guanajuato,3120085,Zona Arqueológica de Plazuelas,2119,180,1385,37,1690,88,2288,61,891,30,1400,55,1917,117,1750,56,1069,52,856,35,1147,47,939,62
2017,Guanajuato,3220023,Zona Arqueológica de Peralta,2709,604,1480,154,1778,163,2955,97,990,35,1246,92,2001,590,2303,248,1272,84,1163,82,1288,130,1067,204
2017,Guanajuato,3220022,Zona Arqueológica de Cañada de la Virgen,2209,973,1462,812,1382,810,3130,579,1362,325,1486,576,2349,644,2670,617,1135,316,1189,452,1287,780,1092,380
2017,Guanajuato,3120133,Zona Arqueológica El Cóporo,797,23,603,0,628,0,2077,0,591,0,765,0,910,71,965,5,842,0,727,0,584,4,584,4
2017,Guerrero,3120046,Zona Arqueológica de Huamuxtitlán,104,2,109,0,111,0,95,0,65,0,105,0,79,0,125,0,85,0,98,0,88,0,88,0
2017,Guerrero,3120053,Zona Arqueológica de Ixcateopan,50,2,406,0,40,0,42,0,51,10,40,0,44,0,58,0,33,0,35,0,51,0,32,0
2017,Guerrero,3110021,Zona Arqueológica de La Organera Xochipala,98,0,22,0,94,3,99,0,40,0,115,0,119,0,98,0,28,0,44,0,48,0,58,0
2017,Guerrero,3120062,Zona Arqueológica de La Sabana,18,0,30,0,43,0,42,0,36,0,29,0,33,0,37,0,39,0,30,0,42,0,25,0
2017,Guerrero,3120026,Zona Arqueológica de Cuetlajuchitlán (Los Querende),16,0,79,2,30,0,48,0,21,0,42,0,36,0,46,0,19,0,22,0,18,0,21,0
2017,Guerrero,3110027,Zona Arqueológica de Palma Sola,293,2,232,8,319,13,297,0,115,10,153,0,192,0,172,0,145,4,245,0,188,2,230,3
2017,Guerrero,3120106,Zona Arqueológica de Teopantecuanitlán,54,0,67,0,98,0,37,0,53,0,66,0,46,0,55,0,38,0,32,0,48,0,85,0
2017,Guerrero,3220027,Zona Arqueológica de Tehuacalco,1044,49,722,106,4314,203,1296,24,592,22,321,16,870,33,683,11,279,2,434,12,663,42,563,38
2017,Guerrero,3120132,Zona Arqueológica Soledad de Maciel,652,598,1463,601,857,405,764,528,665,23,224,111,421,113,650,0,114,58,295,92,356,215,179,367
2017,Hidalgo,3120048,Zona Arqueológica de Huapalcalco,1038,2,962,6,2021,470,1210,212,684,96,853,182,1139,228,1031,205,760,156,1008,210,950,205,916,0
2017,Hidalgo,3120110,Zona Arqueológica de Tepeapulco,1798,17,1311,17,4494,21,2356,15,973,5,1124,6,1610,12,1268,18,937,16,955,27,1095,34,1850,14
2017,Hidalgo,3110036,Zona Arqueológica de Tula con museo de sitio,19049,792,17587,838,38164,1126,31907,655,12873,440,12957,402,24491,839,19651,794,10609,443,14577,1027,21453,929,20788,710
2017,Hidalgo,3120136,Zona Arqueológica Pahñú,1435,5,810,0,2744,23,5755,515,1124,27,1767,53,2732,122,2146,23,903,8,1108,15,1256,1,2871,49
2017,Jalisco,3120054,Zona Arqueológica de Ixtépete,732,0,450,378,3350,0,493,0,883,0,875,0,1896,0,1500,2,909,0,2152,0,1214,0,1210,0
2017,Jalisco,3120113,Zona Arqueológica de Teuchitlán,6646,1223,5915,295,13368,2684,14245,0,3002,818,7513,810,16023,1822,7087,3109,611,10473,4050,8853,16031,1822,21415,389
2017,Michoacán,3120047,Zona Arqueológica de Huandacareo,170,2,152,0,218,1,468,4,213,2,219,3,269,6,188,2,140,0,175,0,375,2,313,4
2017,Michoacán,3120052,Zona Arqueológica de Ihuatzio,815,23,616,22,1016,22,1280,39,598,9,1680,0,1212,7,641,25,426,9,908,57,895,42,866,35
2017,Michoacán,3120091,Zona Arqueológica de San Felipe los Alzati,1554,0,1230,18,1435,18,1438,11,446,0,513,0,1081,0,995,0,696,0,548,0,767,0,1537,0
2017,Michoacán,3120114,Zona Arqueológica de Tingambato,2085,29,1497,31,2331,25,3424,25,1487,13,1371,15,2705,41,1936,23,1193,5,1451,28,1711,41,2348,33
2017,Michoacán,3120119,Zona Arqueológica de Tres Cerritos,97,0,166,2,416,0,282,0,120,0,111,0,217,0,157,0,75,0,147,0,189,0,252,0
2017,Michoacán,3120121,Zona Arqueológica de Tzintzuntzan con museo de sitio,4209,253,3334,186,3848,248,6425,183,3005,144,4390,209,6379,260,5057,81,3150,108,5892,197,7399,325,5196,120
2017,Morelos,3110007,Zona Arqueológica de Chalcatzingo,1808,12,1250,23,2864,50,1985,7,910,15,1003,2,2160,16,1631,15,649,6,862,67,1111,32,1584,22
2017,Morelos,3110040,Zona Arqueológica de Xochicalco con museo de sitio,9389,808,8639,729,11463,737,12513,913,7833,490,6885,689,7078,732,10598,970,3622,385,0,0,0,0,2314,259
2017,Morelos,3120021,Zona Arqueológica de Coatetelco con museo de sitio,67,1,199,0,138,0,307,2,117,0,191,0,245,0,262,0,41,0,0,0,0,0,0,0
2017,Morelos,3120069,Zona Arqueológica de Las Pilas,84,0,22,0,357,0,168,0,84,0,124,0,192,0,248,0,0,0,19,0,30,0,81,3
2017,Morelos,3120112,Zona Arqueológica de Tepozteco,25149,1903,24169,1492,23177,1279,35289,2866,17150,1214,18312,1212,32239,2352,26247,1971,13426,797,0,0,0,0,16684,1663
2017,Morelos,3120107,Zona Arqueológica de Teopanzolco,870,63,911,70,1811,47,1460,74,1449,35,1412,32,1487,144,1206,68,673,63,0,0,0,0,0,0
2017,Morelos,3110043,Zona Arqueológica de Yautepec,146,0,231,0,579,0,413,0,95,1,95,8,169,0,209,4,45,0,97,0,215,3,202,0
2017,Nayarit,3120055,Zona Arqueológica de Ixtlán del Río,1200,50,896,40,1280,6,1087,16,468,4,942,10,1442,36,996,26,742,13,1099,13,811,13,1078,46
2017,Nuevo León,3110003,Zona Arqueológica de Boca de Potrerillos,324,0,729,0,1030,0,45,0,260,0,380,0,147,0,90,0,184,0,584,0,208,0,578,0
2017,Oaxaca,3120031,Zona Arqueológica de Dainzú,210,73,76,92,197,22,301,16,164,9,1227,7,1251,24,215,15,230,7,765,27,0,0,855,50
2017,Oaxaca,3120041,Zona Arqueológica de Guiengola,239,0,227,0,548,0,597,4,205,0,183,0,133,3,148,0,86,0,76,0,145,0,163,0
2017,Oaxaca,3120051,Zona Arqueológica de Huijazoo,126,0,100,0,153,0,190,0,128,0,136,0,2436,60,136,0,116,0,129,0,160,0,520,98
2017,Oaxaca,3120065,Zona Arqueológica de Lambityeco,106,85,235,52,197,42,403,35,311,16,263,7,326,18,136,15,69,6,175,27,184,31,289,19
2017,Oaxaca,3110024,Zona Arqueológica de Mitla,5475,915,2990,718,10041,1006,16650,1060,4484,396,3836,545,16580,700,11260,934,7230,420,9644,578,13510,1067,17463,1295
2017,Oaxaca,3110025,Zona Arqueológica de Monte Albán con museo de sitio,27143,6529,21874,6310,26708,7087,41751,4167,23264,2884,21914,3383,64163,4678,38093,3906,14302,1976,17631,3897,26922,7135,48896,5089
2017,Oaxaca,3110042,Zona Arqueológica de Yagul,1065,180,846,240,1013,100,1261,0,868,75,629,53,1004,151,654,92,316,0,533,107,669,175,1430,146
2017,Oaxaca,3110045,Zona Arqueológica de Zaachila,218,85,145,27,217,46,346,79,83,45,88,17,273,96,192,108,70,25,210,52,163,88,386,96
2017,Oaxaca,3120045,Zona Arqueológica de Huamelulpan,112,12,110,0,461,0,791,21,418,0,287,0,228,6,233,0,122,0,175,0,240,0,587,0
2017,Oaxaca,3120131,Zona Arqueológica de Bocana del Río Copalita (con museo de sitio),716,1825,428,474,398,377,2600,276,852,394,25,0,668,69,597,59,222,0,287,180,402,372,2403,479
2017,Oaxaca,3220034,Zona Arqueológica de Atzompa,2745,167,1993,125,1663,197,2768,241,1296,169,1237,39,2545,110,1462,78,924,18,991,8,1299,35,1987,64
2017,Puebla,3120010,Zona Arqueológica de Cantona,3995,123,2503,123,3506,109,4999,118,2325,104,2102,93,3270,74,3716,61,2146,69,1491,97,2179,51,2330,39
2017,Puebla,3110009,Zona Arqueológica de Cholula con museo de sitio,54062,6681,23641,3177,31965,3210,43422,3940,28017,1214,33303,3796,48757,5614,57584,6309,29335,3182,19287,2721,35601,4971,42593,4136
2017,Puebla,3120090,Zona Arqueológica de San Cristobal Tepatlaxco,249,0,203,0,1358,0,337,0,179,0,159,2,273,0,367,0,229,0,182,0,163,2,95,0
2017,Puebla,3120109,Zona Arqueológica de Tepapayeca,22,0,94,0,49,0,54,0,27,0,33,0,92,0,105,0,73,0,44,0,26,0,32,0
2017,Puebla,3120111,Zona Arqueológica de Tepexi el Viejo,164,0,118,0,54,0,84,0,67,0,77,0,117,0,157,0,59,0,62,0,134,0,104,0
2017,Puebla,3120128,Zona Arqueológica de Yohualichan,4967,137,3498,54,4448,91,9065,105,4444,72,1943,198,4162,82,6308,53,1946,61,3095,46,3494,106,3187,56
2017,Querétaro,3110013,Zona Arqueológica de El Cerrito,2818,391,2996,354,8791,418,5442,416,2458,320,2079,395,4868,569,3143,502,2905,271,3150,434,9020,371,2877,325
2017,Querétaro,3110030,Zona Arqueológica de Ranas,1607,9,1869,32,2018,12,4304,19,2274,37,1468,19,2579,8,2902,18,1000,76,1186,8,1716,30,1856,9
2017,Querétaro,3110034,Zona Arqueológica de Toluquilla,228,1,222,0,285,2,649,3,288,0,234,0,577,4,311,2,190,4,178,6,254,0,521,9
2017,Querétaro,3220021,Zona Arqueológica de Tancama,508,20,316,9,508,12,812,23,442,24,481,8,701,16,486,35,189,1,337,6,675,15,864,18
2017,Quintana Roo,3120022,Zona Arqueológica de Cobá,11037,58241,9385,47867,11937,51490,14372,48019,45666,4816,9174,46496,16221,52108,12693,55848,7046,35371,8945,33360,9541,47018,13591,52507
2017,Quintana Roo,3120032,Zona Arqueológica de Dzibanché-Kinichná,1543,1194,564,658,895,512,1251,508,597,148,752,432,1052,458,845,535,407,159,790,525,475,891,1104,750
2017,Quintana Roo,3110015,Zona Arqueológica de El Meco,1192,208,764,389,1087,462,1291,323,332,364,1191,188,1188,216,753,341,1121,172,428,294,412,256,1377,353
2017,Quintana Roo,3120038,Zona Arqueológica de El Rey,1412,848,988,779,838,868,1425,702,795,816,788,747,1261,612,988,553,657,417,842,567,889,628,1321,651
2017,Quintana Roo,3110019,Zona Arqueológica de Kohunlich,1171,3655,1295,1720,1398,2219,1852,1436,783,781,938,925,1613,1287,1186,1395,726,799,1644,1312,947,2538,1928,2557
2017,Quintana Roo,3120078,Zona Arqueológica de Muyil,542,1081,412,1103,518,1281,922,811,454,1062,433,753,754,829,750,1117,244,330,351,524,581,985,971,1298
2017,Quintana Roo,3120084,Zona Arqueológica de Oxtankah,616,76,904,46,815,53,1579,60,812,33,565,25,1101,5,948,52,638,21,619,27,578,45,1341,103
2017,Quintana Roo,3120092,Zona Arqueológica de San Gervasio,1800,24037,1151,21949,1336,22137,1880,12472,1144,12187,1265,13374,2360,12680,948,11981,1000,9151,1332,12090,1787,17485,2548,17229
2017,Quintana Roo,3110037,Zona Arqueológica de Tulum,95882,124104,69083,86142,53327,126048,81008,119584,59384,121663,70055,136375,109841,139818,87891,113496,51413,73646,55585,76276,60812,100028,85034,110951
2017,Quintana Roo,3110038,Zona Arqueológica de Xcaret,2,5,0,0,17,0,21,0,5,0,10,0,37,0,75,0,9,5,10,3,4,0,14,3
2017,Quintana Roo,3110039,Zona Arqueológica de Xelhá,178,82,138,68,276,82,142,90,122,56,127,63,119,54,73,40,178,42,200,29,161,99,295,85
2017,Quintana Roo,3120014,Zona Arqueológica de Chacchoben,2849,15922,1947,11022,524,12442,2467,9995,541,4258,2266,6320,1086,6216,1566,5012,375,2488,1227,7525,1162,14688,1006,11798
2017,San Luis Potosí,3120099,Zona Arqueológica de Tamohí,467,5,261,9,521,11,701,8,159,19,142,2,444,4,494,23,133,6,167,0,201,5,79,2
2017,San Luis Potosí,3120100,Zona Arqueológica de Tamtoc,698,2,664,3,436,0,805,2,491,2,437,1,1027,2,789,1,277,1,805,2,3817,0,570,0
2017,Sinaloa,322033,Zona Arqueológica Las Labradas,575,131,479,110,4723,217,2081,33,649,30,382,12,1074,30,658,8,246,7,401,11,410,84,587,85
2017,Sonora,3210132,Zona Arqueológica de Cerro de las Trincheras,226,6,284,31,315,11,252,75,220,21,73,2,136,2,115,0,153,0,329,0,190,0,215,3
2017,Tabasco,3120023,Zona Arqueológica de Comalcalco con museo de sitio,3445,205,4698,89,3936,199,7413,335,2789,133,2590,138,4786,298,3868,122,2590,50,1396,0,2056,14,1071,18
2017,Tabasco,3110023,Zona Arqueológica de La Venta con museo de sitio,1253,22,1253,22,1017,24,1940,29,965,14,1118,9,1457,10,1475,53,1475,53,849,7,849,7,1561,18
2017,Tabasco,3120086,Zona Arqueológica de Pomoná con museo de sitio,101,0,84,0,296,0,356,0,177,0,55,0,181,0,388,0,89,3,10,0,27,0,60,0
2017,Tabasco,3120076,Zona Arqueológica de Malpasito,251,0,121,0,141,0,141,0,49,0,141,0,222,45,150,30,151,30,18,0,174,19,122,8
2017,Tabasco,3120089,Zona Arqueológica de Moral-Reforma,106,0,72,0,835,0,1159,0,128,0,66,0,214,0,279,0,99,0,18,0,24,0,35,0
2017,Tabasco,3220017,Zona Arqueológica de San Claudio,23,0,14,0,31,0,31,0,7,0,13,0,37,0,38,0,20,0,30,0,6,0,12,0
2017,Tamaulipas,3120039,Zona Arqueológica de El Sabinito,69,0,35,0,88,0,200,0,57,0,46,0,65,0,61,0,37,0,50,0,71,0,116,0
2017,Tamaulipas,3120067,Zona Arqueológica de Las Flores,151,0,338,2,404,1,378,0,193,0,181,7,244,21,328,7,175,2,252,4,227,5,228,1
2017,Tlaxcala,3110005,Zona Arqueológica de Cacaxtla con museo de sitio,8722,90,8519,193,10232,160,16328,261,10787,101,9678,78,11971,69,15079,120,6387,41,5592,136,8709,323,8589,0
2017,Tlaxcala,3110105,Zona Arqueológica de Xochitécatl con museo de sitio,8126,55,7479,49,20214,195,13441,31,6831,45,9306,13,11162,47,12506,33,5416,10,6269,19,11908,45,9782,154
2017,Tlaxcala,3110033,Zona Arqueológica de Tizatlán con museo de sitio,77,16,78,10,125,0,175,72,142,4,229,4,116,11,196,8,100,0,246,0,98,8,18,0
2017,Tlaxcala,3120080,Zona Arqueológica de Ocotelulco con museo de sitio,33,10,35,0,40,5,170,3,21,6,38,2,81,0,87,5,6,0,0,0,71,0,0,0
2017,Tlaxcala,3120101,Zona Arqueológica de Tecoaque,2143,0,1385,0,1908,16,856,128,1875,15,1712,8,2649,0,3063,35,476,1,120,0,1112,10,1490,22
2017,Veracruz,3120011,Zona Arqueológica de Castillo de Teayo con museo de sitio,153,0,91,0,247,0,239,0,63,0,73,0,158,0,268,0,89,0,73,0,89,0,396,0
2017,Veracruz,3120012,Zona Arqueológica de Cempoala con museo de sitio,2198,63,2902,94,5415,93,5737,99,3231,61,3071,15,3273,93,4079,52,1465,40,1291,108,2941,61,4468,83
2017,Veracruz,3120068,Zona Arqueológica de Las Higueras con museo de sitio,8,0,24,0,29,0,91,0,9,0,28,0,24,0,24,0,4,0,37,0,33,0,46,0
2017,Veracruz,3120093,Zona Arqueológica de San Lorenzo Tenochtitlan con museo de sitio,410,0,430,0,493,0,570,0,874,0,409,0,288,0,403,0,263,0,300,0,315,0,309,0
2017,Veracruz,3110016,Zona Arqueológica de El Tajín,23453,343,19477,387,42652,489,78972,388,41411,275,28983,246,34996,414,48050,330,11419,158,11223,135,20379,249,21797,180
2017,Veracruz,3220012,Zona Arqueológica de Cuauhtochco,0,0,0,0,0,0,0,0,0,0,0,0,0,0,0,0,0,0,0,0,0,0,0,0
2017,Veracruz,3120123,Zona Arqueológica de Vega de la Peña,44,3,25,0,51,0,48,0,28,0,39,0,26,5,102,14,0,0,25,0,87,0,46,2
2017,Veracruz,3120088,Zona Arqueológica de Quiahuitztlán,1482,54,2019,63,2105,21,5416,23,2529,36,2745,22,2896,30,3498,37,1703,6,1074,58,2131,47,3494,57
2017,Veracruz,3120024,Zona Arqueológica de Cuajilote,408,0,367,0,398,0,750,0,319,0,386,0,448,0,501,0,220,0,397,0,344,0,342,0
2017,Veracruz,3120030,Zona Arqueológica de Cuyuxquihui,0,0,0,0,325,0,500,0,80,0,265,0,500,0,150,0,600,0,250,0,200,0,383,0
2017,Veracruz,3220014,Zona Arqueológica de Las Limas,27,0,34,0,23,0,29,0,14,0,18,0,26,0,43,0,12,0,29,0,18,0,68,0
2017,Yucatán,3120001,Zona Arqueológica de Acanceh,955,30,550,71,812,90,1142,68,415,45,200,24,808,24,835,64,351,26,208,24,835,56,633,160
2017,Yucatán,3120002,Zona Arqueológica de Aké,782,156,868,140,1469,67,1655,56,997,61,1156,28,1008,68,1179,108,671,23,1138,50,1204,157,1664,124
2017,Yucatán,3120004,Zona Arqueológica de Balamcanché,599,137,714,56,860,99,941,64,305,37,373,30,552,76,565,78,165,25,326,24,523,62,499,84
2017,Yucatán,3120015,Zona Arqueológica de Chacmultún,96,29,483,4,203,11,285,2,0,0,340,6,310,3,222,2,0,0,351,0,102,2,298,11
2017,Yucatán,3110008,Zona Arqueológica de Chichén Itzá,49681,150906,25132,120338,130449,119275,137581,91128,100792,106741,68484,146698,108699,185259,96187,172560,71188,107976,73955,112628,85180,140658,99968,176395
2017,Yucatán,3120033,Zona Arqueológica de Dzibilchaltún con museo del Pueblo Maya,8526,3833,7067,4013,10244,3934,11670,5119,6470,2155,6162,2625,12021,4830,8148,2601,4952,1962,5919,2192,7455,2766,10503,3784
2017,Yucatán,3120034,Zona Arqueológica de Ekbalam,6155,12118,4635,11218,6705,10953,8448,10474,3917,8623,3084,7552,7064,12170,5385,13325,2526,6851,3835,6669,4856,8921,6383,8400
2017,Yucatán,3120057,Zona Arqueológica de Kabah,1888,2524,1726,2196,2355,2340,3414,1719,2357,1232,2855,906,2229,1127,1867,1837,1211,840,1712,613,3031,1614,3507,1870
2017,Yucatán,3120064,Zona Arqueológica de Labná,1360,335,1195,349,1294,671,1779,530,1097,272,1514,192,1171,387,802,385,508,180,1103,430,1139,300,1443,585
2017,Yucatán,3120071,Zona Arqueológica de Loltún,2587,551,2370,541,2957,490,3929,525,1977,348,1837,225,3304,346,3787,492,1567,167,1502,193,2235,555,4895,683
2017,Yucatán,3120077,Zona Arqueológica de Mayapán,1542,621,1521,583,1889,501,2489,509,1165,297,1083,256,1857,392,2294,500,1034,225,1176,218,2801,592,2256,479
2017,Yucatán,3120097,Zona Arqueológica de Sayil,944,519,1033,764,978,677,1183,604,1092,349,742,208,1220,343,1069,701,553,243,400,228,1073,488,1236,1286
2017,Yucatán,3120122,Zona Arqueológica de Uxmal con museo de sitio,14304,13911,10412,12850,11937,13008,19634,8988,9049,5810,9372,5940,18457,9043,12183,11963,6732,4338,8767,5946,12514,11264,19487,10701
2017,Yucatán,3120126,Zona Arqueológica de Xlapak,852,381,0,0,1616,693,1075,219,807,131,662,119,1275,247,881,246,415,108,632,153,870,306,1176,405
2017,Yucatán,3120083,Zona Arqueológica de Oxkintok,854,134,549,104,538,159,752,54,387,22,466,24,835,58,853,86,481,42,527,28,791,168,927,142
2017,Yucatán,3120056,Zona Arqueológica de Izamal,999,0,654,0,1700,145,4178,322,1378,0,535,342,1570,0,2345,312,1080,245,933,400,768,230,2027,385
2017,Yucatán,3120135,Zona Arqueológica de Xcambó,1213,1740,974,1790,1665,2286,2707,376,1005,533,1177,936,1572,628,2173,797,952,395,781,547,1343,867,2197,1345
2017,Zacatecas,3120003,Zona Arqueológica de Altavista o Chalchihuites con museo de sitio,400,11,360,14,1280,17,1011,12,360,3,427,17,929,38,609,13,239,3,543,7,360,3,654,26
2017,Zacatecas,3110022,Zona Arqueológica de La Quemada con museo de sitio,2770,42,2659,18,5742,16,5788,42,2606,4,2920,16,4435,16,2849,20,2289,25,3099,12,3524,36,3637,32
2016,Baja California,3120040,Zona Arqueológica de El Vallecito,2345,35,1429,0,2490,0,1208,0,1820,4,1546,0,687,0,1053,10,1026,0,1547,0,1371,0,526,15
2016,Baja California Sur,3120007,Zona Arqueológica de San Francisco de la Sierra,102,100,432,222,290,248,158,122,42,32,39,36,20,19,32,20,80,124,45,70,63,75,260,170
2016,Campeche,3120005,Zona Arqueológica de Balamkú,409,424,181,308,663,334,193,192,253,143,189,161,604,278,352,299,136,82,225,128,316,229,803,210
2016,Campeche,3110002,Zona Arqueológica de Becán,1089,1268,605,1357,988,1020,449,654,477,421,410,315,1061,1028,1017,1029,435,261,712,443,884,1239,1087,736
2016,Campeche,3120008,Zona Arqueológica de Calakmul,2149,1578,895,1471,2655,1459,899,879,841,630,746,479,2482,1725,2524,2238,784,434,972,797,1397,1423,3008,1238
2016,Campeche,3120017,Zona Arqueológica de Chicanná,456,607,176,529,489,542,156,234,147,144,116,162,335,182,553,518,193,141,260,249,295,550,756,435
2016,Campeche,3120020,Zona Arqueológica de Chunhuhub,202,2,73,7,226,11,162,1,197,1,130,0,109,0,112,0,99,0,171,0,115,0,207,2
2016,Campeche,3110011,Zona Arqueológica de Dzibilnocac,831,23,499,13,514,21,660,1,353,0,283,4,335,2,472,10,108,0,548,3,356,8,428,10
2016,Campeche,3110012,Zona Arqueológica de Edzná,3925,1271,2527,870,7750,1123,7000,498,2308,401,2612,338,5658,936,3590,988,2226,320,4637,642,3244,867,5494,793
2016,Campeche,3110017,Zona Arqueológica de El Tigre,466,8,93,3,532,5,312,0,180,2,205,0,416,1,230,2,135,0,137,4,178,0,504,4
2016,Campeche,3120042,Zona Arqueológica de Hochob,232,89,153,42,165,36,214,29,74,8,58,10,136,12,88,18,29,2,144,6,129,20,299,22
2016,Campeche,3120043,Zona Arqueológica de Hormiguero,197,94,158,101,361,46,136,36,63,13,72,7,182,32,205,45,90,11,154,11,163,0,212,65
2016,Campeche,3120058,Zona Arqueológica de Kankí,115,2,33,1,96,0,74,0,446,0,24,0,55,0,26,0,80,8,65,0,43,10,48,4
2016,Campeche,3120096,Zona Arqueológica de Santa Rosa Xtampak,291,17,134,25,222,15,142,10,121,4,84,1,137,6,61,3,78,1,51,4,98,5,182,20
2016,Campeche,3120118,Zona Arqueológica de Tohcok,84,11,90,52,91,53,90,13,45,1,101,4,141,0,159,9,35,3,62,9,60,5,199,41
2016,Campeche,3120125,Zona Arqueológica de Xcalumkín,255,5,95,18,154,4,134,11,155,1,98,22,184,8,190,7,78,2,119,3,146,0,212,5
2016,Campeche,3110041,Zona Arqueológica de Xpuhil,725,341,225,295,843,216,417,121,416,116,273,90,860,175,600,359,330,77,555,121,490,270,1151,314
2016,Campeche,3120098,Zona Arqueológica de Tabasqueño,419,22,185,27,405,21,206,8,190,4,203,5,236,1,200,11,161,2,217,2,175,2,390,8
2016,Chiapas,3110004,Zona Arqueológica de Bonampak,4250,927,3070,596,6556,1273,2411,468,1601,311,1546,300,4426,860,3157,613,1178,228,1549,301,3141,609,5966,1158
2016,Chiapas,3120019,Zona Arqueológica de Chincultic,6240,174,2466,154,5504,252,2207,73,1526,41,1216,110,3126,64,947,20,1912,37,1844,49,877,42,1505,148
2016,Chiapas,3110018,Zona Arqueológica de Izapa,2166,526,2022,413,3250,758,1465,2549,1006,113,416,71,1429,128,980,85,845,64,1036,2792,1428,1596,1940,1975
2016,Chiapas,3110026,"Zona Arqueológica de Palenque con museo ""Alberto Ruz L´Huiller""",56316,12767,49217,10345,78836,15098,38646,7374,23896,5471,24878,4857,52803,11400,44534,9811,25669,4762,30880,5848,45865,10055,71194,14895
2016,Chiapas,3120103,Zona Arqueológica de Tenam Puente,787,14,662,61,2364,34,1310,19,682,8,899,0,1246,39,1553,13,820,0,1141,21,738,9,2160,53
2016,Chiapas,3110035,Zona Arqueológica de Toniná con museo de sitio,5069,203,3446,80,7511,563,4434,92,3228,59,1934,102,4635,78,2958,456,2272,134,2428,159,3982,192,5283,441
2016,Chiapas,3110044,Zona Arqueológica de Yaxchilán,7338,950,6448,919,11616,1273,4472,1859,2838,389,2682,376,7680,1075,5474,770,2470,285,2686,376,5438,761,10338,1449
2016,Chiapas,3220004,Zona Arqueológica de Chiapa de Corzo,761,46,701,76,599,43,250,17,165,17,346,19,520,16,398,36,325,5,494,12,601,68,444,78
2016,Chiapas,3220028,Zona Arqueológica de Lagartero,4276,377,2194,282,17971,1674,6522,356,5730,67,3759,283,6016,309,6173,173,2560,295,2798,295,4100,254,4997,27
2016,Chiapas,3120134,Zona Arqueológica de Iglesia Vieja,1570,4,679,7,765,13,250,0,237,0,159,4,312,4,213,3,128,7,156,2,134,14,584,11
2016,Chihuahua,3110028,Zona Arqueológica de Paquimé con Museo de las Culturas del Norte,2529,8,2366,18,7183,321,2867,259,3540,58,2923,0,5967,288,3424,205,3080,210,3594,149,3884,189,3000,286
2016,Chihuahua,3110010,Zona Arqueológica de Cuarenta Casas,251,7,135,2,3304,21,346,2,241,15,282,30,1775,56,1606,26,623,28,797,12,227,0,203,7
2016,Chihuahua,3120027,Zona Arqueológica de Cueva de la Olla,642,37,360,6,6721,73,949,63,1390,30,934,47,2040,137,2555,82,2029,17,1326,42,1565,29,1356,80
2016,Chihuahua,3120028,Zona Arqueológica de Cueva Grande,16,0,56,0,505,16,63,7,55,0,59,6,400,11,108,0,81,4,75,0,23,0,12,0
2016,Chihuahua,3120049,Zona Arqueológica de Huapoca,20,0,20,0,209,2,25,0,34,0,18,0,75,3,88,4,55,1,32,0,0,0,19,0
2016,Ciudad de México,3120013,Zona Arqueológica de Cerro de la Estrella,2031,0,1643,0,8676,17,2233,0,1881,0,1733,0,1906,0,1537,0,1669,0,1723,0,1386,0,3236,0
2016,Ciudad de México,3120029,Zona Arqueológica de Cuicuilco con museo de sitio,6114,242,5989,149,11124,351,5713,298,5413,223,5473,125,4430,272,5379,386,14304,385,12081,459,7974,462,8273,410
2016,Ciudad de México,3120116,Zona Arqueológica de Tlatelolco con museo de sitio,7173,3513,6520,3289,9937,2981,8166,2683,7511,2438,6507,0,9018,0,8034,0,14141,0,14896,0,12022,0,7666,0
2016,Colima,3120035,Zona Arqueológica de El Chanal,674,25,507,20,1153,25,499,8,656,5,510,17,665,16,418,38,474,6,604,3,669,9,644,59
2016,Colima,3120059,Zona Arqueológica de La Campana,787,275,756,319,1352,129,826,20,572,109,551,27,704,16,599,14,490,69,1877,83,917,59,877,215
2016,Durango,3110020,Zona Arqueológica de La Ferrería con museo de sitio,1104,11,764,8,2311,9,947,0,736,0,926,16,1324,62,720,0,658,2,817,0,960,0,1017,25
2016,Estado de México,3110001,Zona Arqueológica de Acozac,194,0,3689,0,4166,3,2318,0,4073,0,3337,0,2247,0,184,0,2373,0,1793,0,577,0,632,0
2016,Estado de México,3110006,Zona Arqueológica de Calixtlahuaca,3870,2,2899,10,9374,0,3311,12,2106,17,2217,23,3383,10,3398,8,2482,11,2663,1,2515,18,3100,26
2016,Estado de México,3120018,Zona Arqueológica de Chimalhuacán con museo de sitio,3906,0,3789,0,3929,0,20115,0,5033,0,3845,0,5826,4,8037,3,6687,3,5508,0,3330,1,6520,0
2016,Estado de México,3110014,Zona Arqueológica de El Conde,117,0,98,0,565,0,130,0,107,0,80,0,50,0,89,0,155,0,402,0,170,0,145,2
2016,Estado de México,3120050,Zona Arqueológica de Huexotla,201,0,108,0,71,0,34,0,76,0,97,1,150,5,111,0,106,0,83,5,37,0,208,0
2016,Estado de México,3120072,Zona Arqueológica de Los Melones,1897,0,1165,0,1057,0,1185,2,995,0,931,0,1080,0,1043,0,1079,0,1155,0,986,0,722,0
2016,Estado de México,3120073,Zona Arqueológica de Los Reyes La Paz,910,0,1532,0,2496,0,2038,0,1996,0,1994,0,2330,2,2002,4,1422,0,2858,5,1136,0,172,0
2016,Estado de México,3120075,Zona Arqueológica de Malinalco,29120,562,18161,493,32367,467,30924,779,9060,180,17329,279,24538,457,22622,388,17286,433,15929,386,10664,441,21137,384
2016,Estado de México,3120095,"Zona Arqueológica de Santa Cecilia Acatitla con museo de la Escultura Mexica ""Eusebio Dávalos Hurtado""",423,22,130,12,1778,15,681,30,563,10,549,22,792,9,634,11,376,6,1041,6,719,11,663,19
2016,Estado de México,3120104,Zona Arqueológica de Tenayuca I con museo Xólotl,1035,13,1004,62,1628,18,2172,24,830,7,907,33,976,27,1259,10,966,12,873,9,1429,22,1575,0
2016,Estado de México,3120129,Zona Arqueológica de Tenayuca II,886,8,1056,9,662,0,852,21,998,16,738,13,418,8,796,0,734,16,338,6,400,19,363,16
2016,Estado de México,3110031,Zona Arqueológica Teotihuacan (con Museo de Sitio),178689,58626,107679,50045,888289,57470,118037,40912,180674,23150,140155,49230,274066,69852,326258,57082,105716,53280,183802,54810,200551,71298,512481,49977
2016,Estado de México,3110032,Zona Arqueológica de Tetzcotzinco,491,0,5608,64,5533,0,6605,326,4364,114,5086,78,7656,79,7059,48,5242,87,633,5,1367,0,1249,0
2016,Estado de México,3120115,Zona Arqueológica de Tlapacoya,548,0,433,0,289,0,224,0,205,0,291,0,558,0,139,0,219,0,235,0,346,0,993,0
2016,Estado de México,3120081,Zona Arqueológica de Ocoyoacac,0,0,0,0,72,0,0,0,0,0,0,0,0,0,0,0,0,0,0,0,0,0,0,0
2016,Guanajuato,3120085,Zona Arqueológica de Plazuelas,2215,160,1071,60,2447,165,1736,62,1334,49,1622,51,2439,125,1555,53,1393,62,1189,47,1129,75,1168,115
2016,Guanajuato,3220023,Zona Arqueológica de Peralta,2273,508,1079,105,3097,127,2379,118,1391,100,1331,191,2357,393,1878,167,1344,96,1088,75,1668,84,1414,199
2016,Guanajuato,3220022,Zona Arqueológica de Cañada de la Virgen,2461,684,1289,475,2761,655,2298,438,1051,140,1235,331,2211,546,2586,524,1533,240,1226,283,1446,567,1219,438
2016,Guanajuato,3120133,Zona Arqueológica El Cóporo,961,0,384,5,2364,0,701,0,561,9,935,0,1041,52,891,25,1214,0,921,2,720,0,407,0
2016,Guerrero,3120046,Zona Arqueológica de Huamuxtitlán,41,0,44,0,86,0,39,0,31,0,58,0,52,0,35,0,57,0,87,0,84,0,97,0
2016,Guerrero,3120053,Zona Arqueológica de Ixcateopan,83,0,355,0,21,0,42,0,20,0,40,4,46,0,53,0,74,0,30,0,26,0,25,0
2016,Guerrero,3110021,Zona Arqueológica de La Organera Xochipala,160,0,70,0,49,0,115,0,48,0,57,0,52,0,90,0,27,0,104,0,204,0,41,0
2016,Guerrero,3120062,Zona Arqueológica de La Sabana,8,0,25,0,35,0,40,0,35,0,30,0,18,0,30,0,28,0,26,0,42,0,22,0
2016,Guerrero,3120026,Zona Arqueológica de Cuetlajuchitlán (Los Querende),20,0,27,0,53,0,54,0,37,0,23,0,31,0,36,2,39,0,22,0,23,0,21,0
2016,Guerrero,3110027,Zona Arqueológica de Palma Sola,193,7,309,10,391,12,252,2,99,2,130,4,282,0,590,8,181,6,256,3,148,2,158,3
2016,Guerrero,3120106,Zona Arqueológica de Teopantecuanitlán,90,0,68,0,655,2,32,0,45,0,70,0,30,0,32,0,56,0,25,0,48,0,72,0
2016,Guerrero,3220027,Zona Arqueológica de Tehuacalco,1417,39,571,80,5455,42,1041,20,806,10,654,15,771,28,1044,42,608,1,590,7,567,14,451,10
2016,Guerrero,3120132,Zona Arqueológica Soledad de Maciel,737,366,806,701,1031,635,609,324,498,185,487,123,387,115,593,62,236,62,382,232,272,336,313,313
2016,Hidalgo,3120048,Zona Arqueológica de Huapalcalco,2502,56,1406,38,3219,118,1264,70,1251,101,1147,37,2450,43,1302,72,1125,30,1849,0,923,0,770,0
2016,Hidalgo,3120110,Zona Arqueológica de Tepeapulco,1645,10,1462,28,4946,13,1336,9,1004,17,1204,9,1803,10,1117,17,1268,18,975,18,1356,27,1963,23
2016,Hidalgo,3110036,Zona Arqueológica de Tula con museo de sitio,19476,874,10622,710,89214,838,14829,604,13529,392,10915,398,34278,740,18460,635,12729,400,12214,676,13573,862,21197,701
2016,Hidalgo,3120136,Zona Arqueológica Pahñú,1610,4,685,4,3704,161,970,32,674,3,926,9,1613,101,1256,12,913,8,940,23,879,11,2128,30
2016,Jalisco,3120054,Zona Arqueológica de Ixtépete,249,0,694,0,7062,0,748,0,681,0,1052,2,994,0,779,0,766,0,1123,0,1023,0,792,0
2016,Jalisco,3120113,Zona Arqueológica de Teuchitlán,6874,1878,4667,0,7112,2549,21136,0,6462,0,6438,847,3728,0,3667,7440,7106,528,10444,0,6595,0,8389,888
2016,Michoacán,3120047,Zona Arqueológica de Huandacareo,252,3,146,2,599,10,166,0,226,2,152,2,150,9,103,2,127,0,150,3,148,2,256,4
2016,Michoacán,3120052,Zona Arqueológica de Ihuatzio,844,11,487,25,1249,65,756,8,773,10,419,9,811,12,575,0,532,0,1019,13,849,24,861,17
2016,Michoacán,3120091,Zona Arqueológica de San Felipe los Alzati,1445,0,718,22,2045,13,540,0,480,0,657,0,1113,0,928,0,780,0,960,0,888,6,768,0
2016,Michoacán,3120114,Zona Arqueológica de Tingambato,1757,15,1534,24,4200,63,1539,15,1492,22,1281,16,2144,25,1336,28,1226,13,1643,14,1436,48,1849,33
2016,Michoacán,3120119,Zona Arqueológica de Tres Cerritos,194,0,0,0,287,2,77,0,101,0,111,1,182,0,384,0,117,0,160,0,122,3,149,0
2016,Michoacán,3120121,Zona Arqueológica de Tzintzuntzan con museo de sitio,4445,314,2869,326,7364,217,2633,103,2417,60,3340,117,5602,0,3947,276,3304,93,4714,165,4455,236,5818,218
2016,Morelos,3110007,Zona Arqueológica de Chalcatzingo,1674,17,772,45,4171,13,1116,4,1068,0,980,5,1962,9,1482,23,1222,15,2496,38,1732,12,1677,25
2016,Morelos,3110040,Zona Arqueológica de Xochicalco con museo de sitio,11635,438,6141,895,15412,1335,7833,760,5024,586,6267,524,8688,905,11314,1049,5488,579,6411,450,8361,1139,8181,553
2016,Morelos,3120021,Zona Arqueológica de Coatetelco con museo de sitio,129,4,50,0,310,2,174,0,93,1,87,0,125,1,182,5,196,0,219,1,131,0,122,2
2016,Morelos,3120069,Zona Arqueológica de Las Pilas,22,0,39,0,445,0,138,1,185,0,148,0,68,0,102,0,70,1,200,0,117,0,174,0
2016,Morelos,3120112,Zona Arqueológica de Tepozteco,26050,3810,17185,1730,32805,2559,11733,944,15610,1150,17482,1148,33012,3269,23808,1878,23736,1392,20100,1440,20509,1341,36503,2522
2016,Morelos,3120107,Zona Arqueológica de Teopanzolco,973,31,975,77,1498,93,638,22,698,18,1044,32,1169,88,1004,42,663,4,1746,12,867,19,1084,45
2016,Morelos,3110043,Zona Arqueológica de Yautepec,195,2,215,0,366,0,324,0,427,0,209,0,199,2,207,0,205,0,287,0,139,0,155,0
2016,Nayarit,3120055,Zona Arqueológica de Ixtlán del Río,1000,13,1041,44,693,25,692,14,799,36,1225,14,1678,5,1705,14,1033,16,1132,15,922,30,1537,13
2016,Nuevo León,3110003,Zona Arqueológica de Boca de Potrerillos,0,0,331,0,762,0,332,0,187,0,188,0,393,0,40,0,165,0,642,0,176,0,308,0
2016,Oaxaca,3120031,Zona Arqueológica de Dainzú,728,26,437,12,487,17,603,3,606,6,479,6,626,16,675,0,116,7,444,18,186,9,557,33
2016,Oaxaca,3120041,Zona Arqueológica de Guiengola,223,0,354,4,595,6,271,3,201,0,0,0,0,0,98,0,256,0,344,2,408,4,352,4
2016,Oaxaca,3120051,Zona Arqueológica de Huijazoo,120,0,156,30,343,17,147,25,147,0,174,48,2875,25,127,0,166,0,125,0,138,39,122,37
2016,Oaxaca,3120065,Zona Arqueológica de Lambityeco,135,8,12,0,687,15,152,4,227,8,7,10,6,20,15,30,32,11,47,15,51,40,214,36
2016,Oaxaca,3110024,Zona Arqueológica de Mitla,3943,928,2854,1132,10654,1104,12583,667,4438,762,3988,585,10916,489,6948,659,2389,598,3241,997,6927,1603,15987,752
2016,Oaxaca,3110025,Zona Arqueológica de Monte Albán con museo de sitio,36203,6055,19638,6477,48740,5755,24502,3854,23511,2603,15353,1655,28965,1993,20284,2816,12740,1628,16189,3940,22643,7394,44126,5169
2016,Oaxaca,3110042,Zona Arqueológica de Yagul,1713,250,1092,150,2622,270,1245,90,1156,81,814,45,1271,79,706,154,723,43,1209,181,532,250,1660,198
2016,Oaxaca,3110045,Zona Arqueológica de Zaachila,144,93,127,53,607,49,50,0,38,26,113,55,504,15,224,64,147,22,361,28,363,30,318,65
2016,Oaxaca,3120045,Zona Arqueológica de Huamelulpan,126,0,148,30,1643,26,135,14,90,0,136,8,106,22,196,0,85,0,171,0,388,9,725,16
2016,Oaxaca,3120131,Zona Arqueológica de Bocana del Río Copalita (con museo de sitio),685,660,420,782,920,697,520,471,500,126,436,56,876,33,601,42,418,548,291,828,423,837,1104,692
2016,Oaxaca,3220034,Zona Arqueológica de Atzompa,5318,148,3458,181,4201,197,3477,74,1954,40,2074,80,2705,105,3011,73,2220,36,1535,119,2032,131,2640,149
2016,Puebla,3120010,Zona Arqueológica de Cantona,8689,109,4289,145,7907,183,7316,136,2661,128,2277,67,4085,191,3888,297,1949,103,2116,66,3137,210,2703,73
2016,Puebla,3110009,Zona Arqueológica de Cholula con museo de sitio,70977,5298,49799,3199,62697,2515,74747,3305,30476,2835,28779,2663,46668,6085,53879,5576,36148,3834,31490,3828,36191,5162,38488,4924
2016,Puebla,3120090,Zona Arqueológica de San Cristobal Tepatlaxco,852,0,430,0,4771,3,672,0,297,0,197,0,602,0,383,0,179,0,225,0,168,0,108,0
2016,Puebla,3120109,Zona Arqueológica de Tepapayeca,58,0,34,0,102,0,48,0,18,0,18,6,48,0,58,0,20,0,27,0,121,0,48,0
2016,Puebla,3120111,Zona Arqueológica de Tepexi el Viejo,274,0,198,0,192,0,184,0,213,0,84,0,114,0,114,0,79,0,116,2,85,0,113,0
2016,Puebla,3120128,Zona Arqueológica de Yohualichan,8593,126,4351,60,7743,116,10977,110,4496,91,3790,86,4963,124,6806,81,2958,92,4342,97,3605,70,3308,56
2016,Querétaro,3110013,Zona Arqueológica de El Cerrito,3026,305,1678,227,10793,320,2423,283,2307,227,2312,227,4411,497,2746,324,2813,326,1922,273,2687,32,2691,342
2016,Querétaro,3110030,Zona Arqueológica de Ranas,1558,16,1307,22,2994,9,1421,54,1538,8,1098,20,2115,19,2110,21,1621,3,1108,9,2003,70,1907,0
2016,Querétaro,3110034,Zona Arqueológica de Toluquilla,131,30,195,4,1660,0,183,0,603,5,329,1,188,2,293,0,190,1,254,0,449,0,425,5
2016,Querétaro,3220021,Zona Arqueológica de Tancama,711,37,385,6,1326,21,309,16,413,20,480,3,921,40,549,14,414,0,255,9,403,32,748,70
2016,Quintana Roo,3120022,Zona Arqueológica de Cobá,9743,47078,7065,42354,12184,41984,8743,35602,7051,32385,8419,33810,17062,40439,51262,4841,34349,3036,7820,30761,7783,44682,11957,48447
2016,Quintana Roo,3120032,Zona Arqueológica de Dzibanché-Kinichná,949,900,539,1019,1077,188,528,754,522,199,826,219,969,146,1091,282,472,188,365,194,674,433,1228,1150
2016,Quintana Roo,3110015,Zona Arqueológica de El Meco,1284,127,905,296,898,263,1235,172,342,129,427,260,1572,147,838,199,1461,155,613,199,416,263,1505,786
2016,Quintana Roo,3120038,Zona Arqueológica de El Rey,1107,685,795,893,1140,650,674,616,713,534,666,571,1211,519,943,455,823,468,786,507,975,607,1510,786
2016,Quintana Roo,3110019,Zona Arqueológica de Kohunlich,1474,2536,1165,2967,1496,941,904,1670,2653,734,442,770,1457,681,1096,700,711,679,456,629,578,1512,1592,2724
2016,Quintana Roo,3120078,Zona Arqueológica de Muyil,625,412,739,227,492,1060,314,563,260,320,195,255,740,644,460,610,426,170,411,557,372,605,903,995
2016,Quintana Roo,3120084,Zona Arqueológica de Oxtankah,1086,92,1186,61,1013,78,696,50,658,48,318,22,926,62,851,50,482,37,687,34,628,32,1141,62
2016,Quintana Roo,3120092,Zona Arqueológica de San Gervasio,14895,8656,13278,8283,17497,11935,7397,7789,5398,6928,6203,7369,8393,4812,6542,7595,4180,5779,4313,6922,8210,10097,2085,21411
2016,Quintana Roo,3110037,Zona Arqueológica de Tulum,66997,111028,51331,71042,76133,103954,43914,78106,49947,74469,58310,99443,101760,103400,77533,105059,43395,50514,57433,48153,60308,79026,82131,80543
2016,Quintana Roo,3110038,Zona Arqueológica de Xcaret,2,0,8,0,7,0,5,0,5,0,3,0,2,0,5,0,5,0,0,0,4,0,16,0
2016,Quintana Roo,3110039,Zona Arqueológica de Xelhá,241,65,295,57,194,96,216,73,259,42,92,34,167,42,174,109,58,23,122,17,135,16,128,57
2016,Quintana Roo,3120014,Zona Arqueológica de Chacchoben,614,5445,396,7120,2823,7657,1857,4948,452,1841,492,6169,740,4476,718,3137,908,3437,973,5500,461,10278,559,14116
2016,San Luis Potosí,3120099,Zona Arqueológica de Tamohí,322,17,336,1,804,14,705,15,256,13,253,10,552,20,524,0,136,10,162,2,313,3,274,14
2016,San Luis Potosí,3120100,Zona Arqueológica de Tamtoc,580,3,580,3,3940,3,633,1,479,0,580,3,580,3,859,6,338,2,580,3,580,3,1150,28
2016,Sinaloa,322033,Zona Arqueológica Las Labradas,1126,80,562,132,4101,79,728,79,662,37,382,17,569,26,766,19,378,15,331,27,599,50,536,101
2016,Sonora,3210132,Zona Arqueológica de Cerro de las Trincheras,526,7,620,12,1078,53,556,71,476,0,426,15,282,8,94,0,504,0,738,44,670,42,326,20
2016,Tabasco,3120023,Zona Arqueológica de Comalcalco con museo de sitio,6703,348,3480,145,6074,197,3888,58,2098,220,2916,0,2497,0,3991,472,2205,209,3068,200,3289,320,3955,175
2016,Tabasco,3110023,Zona Arqueológica de La Venta con museo de sitio,2624,29,1549,61,1168,37,1226,35,1190,11,1291,5,1096,22,1659,0,998,1,1341,11,1174,13,946,14
2016,Tabasco,3120086,Zona Arqueológica de Pomoná con museo de sitio,29,0,318,0,273,0,76,0,109,0,82,0,281,0,192,0,94,0,92,0,66,0,136,0
2016,Tabasco,3120076,Zona Arqueológica de Malpasito,93,0,94,2,292,0,242,0,311,0,165,0,134,0,346,3,46,0,134,0,150,3,150,3
2016,Tabasco,3120089,Zona Arqueológica de Moral-Reforma,41,0,266,0,378,0,128,0,278,0,150,0,444,0,269,0,111,0,117,0,87,0,161,0
2016,Tabasco,3220017,Zona Arqueológica de San Claudio,19,0,32,0,48,0,29,0,35,0,34,0,37,0,35,0,42,0,24,0,16,0,33,0
2016,Tamaulipas,3120039,Zona Arqueológica de El Sabinito,35,0,36,0,108,0,50,0,66,0,57,0,81,0,54,0,65,0,82,0,57,0,210,0
2016,Tamaulipas,3120067,Zona Arqueológica de Las Flores,157,2,211,0,378,3,248,0,213,0,194,0,340,6,212,3,248,0,188,6,206,0,253,6
2016,Tlaxcala,3110005,Zona Arqueológica de Cacaxtla con museo de sitio,11560,237,6733,223,14505,239,6129,59,8543,124,7550,108,18326,169,15826,140,11752,67,24732,166,8443,177,8691,90
2016,Tlaxcala,3110105,Zona Arqueológica de Xochitécatl con museo de sitio,13788,48,6365,35,13164,73,10721,68,4795,11,5905,49,9979,65,11813,23,8877,12,14928,30,8608,50,9974,65
2016,Tlaxcala,3110033,Zona Arqueológica de Tizatlán con museo de sitio,147,30,137,19,105,6,110,9,116,18,162,19,150,20,341,27,124,14,126,12,133,11,117,13
2016,Tlaxcala,3120080,Zona Arqueológica de Ocotelulco con museo de sitio,180,0,62,6,160,14,138,10,93,14,61,0,146,0,56,0,0,0,0,0,29,0,8,2
2016,Tlaxcala,3120101,Zona Arqueológica de Tecoaque,830,0,420,0,1848,0,818,136,463,0,3313,0,3472,0,3228,0,2295,0,1433,0,2301,0,2993,0
2016,Veracruz,3120011,Zona Arqueológica de Castillo de Teayo con museo de sitio,165,0,143,0,219,0,64,0,96,0,73,0,213,0,227,0,61,0,85,0,46,0,73,0
2016,Veracruz,3120012,Zona Arqueológica de Cempoala con museo de sitio,2959,75,2513,91,10218,148,3893,67,3066,57,2622,44,4191,97,3594,101,2231,50,2067,87,3134,90,3922,93
2016,Veracruz,3120068,Zona Arqueológica de Las Higueras con museo de sitio,11,32,26,0,18,0,1,0,47,0,27,0,24,0,25,0,10,0,11,0,13,0,17,0
2016,Veracruz,3120093,Zona Arqueológica de San Lorenzo Tenochtitlan con museo de sitio,431,0,295,0,506,0,763,0,995,0,617,0,508,0,598,0,462,0,304,0,366,0,525,0
2016,Veracruz,3110016,Zona Arqueológica de El Tajín,31235,589,17375,319,56582,514,59249,427,32722,315,23724,431,41017,570,51772,587,22055,377,13037,278,19751,336,40764,575
2016,Veracruz,3220012,Zona Arqueológica de Cuauhtochco,0,0,0,0,0,0,0,0,0,0,0,0,0,0,0,0,0,0,0,0,0,0,0,0
2016,Veracruz,3120123,Zona Arqueológica de Vega de la Peña,56,0,35,2,5,0,27,0,32,0,16,0,14,0,43,1,15,0,21,0,35,0,0,0
2016,Veracruz,3120088,Zona Arqueológica de Quiahuitztlán,1696,21,1541,72,3706,37,2963,27,1688,42,1307,28,3103,45,3310,85,1597,31,1918,75,1718,52,2652,61
2016,Veracruz,3120024,Zona Arqueológica de Cuajilote,330,0,404,0,525,0,719,0,437,0,395,0,491,0,536,4,356,0,312,0,414,0,567,0
2016,Veracruz,3120030,Zona Arqueológica de Cuyuxquihui,200,0,420,0,481,0,910,0,200,0,150,0,600,0,500,0,250,0,278,0,250,0,0,0
2016,Veracruz,3220014,Zona Arqueológica de Las Limas,21,0,22,0,145,0,32,0,31,0,26,0,36,0,36,0,17,0,45,0,13,0,67,0
2016,Yucatán,3120001,Zona Arqueológica de Acanceh,1860,49,626,53,868,58,310,56,392,31,557,28,633,47,732,50,252,25,246,35,508,106,519,80
2016,Yucatán,3120002,Zona Arqueológica de Aké,809,136,571,84,1020,91,647,42,581,17,558,65,795,82,964,97,791,14,833,27,964,123,774,131
2016,Yucatán,3120004,Zona Arqueológica de Balamcanché,178,24,194,37,620,51,134,32,273,15,335,62,1002,58,220,53,209,30,221,89,166,37,337,57
2016,Yucatán,3120015,Zona Arqueológica de Chacmultún,218,5,214,6,249,2,285,2,136,2,158,0,175,6,239,3,139,3,177,2,92,4,210,63
2016,Yucatán,3110008,Zona Arqueológica de Chichén Itzá,57304,142046,25526,139645,66042,149207,31364,123385,28624,104152,32857,135047,83360,168461,54011,126535,31166,92520,30889,98718,51116,127620,59882,147933
2016,Yucatán,3120033,Zona Arqueológica de Dzibilchaltún con museo del Pueblo Maya,0,0,13022,6550,12902,3337,5700,2920,5841,2236,5015,3151,13865,3256,8675,3280,5400,2242,6781,2410,7722,2364,10663,5511
2016,Yucatán,3120034,Zona Arqueológica de Ekbalam,5918,10400,4855,8960,7717,8631,4013,8733,2707,7712,2315,6860,6198,9861,5382,12387,2946,8230,3477,7407,5342,8458,6378,9702
2016,Yucatán,3120057,Zona Arqueológica de Kabah,1652,2025,2382,1919,2846,2429,1386,1114,2607,887,1715,856,3147,1269,2072,1927,936,911,990,941,2818,1815,2395,2501
2016,Yucatán,3120064,Zona Arqueológica de Labná,934,367,1129,380,2084,500,924,302,1254,560,1231,166,1546,250,1170,452,474,92,712,188,885,575,1321,600
2016,Yucatán,3120071,Zona Arqueológica de Loltún,3913,521,2136,362,2816,455,3083,420,1652,305,2852,340,3798,410,3856,575,1490,178,1385,231,2197,603,4160,656
2016,Yucatán,3120077,Zona Arqueológica de Mayapán,1685,379,1333,357,1363,347,1289,249,620,182,984,230,1870,271,1911,399,972,196,998,243,1401,443,1843,654
2016,Yucatán,3120097,Zona Arqueológica de Sayil,1059,599,833,790,1929,767,814,447,1475,53,538,333,1321,399,1266,409,744,300,555,283,1085,662,1568,999
2016,Yucatán,3120122,Zona Arqueológica de Uxmal con museo de sitio,12959,12896,6997,12898,16627,11678,7845,7431,8509,5049,7791,3910,19643,6995,8692,3280,6305,4165,8486,6356,11084,11116,18169,10343
2016,Yucatán,3120126,Zona Arqueológica de Xlapak,763,379,507,303,443,786,296,178,1155,110,599,77,0,0,0,0,1039,388,446,138,663,369,905,342
2016,Yucatán,3120083,Zona Arqueológica de Oxkintok,720,81,626,100,945,147,682,68,384,26,413,9,586,43,794,52,388,29,528,71,598,53,449,54
2016,Yucatán,3120056,Zona Arqueológica de Izamal,877,0,678,0,1836,0,0,0,1749,0,401,0,1414,0,0,0,656,0,1219,0,755,0,3316,405
2016,Yucatán,3120135,Zona Arqueológica de Xcambó,961,1154,969,705,2222,438,1312,474,980,405,968,727,1817,752,1815,1228,855,866,791,488,1280,1250,1269,1456
2016,Zacatecas,3120003,Zona Arqueológica de Altavista o Chalchihuites con museo de sitio,401,5,293,10,1561,11,448,6,373,4,434,21,912,22,457,15,409,9,230,3,578,9,749,36
2016,Zacatecas,3110022,Zona Arqueológica de La Quemada con museo de sitio,4280,15,1971,21,5795,15,2203,24,2115,15,2669,14,5545,25,3126,65,2185,9,2830,8,3314,48,3527,57
2015,Baja California,3120040,Zona Arqueológica de El Vallecito,1420,0,821,0,1679,0,1483,0,810,0,949,0,1218,0,998,0,556,0,1371,0,1701,0,1138,43
2015,Baja California Sur,3120007,Zona Arqueológica de San Francisco de la Sierra,61,41,202,167,138,290,166,28,0,0,39,28,66,26,86,39,8,6,56,18,6,102,205,218
2015,Campeche,3120005,Zona Arqueológica de Balamkú,457,344,241,336,349,317,446,225,299,141,98,196,684,369,285,297,59,121,127,130,364,236,814,308
2015,Campeche,3110002,Zona Arqueológica de Becán,998,1146,485,1294,770,1165,980,611,486,443,351,367,1123,686,874,760,238,237,323,322,535,1001,939,546
2015,Campeche,3120008,Zona Arqueológica de Calakmul,2008,1686,996,1407,1290,1363,2587,1008,1094,694,729,512,2565,1198,1727,1510,576,358,675,456,935,1167,3547,1386
2015,Campeche,3120017,Zona Arqueológica de Chicanná,603,604,224,484,351,680,479,378,136,239,115,242,579,411,368,407,121,148,101,180,272,356,493,431
2015,Campeche,3120020,Zona Arqueológica de Chunhuhub,84,2,80,1,46,0,125,0,61,0,23,0,75,0,92,0,45,2,107,0,45,1,138,5
2015,Campeche,3110011,Zona Arqueológica de Dzibilnocac,633,8,321,9,469,4,723,1,505,15,281,4,419,5,517,3,146,0,387,7,304,0,644,0
2015,Campeche,3110012,Zona Arqueológica de Edzná,3751,1069,2201,784,3544,909,3816,519,2116,377,4318,284,4894,469,3463,478,1629,165,1729,297,5867,817,5739,871
2015,Campeche,3110017,Zona Arqueológica de El Tigre,444,7,264,2,254,3,604,1,181,1,124,2,313,4,386,0,125,0,103,0,165,0,359,2
2015,Campeche,3120042,Zona Arqueológica de Hochob,114,8,142,58,79,56,207,13,168,6,69,4,70,11,55,46,83,7,47,10,117,28,304,36
2015,Campeche,3120043,Zona Arqueológica de Hormiguero,14,6,10,12,35,6,63,9,21,0,17,2,14,54,29,5,66,12,68,18,83,31,233,80
2015,Campeche,3120058,Zona Arqueológica de Kankí,118,0,46,0,84,8,57,0,340,0,53,2,46,0,58,0,28,0,29,1,24,0,194,1
2015,Campeche,3120079,Zona Arqueológica de Nadzcaan,0,0,0,0,0,0,0,0,0,0,0,0,0,0,0,0,0,0,0,0,0,0,0,0
2015,Campeche,3120096,Zona Arqueológica de Santa Rosa Xtampak,178,11,140,13,91,16,164,4,450,6,70,4,228,5,135,28,30,6,23,3,34,10,175,12
2015,Campeche,3120118,Zona Arqueológica de Tohcok,61,65,52,28,73,61,59,33,87,46,52,47,90,19,184,8,118,22,63,10,96,57,121,33
2015,Campeche,3120125,Zona Arqueológica de Xcalumkín,212,2,173,5,206,0,217,16,107,3,52,0,134,4,193,5,61,0,79,2,128,10,160,18
2015,Campeche,3110041,Zona Arqueológica de Xpuhil,694,340,348,228,416,306,670,184,377,159,313,126,1043,266,656,286,303,110,326,100,388,223,787,237
2015,Campeche,3120098,Zona Arqueológica de Tabasqueño,293,23,160,17,272,19,323,11,185,7,187,12,296,0,234,34,166,5,183,3,173,6,402,13
2015,Chiapas,3110004,Zona Arqueológica de Bonampak,3377,698,2727,494,3765,614,6285,1026,2212,374,2808,469,4462,994,3618,702,1783,346,1766,343,3076,597,6423,1247
2015,Chiapas,3120019,Zona Arqueológica de Chincultic,858,84,722,66,4206,74,7100,137,2416,9,2400,18,4496,62,2236,14,2316,96,1372,49,1902,42,2400,90
2015,Chiapas,3110018,Zona Arqueológica de Izapa,1817,2163,1409,1684,2129,136,1978,362,1588,1621,2317,315,1994,142,2379,816,1809,431,1250,1660,982,938,3347,1039
2015,Chiapas,3110026,"Zona Arqueológica de Palenque con museo ""Alberto Ruz L´Huiller""",97731,19051,74638,14629,86182,16714,143999,21640,57849,11965,41380,8098,66309,13097,50147,11760,24895,4672,26046,5294,44873,10183,64108,15607
2015,Chiapas,3120103,Zona Arqueológica de Tenam Puente,1969,38,645,54,1687,32,1763,34,1021,16,762,30,1738,40,1296,31,423,11,834,18,739,0,1117,18
2015,Chiapas,3110035,Zona Arqueológica de Toniná con museo de sitio,4995,216,3284,299,4926,134,3810,126,3089,26,2332,76,6854,301,4534,204,2037,70,2608,103,3337,202,6825,640
2015,Chiapas,3110044,Zona Arqueológica de Yaxchilán,7080,626,5762,433,8230,540,13212,892,4024,597,5448,586,6270,937,6270,880,3092,347,3062,430,5332,746,11132,1560
2015,Chiapas,3220004,Zona Arqueológica de Chiapa de Corzo,479,49,298,23,302,6,282,12,328,2,432,2,603,52,410,25,487,23,590,31,343,13,744,33
2015,Chiapas,3220028,Zona Arqueológica de Lagartero,2906,461,2750,304,2466,132,18248,120,5934,401,3244,547,5608,244,8570,367,2166,19,2258,244,2608,409,6002,655
2015,Chiapas,3120134,Zona Arqueológica de Iglesia Vieja,1027,0,399,14,620,2,610,1,490,0,100,0,198,9,166,14,117,0,73,0,245,0,982,15
2015,Chihuahua,3110028,Zona Arqueológica de Paquimé con Museo de las Culturas del Norte,2231,29,397,8,42,0,4938,151,3676,0,3207,21,4576,16,2714,207,2666,22,3307,31,2920,7,2137,22
2015,Chihuahua,3110010,Zona Arqueológica de Cuarenta Casas,244,9,266,4,506,27,462,9,419,4,280,54,1056,53,705,26,390,50,429,38,404,0,106,7
2015,Chihuahua,3120027,Zona Arqueológica de Cueva de la Olla,329,38,287,8,527,26,3401,128,928,23,639,42,1614,137,1737,103,857,20,627,53,311,4,660,66
2015,Chihuahua,3120028,Zona Arqueológica de Cueva Grande,7,0,26,0,38,0,413,8,82,6,113,11,319,9,351,0,66,0,38,0,59,0,45,0
2015,Chihuahua,3120049,Zona Arqueológica de Huapoca,5,0,11,0,27,0,121,0,46,0,25,0,36,2,52,1,18,0,21,0,10,0,11,0
2015,Ciudad de México,3120013,Zona Arqueológica de Cerro de la Estrella,4463,36,4129,0,7654,0,8733,0,4903,0,3093,0,3755,0,3550,0,3522,0,3428,0,3061,0,2279,0
2015,Ciudad de México,3120029,Zona Arqueológica de Cuicuilco con museo de sitio,4916,252,5150,283,9802,280,6211,367,5242,378,4113,293,3927,470,6071,596,8027,296,8369,290,9261,285,5548,343
2015,Ciudad de México,3120116,Zona Arqueológica de Tlatelolco con museo de sitio,7893,2108,7710,2394,8727,3424,7841,2409,8333,2543,5994,2321,6818,2689,6866,2334,8223,1863,12418,2389,11206,2807,5798,3016
2015,Colima,3120035,Zona Arqueológica de El Chanal,538,60,837,20,608,3,496,37,546,6,387,2,714,4,459,0,419,2,307,0,696,2,611,23
2015,Colima,3120059,Zona Arqueológica de La Campana,898,113,981,10,758,34,849,81,700,12,618,5,858,8,535,1,517,120,494,178,710,124,841,626
2015,Durango,3110020,Zona Arqueológica de La Ferrería con museo de sitio,583,17,812,5,2179,0,946,6,786,0,790,0,1728,66,839,2,587,4,969,4,850,15,1087,24
2015,Estado de México,3110001,Zona Arqueológica de Acozac,2822,0,4152,0,5618,0,4418,0,2755,0,2689,0,3147,0,4279,0,3145,0,3003,0,1159,0,2755,0
2015,Estado de México,3110006,Zona Arqueológica de Calixtlahuaca,2781,0,2730,7,6970,7,3040,10,2509,9,1960,10,2339,4,3898,0,2409,5,2528,4,2676,8,2285,0
2015,Estado de México,3120018,Zona Arqueológica de Chimalhuacán con museo de sitio,6888,14,9318,6,13044,0,9742,0,5085,3,1512,2,2106,0,4242,0,8638,3,8145,0,7233,2,4225,3
2015,Estado de México,3110014,Zona Arqueológica de El Conde,121,0,39,0,851,0,262,2,105,0,252,0,73,0,50,0,157,0,448,0,33,0,131,0
2015,Estado de México,3120050,Zona Arqueológica de Huexotla,191,4,243,14,461,0,202,0,266,0,245,4,267,0,277,2,197,2,110,0,199,0,172,2
2015,Estado de México,3120072,Zona Arqueológica de Los Melones,944,2,789,8,653,3,1414,0,892,0,825,8,574,17,1249,13,794,6,1020,6,428,0,1698,0
2015,Estado de México,3120073,Zona Arqueológica de Los Reyes La Paz,1228,0,734,0,1654,0,1174,0,1218,0,1052,0,1420,2,1368,0,1054,0,1310,8,940,3,794,0
2015,Estado de México,3120075,Zona Arqueológica de Malinalco,26545,413,22506,480,22046,326,23383,319,20078,310,14240,243,17695,455,25677,336,13250,269,14840,311,18747,200,12669,405
2015,Estado de México,3120095,"Zona Arqueológica de Santa Cecilia Acatitla con museo de la Escultura Mexica ""Eusebio Dávalos Hurtado""",517,24,1046,13,511,9,871,5,320,9,318,6,546,17,598,6,538,19,377,10,538,0,725,11
2015,Estado de México,3120104,Zona Arqueológica de Tenayuca I con museo Xólotl,741,21,1525,20,1400,21,1360,9,897,7,573,9,709,18,1019,9,1309,24,1301,14,1835,6,1840,3
2015,Estado de México,3120129,Zona Arqueológica de Tenayuca II,590,13,464,30,1369,22,456,0,576,10,766,11,802,0,1538,0,352,12,788,0,890,21,1122,12
2015,Estado de México,3110031,Zona Arqueológica Teotihuacan (con Museo de Sitio),211350,73726,107784,48404,200107,46599,240197,61837,115122,73783,106506,45313,176699,60457,174384,59024,91861,45518,131639,45885,197350,70325,462908,59422
2015,Estado de México,3110032,Zona Arqueológica de Tetzcotzinco,6268,347,2756,165,2031,0,1057,0,750,0,844,0,1268,0,7732,87,4094,29,6420,76,7632,68,3675,192
2015,Estado de México,3120115,Zona Arqueológica de Tlapacoya,438,0,417,0,575,1,387,0,434,0,475,0,274,0,135,0,551,0,484,0,627,0,352,0
2015,Estado de México,3120081,Zona Arqueológica de Ocoyoacac,2,0,6,0,0,0,0,0,0,0,0,0,0,0,0,0,0,0,0,0,0,0,0,0
2015,Guanajuato,3120085,Zona Arqueológica de Plazuelas,1986,117,966,55,1314,77,2559,55,1113,60,1232,33,1794,126,1649,63,783,26,1221,52,729,49,1042,60
2015,Guanajuato,3220023,Zona Arqueológica de Peralta,1902,341,1004,95,1230,79,3444,111,1974,74,1185,133,2661,347,2283,164,1112,84,1619,81,1135,68,948,211
2015,Guanajuato,3220022,Zona Arqueológica de Cañada de la Virgen,1970,748,1102,464,809,545,2598,608,1641,201,1511,299,2040,573,2119,523,1312,304,1309,209,1290,382,764,325
2015,Guanajuato,3120133,Zona Arqueológica El Cóporo,1149,9,286,5,776,0,2185,23,756,4,497,29,1157,64,878,0,1635,0,714,0,647,2,639,25
2015,Guerrero,3120046,Zona Arqueológica de Huamuxtitlán,17,0,48,0,88,0,41,0,45,0,48,0,85,0,46,0,44,0,43,0,74,0,82,0
2015,Guerrero,3120053,Zona Arqueológica de Ixcateopan,43,0,110,0,24,0,17,0,28,0,44,3,47,0,44,0,26,0,40,0,32,0,46,0
2015,Guerrero,3110021,Zona Arqueológica de La Organera Xochipala,213,0,135,0,125,0,190,0,92,0,129,0,112,0,188,0,172,0,171,0,151,0,136,0
2015,Guerrero,3120062,Zona Arqueológica de La Sabana,13,0,33,0,42,0,13,0,40,0,31,0,40,0,29,0,27,0,19,0,33,0,16,0
2015,Guerrero,3120026,Zona Arqueológica de Cuetlajuchitlán (Los Querende),34,0,18,2,52,0,56,2,36,2,109,3,21,2,45,0,21,0,26,0,49,0,16,0
2015,Guerrero,3120074,Zona Arqueológica de Los Tepoltzis,0,0,0,0,0,0,0,0,0,0,0,0,0,0,0,0,0,0,0,0,0,0,0,0
2015,Guerrero,3110027,Zona Arqueológica de Palma Sola,269,12,274,14,641,11,267,4,248,9,209,3,304,5,193,6,173,7,284,6,290,6,181,21
2015,Guerrero,3120106,Zona Arqueológica de Teopantecuanitlán,50,0,26,0,30,0,35,0,67,0,57,0,42,3,52,0,20,0,113,0,54,0,67,0
2015,Guerrero,3220027,Zona Arqueológica de Tehuacalco,1454,47,708,78,2101,29,1135,14,739,10,461,39,708,21,1035,36,484,16,342,5,629,36,771,25
2015,Guerrero,3120132,Zona Arqueológica Soledad de Maciel,766,927,637,1083,298,148,814,493,352,87,515,125,442,121,616,51,551,195,352,126,500,181,257,270
2015,Hidalgo,3120048,Zona Arqueológica de Huapalcalco,2496,10,1127,8,0,0,1273,7,1325,3,1554,11,1137,5,1234,15,1105,3,1314,5,1931,0,1890,12
2015,Hidalgo,3120110,Zona Arqueológica de Tepeapulco,2163,20,1868,25,0,0,1860,25,1227,14,1044,14,1872,19,2153,26,482,19,996,22,1508,16,530,0
2015,Hidalgo,3110036,Zona Arqueológica de Tula con museo de sitio,15676,469,12620,875,0,0,24972,575,16564,454,10546,304,20828,462,19633,642,8610,312,9614,458,17793,1088,18938,740
2015,Hidalgo,3120136,Zona Arqueológica Pahñú,1041,4,634,3,0,0,1444,19,1044,10,1798,5,1188,27,982,15,483,9,471,6,928,14,234,0
2015,Jalisco,3120036,Zona Arqueológica de El Grillo,0,0,0,0,0,0,0,0,0,0,0,0,0,0,0,0,0,0,0,0,0,0,0,0
2015,Jalisco,3120054,Zona Arqueológica de Ixtépete,792,2,631,3,3395,35,1470,0,1114,0,898,0,971,5,1131,2,673,0,966,0,800,0,813,0
2015,Jalisco,3120113,Zona Arqueológica de Teuchitlán,9504,98,7915,686,12695,634,14705,883,8420,553,6791,883,12705,1270,11782,726,7450,303,7045,0,9743,855,7357,901
2015,Michoacán,3120047,Zona Arqueológica de Huandacareo,128,0,103,0,172,3,194,2,197,2,119,0,178,3,158,4,170,3,192,0,206,4,306,6
2015,Michoacán,3120052,Zona Arqueológica de Ihuatzio,353,18,396,14,734,25,664,15,516,2,392,16,382,18,432,16,257,6,790,23,1023,21,1111,44
2015,Michoacán,3120091,Zona Arqueológica de San Felipe los Alzati,611,0,463,0,1416,0,1422,0,370,0,282,0,1095,0,669,0,425,0,455,0,744,0,991,36
2015,Michoacán,3120114,Zona Arqueológica de Tingambato,1309,28,1305,16,2610,15,2192,22,1401,12,1192,9,1621,22,1478,22,1214,6,1392,20,1529,29,1956,26
2015,Michoacán,3120119,Zona Arqueológica de Tres Cerritos,116,0,74,0,151,0,215,1,189,0,99,0,160,0,0,0,102,0,0,0,147,0,128,0
2015,Michoacán,3120121,Zona Arqueológica de Tzintzuntzan con museo de sitio,2923,297,2558,162,4042,161,3806,105,2891,88,2305,84,3865,206,3235,130,1840,77,3272,142,5471,96,4587,343
2015,Morelos,3110007,Zona Arqueológica de Chalcatzingo,1975,12,1171,9,2329,29,1615,16,1298,4,855,2,1794,20,1615,31,1114,32,1130,4,1171,3,2096,18
2015,Morelos,3110040,Zona Arqueológica de Xochicalco con museo de sitio,8617,1303,6049,1087,7577,1008,3572,388,6654,647,4915,553,7124,660,8792,771,4326,571,7477,701,6653,914,6964,601
2015,Morelos,3120021,Zona Arqueológica de Coatetelco con museo de sitio,100,2,190,2,1138,2,687,7,138,0,64,0,198,0,115,2,47,3,89,1,261,0,186,4
2015,Morelos,3120069,Zona Arqueológica de Las Pilas,80,0,337,0,344,0,176,0,583,0,50,0,311,0,133,0,14,0,50,0,42,0,256,0
2015,Morelos,3120082,Zona Arqueológica de Olintepec,0,0,0,0,0,0,0,0,0,0,0,0,0,0,0,0,0,0,0,0,0,0,0,0
2015,Morelos,3120112,Zona Arqueológica de Tepozteco,23692,2027,15592,1474,20824,1680,25648,2085,20019,1329,13879,1329,20972,2247,29330,2363,13388,1297,16870,1326,9249,1683,28558,2572
2015,Morelos,3120107,Zona Arqueológica de Teopanzolco,1137,17,1185,48,2678,97,803,55,607,16,1056,40,1124,138,859,202,494,32,965,26,984,54,1200,50
2015,Morelos,3110043,Zona Arqueológica de Yautepec,146,0,100,0,345,0,146,0,50,0,59,0,145,0,250,2,243,0,60,0,1042,0,212,0
2015,Nayarit,3120055,Zona Arqueológica de Ixtlán del Río,886,36,565,51,1087,29,709,19,559,14,1062,20,649,5,175,0,832,20,761,15,1461,4,364,5
2015,Nuevo León,3110003,Zona Arqueológica de Boca de Potrerillos,121,0,69,0,547,0,875,0,234,0,122,0,144,0,0,0,295,0,0,0,330,9,140,0
2015,Oaxaca,3120031,Zona Arqueológica de Dainzú,744,71,434,30,386,4,658,3,777,0,376,3,477,2,447,15,93,3,659,15,137,6,382,9
2015,Oaxaca,3120041,Zona Arqueológica de Guiengola,243,0,197,0,384,0,361,0,125,0,169,0,138,0,362,0,0,0,264,0,363,0,410,4
2015,Oaxaca,3120051,Zona Arqueológica de Huijazoo,188,0,141,0,170,0,265,0,189,0,586,0,2772,0,230,0,182,0,266,0,146,0,150,0
2015,Oaxaca,3120065,Zona Arqueológica de Lambityeco,294,10,7,2,85,0,261,200,52,4,12,6,126,14,31,5,8,15,19,50,64,15,494,22
2015,Oaxaca,3110024,Zona Arqueológica de Mitla,2906,600,2543,1158,9740,1500,14294,1623,5082,1000,2200,681,10769,1754,6327,956,2359,551,3583,1092,5585,1452,9714,1322
2015,Oaxaca,3110025,Zona Arqueológica de Monte Albán con museo de sitio,29085,604,33330,6653,45742,5862,17816,5421,20421,2928,15037,2162,51012,4377,30223,2922,15623,1978,19015,3249,31186,6806,49049,4358
2015,Oaxaca,3110042,Zona Arqueológica de Yagul,1264,300,1120,276,995,265,1328,187,793,82,302,65,1329,172,1114,100,309,35,683,190,610,70,1448,214
2015,Oaxaca,3110045,Zona Arqueológica de Zaachila,100,28,144,17,107,18,57,45,99,21,121,49,224,102,266,65,73,24,176,36,101,26,289,175
2015,Oaxaca,3120045,Zona Arqueológica de Huamelulpan,72,0,99,0,225,0,246,0,79,0,142,0,231,0,128,0,205,0,166,0,116,0,580,0
2015,Oaxaca,3120131,Zona Arqueológica de Bocana del Río Copalita (con museo de sitio),542,1046,251,651,619,1050,1308,0,415,192,496,22,1094,0,701,37,386,397,383,257,357,671,981,413
2015,Oaxaca,3220034,Zona Arqueológica de Atzompa,0,0,0,0,0,0,0,0,4781,82,1957,0,5115,210,1562,0,2152,92,750,0,3292,133,5707,135
2015,Puebla,3120010,Zona Arqueológica de Cantona,7146,144,5260,107,5895,139,8702,42,3388,67,3905,67,4883,74,6867,49,3183,51,4171,68,5168,103,4515,60
2015,Puebla,3110009,Zona Arqueológica de Cholula con museo de sitio,72217,5242,50705,3355,47299,3158,81239,4823,53553,3003,44062,2872,66518,3428,97440,4606,46529,2954,40491,2954,64912,3627,45121,3283
2015,Puebla,3120090,Zona Arqueológica de San Cristobal Tepatlaxco,808,0,1072,6,4360,0,1166,0,973,0,762,0,656,0,918,0,496,0,488,0,410,0,542,2
2015,Puebla,3120109,Zona Arqueológica de Tepapayeca,80,0,124,0,130,0,136,0,20,0,32,0,42,0,70,0,28,0,52,0,32,0,58,0
2015,Puebla,3120111,Zona Arqueológica de Tepexi el Viejo,208,0,226,5,110,2,206,0,288,0,230,0,172,0,274,0,150,0,188,0,186,0,222,0
2015,Puebla,3120128,Zona Arqueológica de Yohualichan,29826,48,5486,77,6045,83,10744,77,9217,62,7256,107,6597,80,10952,47,4952,77,6690,161,6528,139,4722,57
2015,Querétaro,3110013,Zona Arqueológica de El Cerrito,2691,199,2325,222,4589,202,3835,176,2252,194,2079,271,3330,191,3038,232,2053,118,2436,237,2982,184,2663,314
2015,Querétaro,3110030,Zona Arqueológica de Ranas,1340,25,1196,8,1519,54,1871,7,1240,13,1175,14,1725,25,1804,17,970,8,930,62,1521,13,1621,41
2015,Querétaro,3110034,Zona Arqueológica de Toluquilla,105,0,122,0,271,4,277,4,187,0,250,0,140,4,181,0,297,1,150,0,415,10,276,0
2015,Querétaro,3220021,Zona Arqueológica de Tancama,597,34,356,19,441,23,1147,14,349,7,289,9,1928,28,468,13,293,4,347,29,436,32,1084,42
2015,Quintana Roo,3120022,Zona Arqueológica de Cobá,8686,34977,6855,30788,7802,29858,8867,30494,6233,23696,5699,22192,11019,25128,10814,30238,4255,15330,5124,24374,5329,35491,11629,39165
2015,Quintana Roo,3120032,Zona Arqueológica de Dzibanché-Kinichná,1091,1606,995,673,1532,1086,874,197,470,140,327,226,822,231,0,0,325,64,232,94,1168,511,1665,469
2015,Quintana Roo,3110015,Zona Arqueológica de El Meco,1824,143,1674,234,1718,77,1129,88,1066,67,1158,97,1106,111,1012,88,371,165,1178,135,404,125,665,307
2015,Quintana Roo,3120038,Zona Arqueológica de El Rey,820,701,629,649,702,668,779,607,753,504,556,571,1048,564,1169,937,721,409,650,440,679,633,1307,766
2015,Quintana Roo,3110019,Zona Arqueológica de Kohunlich,944,3225,721,1997,1217,2508,1208,664,677,477,526,306,1447,656,938,542,255,193,385,569,983,1992,1309,2122
2015,Quintana Roo,3120078,Zona Arqueológica de Muyil,531,779,144,909,516,705,406,841,339,487,181,393,461,377,443,494,136,79,358,295,314,302,543,540
2015,Quintana Roo,3120084,Zona Arqueológica de Oxtankah,862,102,727,57,766,90,1008,76,557,16,390,23,887,41,0,0,514,30,336,14,389,44,979,109
2015,Quintana Roo,3120092,Zona Arqueológica de San Gervasio,5204,17004,5096,17336,2831,10010,3281,16425,2828,8261,2231,9064,2586,10479,3437,10576,1995,6446,1451,5777,12019,9966,13504,8396
2015,Quintana Roo,3110037,Zona Arqueológica de Tulum,70791,60772,48868,63355,75444,64339,82802,64169,55064,49217,53301,52080,80960,79265,70896,62853,45873,4922,51644,93815,43632,85337,77553,71895
2015,Quintana Roo,3110038,Zona Arqueológica de Xcaret,2,0,4,8,5,0,0,0,4,0,4,0,0,0,0,0,0,0,0,0,0,0,6,0
2015,Quintana Roo,3110039,Zona Arqueológica de Xelhá,108,65,136,47,92,39,148,65,131,24,61,18,116,34,118,42,38,27,69,28,143,60,240,70
2015,Quintana Roo,3120014,Zona Arqueológica de Chacchoben,528,7708,246,8935,649,5530,527,3517,374,697,412,600,578,816,644,1124,92,452,551,1865,271,5239,1522,13154
2015,San Luis Potosí,3120099,Zona Arqueológica de Tamohí,611,26,256,11,403,2,672,5,243,2,150,7,445,7,550,13,188,2,154,3,214,4,559,18
2015,San Luis Potosí,3120100,Zona Arqueológica de Tamtoc,372,3,275,3,787,3,1183,12,249,0,260,4,729,1,451,3,238,1,268,1,553,0,1036,4
2015,Sinaloa,322033,Zona Arqueológica Las Labradas,603,0,866,44,5489,136,4795,26,896,0,643,24,1494,6,1168,0,414,0,0,0,515,16,1063,0
2015,Sonora,3210132,Zona Arqueológica de Cerro de las Trincheras,462,30,548,12,728,27,658,53,298,4,166,2,252,9,346,8,141,0,650,41,904,57,642,39
2015,Tabasco,3120023,Zona Arqueológica de Comalcalco con museo de sitio,6100,171,6726,174,7503,145,14425,145,5226,16,6896,90,6629,95,4753,656,4237,75,1842,61,4085,59,4989,609
2015,Tabasco,3110023,Zona Arqueológica de La Venta con museo de sitio,1081,42,1238,74,1190,12,1429,54,1140,36,1154,7,1441,14,1385,33,850,10,1230,85,836,0,1015,21
2015,Tabasco,3120086,Zona Arqueológica de Pomoná con museo de sitio,134,13,152,11,160,3,106,3,144,6,155,1,102,0,51,0,142,12,106,37,50,0,25,0
2015,Tabasco,3120076,Zona Arqueológica de Malpasito,39,0,104,15,61,0,339,0,384,0,160,0,96,0,530,0,89,4,72,0,108,0,19,0
2015,Tabasco,3120089,Zona Arqueológica de Moral-Reforma,101,6,135,6,160,3,128,6,94,3,148,0,140,0,140,0,14,0,70,0,10,0,57,0
2015,Tabasco,3220017,Zona Arqueológica de San Claudio,99,1,79,0,79,5,61,0,71,3,98,0,95,0,95,0,20,0,14,0,6,0,11,0
2015,Tamaulipas,3120039,Zona Arqueológica de El Sabinito,34,0,8,0,28,6,78,0,46,0,5,1,50,0,42,0,58,3,39,3,59,0,56,0
2015,Tamaulipas,3120067,Zona Arqueológica de Las Flores,236,9,163,9,296,5,414,9,233,7,167,2,254,4,254,3,200,8,181,3,159,4,209,11
2015,Tlaxcala,3110005,Zona Arqueológica de Cacaxtla con museo de sitio,11824,150,11824,150,7490,153,10412,180,11818,109,5361,233,12382,172,6596,170,6059,69,3479,91,6304,346,6390,28
2015,Tlaxcala,3110105,Zona Arqueológica de Xochitécatl con museo de sitio,9585,26,9585,26,12265,33,9523,248,10276,50,7697,233,8910,60,7192,32,6246,19,11194,30,5453,170,7435,45
2015,Tlaxcala,3110033,Zona Arqueológica de Tizatlán con museo de sitio,144,13,62,15,124,0,112,7,96,16,103,10,132,3,150,14,118,18,189,6,82,9,113,22
2015,Tlaxcala,3120080,Zona Arqueológica de Ocotelulco con museo de sitio,0,0,0,0,0,0,0,0,0,0,0,0,0,0,0,0,0,0,267,26,0,0,55,0
2015,Tlaxcala,3120101,Zona Arqueológica de Tecoaque,1244,0,568,24,101,57,2024,8,1333,0,2288,0,2133,0,2308,0,748,0,639,0,502,0,907,0
2015,Veracruz,3120011,Zona Arqueológica de Castillo de Teayo con museo de sitio,311,0,218,0,397,0,283,0,202,0,236,0,228,0,209,0,151,0,80,0,116,0,314,0
2015,Veracruz,3120012,Zona Arqueológica de Cempoala con museo de sitio,2276,64,2929,138,7452,90,5212,129,3194,80,3112,55,3573,66,4188,52,1644,54,1972,70,2789,102,4707,85
2015,Veracruz,3120068,Zona Arqueológica de Las Higueras con museo de sitio,43,1,47,0,4,3,52,1,20,0,13,0,134,0,19,0,9,0,17,0,33,0,52,0
2015,Veracruz,3120093,Zona Arqueológica de San Lorenzo Tenochtitlan con museo de sitio,275,0,454,0,442,0,767,0,397,0,391,0,289,0,372,0,238,0,265,0,209,0,468,0
2015,Veracruz,3110016,Zona Arqueológica de El Tajín,21012,293,21126,425,49540,885,67865,584,37385,396,23282,301,40305,473,63626,487,14076,381,15660,378,19100,575,63379,1227
2015,Veracruz,3220012,Zona Arqueológica de Cuauhtochco,0,0,0,0,0,0,0,0,0,0,0,0,0,0,0,0,0,0,0,0,0,0,0,0
2015,Veracruz,3120123,Zona Arqueológica de Vega de la Peña,0,0,25,3,46,3,77,4,0,0,0,0,41,2,83,0,83,0,0,0,13,9,42,3
2015,Veracruz,3120088,Zona Arqueológica de Quiahuitztlán,2064,40,1855,23,2037,31,3755,52,2089,54,2048,26,2647,39,3234,30,1751,35,1787,19,1244,33,2993,87
2015,Veracruz,3120024,Zona Arqueológica de Cuajilote,670,0,236,0,335,3,1325,0,374,0,293,0,381,0,670,16,264,0,296,0,247,0,201,0
2015,Veracruz,3120030,Zona Arqueológica de Cuyuxquihui,500,0,142,0,515,0,900,0,470,0,137,0,500,0,750,0,300,0,200,0,160,0,100,0
2015,Veracruz,3220014,Zona Arqueológica de Las Limas,23,0,11,0,95,0,60,0,5,0,31,0,58,0,36,0,35,0,8,0,23,0,46,0
2015,Yucatán,3120001,Zona Arqueológica de Acanceh,858,45,558,40,502,42,926,59,301,20,336,23,689,46,813,43,256,18,209,23,371,34,578,175
2015,Yucatán,3120002,Zona Arqueológica de Aké,678,57,601,41,900,57,757,52,637,52,575,22,977,50,594,68,390,19,621,39,536,49,812,128
2015,Yucatán,3120004,Zona Arqueológica de Balamcanché,290,44,255,63,397,29,352,68,261,11,189,25,442,28,654,23,140,17,226,18,285,38,487,131
2015,Yucatán,3120015,Zona Arqueológica de Chacmultún,256,5,219,4,114,17,48,0,82,2,203,0,162,0,131,6,56,0,163,1,158,3,46,146
2015,Yucatán,3110008,Zona Arqueológica de Chichén Itzá,66145,117988,54589,95571,84980,82694,54273,98106,54986,81611,60375,92319,81919,121593,83776,122074,96314,86032,62628,80957,29791,108496,72900,157805
2015,Yucatán,3120033,Zona Arqueológica de Dzibilchaltún con museo del Pueblo Maya,4675,2200,5890,1500,6528,1925,7956,2730,5030,1700,5329,2250,3679,368,10855,2431,5051,707,5265,2145,5086,1308,5357,4102
2015,Yucatán,3120034,Zona Arqueológica de Ekbalam,6740,11608,4884,10148,5048,8587,5498,8141,3628,6650,3699,5753,7109,7396,7916,7236,3439,6531,3279,5869,3780,8603,8205,8000
2015,Yucatán,3120057,Zona Arqueológica de Kabah,1572,1748,1539,2027,1813,2162,1452,1581,1367,1062,2218,698,2528,1011,2120,1291,872,784,1293,756,1731,1680,2438,2590
2015,Yucatán,3120064,Zona Arqueológica de Labná,983,470,939,577,1225,400,1294,270,843,194,1483,154,1023,190,1031,320,385,97,833,258,1076,392,1175,921
2015,Yucatán,3120071,Zona Arqueológica de Loltún,3852,244,2295,372,1937,365,2992,335,2104,213,1158,156,2831,233,3804,307,1463,125,1508,136,1962,411,2000,1035
2015,Yucatán,3120077,Zona Arqueológica de Mayapán,1535,295,1200,411,1220,251,1695,267,921,130,985,177,1128,153,1406,247,586,152,866,170,775,197,901,773
2015,Yucatán,3120097,Zona Arqueológica de Sayil,921,318,748,809,981,669,1375,505,898,289,702,211,949,91,1121,457,640,218,734,180,779,515,534,1422
2015,Yucatán,3120122,Zona Arqueológica de Uxmal con museo de sitio,12106,7674,11622,9858,10474,8999,15661,7396,8015,4534,6544,3570,15900,5540,15005,4939,6253,2505,7469,3318,10370,14047,16121,10440
2015,Yucatán,3120126,Zona Arqueológica de Xlapak,749,230,343,208,501,175,533,211,362,0,414,94,393,132,687,189,323,82,290,79,615,196,671,249
2015,Yucatán,3120083,Zona Arqueológica de Oxkintok,527,75,685,94,575,76,659,65,305,23,296,39,534,45,808,53,275,22,337,16,453,48,419,195
2015,Yucatán,3120056,Zona Arqueológica de Izamal,1425,200,559,0,576,0,2165,0,512,0,650,0,1549,0,1821,0,549,0,656,0,658,0,1776,0
2015,Yucatán,3120135,Zona Arqueológica de Xcambó,962,635,758,781,1292,617,2138,558,1487,477,799,586,1426,846,2486,717,775,366,603,416,837,905,1275,1129
2015,Zacatecas,3120003,Zona Arqueológica de Altavista o Chalchihuites con museo de sitio,517,8,351,0,774,20,739,13,425,7,388,3,618,35,455,20,273,4,376,16,554,2,650,38
2015,Zacatecas,3110022,Zona Arqueológica de La Quemada con museo de sitio,1820,23,1317,48,3072,29,3039,40,2004,11,1542,13,4510,29,3214,24,1236,11,1907,15,2513,34,3146,23
2015,Zacatecas,3120070,Zona Arqueológica de Las Ventanas,0,0,0,0,0,0,0,0,0,0,0,0,0,0,0,0,0,0,0,0,0,0,0,0
2014,Baja California,3120040,Zona Arqueológica de El Vallecito,959,0,1348,0,1526,0,1721,0,1218,4,1317,0,949,0,817,0,914,0,673,0,1287,0,1561,0
2014,Baja California Sur,3120007,Zona Arqueológica de San Francisco de la Sierra,36,53,288,160,162,285,88,276,94,32,0,0,114,11,32,31,21,2,14,10,0,0,19,5
2014,Campeche,3120005,Zona Arqueológica de Balamkú,286,334,157,241,181,286,448,150,166,176,164,209,460,257,306,308,191,168,118,160,295,365,673,233
2014,Campeche,3110002,Zona Arqueológica de Becán,622,1054,425,1084,441,1106,1052,812,540,539,311,543,729,783,767,903,314,347,369,392,550,955,1020,808
2014,Campeche,3120008,Zona Arqueológica de Calakmul,1156,1261,602,1292,1052,1433,1678,725,787,594,632,508,2166,1032,1761,1380,755,366,689,541,1058,1153,2561,1055
2014,Campeche,3120017,Zona Arqueológica de Chicanná,308,586,251,520,271,959,389,667,289,347,260,445,359,501,462,574,187,263,126,266,296,669,729,332
2014,Campeche,3120020,Zona Arqueológica de Chunhuhub,24,5,44,1,44,14,84,0,63,0,34,2,34,12,10,0,8,1,21,1,25,4,60,10
2014,Campeche,3110011,Zona Arqueológica de Dzibilnocac,445,3,155,5,228,17,130,4,310,4,150,2,473,16,393,0,182,4,392,3,366,3,558,2
2014,Campeche,3110012,Zona Arqueológica de Edzná,3456,890,2362,927,6180,744,4541,729,2394,393,3672,196,4519,460,2974,598,1584,223,1874,300,2597,931,4484,841
2014,Campeche,3110017,Zona Arqueológica de El Tigre,280,4,204,3,204,2,750,4,189,5,147,4,293,0,418,2,115,0,105,4,157,3,429,2
2014,Campeche,3120042,Zona Arqueológica de Hochob,193,80,99,34,236,37,228,14,120,6,59,6,201,16,164,6,158,4,66,13,121,22,167,22
2014,Campeche,3120043,Zona Arqueológica de Hormiguero,9,7,19,2,22,12,41,11,21,0,15,25,33,27,76,32,21,0,17,2,47,43,45,26
2014,Campeche,3120058,Zona Arqueológica de Kankí,38,3,21,3,15,0,38,1,120,0,28,0,18,6,77,6,28,0,12,0,6,0,71,0
2014,Campeche,3120096,Zona Arqueológica de Santa Rosa Xtampak,126,9,100,6,98,27,390,7,45,2,47,6,141,30,127,23,65,7,48,8,61,43,189,10
2014,Campeche,3120118,Zona Arqueológica de Tohcok,121,6,56,32,63,37,109,33,83,34,67,18,59,33,124,58,119,67,60,17,106,52,195,114
2014,Campeche,3120125,Zona Arqueológica de Xcalumkín,42,0,89,0,45,4,119,2,143,1,47,0,127,0,184,0,78,1,84,1,1238,8,250,3
2014,Campeche,3110041,Zona Arqueológica de Xpuhil,552,311,320,286,277,242,1030,159,378,168,193,220,600,278,632,325,326,85,245,138,378,212,703,216
2014,Campeche,3120098,Zona Arqueológica de Tabasqueño,257,12,173,26,254,26,184,8,216,7,156,7,225,28,257,2,166,3,176,1,205,25,325,22
2014,Chiapas,3110004,Zona Arqueológica de Bonampak,2829,720,2438,560,3462,447,6156,518,2207,277,2556,640,7716,675,5252,807,2626,526,3073,617,3182,577,23376,4238
2014,Chiapas,3120019,Zona Arqueológica de Chincultic,2444,37,2120,38,416,27,3587,48,625,17,485,21,1976,54,1953,19,1440,10,1524,18,1674,22,4698,74
2014,Chiapas,3110018,Zona Arqueológica de Izapa,1564,2549,1277,3466,1117,987,2224,2243,1811,1829,2078,765,1995,86,2315,136,1608,458,1620,460,1786,317,4058,527
2014,Chiapas,3110026,"Zona Arqueológica de Palenque con museo ""Alberto Ruz L´Huiller""",52174,10561,32313,6744,50402,10219,81237,10882,31768,6408,25026,4453,74123,11953,57145,11538,27171,4699,31281,5785,63726,10382,117533,22787
2014,Chiapas,3120103,Zona Arqueológica de Tenam Puente,1631,65,1210,60,1309,47,2619,74,888,26,809,23,1956,31,966,28,663,11,417,8,784,28,2035,187
2014,Chiapas,3110035,Zona Arqueológica de Toniná con museo de sitio,2460,90,1651,24,1700,20,4881,189,1174,135,1323,65,5077,201,3220,101,1763,106,1320,10,2521,47,9556,395
2014,Chiapas,3110044,Zona Arqueológica de Yaxchilán,2126,105,2110,160,5139,874,8272,757,2683,690,2128,272,1842,272,10960,667,5428,557,6606,465,6662,523,48620,3652
2014,Chiapas,3220004,Zona Arqueológica de Chiapa de Corzo,344,2,418,15,284,9,416,16,316,6,171,12,312,0,456,13,239,6,294,4,269,116,562,17
2014,Chiapas,3220028,Zona Arqueológica de Lagartero,3208,150,2862,117,3830,191,10705,222,1217,73,1113,0,2397,63,2308,35,1685,29,1752,23,1852,23,5364,243
2014,Chiapas,3120134,Zona Arqueológica de Iglesia Vieja,265,2,793,6,504,0,1125,12,329,2,316,4,212,4,772,76,258,0,161,0,161,0,1230,7
2014,Chihuahua,3110028,Zona Arqueológica de Paquimé con Museo de las Culturas del Norte,2649,36,1448,69,2748,21,4016,19,3026,27,2705,23,2871,501,3260,38,2395,22,5994,10,2512,10,2359,65
2014,Chihuahua,3110010,Zona Arqueológica de Cuarenta Casas,385,13,244,0,221,12,2526,14,342,9,207,65,944,36,905,0,614,0,424,0,233,17,170,7
2014,Chihuahua,3120027,Zona Arqueológica de Cueva de la Olla,404,21,274,19,332,18,2839,20,369,22,508,0,1025,145,933,20,858,46,469,58,216,25,160,27
2014,Chihuahua,3120028,Zona Arqueológica de Cueva Grande,12,0,14,0,34,0,249,0,53,0,28,0,90,0,227,0,66,1,46,6,43,0,36,0
2014,Chihuahua,3120049,Zona Arqueológica de Huapoca,4,0,5,0,4,0,177,7,12,0,18,3,71,0,34,3,7,0,19,0,16,0,9,0
2014,Ciudad de México,3120013,Zona Arqueológica de Cerro de la Estrella,4887,0,3947,0,8524,0,9259,24,6179,0,5305,0,8108,0,7530,34,5320,0,6318,0,6873,0,4861,0
2014,Ciudad de México,3120029,Zona Arqueológica de Cuicuilco con museo de sitio,4759,213,4113,219,10385,268,5722,294,5626,349,4079,167,5775,269,5044,368,8327,206,6392,232,6463,114,3520,160
2014,Ciudad de México,3120116,Zona Arqueológica de Tlatelolco con museo de sitio,6063,2170,6138,2128,7004,2665,7618,1909,7039,1498,5079,1370,4973,2301,4685,1884,8709,1816,10432,2066,8752,2615,5780,2274
2014,Colima,3120035,Zona Arqueológica de El Chanal,464,17,327,15,501,20,469,6,315,14,377,2,578,25,594,20,437,16,433,4,819,9,697,33
2014,Colima,3120059,Zona Arqueológica de La Campana,422,68,421,75,780,19,674,55,426,11,584,7,655,24,610,23,651,12,723,126,1060,23,996,117
2014,Durango,3110020,Zona Arqueológica de La Ferrería con museo de sitio,539,7,727,14,2772,16,1626,2,587,3,829,12,727,29,563,13,792,5,768,4,738,5,787,19
2014,Estado de México,3110001,Zona Arqueológica de Acozac,1856,4,1900,0,1770,0,3742,0,4100,0,3415,0,477,15,1891,0,2042,0,3086,0,1454,0,1466,0
2014,Estado de México,3110006,Zona Arqueológica de Calixtlahuaca,4798,9,3646,14,6115,6,3416,19,2199,5,1993,12,1173,0,3220,1,2526,6,2083,6,2748,6,2225,7
2014,Estado de México,3120018,Zona Arqueológica de Chimalhuacán con museo de sitio,1890,0,2149,0,15771,9,5586,0,8400,11,6233,0,5682,12,1581,6,10940,8,14588,0,15795,2,7370,6
2014,Estado de México,3110014,Zona Arqueológica de El Conde,38,0,57,0,151,0,364,0,23,0,52,0,95,0,53,0,158,0,408,0,182,0,50,0
2014,Estado de México,3120050,Zona Arqueológica de Huexotla,432,0,318,0,242,2,218,0,178,0,181,2,271,2,195,2,127,0,218,2,471,0,134,0
2014,Estado de México,3120072,Zona Arqueológica de Los Melones,283,0,656,2,630,0,836,0,781,2,621,4,189,6,728,0,1076,0,1029,0,923,9,902,0
2014,Estado de México,3120073,Zona Arqueológica de Los Reyes La Paz,998,0,1022,0,1458,0,1182,0,842,0,1233,0,1477,2,655,0,630,0,2100,0,1580,0,1252,0
2014,Estado de México,3120075,Zona Arqueológica de Malinalco,23261,395,17460,456,22047,392,17090,541,15746,597,14775,0,13976,765,21311,370,15316,279,12866,362,19653,409,13433,359
2014,Estado de México,3120095,"Zona Arqueológica de Santa Cecilia Acatitla con museo de la Escultura Mexica ""Eusebio Dávalos Hurtado""",1000,16,779,17,1396,11,900,25,483,23,597,15,486,16,836,11,613,14,532,13,1816,5,660,13
2014,Estado de México,3120104,Zona Arqueológica de Tenayuca I con museo Xólotl,1575,35,1211,20,1332,18,884,19,632,20,968,16,679,30,1267,31,1220,14,1629,15,1769,25,1650,18
2014,Estado de México,3120129,Zona Arqueológica de Tenayuca II,417,0,415,0,255,0,436,0,371,0,338,0,399,0,486,0,421,0,464,0,834,0,357,0
2014,Estado de México,3110031,Zona Arqueológica Teotihuacan (con Museo de Sitio),181973,76663,139478,49846,253117,45776,167793,64103,120202,39302,93215,35764,139619,58266,197737,59406,134325,43983,110751,48363,159893,50398,144724,72343
2014,Estado de México,3110032,Zona Arqueológica de Tetzcotzinco,4528,34,2633,0,422,0,1759,0,4283,0,67,0,5817,206,4343,267,7046,156,3447,0,6002,216,6129,137
2014,Estado de México,3120115,Zona Arqueológica de Tlapacoya,1156,2,381,0,262,0,153,0,133,0,180,0,242,0,217,0,245,0,314,0,467,0,119,0
2014,Estado de México,3120081,Zona Arqueológica de Ocoyoacac,16,0,69,0,43,0,14,0,19,0,21,0,76,0,24,0,19,0,12,0,11,0,10,0
2014,Guanajuato,3120085,Zona Arqueológica de Plazuelas,1695,61,1323,72,1990,175,2564,63,801,66,1138,69,1507,48,1639,92,1118,46,790,71,978,51,1192,62
2014,Guanajuato,3220023,Zona Arqueológica de Peralta,1634,192,1219,57,1402,101,3110,91,1091,47,1256,71,1425,216,1677,201,1124,65,779,55,1203,79,734,109
2014,Guanajuato,3220022,Zona Arqueológica de Cañada de la Virgen,1644,410,1100,506,1587,373,2506,423,2006,96,993,168,2095,375,1983,346,1063,170,1317,241,1099,256,756,352
2014,Guanajuato,3120133,Zona Arqueológica El Cóporo,574,0,808,0,898,0,2028,10,654,0,494,0,1034,16,1241,18,614,0,667,0,737,0,1129,23
2014,Guerrero,3120046,Zona Arqueológica de Huamuxtitlán,19,0,48,0,48,0,45,0,15,0,78,0,46,0,46,0,38,0,60,0,31,0,43,0
2014,Guerrero,3120053,Zona Arqueológica de Ixcateopan,59,0,530,0,25,0,74,0,17,0,17,0,44,0,93,0,20,0,27,0,22,0,30,0
2014,Guerrero,3110021,Zona Arqueológica de La Organera Xochipala,235,0,75,0,122,0,203,0,174,0,140,0,69,0,134,0,70,0,141,0,90,0,107,0
2014,Guerrero,3120062,Zona Arqueológica de La Sabana,12,0,51,0,51,0,112,0,37,0,42,0,49,0,55,0,42,0,54,0,43,0,29,0
2014,Guerrero,3120026,Zona Arqueológica de Cuetlajuchitlán (Los Querende),80,0,18,2,24,2,75,0,44,0,24,0,58,2,152,0,23,0,20,0,32,0,18,0
2014,Guerrero,3120074,Zona Arqueológica de Los Tepoltzis,0,0,0,0,0,0,0,0,0,0,0,0,0,0,0,0,0,0,0,0,0,0,0,0
2014,Guerrero,3110027,Zona Arqueológica de Palma Sola,224,1,302,14,215,11,303,15,215,5,148,6,196,2,120,5,273,8,404,2,235,4,163,17
2014,Guerrero,3120106,Zona Arqueológica de Teopantecuanitlán,70,0,69,0,25,0,78,0,157,0,25,0,15,0,49,0,46,0,98,0,78,0,138,0
2014,Guerrero,3220027,Zona Arqueológica de Tehuacalco,1509,22,715,28,2183,88,1473,18,924,6,773,47,886,13,974,8,689,1,364,6,418,17,811,4
2014,Guerrero,3120132,Zona Arqueológica Soledad de Maciel,792,473,849,789,758,671,938,260,427,107,328,80,420,131,454,87,208,63,315,92,102,0,361,405
2014,Hidalgo,3120048,Zona Arqueológica de Huapalcalco,1920,0,777,6,2441,183,1720,11,1469,0,1540,15,2699,16,1660,29,1043,0,1120,0,1307,0,1632,0
2014,Hidalgo,3120110,Zona Arqueológica de Tepeapulco,1570,21,1320,30,2498,15,2510,30,1556,0,1080,24,1606,25,1487,13,1419,24,1208,16,1312,10,2132,16
2014,Hidalgo,3110036,Zona Arqueológica de Tula con museo de sitio,12665,317,11337,830,20586,641,35608,442,12053,291,8594,318,14185,531,10360,512,10674,294,9071,550,13165,665,18573,684
2014,Hidalgo,3120136,Zona Arqueológica Pahñú,999,7,722,6,1075,0,1425,18,603,11,314,7,1010,36,860,18,473,6,398,11,555,5,853,26
2014,Jalisco,3120054,Zona Arqueológica de Ixtépete,1041,0,887,5,3436,0,1007,0,7460,408,614,6,1168,4,904,5,850,6,886,0,827,0,935,0
2014,Jalisco,3120113,Zona Arqueológica de Teuchitlán,7871,56,9894,190,8323,827,14447,661,616,0,6570,571,11161,1074,11179,830,10369,397,9373,592,8564,495,9465,965
2014,Michoacán,3120047,Zona Arqueológica de Huandacareo,261,8,202,4,302,4,517,6,164,0,76,0,173,2,131,2,142,0,114,2,130,0,161,3
2014,Michoacán,3120052,Zona Arqueológica de Ihuatzio,282,13,259,21,766,26,653,4,346,5,479,7,393,6,274,1,295,7,480,14,691,3,508,10
2014,Michoacán,3120091,Zona Arqueológica de San Felipe los Alzati,664,0,518,8,762,0,687,0,280,0,262,0,416,0,504,0,383,0,279,0,519,0,870,0
2014,Michoacán,3120114,Zona Arqueológica de Tingambato,1200,11,1278,16,1800,31,1629,13,1040,6,996,10,1241,8,1438,7,963,12,811,9,1173,40,1396,16
2014,Michoacán,3120119,Zona Arqueológica de Tres Cerritos,98,4,122,0,191,2,152,0,80,2,89,0,129,0,69,18,147,0,81,1,113,3,46,0
2014,Michoacán,3120121,Zona Arqueológica de Tzintzuntzan con museo de sitio,2259,193,1832,153,2612,104,3364,101,2232,111,1722,74,3478,147,2649,135,2201,81,3194,300,3567,200,3409,452
2014,Morelos,3110007,Zona Arqueológica de Chalcatzingo,1475,28,1004,83,1421,32,1540,40,945,14,770,3,1583,13,1311,7,811,19,771,10,1688,24,1865,20
2014,Morelos,3110040,Zona Arqueológica de Xochicalco con museo de sitio,8629,2557,5962,1128,7160,615,13248,1403,6005,802,4052,809,6254,702,7808,884,4874,397,5338,582,5783,868,4707,560
2014,Morelos,3120021,Zona Arqueológica de Coatetelco con museo de sitio,151,6,157,0,879,0,279,2,127,1,158,5,135,0,111,11,88,0,87,3,233,0,164,0
2014,Morelos,3120069,Zona Arqueológica de Las Pilas,51,0,74,0,429,0,350,0,268,0,24,0,301,2,59,0,12,0,144,0,52,1,606,0
2014,Morelos,3120082,Zona Arqueológica de Olintepec,0,0,0,0,0,0,0,0,0,0,0,0,0,0,0,0,0,0,0,0,0,0,0,0
2014,Morelos,3120112,Zona Arqueológica de Tepozteco,21468,1767,14726,1125,20928,1707,20477,2168,12179,1260,7149,950,20389,2057,23086,1971,15983,1247,9452,1294,15775,1643,23738,2288
2014,Morelos,3120107,Zona Arqueológica de Teopanzolco,862,40,1028,136,1177,70,1504,114,868,35,525,100,1092,109,846,79,530,18,812,32,755,43,678,73
2014,Morelos,3110043,Zona Arqueológica de Yautepec,214,0,158,0,213,0,226,0,148,0,112,0,166,3,155,0,275,4,59,0,57,19,118,0
2014,Nayarit,3120055,Zona Arqueológica de Ixtlán del Río,1132,10,850,40,1297,30,1331,14,533,2,637,3,1051,11,1162,19,624,5,961,14,902,22,1593,36
2014,Nuevo León,3110003,Zona Arqueológica de Boca de Potrerillos,149,0,151,0,85,0,59,0,70,0,290,0,141,0,100,0,106,0,94,0,90,0,244,0
2014,Oaxaca,3120031,Zona Arqueológica de Dainzú,374,14,248,58,189,0,378,25,157,7,92,6,359,6,253,26,116,8,765,17,251,4,1222,26
2014,Oaxaca,3120041,Zona Arqueológica de Guiengola,279,0,279,0,300,0,91,0,377,0,143,0,107,0,81,0,212,0,219,0,212,0,309,2
2014,Oaxaca,3120051,Zona Arqueológica de Huijazoo,363,0,308,0,203,0,234,0,272,0,267,0,244,0,150,0,2753,487,208,0,246,0,394,88
2014,Oaxaca,3120065,Zona Arqueológica de Lambityeco,185,25,23,2,242,10,175,6,85,2,82,2,188,0,105,0,5,2,556,4,5493,1676,93,0
2014,Oaxaca,3110024,Zona Arqueológica de Mitla,4787,1399,3541,677,5502,1656,16407,1405,4945,777,4749,179,10762,998,6628,993,2753,487,3805,1109,5493,1676,10125,635
2014,Oaxaca,3110025,Zona Arqueológica de Monte Albán con museo de sitio,25908,5111,15877,4397,21941,5613,38133,3756,14748,2799,13119,1923,39286,4223,25475,3087,15842,2052,26366,3301,31945,3778,46548,687
2014,Oaxaca,3110042,Zona Arqueológica de Yagul,1177,96,704,169,1310,116,1028,80,1026,68,535,127,1176,154,694,204,1132,80,1010,257,1088,288,1466,135
2014,Oaxaca,3110045,Zona Arqueológica de Zaachila,105,98,38,1,27,12,146,16,42,16,57,24,170,85,38,28,45,16,305,183,138,22,258,36
2014,Oaxaca,3120045,Zona Arqueológica de Huamelulpan,375,0,112,0,615,0,142,0,86,0,93,0,181,0,122,0,293,0,303,0,127,0,289,7
2014,Oaxaca,3120131,Zona Arqueológica de Bocana del Río Copalita (con museo de sitio),551,634,189,529,249,265,690,389,707,199,381,304,799,0,748,70,674,127,352,489,600,537,783,0
2014,Puebla,3120010,Zona Arqueológica de Cantona,6420,56,4347,77,7743,107,7935,32,3715,53,3762,36,3660,69,6040,107,3512,47,3809,36,3828,117,3735,97
2014,Puebla,3110009,Zona Arqueológica de Cholula con museo de sitio,62639,3754,56104,2519,50578,2832,60306,4030,47682,2725,51916,2637,55199,3433,69055,3956,45621,2877,48163,3109,55483,3083,50826,3144
2014,Puebla,3120090,Zona Arqueológica de San Cristobal Tepatlaxco,678,0,642,0,3274,0,852,0,820,1,882,0,386,0,996,0,960,0,734,0,754,0,420,0
2014,Puebla,3120109,Zona Arqueológica de Tepapayeca,0,0,38,0,44,0,24,0,16,0,46,0,30,0,24,0,36,0,123,0,22,0,9,0
2014,Puebla,3120111,Zona Arqueológica de Tepexi el Viejo,490,0,138,0,100,0,290,0,190,0,240,0,174,0,154,0,260,0,160,0,168,10,248,0
2014,Puebla,3120128,Zona Arqueológica de Yohualichan,5977,63,4555,84,5268,86,11348,123,6168,85,4281,74,4727,63,9378,157,3483,80,5772,151,6473,73,5230,37
2014,Querétaro,3110013,Zona Arqueológica de El Cerrito,2533,308,1632,164,5540,237,3854,271,2268,153,2052,239,4167,363,2411,269,2045,202,1771,240,2463,190,2319,207
2014,Querétaro,3110030,Zona Arqueológica de Ranas,694,7,1310,6,1188,23,3034,44,1287,5,612,7,1688,10,1447,260,1027,24,763,57,1664,39,967,33
2014,Querétaro,3110034,Zona Arqueológica de Toluquilla,119,4,427,2,157,10,488,2,272,0,128,0,119,2,242,14,102,1,69,5,205,1,126,2
2014,Querétaro,3220021,Zona Arqueológica de Tancama,437,13,362,55,286,4,1489,35,450,17,185,5,317,2,264,11,407,3,102,31,228,1,595,83
2014,Quintana Roo,3120022,Zona Arqueológica de Cobá,6770,36331,4500,28213,6060,31941,8550,29529,5984,24297,5888,17148,11560,29547,8436,27756,7541,17766,4310,23268,6032,30006,11591,34117
2014,Quintana Roo,3120032,Zona Arqueológica de Dzibanché-Kinichná,739,312,571,180,890,231,721,122,575,86,294,39,756,158,622,128,687,111,392,100,953,375,1627,355
2014,Quintana Roo,3110015,Zona Arqueológica de El Meco,948,144,896,213,1821,312,795,183,1294,445,1201,0,1406,300,993,203,1317,62,836,210,1430,39,1595,526
2014,Quintana Roo,3120038,Zona Arqueológica de El Rey,599,584,457,654,821,507,668,454,445,417,491,463,928,299,736,339,389,297,350,318,604,416,927,579
2014,Quintana Roo,3110019,Zona Arqueológica de Kohunlich,3358,1159,2819,1540,2470,1367,2347,1141,873,683,663,229,1723,545,1129,582,721,297,499,772,936,1692,1983,2282
2014,Quintana Roo,3120078,Zona Arqueológica de Muyil,341,524,252,694,300,637,883,329,559,332,159,320,479,389,217,464,136,399,159,378,302,556,781,633
2014,Quintana Roo,3120084,Zona Arqueológica de Oxtankah,310,21,581,55,912,79,909,42,393,20,376,29,747,37,647,47,575,13,322,14,520,39,809,83
2014,Quintana Roo,3120092,Zona Arqueológica de San Gervasio,6001,17731,3471,12684,5189,16557,2043,9732,3386,11582,2721,9046,2818,13940,3979,11902,3672,5719,1480,5220,2982,7322,6688,21105
2014,Quintana Roo,3110037,Zona Arqueológica de Tulum,39794,92049,30990,77744,41699,88376,60130,73644,39871,70826,36854,59727,65437,83920,46545,70456,33165,28286,43743,37440,55283,54994,88298,72271
2014,Quintana Roo,3110038,Zona Arqueológica de Xcaret,0,0,0,0,4,0,13,0,0,0,72,2,0,0,0,0,0,0,0,0,0,0,0,0
2014,Quintana Roo,3110039,Zona Arqueológica de Xelhá,224,55,170,70,226,65,245,62,162,36,101,51,109,20,106,22,103,13,80,23,123,35,139,45
2014,Quintana Roo,3120014,Zona Arqueológica de Chacchoben,296,5035,760,8023,2560,7283,540,4832,225,723,371,1538,621,1320,428,1393,469,1512,125,1516,225,5721,443,8166
2014,San Luis Potosí,3120099,Zona Arqueológica de Tamohí,228,11,237,0,425,5,605,12,183,0,146,3,365,4,290,6,114,0,170,0,333,2,303,4
2014,San Luis Potosí,3120100,Zona Arqueológica de Tamtoc,208,0,320,3,634,1,1211,13,560,4,219,43,208,0,223,0,504,0,157,0,208,0,674,12
2014,Sinaloa,322033,Zona Arqueológica Las Labradas,977,0,1061,0,1660,0,3912,0,993,0,646,0,1476,0,1085,0,477,0,620,14,928,41,1054,66
2014,Sonora,3210132,Zona Arqueológica de Cerro de las Trincheras,206,0,119,3,336,13,322,27,397,10,184,5,120,6,198,8,200,1,550,14,384,28,354,14
2014,Tabasco,3120023,Zona Arqueológica de Comalcalco con museo de sitio,4785,220,6742,174,7703,127,7430,145,5977,102,6896,84,6983,0,19678,232,1182,7,4427,199,4761,244,302,75
2014,Tabasco,3110023,Zona Arqueológica de La Venta con museo de sitio,1572,138,1137,59,1170,38,2219,28,933,16,1517,32,1462,0,1442,29,5135,147,1210,22,1322,49,65,30
2014,Tabasco,3120086,Zona Arqueológica de Pomoná con museo de sitio,203,0,181,0,270,0,312,0,263,17,299,27,675,0,910,10,406,3,274,0,77,20,50,5
2014,Tabasco,3120076,Zona Arqueológica de Malpasito,85,2,53,0,264,5,247,9,247,9,120,0,123,0,169,0,33,0,32,0,49,0,10,0
2014,Tabasco,3120089,Zona Arqueológica de Moral-Reforma,143,0,133,0,138,0,850,0,360,7,216,4,210,0,229,14,186,0,158,0,115,3,20,5
2014,Tabasco,3220017,Zona Arqueológica de San Claudio,147,0,125,0,148,0,95,0,156,5,132,3,165,0,294,0,104,0,124,0,109,0,20,0
2014,Tamaulipas,3120039,Zona Arqueológica de El Sabinito,34,0,11,3,33,0,31,0,51,0,28,6,13,0,57,0,28,0,17,0,17,0,48,0
2014,Tamaulipas,3120067,Zona Arqueológica de Las Flores,206,8,179,12,212,11,312,5,168,3,125,4,167,10,236,0,172,5,168,0,160,6,188,2
2014,Tlaxcala,3110005,Zona Arqueológica de Cacaxtla con museo de sitio,7440,313,8471,260,7725,178,10350,221,8007,107,6891,133,9113,146,50298,275,8842,124,20170,88,7605,260,5801,133
2014,Tlaxcala,3110105,Zona Arqueológica de Xochitécatl con museo de sitio,5632,26,5469,24,8841,58,8937,168,7959,25,7260,16,5765,40,9404,80,6663,21,12566,30,8960,25,7243,37
2014,Tlaxcala,3110033,Zona Arqueológica de Tizatlán con museo de sitio,142,19,206,2,182,2,201,2,106,0,156,1,83,0,130,23,99,10,116,2,289,17,115,12
2014,Tlaxcala,3120080,Zona Arqueológica de Ocotelulco con museo de sitio,0,0,0,0,0,0,0,0,0,0,0,0,0,0,0,0,0,0,0,0,0,0,0,0
2014,Tlaxcala,3120101,Zona Arqueológica de Tecoaque,1052,0,553,0,723,0,1691,0,625,0,882,0,1090,17,1352,0,798,0,821,0,646,0,137,78
2014,Veracruz,3120011,Zona Arqueológica de Castillo de Teayo con museo de sitio,0,0,0,0,0,0,0,0,23,0,105,0,135,0,223,0,129,0,151,0,55,0,386,0
2014,Veracruz,3120012,Zona Arqueológica de Cempoala con museo de sitio,2126,78,2674,86,5990,95,5409,115,4186,50,2035,65,2875,80,3553,109,1726,50,1832,86,2685,97,4500,109
2014,Veracruz,3120068,Zona Arqueológica de Las Higueras con museo de sitio,21,0,36,0,43,0,75,0,38,0,92,0,38,0,26,0,20,0,58,0,48,0,40,2
2014,Veracruz,3120093,Zona Arqueológica de San Lorenzo Tenochtitlan con museo de sitio,278,0,272,0,540,0,623,0,318,0,378,0,292,0,487,0,343,0,155,0,315,0,257,0
2014,Veracruz,3110016,Zona Arqueológica de El Tajín,15521,427,18688,396,52619,454,61324,685,32291,396,18260,385,25254,361,42736,706,9501,231,11222,348,18286,507,19260,473
2014,Veracruz,3220012,Zona Arqueológica de Cuauhtochco,0,0,0,0,16,0,0,0,0,0,0,0,0,0,0,0,0,0,0,0,0,0,0,0
2014,Veracruz,3120123,Zona Arqueológica de Vega de la Peña,16,4,16,4,34,6,60,10,28,5,21,0,36,5,33,4,0,0,10,0,0,0,35,12
2014,Veracruz,3120088,Zona Arqueológica de Quiahuitztlán,992,34,1610,34,2077,81,4580,22,2001,29,1016,39,2237,31,2450,30,1006,17,1489,16,1460,36,1166,34
2014,Veracruz,3120024,Zona Arqueológica de Cuajilote,651,0,307,0,257,0,645,4,1042,0,458,0,506,0,434,0,252,0,204,0,330,0,342,0
2014,Veracruz,3120030,Zona Arqueológica de Cuyuxquihui,100,0,100,0,835,0,1061,0,430,0,260,0,380,0,555,0,100,0,260,0,270,0,300,0
2014,Veracruz,3220014,Zona Arqueológica de Las Limas,17,0,0,0,0,0,18,0,15,0,14,0,16,0,14,0,14,0,14,0,19,0,32,0
2014,Yucatán,3120001,Zona Arqueológica de Acanceh,745,68,553,41,629,43,766,49,193,28,208,28,793,53,762,40,403,43,296,15,497,31,665,122
2014,Yucatán,3120002,Zona Arqueológica de Aké,933,79,781,54,672,78,615,53,627,24,421,28,689,49,675,52,286,38,514,5,466,46,736,82
2014,Yucatán,3120004,Zona Arqueológica de Balamcanché,235,32,104,10,226,24,372,36,93,13,84,8,246,35,246,26,125,15,111,17,217,23,295,76
2014,Yucatán,3120015,Zona Arqueológica de Chacmultún,142,22,116,4,134,1,206,1,118,5,137,6,200,0,200,7,54,2,99,2,235,6,189,4
2014,Yucatán,3110008,Zona Arqueológica de Chichén Itzá,225399,163325,100314,80251,112915,81303,42586,101384,27222,90210,38441,93892,94008,83715,78752,104077,63555,56659,49183,75317,45474,114674,112578,76641
2014,Yucatán,3120033,Zona Arqueológica de Dzibilchaltún con museo del Pueblo Maya,5272,1691,5629,1000,7580,1500,8689,3500,7049,1000,6077,3000,9236,1700,8087,1500,5724,2000,4364,4000,4289,2019,5338,2180
2014,Yucatán,3120034,Zona Arqueológica de Ekbalam,10922,11956,5637,10814,5284,9427,7286,9467,3918,7767,2988,5644,6677,8579,12249,8754,3496,5341,3796,5630,5271,7917,11040,9957
2014,Yucatán,3120057,Zona Arqueológica de Kabah,3396,2617,1138,1798,2517,1973,2418,1765,2516,1135,705,522,2258,995,1846,1525,897,752,1273,927,2035,1810,2582,2444
2014,Yucatán,3120064,Zona Arqueológica de Labná,1265,645,711,448,2035,506,1575,428,1531,235,1494,243,1327,310,850,377,452,76,496,176,1330,516,1558,791
2014,Yucatán,3120071,Zona Arqueológica de Loltún,2618,392,1399,329,1892,316,3499,257,1820,148,1433,168,2896,289,3450,323,1073,102,931,144,1508,343,2004,656
2014,Yucatán,3120077,Zona Arqueológica de Mayapán,2367,375,1308,435,900,373,1894,378,803,201,671,180,1199,298,1523,304,637,180,778,175,1382,302,2372,373
2014,Yucatán,3120097,Zona Arqueológica de Sayil,1537,980,962,829,1355,595,1199,545,412,300,714,227,963,292,1019,417,448,160,581,144,837,568,1869,1518
2014,Yucatán,3120122,Zona Arqueológica de Uxmal con museo de sitio,12485,8203,10740,11171,11223,9571,15909,7732,8175,5053,8715,4107,13338,5608,10733,7118,6324,3221,7554,3659,12274,11983,21288,11716
2014,Yucatán,3120126,Zona Arqueológica de Xlapak,490,0,386,0,361,0,401,0,371,0,317,0,393,0,503,0,267,0,246,0,526,208,425,191
2014,Yucatán,3120083,Zona Arqueológica de Oxkintok,764,118,770,63,546,78,552,92,482,32,209,33,395,34,716,37,337,12,294,16,547,49,706,165
2014,Yucatán,3120056,Zona Arqueológica de Izamal,622,0,425,0,952,0,1295,0,498,0,453,0,492,0,983,0,499,0,684,0,398,157,2028,0
2014,Yucatán,3120135,Zona Arqueológica de Xcambó,364,665,858,1288,1286,916,2341,832,1402,684,2238,769,1745,850,1920,981,766,580,692,268,1039,440,1679,1144
2014,Zacatecas,3120003,Zona Arqueológica de Altavista o Chalchihuites con museo de sitio,224,3,368,2,1640,10,1271,7,258,9,378,3,581,24,428,11,391,5,197,7,349,3,518,15
2014,Zacatecas,3110022,Zona Arqueológica de La Quemada con museo de sitio,1149,13,1473,28,2889,44,4368,15,1443,33,1983,9,3919,34,2393,31,1535,39,1773,20,2400,32,2217,22
2014,Zacatecas,3120070,Zona Arqueológica de Las Ventanas,0,0,0,0,0,0,0,0,0,0,0,0,0,0,0,0,0,0,0,0,0,0,0,0
2013,Baja California,3120040,Zona Arqueológica de El Vallecito,926,0,828,0,1457,0,1670,0,815,0,1424,0,968,0,828,0,669,5,1016,0,1045,0,1213,3
2013,Baja California Sur,3120007,Zona Arqueológica de San Francisco de la Sierra,113,85,148,100,296,77,247,46,68,33,86,7,112,6,52,82,13,26,70,21,25,42,86,27
2013,Campeche,3120005,Zona Arqueológica de Balamkú,331,208,224,188,421,144,182,135,157,156,187,166,609,257,197,299,108,81,115,112,240,285,530,164
2013,Campeche,3110002,Zona Arqueológica de Becán,913,1350,431,1118,1036,1116,510,848,639,601,435,541,1135,875,504,920,234,226,327,423,508,848,1087,939
2013,Campeche,3120008,Zona Arqueológica de Calakmul,1575,1211,555,1245,1709,1238,910,928,711,628,507,442,1684,1000,1105,1118,414,397,379,634,621,1161,2313,928
2013,Campeche,3120017,Zona Arqueológica de Chicanná,434,646,172,448,461,680,270,463,190,288,184,320,627,606,240,468,117,168,143,280,238,544,562,513
2013,Campeche,3120020,Zona Arqueológica de Chunhuhub,127,20,72,4,107,2,98,2,67,0,39,1,24,4,40,0,25,1,25,0,13,1,21,0
2013,Campeche,3110011,Zona Arqueológica de Dzibilnocac,394,23,149,8,187,24,375,5,207,4,102,2,318,18,235,0,136,2,122,4,208,4,276,10
2013,Campeche,3110012,Zona Arqueológica de Edzná,1862,809,2345,761,5482,1147,2651,579,2054,373,2237,254,5332,356,2344,578,1442,233,1730,445,1955,866,5169,726
2013,Campeche,3110017,Zona Arqueológica de El Tigre,549,8,625,4,401,17,414,0,220,0,163,0,429,1,213,3,70,0,88,0,207,0,295,2
2013,Campeche,3120042,Zona Arqueológica de Hochob,240,28,96,32,209,36,216,20,92,14,91,6,163,4,80,6,66,19,86,5,97,49,211,11
2013,Campeche,3120043,Zona Arqueológica de Hormiguero,183,44,109,42,71,65,33,27,98,21,37,14,205,86,30,13,15,7,17,2,4,1,64,11
2013,Campeche,3120058,Zona Arqueológica de Kankí,40,0,15,0,38,3,30,20,104,0,38,3,40,0,14,0,6,0,12,0,14,0,63,6
2013,Campeche,3120079,Zona Arqueológica de Nadzcaan,0,0,0,0,0,0,0,0,0,0,0,0,0,0,0,0,0,0,0,0,0,0,0,0
2013,Campeche,3120096,Zona Arqueológica de Santa Rosa Xtampak,168,6,96,9,23,22,106,10,46,3,29,4,69,5,70,2,72,7,22,1,21,5,46,3
2013,Campeche,3120118,Zona Arqueológica de Tohcok,196,66,60,33,112,47,142,19,60,33,68,9,236,19,127,20,65,5,68,9,60,9,94,28
2013,Campeche,3120125,Zona Arqueológica de Xcalumkín,222,4,180,5,106,2,116,5,122,0,130,0,177,3,67,1,25,0,110,0,125,3,91,0
2013,Campeche,3110041,Zona Arqueológica de Xpuhil,514,522,343,305,613,348,481,279,487,220,252,244,943,312,383,323,260,116,182,123,351,255,692,271
2013,Campeche,3120098,Zona Arqueológica de Tabasqueño,290,25,171,17,266,25,364,11,153,6,115,5,234,10,220,0,145,10,117,4,127,10,223,19
2013,Chiapas,3110004,Zona Arqueológica de Bonampak,5336,334,3874,615,5121,330,4800,525,2814,339,2437,120,5814,1040,3768,640,1819,160,1350,225,2739,215,4186,602
2013,Chiapas,3120019,Zona Arqueológica de Chincultic,1966,28,1344,176,1943,145,1358,23,0,0,0,0,0,0,544,15,511,21,569,8,846,21,3124,21
2013,Chiapas,3110018,Zona Arqueológica de Izapa,2516,71,1238,240,3600,723,2024,2199,1214,1881,1641,107,2728,289,1171,355,1086,1435,1244,3198,1295,4764,1559,1976
2013,Chiapas,3110026,"Zona Arqueológica de Palenque con museo ""Alberto Ruz L´Huiller""",51407,11060,40150,8969,55917,11663,33120,9455,26905,6444,20741,4428,59143,13303,42325,9412,26875,4300,23588,5419,40034,9307,58211,12215
2013,Chiapas,3120103,Zona Arqueológica de Tenam Puente,1184,39,997,48,4439,0,2501,57,1523,30,1779,51,3541,68,3492,111,2056,33,1097,19,1124,46,3254,80
2013,Chiapas,3110035,Zona Arqueológica de Toniná con museo de sitio,4387,103,2731,73,4366,278,4771,345,2181,106,1381,40,3475,35,3967,35,895,67,773,93,1465,52,6629,125
2013,Chiapas,3110044,Zona Arqueológica de Yaxchilán,3029,247,2727,189,939,0,3869,235,2006,623,1491,184,5962,690,5707,0,2189,105,2179,72,3835,103,3637,177
2013,Chiapas,3220004,Zona Arqueológica de Chiapa de Corzo,237,40,369,14,367,18,353,12,337,9,192,22,242,5,203,17,273,2,257,4,459,5,307,25
2013,Chiapas,3220028,Zona Arqueológica de Lagartero,2870,166,1409,97,9378,92,6793,73,3794,437,2272,274,3870,291,3488,167,2739,147,1659,77,1568,68,4086,82
2013,Chiapas,3120134,Zona Arqueológica de Iglesia Vieja,727,15,588,3,561,3,310,0,61,0,21,0,42,2,30,2,28,3,105,0,238,20,320,8
2013,Chihuahua,3110028,Zona Arqueológica de Paquimé con Museo de las Culturas del Norte,1132,17,1463,49,4405,182,2830,36,4493,255,2267,17,4162,57,1848,108,2230,109,2218,29,3214,22,2718,19
2013,Chihuahua,3110010,Zona Arqueológica de Cuarenta Casas,194,8,84,2,477,22,2291,7,499,15,530,6,1035,30,983,59,254,4,425,15,161,3,245,6
2013,Chihuahua,3120027,Zona Arqueológica de Cueva de la Olla,281,4,139,0,3351,15,719,3,417,25,546,23,1145,39,512,73,356,15,402,29,307,21,401,0
2013,Chihuahua,3120028,Zona Arqueológica de Cueva Grande,11,0,8,0,255,8,75,0,68,0,28,0,226,0,26,0,12,0,17,0,18,0,10,0
2013,Chihuahua,3120049,Zona Arqueológica de Huapoca,6,0,6,0,158,0,39,0,10,0,39,0,4,0,20,0,10,0,1,0,4,0,12,0
2013,Ciudad de México,3120013,Zona Arqueológica de Cerro de la Estrella,9790,0,2665,0,10658,0,2584,0,2828,0,2920,0,2868,0,2667,0,3083,1,3200,2,3501,0,4196,0
2013,Ciudad de México,3120029,Zona Arqueológica de Cuicuilco con museo de sitio,5614,253,6316,203,12523,220,6825,176,5740,243,3038,196,5346,338,5086,312,6988,247,8308,247,8099,301,5359,224
2013,Ciudad de México,3120116,Zona Arqueológica de Tlatelolco con museo de sitio,6168,3215,4941,2333,8077,3317,6091,2269,5043,2198,4336,2318,6152,2771,5278,2339,7815,2350,9859,2459,7844,2387,6038,2325
2013,Colima,3120035,Zona Arqueológica de El Chanal,515,2,171,9,730,10,468,7,237,3,370,12,1226,12,492,30,402,13,469,9,822,20,707,29
2013,Colima,3120059,Zona Arqueológica de La Campana,510,100,346,129,829,44,657,21,656,12,421,30,633,37,516,45,509,19,658,11,605,19,744,28
2013,Durango,3110020,Zona Arqueológica de La Ferrería con museo de sitio,796,28,1312,17,2132,10,439,0,460,8,643,15,1333,73,947,26,676,10,817,3,836,3,891,8
2013,Estado de México,3110001,Zona Arqueológica de Acozac,911,0,1074,0,1268,0,1090,0,1081,0,885,0,1688,0,1288,0,830,0,1615,0,1686,0,1386,0
2013,Estado de México,3110006,Zona Arqueológica de Calixtlahuaca,1842,14,1926,2,5246,6,3076,17,1457,7,1743,7,3038,7,3169,1,2069,3,2303,7,2548,17,3303,6
2013,Estado de México,3120018,Zona Arqueológica de Chimalhuacán con museo de sitio,7997,0,6160,0,6637,0,4522,0,3981,0,2045,0,4169,0,5085,0,3733,0,3132,0,3998,3,1837,0
2013,Estado de México,3110014,Zona Arqueológica de El Conde,122,0,112,0,164,0,69,0,35,0,38,0,0,0,10,0,70,0,96,0,152,0,220,0
2013,Estado de México,3120050,Zona Arqueológica de Huexotla,422,0,431,0,452,0,159,0,434,0,278,0,443,0,449,0,330,0,191,0,374,0,225,0
2013,Estado de México,3120072,Zona Arqueológica de Los Melones,873,5,519,0,727,2,704,4,784,1,858,0,596,0,614,1,766,0,800,5,1061,12,991,4
2013,Estado de México,3120073,Zona Arqueológica de Los Reyes La Paz,876,0,828,0,965,0,792,0,744,0,1043,0,1176,0,705,0,510,0,1235,0,1005,0,1624,0
2013,Estado de México,3120075,Zona Arqueológica de Malinalco,11403,183,10303,178,9554,134,12992,199,8851,130,6417,129,10629,171,11222,170,5811,115,5483,178,8845,239,12657,345
2013,Estado de México,3120095,"Zona Arqueológica de Santa Cecilia Acatitla con museo de la Escultura Mexica ""Eusebio Dávalos Hurtado""",456,0,892,0,1270,0,1142,0,427,0,670,0,506,0,558,0,832,0,901,0,1191,0,820,17
2013,Estado de México,3120104,Zona Arqueológica de Tenayuca I con museo Xólotl,1148,12,1462,8,1390,4,861,20,564,11,982,8,726,52,1106,26,1080,20,2048,26,1865,34,1056,27
2013,Estado de México,3120129,Zona Arqueológica de Tenayuca II,257,0,370,0,706,0,431,0,330,0,583,0,489,0,371,0,247,0,451,0,523,0,577,0
2013,Estado de México,3110031,Zona Arqueológica Teotihuacan (con Museo de Sitio),135080,49902,106100,35785,447253,35431,112438,36693,115285,36836,90027,36607,177720,47882,165286,54983,70112,35167,103079,48368,134140,48409,147703,53372
2013,Estado de México,3110032,Zona Arqueológica de Tetzcotzinco,0,0,5500,0,5617,0,4326,415,4899,0,4730,0,4905,0,3975,0,4751,0,4107,0,2904,0,178,5
2013,Estado de México,3120115,Zona Arqueológica de Tlapacoya,0,0,581,0,478,0,89,0,205,0,320,0,228,0,241,0,237,0,228,0,411,0,788,0
2013,Estado de México,3120081,Zona Arqueológica de Ocoyoacac,0,0,0,0,70,0,0,0,8,0,14,0,14,0,13,0,18,0,12,0,17,0,16,0
2013,Guanajuato,3120085,Zona Arqueológica de Plazuelas,2202,103,1121,30,2523,52,2922,69,1726,32,1335,52,1795,48,1480,106,781,46,838,57,1415,43,975,79
2013,Guanajuato,3220023,Zona Arqueológica de Peralta,2631,233,2085,106,2045,103,3011,79,1821,57,1611,107,2646,169,1500,136,778,68,550,109,946,71,1298,38
2013,Guanajuato,3220022,Zona Arqueológica de Cañada de la Virgen,1557,314,1333,230,1865,262,2924,353,1256,90,1102,147,2250,216,2246,271,908,143,1173,179,1252,186,789,168
2013,Guanajuato,3120133,Zona Arqueológica El Cóporo,1229,18,912,0,1258,0,2493,27,662,0,661,17,1194,5,1626,8,706,0,628,0,1105,0,450,0
2013,Guerrero,3120046,Zona Arqueológica de Huamuxtitlán,39,0,20,0,71,0,42,0,23,0,40,0,65,0,49,0,23,0,20,0,40,0,25,0
2013,Guerrero,3120053,Zona Arqueológica de Ixcateopan,45,1,402,0,101,0,55,0,65,0,70,0,47,0,50,0,16,0,48,0,50,0,26,0
2013,Guerrero,3110021,Zona Arqueológica de La Organera Xochipala,326,0,212,0,154,0,225,0,108,0,70,0,192,0,215,0,39,0,12,0,117,0,31,0
2013,Guerrero,3120062,Zona Arqueológica de La Sabana,14,0,76,0,46,0,65,0,36,0,22,0,34,0,53,0,32,0,45,0,52,0,24,0
2013,Guerrero,3120026,Zona Arqueológica de Cuetlajuchitlán (Los Querende),80,0,19,0,35,0,80,0,41,2,35,0,42,0,44,0,15,0,29,0,15,0,12,0
2013,Guerrero,3120074,Zona Arqueológica de Los Tepoltzis,20,0,10,0,26,0,4,0,20,0,75,0,15,0,20,0,10,0,0,0,0,0,0,0
2013,Guerrero,3110027,Zona Arqueológica de Palma Sola,226,6,486,7,325,18,158,8,170,6,149,3,428,1,207,5,74,9,110,0,351,2,297,0
2013,Guerrero,3120106,Zona Arqueológica de Teopantecuanitlán,140,0,157,0,53,0,75,0,72,0,32,0,44,0,25,0,30,0,93,0,130,0,76,0
2013,Guerrero,3220027,Zona Arqueológica de Tehuacalco,20149,461,21005,522,23189,588,1778,25,1061,26,882,10,1210,42,1332,4,251,19,188,18,480,13,363,13
2013,Guerrero,3120132,Zona Arqueológica Soledad de Maciel,1065,0,971,674,704,291,724,220,473,60,611,84,409,86,497,62,131,43,91,55,220,175,453,181
2013,Hidalgo,3120048,Zona Arqueológica de Huapalcalco,447,4,848,7,3650,17,1256,13,1245,28,1430,0,2097,0,1826,0,986,0,1486,0,1082,0,1316,46
2013,Hidalgo,3120110,Zona Arqueológica de Tepeapulco,2508,94,2527,30,6555,72,1954,30,2629,17,2154,35,2665,15,2913,15,2883,33,2125,56,2709,43,2097,0
2013,Hidalgo,3110036,Zona Arqueológica de Tula con museo de sitio,8951,322,9098,590,32723,416,10712,272,10438,846,7754,189,26347,379,11020,302,8787,382,1503,0,12015,466,15934,411
2013,Hidalgo,3120136,Zona Arqueológica Pahñú,0,0,0,0,0,0,0,0,3884,0,661,3,919,25,623,33,590,6,377,0,549,8,955,17
2013,Jalisco,3120054,Zona Arqueológica de Ixtépete,421,0,627,4,3939,0,1237,10,932,0,1032,2,985,5,965,2,976,0,656,0,1235,0,767,0
2013,Michoacán,3120047,Zona Arqueológica de Huandacareo,302,0,143,0,329,5,112,0,231,2,215,2,225,4,169,3,132,2,114,3,107,3,221,3
2013,Michoacán,3120052,Zona Arqueológica de Ihuatzio,512,25,500,14,1463,43,220,15,374,0,417,4,300,9,189,5,173,4,558,6,768,13,612,12
2013,Michoacán,3120091,Zona Arqueológica de San Felipe los Alzati,473,0,456,0,762,0,281,0,321,0,581,0,1148,0,557,0,364,0,402,0,308,0,370,0
2013,Michoacán,3120114,Zona Arqueológica de Tingambato,1211,15,1426,31,3122,25,1102,9,689,7,871,3,1653,32,695,11,600,16,1011,17,1186,32,1668,14
2013,Michoacán,3120119,Zona Arqueológica de Tres Cerritos,0,0,167,0,198,0,127,0,41,0,86,0,151,0,819,0,66,0,58,0,138,0,96,0
2013,Michoacán,3120121,Zona Arqueológica de Tzintzuntzan con museo de sitio,2348,206,2993,228,4925,231,2989,195,1663,36,2322,61,3321,216,1973,145,1516,45,2361,100,2953,230,2651,154
2013,Morelos,3110007,Zona Arqueológica de Chalcatzingo,1092,28,1727,30,3212,35,697,10,1220,9,1148,26,2236,8,1410,23,1125,23,1168,32,1173,22,1377,46
2013,Morelos,3110040,Zona Arqueológica de Xochicalco con museo de sitio,12338,319,2660,363,14010,1021,12043,1258,6343,560,5171,762,11489,1426,9790,95,4323,164,5980,566,8809,1031,9220,103
2013,Morelos,3120021,Zona Arqueológica de Coatetelco con museo de sitio,110,0,111,1,381,0,76,0,89,0,95,0,418,0,132,4,39,0,110,0,210,6,190,3
2013,Morelos,3120069,Zona Arqueológica de Las Pilas,37,0,34,1,272,0,261,0,215,0,47,0,55,0,58,0,59,0,81,0,29,0,184,0
2013,Morelos,3120082,Zona Arqueológica de Olintepec,0,0,0,0,0,0,0,0,0,0,0,0,0,0,0,0,0,0,0,0,0,0,0,0
2013,Morelos,3120112,Zona Arqueológica de Tepozteco,22473,1502,12960,321,18221,848,8800,1288,10100,300,10150,500,16976,1800,18831,1950,7230,550,8736,1000,10234,800,25746,1231
2013,Morelos,3120107,Zona Arqueológica de Teopanzolco,1726,78,2369,42,2537,71,828,62,1153,5,894,12,1176,33,1031,160,925,43,976,32,822,44,1146,37
2013,Morelos,3110043,Zona Arqueológica de Yautepec,103,0,51,0,260,0,133,0,122,0,91,0,142,0,119,0,352,0,346,0,207,0,171,0
2013,Nayarit,3120055,Zona Arqueológica de Ixtlán del Río,1412,10,1310,15,1523,18,1092,8,874,15,918,5,1116,3,961,3,576,8,741,12,1004,32,597,27
2013,Nuevo León,3110003,Zona Arqueológica de Boca de Potrerillos,160,0,303,4,878,0,441,0,412,0,410,0,597,0,248,0,249,0,149,0,218,0,173,0
2013,Oaxaca,3120031,Zona Arqueológica de Dainzú,154,0,221,11,811,14,222,5,158,11,89,5,706,10,59,5,322,2,487,14,358,5,1122,25
2013,Oaxaca,3120041,Zona Arqueológica de Guiengola,275,0,220,0,482,0,201,0,428,2,243,0,376,0,369,0,167,0,407,0,331,0,444,0
2013,Oaxaca,3120051,Zona Arqueológica de Huijazoo,292,0,335,0,349,0,257,0,216,0,413,0,2234,0,213,0,225,0,289,127,272,0,253,0
2013,Oaxaca,3120065,Zona Arqueológica de Lambityeco,228,0,20,15,533,3,518,2,78,150,167,8,195,9,256,0,84,0,134,20,427,10,273,13
2013,Oaxaca,3110024,Zona Arqueológica de Mitla,4537,1004,2233,1725,11268,914,5260,1049,4231,1008,4195,497,8328,1872,7097,454,2239,474,2687,1081,4511,2420,10657,937
2013,Oaxaca,3110025,Zona Arqueológica de Monte Albán con museo de sitio,21181,5395,18295,4942,36627,6103,20863,3699,15311,2774,15435,2036,55658,6736,22282,4781,13202,2337,13029,3301,20197,5936,39231,5232
2013,Oaxaca,3110042,Zona Arqueológica de Yagul,1051,50,1443,125,2225,250,1286,60,722,14,817,72,2489,350,566,27,523,30,644,23,849,30,1421,200
2013,Oaxaca,3110045,Zona Arqueológica de Zaachila,186,65,142,14,295,78,112,14,147,13,90,15,150,61,63,33,52,12,112,21,140,43,502,376
2013,Oaxaca,3120045,Zona Arqueológica de Huamelulpan,81,0,207,0,302,0,634,0,80,0,492,0,114,0,86,0,58,0,153,0,74,0,355,0
2013,Oaxaca,3120131,Zona Arqueológica de Bocana del Río Copalita (con museo de sitio),0,0,0,0,2936,1679,716,664,612,704,400,780,692,919,474,75,417,36,302,72,577,264,553,336
2013,Puebla,3120010,Zona Arqueológica de Cantona,9129,48,5396,39,7789,67,7989,42,4839,39,3285,39,5904,7,6633,26,2630,27,3189,63,4430,55,3757,24
2013,Puebla,3110009,Zona Arqueológica de Cholula con museo de sitio,57041,3982,49029,2568,47480,2744,60321,3940,42719,2330,48921,2230,67878,4526,76706,6232,46909,2659,44591,2431,62525,3378,56333,3628
2013,Puebla,3120090,Zona Arqueológica de San Cristobal Tepatlaxco,544,0,375,0,1906,0,922,0,958,0,598,0,368,0,946,0,642,0,876,0,666,6,648,0
2013,Puebla,3120109,Zona Arqueológica de Tepapayeca,20,0,13,0,44,0,72,0,74,0,20,0,36,0,94,0,22,0,12,0,22,0,32,0
2013,Puebla,3120111,Zona Arqueológica de Tepexi el Viejo,242,0,56,0,170,0,120,0,92,0,194,0,152,0,84,0,106,0,104,0,236,0,364,0
2013,Puebla,3120128,Zona Arqueológica de Yohualichan,6386,51,4440,56,8048,50,10606,120,7953,60,5173,71,7147,89,9608,163,2629,33,5312,45,5850,128,4777,33
2013,Querétaro,3110013,Zona Arqueológica de El Cerrito,1955,217,1955,217,6626,253,1985,210,1528,114,2362,171,4333,323,4230,229,2634,550,2338,180,2506,196,1989,194
2013,Querétaro,3110030,Zona Arqueológica de Ranas,847,17,744,24,1554,57,3814,25,1222,23,931,17,2991,15,1672,0,789,8,827,11,1610,14,423,0
2013,Querétaro,3110034,Zona Arqueológica de Toluquilla,129,3,160,3,182,3,407,0,217,0,253,1,417,9,328,3,159,21,441,2,233,0,172,0
2013,Querétaro,3220021,Zona Arqueológica de Tancama,1126,3,594,4,1317,5,614,3,630,2,281,14,812,22,463,8,341,31,362,3,478,20,206,0
2013,Quintana Roo,3120022,Zona Arqueológica de Cobá,6704,32992,4325,34658,8932,39375,6584,31089,6261,24457,6246,20005,13965,29737,9315,27312,4360,19730,4630,20638,4674,26651,8272,31458
2013,Quintana Roo,3120032,Zona Arqueológica de Dzibanché-Kinichná,1112,492,843,405,1126,283,353,84,421,48,351,201,871,189,504,192,290,32,253,34,575,359,837,191
2013,Quintana Roo,3110015,Zona Arqueológica de El Meco,720,222,470,393,1463,473,876,388,873,210,596,280,1628,272,1044,341,610,237,761,126,576,62,982,149
2013,Quintana Roo,3120038,Zona Arqueológica de El Rey,641,746,497,709,853,669,418,594,613,476,506,474,1359,294,592,464,291,316,412,421,563,487,898,367
2013,Quintana Roo,3110019,Zona Arqueológica de Kohunlich,2889,1775,2101,871,2754,1296,557,942,803,468,664,290,1783,570,1221,648,413,229,836,414,1656,1168,2160,1127
2013,Quintana Roo,3120078,Zona Arqueológica de Muyil,436,279,219,392,323,307,255,223,117,258,81,77,382,60,691,97,44,102,38,136,106,254,456,470
2013,Quintana Roo,3120084,Zona Arqueológica de Oxtankah,950,128,600,57,1173,89,863,19,434,57,372,31,794,62,948,17,388,38,364,25,225,7,986,109
2013,Quintana Roo,3120092,Zona Arqueológica de San Gervasio,6274,18901,3959,13872,4409,14799,3861,10648,2428,7901,1233,4734,2895,9037,2186,6433,1182,4235,1773,7957,4155,12775,6285,19236
2013,Quintana Roo,3110037,Zona Arqueológica de Tulum,46930,86955,26867,71797,35293,95862,26487,77147,27404,60137,33564,60376,82001,73801,51529,71797,21747,33393,22797,56775,30756,57732,55786,82410
2013,Quintana Roo,3110038,Zona Arqueológica de Xcaret,0,0,0,0,48,0,48,0,0,2,0,0,2,0,0,2,2,0,0,0,7,3,4,0
2013,Quintana Roo,3110039,Zona Arqueológica de Xelhá,186,77,144,42,145,43,140,40,141,36,84,34,86,41,168,30,41,46,40,12,114,23,233,91
2013,Quintana Roo,3120014,Zona Arqueológica de Chacchoben,2403,7291,1888,3391,3246,8447,323,4014,305,2408,211,2201,985,3068,191,1509,167,925,1082,2027,129,2930,594,5543
2013,San Luis Potosí,3120099,Zona Arqueológica de Tamohí,421,22,170,27,253,1,584,8,144,1,182,7,430,3,338,0,95,2,55,0,178,0,148,4
2013,San Luis Potosí,3120100,Zona Arqueológica de Tamtoc,370,7,186,3,879,13,746,3,240,2,230,3,230,3,677,3,78,1,29,0,89,1,218,0
2013,Sinaloa,322033,Zona Arqueológica Las Labradas,0,0,0,0,0,0,0,0,0,0,1089,0,1980,0,1480,0,724,0,551,0,553,0,1122,0
2013,Sonora,3210132,Zona Arqueológica de Cerro de las Trincheras,277,34,205,8,232,7,380,8,187,0,153,6,172,0,60,2,293,6,141,1,328,26,252,35
2013,Tabasco,3120023,Zona Arqueológica de Comalcalco con museo de sitio,7332,213,6656,171,7423,95,13414,132,5143,178,6902,84,9005,99,9775,142,4622,99,4030,123,4785,220,4785,220
2013,Tabasco,3110023,Zona Arqueológica de La Venta con museo de sitio,2062,49,1527,116,1482,70,1825,18,756,18,789,24,1232,11,1127,23,1009,27,861,72,883,96,1056,108
2013,Tabasco,3120086,Zona Arqueológica de Pomoná con museo de sitio,105,0,88,0,157,0,175,0,174,0,123,0,224,0,220,0,143,0,148,0,225,0,289,0
2013,Tabasco,3120076,Zona Arqueológica de Malpasito,54,0,105,0,0,0,118,0,180,1,45,0,181,6,211,4,95,0,71,2,96,0,207,4
2013,Tabasco,3120089,Zona Arqueológica de Moral-Reforma,132,0,70,0,450,0,1319,0,760,0,326,0,330,0,202,0,153,0,149,0,187,0,245,0
2013,Tabasco,3220017,Zona Arqueológica de San Claudio,126,0,100,0,134,0,160,0,149,0,95,0,100,0,112,0,75,0,72,0,103,0,96,0
2013,Tamaulipas,3120039,Zona Arqueológica de El Sabinito,7,0,16,0,51,0,66,0,35,0,17,0,43,0,23,0,17,0,17,0,23,0,63,0
2013,Tamaulipas,3120067,Zona Arqueológica de Las Flores,8,0,2,0,90,7,540,5,181,8,247,3,302,22,362,13,152,19,222,13,191,10,196,1
2013,Tlaxcala,3110005,Zona Arqueológica de Cacaxtla con museo de sitio,9125,218,7017,224,6599,218,10469,173,6830,95,6267,150,9246,108,10863,518,7191,169,16260,236,8975,216,7679,106
2013,Tlaxcala,3110105,Zona Arqueológica de Xochitécatl con museo de sitio,12920,124,7053,28,10422,91,7119,83,3865,46,6997,21,5891,0,7165,20,4510,43,9365,19,6018,26,4691,20
2013,Tlaxcala,3110033,Zona Arqueológica de Tizatlán con museo de sitio,375,11,209,2,341,4,78,1,32,0,179,2,42,0,203,19,160,9,360,3,310,27,130,16
2013,Tlaxcala,3120080,Zona Arqueológica de Ocotelulco con museo de sitio,0,0,0,0,0,0,0,0,0,0,0,0,0,0,0,0,0,0,0,0,0,0,0,0
2013,Tlaxcala,3120101,Zona Arqueológica de Tecoaque,207,0,232,0,816,0,301,0,614,0,424,0,590,0,1115,0,343,0,930,0,434,0,389,0
2013,Veracruz,3120011,Zona Arqueológica de Castillo de Teayo con museo de sitio,0,0,0,0,136,0,0,0,0,0,0,0,0,0,0,0,0,0,0,0,0,0,0,0
2013,Veracruz,3120012,Zona Arqueológica de Cempoala con museo de sitio,2976,115,3098,99,7859,66,5993,79,3830,68,3487,72,4832,100,3575,103,1527,19,1799,50,4008,65,4413,104
2013,Veracruz,3120068,Zona Arqueológica de Las Higueras con museo de sitio,41,0,51,0,21,0,113,0,56,0,128,0,29,1,0,0,0,0,17,0,81,0,267,0
2013,Veracruz,3120093,Zona Arqueológica de San Lorenzo Tenochtitlan con museo de sitio,203,0,292,0,656,0,705,0,269,0,258,0,187,0,322,0,111,0,122,0,142,0,341,0
2013,Veracruz,3110016,Zona Arqueológica de El Tajín,34324,769,17602,329,52367,916,75392,601,31442,389,23883,302,42570,491,43038,1438,43237,1438,8924,208,14509,403,28587,442
2013,Veracruz,3220012,Zona Arqueológica de Cuauhtochco,18,0,30,0,20,0,31,0,36,0,0,0,0,0,0,0,0,0,0,0,0,0,0,0
2013,Veracruz,3120123,Zona Arqueológica de Vega de la Peña,25,0,58,3,53,0,91,4,38,2,60,0,0,0,54,3,0,0,28,9,16,9,30,6
2013,Veracruz,3120088,Zona Arqueológica de Quiahuitztlán,1892,45,1226,10,2284,5,2983,21,2369,0,1500,38,2907,48,2482,9,813,4,931,0,1819,20,1985,65
2013,Veracruz,3120024,Zona Arqueológica de Cuajilote,736,0,476,0,387,0,624,0,284,0,284,0,323,0,357,0,188,0,181,0,200,0,220,0
2013,Veracruz,3120030,Zona Arqueológica de Cuyuxquihui,200,0,489,0,0,0,992,0,1376,0,945,0,430,0,600,0,450,0,300,0,200,0,188,0
2013,Veracruz,3220014,Zona Arqueológica de Las Limas,15,0,18,0,51,0,23,0,23,0,12,0,14,0,46,0,0,0,14,0,15,0,12,0
2013,Yucatán,3120001,Zona Arqueológica de Acanceh,940,114,573,67,621,44,730,50,225,31,260,24,673,43,526,41,316,24,346,31,437,39,575,46
2013,Yucatán,3120002,Zona Arqueológica de Aké,589,203,836,45,1082,48,669,87,509,25,528,22,561,56,539,41,466,18,573,26,687,40,557,23
2013,Yucatán,3120004,Zona Arqueológica de Balamcanché,223,42,179,47,472,63,283,24,379,71,227,95,406,26,153,17,92,19,87,12,166,45,263,30
2013,Yucatán,3120015,Zona Arqueológica de Chacmultún,216,27,174,16,117,2,77,5,64,2,87,9,132,1,134,0,53,2,107,10,137,0,94,2
2013,Yucatán,3110008,Zona Arqueológica de Chichén Itzá,43140,103045,88577,65327,92563,64256,114697,93559,95253,72020,98427,72608,148927,109367,152275,112498,78194,63233,70178,57187,88147,71005,159530,89404
2013,Yucatán,3120033,Zona Arqueológica de Dzibilchaltún con museo del Pueblo Maya,7172,2100,6106,1000,5803,3363,4993,1000,4840,2390,5613,3513,8575,1400,7647,2700,5184,1100,4314,1500,6046,1350,8276,1320
2013,Yucatán,3120034,Zona Arqueológica de Ekbalam,5222,8858,3520,12334,6955,8720,4819,13745,3360,6322,3284,5800,6912,9247,7745,10134,2723,6724,3209,5742,4146,7768,4694,6294
2013,Yucatán,3120057,Zona Arqueológica de Kabah,2090,2337,1437,1929,2533,2012,2579,1597,1686,1112,1626,650,3521,1201,1990,1413,646,932,1055,1044,1822,1919,1295,1303
2013,Yucatán,3120064,Zona Arqueológica de Labná,1221,668,790,491,1945,487,1757,406,1387,248,1137,174,1431,270,904,294,271,106,232,201,1194,377,795,285
2013,Yucatán,3120071,Zona Arqueológica de Loltún,2348,303,1659,238,1497,205,2771,271,1294,170,971,112,2509,204,2337,177,587,67,617,84,871,172,1120,153
2013,Yucatán,3120077,Zona Arqueológica de Mayapán,3753,659,1415,328,1368,442,1282,407,697,240,814,171,1277,197,1271,236,423,170,572,192,993,381,1162,156
2013,Yucatán,3120097,Zona Arqueológica de Sayil,1148,750,788,568,1211,547,799,500,947,205,963,170,1512,302,1107,430,474,208,452,196,531,509,732,400
2013,Yucatán,3120122,Zona Arqueológica de Uxmal con museo de sitio,14526,9901,9376,9951,10659,9998,14066,8356,7703,5850,6398,3615,16489,5083,12546,6248,5981,4136,5171,6192,11010,10863,12159,9221
2013,Yucatán,3120126,Zona Arqueológica de Xlapak,1008,0,507,0,477,0,316,0,546,0,399,0,445,0,417,0,355,0,377,0,443,0,706,70
2013,Yucatán,3120083,Zona Arqueológica de Oxkintok,1121,116,766,103,793,114,793,37,513,14,601,24,637,35,537,33,368,20,269,15,344,44,627,56
2013,Yucatán,3120056,Zona Arqueológica de Izamal,446,0,480,0,471,0,1131,0,372,0,344,0,482,0,457,0,346,0,300,0,349,0,418,150
2013,Zacatecas,3120003,Zona Arqueológica de Altavista o Chalchihuites con museo de sitio,294,1,183,0,1270,2,480,4,328,2,289,5,538,3,431,9,280,7,211,0,278,6,421,16
2013,Zacatecas,3110022,Zona Arqueológica de La Quemada con museo de sitio,1397,10,1559,37,4979,24,2195,17,1522,17,1391,50,2877,23,1663,29,1558,4,1675,47,1897,14,1272,29
2013,Zacatecas,3120070,Zona Arqueológica de Las Ventanas,0,0,0,0,0,0,0,0,0,0,0,0,0,0,0,0,0,0,0,0,0,0,0,0
2012,Baja California,3120040,Zona Arqueológica de El Vallecito,759,0,1098,14,1817,0,1737,0,713,19,1455,2,1056,0,632,0,681,0,1204,0,747,0,1008,7
2012,Baja California Sur,3120007,Zona Arqueológica de San Francisco de la Sierra,144,58,232,85,218,71,224,38,150,19,60,19,97,24,69,23,28,6,47,3,111,74,118,30
2012,Campeche,3120005,Zona Arqueológica de Balamkú,915,414,273,276,306,240,736,166,128,173,176,140,500,183,233,197,108,112,118,107,260,210,680,282
2012,Campeche,3110002,Zona Arqueológica de Becán,1853,1093,540,1173,653,1225,1301,623,449,494,409,308,943,583,604,814,311,279,479,419,973,1150,1333,853
2012,Campeche,3120008,Zona Arqueológica de Calakmul,1981,1483,843,1350,1031,1373,2213,733,519,615,427,517,1835,776,948,1162,397,387,540,608,1063,1195,2145,1204
2012,Campeche,3120017,Zona Arqueológica de Chicanná,781,749,313,603,347,756,724,415,182,415,194,286,389,526,312,451,72,216,217,274,466,612,766,487
2012,Campeche,3120020,Zona Arqueológica de Chunhuhub,36,1,42,0,73,3,50,0,42,2,47,0,27,0,37,1,68,0,33,0,58,2,56,3
2012,Campeche,3110011,Zona Arqueológica de Dzibilnocac,488,13,215,8,146,9,525,4,358,1,130,4,279,1,124,2,148,9,146,0,327,7,440,1
2012,Campeche,3110012,Zona Arqueológica de Edzná,6279,1060,3194,1160,5911,961,5291,702,1633,324,2199,271,5820,570,3149,552,1745,176,1868,276,3049,851,5980,830
2012,Campeche,3110017,Zona Arqueológica de El Tigre,854,1,428,4,278,8,628,1,272,1,230,0,385,0,280,12,175,1,161,0,264,3,395,4
2012,Campeche,3120042,Zona Arqueológica de Hochob,462,76,142,41,141,47,301,30,51,6,114,10,203,7,124,8,67,7,108,8,124,27,234,33
2012,Campeche,3120043,Zona Arqueológica de Hormiguero,170,106,120,56,90,37,161,34,47,22,33,27,35,30,35,2,2,2,1,2,201,41,29,22
2012,Campeche,3120058,Zona Arqueológica de Kankí,0,0,0,0,11,0,0,0,0,0,0,0,24,4,12,2,4,0,3,0,4,0,40,30
2012,Campeche,3120079,Zona Arqueológica de Nadzcaan,0,0,0,0,0,0,0,0,0,0,0,0,0,0,0,0,0,0,0,0,0,0,0,0
2012,Campeche,3120096,Zona Arqueológica de Santa Rosa Xtampak,126,14,151,13,126,18,150,1,110,0,39,2,112,5,96,5,49,0,21,0,91,10,74,4
2012,Campeche,3120118,Zona Arqueológica de Tohcok,309,49,64,20,115,24,113,49,123,28,141,27,113,32,98,42,124,27,74,43,87,28,83,20
2012,Campeche,3120125,Zona Arqueológica de Xcalumkín,235,4,42,0,75,2,181,0,204,0,115,0,98,0,140,2,155,0,75,1,119,0,137,3
2012,Campeche,3110041,Zona Arqueológica de Xpuhil,1060,586,512,471,604,427,992,238,345,207,280,211,663,227,338,291,252,123,335,203,764,322,891,391
2012,Campeche,3120098,Zona Arqueológica de Tabasqueño,420,27,204,27,140,21,267,8,42,8,126,0,168,5,199,0,150,2,111,5,290,15,526,12
2012,Chiapas,3110004,Zona Arqueológica de Bonampak,3657,492,2705,100,3312,763,4921,1116,2686,440,2847,600,5736,880,3951,880,2076,187,2471,190,4757,861,5874,1347
2012,Chiapas,3120019,Zona Arqueológica de Chincultic,1130,52,886,47,1338,54,3633,168,1305,69,1097,69,2616,115,1285,109,1598,82,1077,30,1166,45,2083,103
2012,Chiapas,3110018,Zona Arqueológica de Izapa,2170,62,3012,749,3482,1182,3948,1216,4195,1625,4119,684,4617,402,4072,243,0,0,2963,1205,1117,412,11387,1246
2012,Chiapas,3110026,"Zona Arqueológica de Palenque con museo ""Alberto Ruz L´Huiller""",31802,14044,36231,17333,30628,15159,48544,14368,23680,5745,17567,4097,50358,13160,43197,9053,26638,4566,28750,5467,44973,10234,68625,15439
2012,Chiapas,3120103,Zona Arqueológica de Tenam Puente,1299,35,1358,55,5080,69,2344,112,794,64,648,53,1716,29,1475,57,769,47,626,74,1052,105,2042,74
2012,Chiapas,3110035,Zona Arqueológica de Toniná con museo de sitio,7808,187,4018,424,5491,185,7456,302,0,0,2149,12,6313,315,3463,50,1231,76,2444,197,3671,12,7503,207
2012,Chiapas,3110044,Zona Arqueológica de Yaxchilán,2966,1334,1709,661,3965,1654,6155,1328,3481,1120,2624,576,7406,1631,0,0,0,0,0,0,0,0,0,0
2012,Chiapas,3220004,Zona Arqueológica de Chiapa de Corzo,789,81,507,25,328,7,424,7,272,8,155,10,238,17,179,21,144,0,304,0,551,0,614,34
2012,Chiapas,3220028,Zona Arqueológica de Lagartero,0,0,0,0,0,0,0,0,0,0,0,0,0,0,0,0,0,0,0,0,0,0,4075,263
2012,Chiapas,3120134,Zona Arqueológica de Iglesia Vieja,0,0,0,0,0,0,0,0,0,0,0,0,0,0,0,0,0,0,0,0,0,0,614,5
2012,Chihuahua,3110028,Zona Arqueológica de Paquimé con Museo de las Culturas del Norte,1197,37,3071,65,2041,24,4461,87,1493,218,1292,26,1140,35,1646,39,1922,51,2712,37,2185,78,2072,21
2012,Chihuahua,3110010,Zona Arqueológica de Cuarenta Casas,203,2,274,3,246,51,2109,64,324,6,165,0,622,19,660,25,329,14,229,9,303,6,122,7
2012,Chihuahua,3120027,Zona Arqueológica de Cueva de la Olla,193,0,341,3,351,27,282,48,356,21,3166,0,274,0,440,65,531,22,655,27,395,17,240,14
2012,Chihuahua,3120028,Zona Arqueológica de Cueva Grande,9,0,16,0,11,0,155,0,18,0,16,0,44,0,16,0,8,0,37,0,16,0,4,0
2012,Chihuahua,3120049,Zona Arqueológica de Huapoca,10,0,2,0,11,0,143,0,7,0,9,0,44,0,64,0,12,0,37,0,13,0,4,0
2012,Ciudad de México,3120013,Zona Arqueológica de Cerro de la Estrella,6366,0,9300,0,13664,0,15358,0,9217,0,10068,0,9246,0,8379,20,9585,0,9366,70,8439,0,9956,0
2012,Ciudad de México,3120029,Zona Arqueológica de Cuicuilco con museo de sitio,2064,211,3223,193,7346,185,4796,28,2205,8,2564,201,3749,397,3258,196,0,0,2720,0,9257,344,8570,396
2012,Ciudad de México,3120116,Zona Arqueológica de Tlatelolco con museo de sitio,5055,1783,7616,1899,7778,1729,7733,1866,5145,1616,3914,1665,5673,2792,3688,1793,6031,1,7906,2446,9412,2844,15420,3276
2012,Colima,3120035,Zona Arqueológica de El Chanal,546,9,517,3,666,16,537,8,607,23,373,4,444,12,329,6,302,0,492,7,1020,4,545,14
2012,Colima,3120059,Zona Arqueológica de La Campana,931,270,540,377,995,165,940,75,633,0,398,5,387,53,399,9,517,15,378,23,1248,26,723,110
2012,Durango,3110020,Zona Arqueológica de La Ferrería con museo de sitio,362,2,669,5,1449,3,737,2,318,5,394,1,761,17,636,17,1040,0,701,6,858,6,979,13
2012,Estado de México,3110001,Zona Arqueológica de Acozac,1306,0,1306,0,2623,0,1385,0,1362,0,1091,0,1664,3,3437,0,1307,0,822,0,756,0,951,0
2012,Estado de México,3110006,Zona Arqueológica de Calixtlahuaca,2639,1,883,9,3384,20,1775,9,1267,5,6704,11,922,6,1359,6,1246,6,1327,2,1620,11,1600,10
2012,Estado de México,3120018,Zona Arqueológica de Chimalhuacán con museo de sitio,9024,0,6785,0,26022,0,6182,0,4686,0,6886,0,6650,11,8808,0,4853,0,8916,0,7380,0,9622,0
2012,Estado de México,3110014,Zona Arqueológica de El Conde,41,0,183,0,125,0,57,0,54,0,0,0,55,0,71,0,154,0,87,0,97,0,0,0
2012,Estado de México,3120050,Zona Arqueológica de Huexotla,393,0,383,0,391,0,317,0,316,0,0,0,323,0,399,0,374,0,317,0,433,0,389,0
2012,Estado de México,3120072,Zona Arqueológica de Los Melones,1811,7,1000,21,1584,11,1040,8,964,7,1087,2,880,0,643,7,1187,6,988,6,1316,3,1002,2
2012,Estado de México,3120073,Zona Arqueológica de Los Reyes La Paz,545,0,543,1,0,0,765,0,1424,0,811,0,841,0,847,0,795,0,795,0,604,0,703,0
2012,Estado de México,3120075,Zona Arqueológica de Malinalco,10703,228,9973,369,15102,301,15878,228,7465,159,5937,88,8226,167,8634,186,8048,109,8333,180,12108,129,7523,202
2012,Estado de México,3120095,"Zona Arqueológica de Santa Cecilia Acatitla con museo de la Escultura Mexica ""Eusebio Dávalos Hurtado""",572,2,504,4,675,3,868,7,611,2,541,0,459,0,470,14,861,8,4203,13,828,0,1290,0
2012,Estado de México,3120104,Zona Arqueológica de Tenayuca I con museo Xólotl,1199,14,1697,9,1437,9,2278,3,1070,12,763,29,822,25,747,41,1215,13,1314,6,1469,6,2557,19
2012,Estado de México,3120129,Zona Arqueológica de Tenayuca II,370,0,204,0,484,0,333,0,260,0,378,0,1317,0,256,0,431,0,680,0,506,0,394,0
2012,Estado de México,3110031,Zona Arqueológica Teotihuacan (con Museo de Sitio),125110,40012,117711,41845,231504,42073,203682,54243,88493,31942,103809,31780,183275,57849,115679,43196,82857,40511,77578,38029,120188,46118,199405,65180
2012,Estado de México,3110032,Zona Arqueológica de Tetzcotzinco,5746,104,0,0,6587,126,0,0,6004,3,0,0,3359,194,5465,295,5924,123,4486,0,0,0,3893,0
2012,Estado de México,3120115,Zona Arqueológica de Tlapacoya,378,0,376,0,723,0,523,0,239,0,337,0,133,0,204,0,250,0,449,0,382,0,262,0
2012,Estado de México,3120081,Zona Arqueológica de Ocoyoacac,0,0,0,0,0,0,0,0,0,0,0,0,0,0,10,0,11,0,0,0,0,0,0,0
2012,Guanajuato,3120085,Zona Arqueológica de Plazuelas,2298,0,1271,0,2304,0,2721,0,1532,0,1317,0,2393,0,2059,75,1474,37,1123,0,1991,0,1650,34
2012,Guanajuato,3220023,Zona Arqueológica de Peralta,2418,0,1724,0,1844,0,2773,0,1618,0,1404,0,2253,0,2329,35,1318,21,1303,0,1507,0,1838,32
2012,Guanajuato,3220022,Zona Arqueológica de Cañada de la Virgen,1962,0,1541,0,2281,0,3011,0,1159,0,1254,0,2149,0,2239,304,1480,131,1667,0,2162,0,1089,112
2012,Guanajuato,3120133,Zona Arqueológica El Cóporo,0,0,0,0,0,0,0,0,0,0,0,0,0,0,6832,0,1955,14,1514,0,1150,0,1242,20
2012,Guerrero,3120046,Zona Arqueológica de Huamuxtitlán,19,0,79,0,76,0,87,0,62,0,75,0,41,0,55,0,60,0,50,0,50,0,46,0
2012,Guerrero,3120053,Zona Arqueológica de Ixcateopan,80,0,340,0,81,0,69,0,40,0,69,0,77,0,27,0,55,0,60,0,78,0,70,0
2012,Guerrero,3110021,Zona Arqueológica de La Organera Xochipala,187,0,252,0,178,0,411,0,228,0,126,0,131,0,163,0,104,0,190,0,180,0,128,0
2012,Guerrero,3120062,Zona Arqueológica de La Sabana,35,0,64,0,99,0,72,0,57,0,65,0,73,0,66,0,43,0,52,0,61,0,92,0
2012,Guerrero,3120026,Zona Arqueológica de Cuetlajuchitlán (Los Querende),23,1,55,0,31,0,18,0,11,0,47,0,15,0,14,0,70,0,23,0,11,0,55,0
2012,Guerrero,3120074,Zona Arqueológica de Los Tepoltzis,15,0,25,0,50,0,38,0,12,0,20,0,12,0,20,0,16,0,20,0,16,0,20,0
2012,Guerrero,3110027,Zona Arqueológica de Palma Sola,304,20,330,24,790,13,327,47,443,20,251,39,257,1,138,4,159,0,275,3,139,7,313,2
2012,Guerrero,3120106,Zona Arqueológica de Teopantecuanitlán,135,0,112,0,93,0,165,0,80,0,47,0,87,0,32,0,43,0,141,0,61,0,80,0
2012,Guerrero,3220027,Zona Arqueológica de Tehuacalco,1121,53,842,37,9310,236,9855,249,12147,264,12909,300,13830,314,14966,335,15572,339,16217,363,17170,378,18615,402
2012,Guerrero,3120132,Zona Arqueológica Soledad de Maciel,155,134,948,402,320,671,845,158,43,699,292,182,300,45,191,51,162,26,365,46,296,110,666,172
2012,Hidalgo,3120048,Zona Arqueológica de Huapalcalco,1029,10,1116,6,3534,16,1167,7,1092,13,5055,0,1129,38,1013,21,1139,38,1113,35,1266,0,3471,8
2012,Hidalgo,3120110,Zona Arqueológica de Tepeapulco,2924,25,2744,67,6112,61,4089,43,3763,56,2556,0,4040,37,2494,40,2313,54,2676,22,2341,71,3010,31
2012,Hidalgo,3110036,Zona Arqueológica de Tula con museo de sitio,11066,392,11228,592,25911,595,17738,406,10782,520,7494,195,15822,303,9432,323,8139,197,8374,498,10615,558,13201,386
2012,Jalisco,3120054,Zona Arqueológica de Ixtépete,585,0,686,4,7430,34,905,0,770,5,1033,0,520,14,828,14,772,2,492,6,361,10,965,0
2012,Michoacán,3120047,Zona Arqueológica de Huandacareo,179,0,304,4,187,2,481,8,191,0,283,3,203,3,194,0,184,0,164,0,142,0,214,5
2012,Michoacán,3120052,Zona Arqueológica de Ihuatzio,501,30,469,27,786,38,841,18,246,15,656,8,508,11,276,5,477,3,349,11,1056,44,435,17
2012,Michoacán,3120091,Zona Arqueológica de San Felipe los Alzati,530,0,491,0,521,0,596,3,511,0,323,0,534,0,328,0,376,0,503,0,530,0,550,0
2012,Michoacán,3120114,Zona Arqueológica de Tingambato,1303,13,891,24,2300,26,1864,6,1271,5,875,3,1631,57,760,14,1088,6,1339,5,964,18,1881,18
2012,Michoacán,3120119,Zona Arqueológica de Tres Cerritos,30,0,68,6,250,2,237,0,127,0,54,2,55,1,86,0,85,0,38,0,60,0,154,0
2012,Michoacán,3120121,Zona Arqueológica de Tzintzuntzan con museo de sitio,2123,278,1916,363,2967,197,3453,161,2427,147,1631,84,3083,213,2035,124,1563,67,0,0,3803,197,1983,84
2012,Morelos,3110007,Zona Arqueológica de Chalcatzingo,1105,13,1221,23,1472,25,1234,4,756,8,578,10,2215,35,1917,28,996,19,810,18,1228,26,1471,19
2012,Morelos,3110040,Zona Arqueológica de Xochicalco con museo de sitio,9097,1847,10775,1097,15057,1210,12715,1017,13223,884,8418,185,11484,1012,5575,2060,4146,355,11227,1294,11090,1022,11758,612
2012,Morelos,3120021,Zona Arqueológica de Coatetelco con museo de sitio,138,0,123,0,191,0,228,0,272,0,54,0,191,2,107,1,153,0,161,0,250,0,135,0
2012,Morelos,3120069,Zona Arqueológica de Las Pilas,33,0,13,0,136,0,55,0,308,0,337,0,90,0,67,0,66,0,37,0,28,0,35,0
2012,Morelos,3120082,Zona Arqueológica de Olintepec,15,0,10,0,15,0,12,0,17,0,6,0,7,0,13,0,0,0,0,0,0,0,0,0
2012,Morelos,3120112,Zona Arqueológica de Tepozteco,14849,2251,13806,1706,12698,1673,17781,2431,9237,1478,8138,515,15112,1102,14399,928,12189,831,10573,902,15189,1486,19093,1174
2012,Morelos,3120107,Zona Arqueológica de Teopanzolco,857,66,2117,84,1827,47,1336,69,1046,37,1014,43,1973,68,1238,47,3262,27,1179,49,2016,107,1436,31
2012,Morelos,3110043,Zona Arqueológica de Yautepec,199,0,177,6,179,0,230,0,101,0,141,0,159,0,257,0,369,0,91,0,77,0,194,0
2012,Nayarit,3120055,Zona Arqueológica de Ixtlán del Río,1101,15,1656,25,1472,20,1554,17,902,12,697,10,1574,6,1172,4,635,5,646,9,953,4,725,8
2012,Nuevo León,3110003,Zona Arqueológica de Boca de Potrerillos,146,0,154,0,327,0,301,0,390,0,274,0,439,0,341,0,271,0,235,0,263,0,277,0
2012,Oaxaca,3120031,Zona Arqueológica de Dainzú,425,70,270,22,166,27,115,27,198,26,21,6,397,20,169,0,222,5,303,13,168,12,640,8
2012,Oaxaca,3120041,Zona Arqueológica de Guiengola,378,10,240,16,607,36,295,15,174,9,152,0,174,0,155,0,277,0,303,0,338,0,129,0
2012,Oaxaca,3120051,Zona Arqueológica de Huijazoo,193,260,463,163,364,140,397,184,406,117,376,0,371,0,304,0,288,0,277,0,289,0,459,0
2012,Oaxaca,3120065,Zona Arqueológica de Lambityeco,151,10,220,30,40,3,316,19,79,15,105,7,217,7,21,14,26,2,30,6,73,15,291,5
2012,Oaxaca,3110024,Zona Arqueológica de Mitla,4220,1687,2896,1228,6216,2126,10211,1188,4822,1261,6997,414,10755,2100,4423,1114,2157,445,5436,1225,6378,1938,13808,890
2012,Oaxaca,3110025,Zona Arqueológica de Monte Albán con museo de sitio,33643,3309,31429,5615,32570,5435,36350,6621,19031,2779,15406,2212,53891,6783,24706,4803,13144,2241,17539,3898,22797,2977,42391,5607
2012,Oaxaca,3110042,Zona Arqueológica de Yagul,931,278,919,252,1267,245,2386,273,1296,68,995,65,1632,150,879,444,526,13,1258,150,1186,165,2143,150
2012,Oaxaca,3110045,Zona Arqueológica de Zaachila,284,52,190,48,174,29,269,67,153,12,156,23,308,96,91,45,100,82,99,15,182,87,233,107
2012,Oaxaca,3120045,Zona Arqueológica de Huamelulpan,77,4,67,2,113,0,60,3,60,1,100,0,55,0,40,0,49,0,244,0,40,0,175,0
2012,Puebla,3120010,Zona Arqueológica de Cantona,4081,33,2173,16,3949,90,4441,30,1927,28,2277,9,2500,50,3016,24,1723,17,2910,38,3611,17,8648,42
2012,Puebla,3110009,Zona Arqueológica de Cholula con museo de sitio,24415,1037,22039,1099,37504,1633,34900,1579,17232,970,15797,0,28580,0,27616,0,26790,532,20045,807,30861,2793,46439,2641
2012,Puebla,3120090,Zona Arqueológica de San Cristobal Tepatlaxco,597,0,395,0,898,0,656,0,372,0,418,0,291,0,463,0,415,0,398,0,384,0,1004,0
2012,Puebla,3120109,Zona Arqueológica de Tepapayeca,0,0,19,0,0,22,29,0,10,0,34,0,18,0,39,0,13,0,11,0,20,0,44,0
2012,Puebla,3120111,Zona Arqueológica de Tepexi el Viejo,80,0,65,0,138,0,255,0,64,0,80,0,57,0,80,0,42,0,68,0,80,0,140,0
2012,Puebla,3120128,Zona Arqueológica de Yohualichan,3908,91,2043,56,4947,72,7645,55,6298,29,3467,21,3365,51,3600,49,2204,40,3307,27,4213,45,4324,44
2012,Querétaro,3110013,Zona Arqueológica de El Cerrito,1650,99,1838,112,4091,12,2362,93,1489,126,1526,0,3285,193,2779,257,1477,125,2190,95,2436,114,2733,250
2012,Querétaro,3110030,Zona Arqueológica de Ranas,1043,61,949,27,2839,162,3934,47,1175,26,1148,0,1976,15,1908,50,690,22,1178,10,1655,18,1705,5
2012,Querétaro,3110034,Zona Arqueológica de Toluquilla,141,8,250,3,668,3,573,14,393,5,411,0,271,5,202,8,231,0,252,12,212,6,233,9
2012,Querétaro,3220021,Zona Arqueológica de Tancama,127,11,469,47,592,22,1432,21,462,11,352,0,582,2,533,0,490,8,506,0,743,5,659,5
2012,Quintana Roo,3120022,Zona Arqueológica de Cobá,6914,42136,7671,36426,8733,38346,9636,36353,5292,27806,3971,22370,9455,33341,10511,40025,6043,16076,3463,13611,5252,36402,9834,43592
2012,Quintana Roo,3120032,Zona Arqueológica de Dzibanché-Kinichná,1427,585,864,600,873,254,942,132,230,53,554,35,896,78,400,36,570,56,500,42,706,212,1146,350
2012,Quintana Roo,3110015,Zona Arqueológica de El Meco,1021,315,661,247,2200,400,533,338,419,460,170,319,1421,597,972,360,931,321,603,255,633,201,2030,389
2012,Quintana Roo,3120038,Zona Arqueológica de El Rey,560,393,400,394,736,558,546,435,312,370,483,285,800,384,664,365,657,372,257,346,399,544,1122,665
2012,Quintana Roo,3110019,Zona Arqueológica de Kohunlich,3518,1943,2488,2530,2992,1154,2400,683,494,198,898,339,2033,452,807,252,748,224,805,189,2595,1561,3555,1466
2012,Quintana Roo,3120078,Zona Arqueológica de Muyil,77,295,110,361,347,339,281,132,235,109,66,135,635,111,78,119,108,150,83,129,39,172,597,479
2012,Quintana Roo,3120084,Zona Arqueológica de Oxtankah,1174,77,738,28,822,50,1001,54,572,45,478,69,824,32,430,17,503,24,445,23,787,99,1168,48
2012,Quintana Roo,3120092,Zona Arqueológica de San Gervasio,3811,16664,2951,11568,4698,14098,3071,10040,1650,5723,1363,5030,3582,9529,1931,7130,1245,4985,1414,5726,2446,9309,4490,19355
2012,Quintana Roo,3110037,Zona Arqueológica de Tulum,36677,61671,32043,53578,45869,61133,51697,75350,31652,48938,40731,57085,67317,66385,49699,69342,29736,32456,20399,39131,32392,72971,51083,71977
2012,Quintana Roo,3110038,Zona Arqueológica de Xcaret,0,0,0,0,0,0,0,0,28,0,23,0,19,0,0,0,8,0,0,0,0,3,180,0
2012,Quintana Roo,3110039,Zona Arqueológica de Xelhá,130,66,486,161,192,61,128,49,89,24,215,45,94,36,112,36,53,16,59,12,159,30,83,93
2012,Quintana Roo,3120014,Zona Arqueológica de Chacchoben,2635,6697,1578,5812,2362,4070,1527,4506,700,1420,1136,2313,882,2050,241,1078,760,1161,1007,3159,2291,5588,2715,5210
2012,San Luis Potosí,3120099,Zona Arqueológica de Tamohí,241,1,106,0,309,6,533,5,112,3,157,0,281,0,355,0,103,0,105,4,171,9,169,5
2012,San Luis Potosí,3120100,Zona Arqueológica de Tamtoc,408,4,247,0,1118,3,893,1,415,13,247,0,0,0,179,0,121,0,219,0,318,2,654,6
2012,Sonora,3210132,Zona Arqueológica de Cerro de las Trincheras,0,0,0,0,0,0,0,0,0,0,0,0,504,23,91,0,88,0,390,8,223,28,266,4
2012,Tabasco,3120023,Zona Arqueológica de Comalcalco con museo de sitio,7457,252,6100,171,8657,184,13406,167,4804,78,6896,84,8529,99,8413,75,5253,84,4910,81,7061,156,8101,168
2012,Tabasco,3110023,Zona Arqueológica de La Venta con museo de sitio,2640,123,826,65,859,37,1044,62,868,24,603,12,1528,20,1056,6,665,16,814,8,1070,46,1323,45
2012,Tabasco,3120086,Zona Arqueológica de Pomoná con museo de sitio,108,0,136,17,136,17,202,0,51,0,100,0,146,0,235,0,87,0,81,0,129,0,111,0
2012,Tabasco,3120076,Zona Arqueológica de Malpasito,180,0,225,0,51,0,386,0,219,0,267,0,238,2,126,3,25,0,140,0,52,0,90,0
2012,Tabasco,3120089,Zona Arqueológica de Moral-Reforma,360,1,138,0,138,0,1000,0,154,0,109,0,200,0,238,0,117,0,124,0,154,0,182,0
2012,Tabasco,3220017,Zona Arqueológica de San Claudio,58,0,44,0,44,0,48,0,68,0,53,0,71,0,123,0,77,0,87,0,112,0,163,0
2012,Tamaulipas,3120039,Zona Arqueológica de El Sabinito,27,0,0,0,56,0,17,0,43,6,8,0,12,0,19,0,34,0,38,0,7,0,7,0
2012,Tamaulipas,3120067,Zona Arqueológica de Las Flores,26,0,0,0,49,0,150,0,72,0,9,0,36,0,3,0,21,0,6,0,32,10,37,0
2012,Tlaxcala,3110005,Zona Arqueológica de Cacaxtla con museo de sitio,7773,321,6070,341,8950,345,10670,225,6803,212,6958,150,11130,284,10631,231,12460,333,18303,214,11052,209,7076,144
2012,Tlaxcala,3110105,Zona Arqueológica de Xochitécatl con museo de sitio,8442,47,7636,49,11763,85,11183,62,4756,30,5720,20,7547,22,7938,18,8460,122,9552,148,8472,27,11625,99
2012,Tlaxcala,3110033,Zona Arqueológica de Tizatlán con museo de sitio,260,35,343,35,309,52,283,11,181,8,137,0,243,0,191,1,145,35,156,73,270,0,312,3
2012,Tlaxcala,3120080,Zona Arqueológica de Ocotelulco con museo de sitio,0,0,0,0,0,0,0,0,0,0,0,0,0,0,0,0,0,0,0,0,0,0,0,0
2012,Tlaxcala,3120101,Zona Arqueológica de Tecoaque,0,0,0,0,0,0,0,0,0,0,0,0,0,0,0,0,0,0,0,0,0,0,0,0
2012,Veracruz,3120011,Zona Arqueológica de Castillo de Teayo con museo de sitio,327,9,148,0,319,3,413,1,144,0,80,0,250,0,187,0,0,0,88,0,106,0,0,0
2012,Veracruz,3120012,Zona Arqueológica de Cempoala con museo de sitio,1826,62,3644,127,7183,120,6146,129,4218,37,2907,38,4018,101,3433,50,2335,21,2528,194,3768,68,5080,182
2012,Veracruz,3120068,Zona Arqueológica de Las Higueras con museo de sitio,0,0,37,0,13,0,24,0,65,0,79,0,87,0,93,0,127,0,83,0,107,3,97,0
2012,Veracruz,3120093,Zona Arqueológica de San Lorenzo Tenochtitlan con museo de sitio,99,0,173,3,388,1,801,14,267,8,147,0,192,0,169,0,157,0,249,0,378,0,405,0
2012,Veracruz,3110016,Zona Arqueológica de El Tajín,28052,700,15458,601,60236,3550,66017,1360,35066,406,25912,176,38582,283,39413,437,12260,240,11743,257,22744,512,20339,353
2012,Veracruz,3220012,Zona Arqueológica de Cuauhtochco,0,0,22,0,29,0,28,0,20,0,26,0,35,0,24,0,13,0,14,0,17,0,57,0
2012,Veracruz,3120123,Zona Arqueológica de Vega de la Peña,31,4,23,4,99,0,56,6,25,3,83,0,24,2,7,0,10,0,20,2,39,3,31,8
2012,Veracruz,3120088,Zona Arqueológica de Quiahuitztlán,1873,19,1524,96,2256,44,3727,36,2463,29,1728,13,2238,11,2058,40,1788,27,1420,15,1746,8,1598,34
2012,Veracruz,3120024,Zona Arqueológica de Cuajilote,583,0,430,0,518,0,1174,0,323,0,232,0,586,0,462,0,220,0,206,0,296,0,561,0
2012,Veracruz,3120030,Zona Arqueológica de Cuyuxquihui,200,0,660,0,341,0,200,0,854,0,150,0,150,0,400,0,207,0,250,0,300,0,415,0
2012,Veracruz,3220014,Zona Arqueológica de Las Limas,30,0,43,0,14,0,27,0,11,0,31,0,13,0,12,0,12,0,11,0,15,0,29,0
2012,Yucatán,3120001,Zona Arqueológica de Acanceh,808,225,756,192,499,109,798,112,411,56,607,39,721,41,645,33,261,35,231,20,498,43,522,34
2012,Yucatán,3120002,Zona Arqueológica de Aké,741,65,872,85,1061,86,558,58,472,14,357,25,632,80,676,54,386,18,659,12,731,46,330,32
2012,Yucatán,3120004,Zona Arqueológica de Balamcanché,188,85,194,45,1164,71,380,60,631,72,138,21,358,50,430,64,278,29,210,40,517,80,806,228
2012,Yucatán,3120015,Zona Arqueológica de Chacmultún,232,24,202,17,163,8,182,4,143,1,117,1,90,30,156,4,83,0,126,2,179,3,179,9
2012,Yucatán,3110008,Zona Arqueológica de Chichén Itzá,86138,59350,70250,47457,94129,49039,77135,48623,64026,37290,60690,39985,72680,52087,79133,55533,75289,49753,61950,37696,79962,51046,102953,45479
2012,Yucatán,3120033,Zona Arqueológica de Dzibilchaltún con museo del Pueblo Maya,5072,825,8287,1616,11811,1420,10151,2213,5399,1500,6248,1850,8177,1800,8307,600,5001,1759,6701,2779,7247,1300,9592,1200
2012,Yucatán,3120034,Zona Arqueológica de Ekbalam,6437,11135,3331,11459,5753,9863,5090,9409,2926,4801,3765,4677,5535,12399,6304,7354,5648,6920,1906,3902,5251,7592,15722,11516
2012,Yucatán,3120057,Zona Arqueológica de Kabah,1818,2960,1229,2075,2579,2361,2360,1569,3366,1280,2123,768,1891,1380,1893,1868,798,1171,1922,1151,2095,2206,1615,2109
2012,Yucatán,3120064,Zona Arqueológica de Labná,1489,963,1006,611,1931,679,1838,560,1037,304,1462,231,1283,346,858,699,395,144,878,210,1529,612,1059,876
2012,Yucatán,3120071,Zona Arqueológica de Loltún,3911,565,2269,428,2239,495,3327,428,1899,285,1556,233,3441,374,3887,425,1192,155,1322,201,2100,331,2865,412
2012,Yucatán,3120077,Zona Arqueológica de Mayapán,1937,263,1750,394,1476,180,1709,178,1756,151,839,80,1249,161,1643,297,818,180,984,197,963,227,1159,261
2012,Yucatán,3120097,Zona Arqueológica de Sayil,1180,726,743,838,1211,599,1443,418,832,252,717,251,692,300,979,545,578,223,662,194,1045,535,822,573
2012,Yucatán,3120122,Zona Arqueológica de Uxmal con museo de sitio,16619,11486,10121,9834,11686,11824,14421,8023,11029,7757,6868,4338,16640,5948,14268,7854,5255,4230,9142,5306,10601,11137,15895,8787
2012,Yucatán,3120126,Zona Arqueológica de Xlapak,668,272,502,208,751,213,642,97,566,79,346,0,411,0,501,0,230,46,270,0,626,0,426,0
2012,Yucatán,3120083,Zona Arqueológica de Oxkintok,1048,119,761,67,1431,61,775,58,684,23,334,17,581,50,897,54,548,16,345,33,436,73,633,110
2012,Yucatán,3120056,Zona Arqueológica de Izamal,457,0,281,0,533,100,392,0,325,0,281,0,387,0,585,0,257,28,410,0,343,0,519,0
2012,Zacatecas,3120003,Zona Arqueológica de Altavista o Chalchihuites con museo de sitio,247,9,347,4,828,3,752,3,386,1,691,8,742,14,642,15,276,2,332,6,337,0,195,8
2012,Zacatecas,3110022,Zona Arqueológica de La Quemada con museo de sitio,854,20,693,14,3056,51,3483,37,1446,19,1339,17,2689,15,1905,13,874,19,1839,35,1779,17,2194,11
2012,Zacatecas,3120070,Zona Arqueológica de Las Ventanas,0,0,0,0,0,0,0,0,0,0,0,0,0,0,0,0,0,0,0,0,0,0,0,0
2011,Baja California,3120040,Zona Arqueológica de El Vallecito,748,3,481,0,1535,2,2404,0,599,2,1320,12,1242,2,727,9,707,6,1435,0,786,2,977,27
2011,Baja California Sur,3120007,Zona Arqueológica de San Francisco de la Sierra,84,82,98,159,146,73,64,54,95,30,49,11,222,19,118,7,34,58,72,27,114,14,179,48
2011,Campeche,3120005,Zona Arqueológica de Balamkú,750,218,252,181,280,273,449,167,204,126,141,167,454,149,314,287,138,108,189,87,342,200,331,159
2011,Campeche,3110002,Zona Arqueológica de Becán,1155,652,467,656,777,616,1197,516,363,244,478,351,872,453,1040,749,434,238,229,394,382,717,675,561
2011,Campeche,3120008,Zona Arqueológica de Calakmul,2701,1444,649,976,788,784,1528,1033,985,642,642,655,1731,706,1326,1455,536,529,512,556,522,1047,625,618
2011,Campeche,3120017,Zona Arqueológica de Chicanná,607,797,233,785,373,890,377,835,195,336,120,334,372,381,353,643,150,277,66,391,271,526,279,267
2011,Campeche,3120020,Zona Arqueológica de Chunhuhub,64,0,78,7,34,0,80,0,76,4,104,0,24,0,40,0,39,0,2,0,95,0,6,0
2011,Campeche,3110011,Zona Arqueológica de Dzibilnocac,680,5,223,2,280,24,242,54,246,2,182,5,236,6,151,8,89,0,6,0,143,8,125,4
2011,Campeche,3110012,Zona Arqueológica de Edzná,6317,691,1710,518,2101,517,3862,193,1725,343,1958,234,3591,518,4489,942,1934,257,1938,460,2979,833,2326,422
2011,Campeche,3110017,Zona Arqueológica de El Tigre,1024,22,406,6,410,4,255,0,837,27,250,1,452,0,385,0,227,4,114,0,776,0,92,1
2011,Campeche,3120042,Zona Arqueológica de Hochob,457,46,38,18,126,17,240,34,134,10,68,26,140,25,168,11,46,4,114,4,129,14,84,18
2011,Campeche,3120043,Zona Arqueológica de Hormiguero,264,78,70,55,80,33,154,36,58,15,20,20,57,29,137,34,31,12,0,0,119,35,32,23
2011,Campeche,3120058,Zona Arqueológica de Kankí,0,0,0,0,21,0,0,0,0,0,0,0,0,0,0,0,0,0,0,0,0,0,0,0
2011,Campeche,3120079,Zona Arqueológica de Nadzcaan,0,0,0,0,0,0,0,0,0,0,0,0,0,0,0,0,0,0,0,0,0,0,0,0
2011,Campeche,3120096,Zona Arqueológica de Santa Rosa Xtampak,265,2,32,25,131,6,173,14,85,7,37,16,47,2,69,5,33,2,42,2,34,2,57,1
2011,Campeche,3120118,Zona Arqueológica de Tohcok,168,41,173,88,205,13,168,41,88,29,92,14,110,53,96,22,0,0,80,23,72,27,154,34
2011,Campeche,3120125,Zona Arqueológica de Xcalumkín,263,1,251,0,303,5,266,1,151,24,132,6,176,0,256,7,116,0,51,0,137,2,202,3
2011,Campeche,3110041,Zona Arqueológica de Xpuhil,894,422,466,350,511,350,818,253,317,192,433,276,781,219,646,425,340,185,274,249,446,289,706,264
2011,Campeche,3120098,Zona Arqueológica de Tabasqueño,505,37,101,12,132,8,308,19,253,2,131,19,54,1,146,2,47,27,56,5,119,7,85,16
2011,Chiapas,3110004,Zona Arqueológica de Bonampak,4670,1331,2248,791,1989,596,9788,738,4644,526,2368,45,4482,482,2971,602,1923,466,1139,35,1523,1683,20662,2436
2011,Chiapas,3120019,Zona Arqueológica de Chincultic,1536,111,1130,44,1105,48,4136,188,1033,62,1955,81,1952,41,1207,118,1357,87,1022,86,777,78,3144,86
2011,Chiapas,3110018,Zona Arqueológica de Izapa,1844,1219,1818,1270,3573,495,3083,1557,2047,540,1587,14,3687,69,1284,63,2768,1122,1962,1653,2492,2831,5272,858
2011,Chiapas,3110026,"Zona Arqueológica de Palenque con museo ""Alberto Ruz L´Huiller""",11827,13055,9076,13846,20299,13481,54042,13083,17868,7767,14539,7443,79695,13662,35598,17485,13251,9021,12368,11200,16682,19575,84417,11773
2011,Chiapas,3120103,Zona Arqueológica de Tenam Puente,1041,62,492,101,3108,129,2347,51,1546,37,3474,126,1512,74,1090,54,862,20,829,32,1102,39,1450,69
2011,Chiapas,3110035,Zona Arqueológica de Toniná con museo de sitio,6470,825,4528,349,8672,516,14355,691,7692,82,11410,145,28541,509,9105,791,5145,247,2475,279,4839,208,11787,550
2011,Chiapas,3110044,Zona Arqueológica de Yaxchilán,4969,2385,1710,1974,1888,2328,6880,2371,5222,1800,2109,523,7227,1146,6526,588,1937,407,1651,2248,1802,1467,16641,1419
2011,Chiapas,3220004,Zona Arqueológica de Chiapa de Corzo,311,44,209,7,911,8,307,1,183,0,188,0,195,0,418,0,264,6,231,15,355,23,1024,122
2011,Chihuahua,3110028,Zona Arqueológica de Paquimé con Museo de las Culturas del Norte,1661,7,1483,46,3273,35,3553,129,2402,3,1957,16,2720,22,3165,75,1613,10,2361,30,2170,32,2098,48
2011,Chihuahua,3110010,Zona Arqueológica de Cuarenta Casas,425,3,129,10,379,15,2053,10,328,7,495,5,1011,30,518,21,315,0,634,6,277,1,69,3
2011,Chihuahua,3120027,Zona Arqueológica de Cueva de la Olla,391,18,393,23,268,20,1318,197,1339,37,254,20,332,13,828,27,441,10,414,16,350,8,316,15
2011,Chihuahua,3120028,Zona Arqueológica de Cueva Grande,12,0,4,0,26,0,202,0,8,0,9,0,23,0,18,0,29,0,6,0,12,0,4,0
2011,Chihuahua,3120049,Zona Arqueológica de Huapoca,0,0,3,2,26,0,217,0,14,0,6,0,23,0,15,0,29,0,14,0,12,0,0,0
2011,Ciudad de México,3120013,Zona Arqueológica de Cerro de la Estrella,10954,0,8785,0,17049,0,19907,74,10262,0,9184,0,10669,0,8383,0,9628,0,9245,0,7698,0,8538,0
2011,Ciudad de México,3120029,Zona Arqueológica de Cuicuilco con museo de sitio,5909,412,5846,361,21949,253,6319,235,3115,203,5861,261,3457,269,4049,314,8822,343,4971,278,6453,275,3398,19
2011,Ciudad de México,3120116,Zona Arqueológica de Tlatelolco con museo de sitio,4609,1463,4495,1499,7138,1634,6372,1735,4056,1330,4801,1217,6589,1047,5936,635,6871,1615,11088,1841,7078,2047,6567,2252
2011,Colima,3120035,Zona Arqueológica de El Chanal,504,10,492,0,730,9,665,5,416,4,695,45,357,15,294,3,447,4,539,8,655,4,582,24
2011,Colima,3120059,Zona Arqueológica de La Campana,310,191,309,169,718,228,471,71,239,5,239,15,449,29,309,49,382,227,254,60,708,110,958,107
2011,Durango,3110020,Zona Arqueológica de La Ferrería con museo de sitio,666,12,457,2,1064,2,757,5,240,9,510,6,902,16,352,1,610,5,648,6,607,2,393,3
2011,Estado de México,3110001,Zona Arqueológica de Acozac,854,0,820,0,3137,0,1166,0,1242,0,914,0,1375,5,1432,0,1198,0,1368,0,1232,11,1217,0
2011,Estado de México,3110006,Zona Arqueológica de Calixtlahuaca,1826,6,829,8,1535,14,2173,10,2252,16,923,4,1103,4,1301,10,1396,7,1289,13,1401,14,929,0
2011,Estado de México,3120018,Zona Arqueológica de Chimalhuacán con museo de sitio,3651,2,6355,0,12826,0,4629,0,3818,0,4039,0,3743,0,3418,0,9781,0,12421,0,11532,0,6384,0
2011,Estado de México,3110014,Zona Arqueológica de El Conde,24,0,105,0,37,0,91,0,0,0,46,0,77,0,82,0,210,0,109,0,69,0,0,0
2011,Estado de México,3120050,Zona Arqueológica de Huexotla,224,0,0,0,670,0,908,0,153,0,0,0,352,0,792,0,175,0,309,0,595,0,305,0
2011,Estado de México,3120072,Zona Arqueológica de Los Melones,1402,5,706,0,1389,0,1149,0,1149,0,553,3,1674,11,705,10,1251,10,1315,14,1059,18,1625,12
2011,Estado de México,3120073,Zona Arqueológica de Los Reyes La Paz,606,0,690,0,1343,0,1314,0,587,0,758,0,770,5,808,0,783,0,641,0,851,0,652,0
2011,Estado de México,3120075,Zona Arqueológica de Malinalco,13232,250,8018,339,13967,279,15648,329,5552,191,6811,127,8029,166,9037,112,8851,154,6992,183,7739,209,5469,220
2011,Estado de México,3120095,"Zona Arqueológica de Santa Cecilia Acatitla con museo de la Escultura Mexica ""Eusebio Dávalos Hurtado""",479,0,1014,6,1650,6,772,5,360,0,800,84,0,0,652,19,493,12,595,0,0,0,704,15
2011,Estado de México,3120104,Zona Arqueológica de Tenayuca I con museo Xólotl,1133,9,1962,10,4346,12,1268,6,641,0,865,11,856,0,937,22,1179,22,1741,5,1616,34,1296,22
2011,Estado de México,3120129,Zona Arqueológica de Tenayuca II,297,0,311,0,429,0,299,0,266,156,286,0,0,0,477,0,419,0,369,0,354,0,331,0
2011,Estado de México,3110031,Zona Arqueológica Teotihuacan (con Museo de Sitio),136289,42322,111018,35047,384470,40982,174374,38280,64064,26434,43621,62795,146821,48455,117059,38167,93819,39796,95819,40571,185175,48964,171543,48554
2011,Estado de México,3110032,Zona Arqueológica de Tetzcotzinco,5336,33,2561,87,4497,71,5876,26,5606,108,4729,192,0,0,5233,51,6823,0,5133,90,0,0,7025,209
2011,Estado de México,3120115,Zona Arqueológica de Tlapacoya,275,0,285,2,0,0,173,0,282,0,492,0,388,0,227,0,282,3,435,0,561,0,194,0
2011,Guanajuato,3120085,Zona Arqueológica de Plazuelas,2711,0,1482,0,2570,0,3107,0,1111,0,1630,0,1715,0,1819,0,1188,0,1079,0,1838,0,1570,0
2011,Guanajuato,3220023,Zona Arqueológica de Peralta,0,0,0,0,0,0,0,0,0,0,1742,0,2411,0,2200,0,1550,0,1125,0,1259,0,1395,0
2011,Guanajuato,3220022,Zona Arqueológica de Cañada de la Virgen,0,0,0,0,0,0,0,0,0,0,0,0,0,0,0,0,1713,0,1190,0,1994,0,1160,0
2011,Guerrero,3120046,Zona Arqueológica de Huamuxtitlán,24,0,66,0,73,0,96,0,68,0,75,0,90,0,86,0,87,0,60,0,61,0,65,0
2011,Guerrero,3120053,Zona Arqueológica de Ixcateopan,178,0,478,0,200,0,75,0,60,0,37,0,25,0,83,0,108,0,58,0,111,0,115,2
2011,Guerrero,3110021,Zona Arqueológica de La Organera Xochipala,181,0,240,0,288,0,209,0,110,0,200,0,259,0,195,0,298,0,260,0,304,0,369,0
2011,Guerrero,3120062,Zona Arqueológica de La Sabana,18,0,29,0,41,0,33,0,36,0,42,0,48,0,28,0,33,0,30,0,23,0,31,0
2011,Guerrero,3120026,Zona Arqueológica de Cuetlajuchitlán (Los Querende),13,0,60,0,30,0,20,0,20,0,48,1,42,0,25,1,16,0,15,0,14,1,22,0
2011,Guerrero,3120074,Zona Arqueológica de Los Tepoltzis,0,0,0,0,0,0,0,0,0,0,20,0,15,0,10,0,13,0,20,0,16,0,22,0
2011,Guerrero,3110027,Zona Arqueológica de Palma Sola,416,116,494,92,524,56,555,8,281,86,398,4,260,12,462,6,110,81,348,27,348,6,436,40
2011,Guerrero,3120106,Zona Arqueológica de Teopantecuanitlán,57,0,145,0,121,0,162,0,104,0,35,0,33,0,37,0,74,3,46,0,28,0,120,0
2011,Guerrero,3220027,Zona Arqueológica de Tehuacalco,2570,513,1095,169,4288,149,2757,166,1377,343,1293,24,973,9,1424,17,609,0,682,95,1128,28,1214,28
2011,Guerrero,3120132,Zona Arqueológica Soledad de Maciel,0,0,0,0,0,0,0,0,278,45,575,0,289,51,170,34,248,5,313,14,105,25,92,0
2011,Hidalgo,3120048,Zona Arqueológica de Huapalcalco,990,6,2779,27,6409,13,1388,8,1269,3,2114,8,1097,8,1629,0,1298,0,3153,18,1551,6,853,0
2011,Hidalgo,3120110,Zona Arqueológica de Tepeapulco,3432,24,2798,24,9531,64,4037,34,2489,66,2405,62,0,0,2284,32,2171,132,3040,25,4124,63,3529,13
2011,Hidalgo,3110036,Zona Arqueológica de Tula con museo de sitio,11506,458,11264,601,26199,498,16629,208,8042,349,8046,253,14548,179,9927,316,6998,194,10071,419,10851,373,11977,334
2011,Jalisco,3120036,Zona Arqueológica de El Grillo,0,0,0,0,0,0,0,0,0,0,0,0,0,0,0,0,0,0,0,0,0,0,0,0
2011,Jalisco,3120054,Zona Arqueológica de Ixtépete,72,0,433,10,12351,99,742,66,499,42,665,0,1158,0,944,6,2018,8,577,25,658,28,580,5
2011,Jalisco,3120113,Zona Arqueológica de Teuchitlán,0,0,0,0,29850,1000,0,0,0,0,0,0,0,0,0,0,0,0,0,0,0,0,0,0
2011,Michoacán,3120047,Zona Arqueológica de Huandacareo,228,7,206,3,264,2,481,12,129,0,103,0,189,0,73,0,64,0,99,0,140,0,228,4
2011,Michoacán,3120052,Zona Arqueológica de Ihuatzio,439,30,0,0,1176,40,1161,0,511,16,486,14,550,0,440,52,505,24,687,30,722,50,555,71
2011,Michoacán,3120091,Zona Arqueológica de San Felipe los Alzati,692,0,703,0,1156,0,1100,0,599,0,494,0,495,0,415,0,422,0,507,0,396,0,703,0
2011,Michoacán,3120114,Zona Arqueológica de Tingambato,1006,9,1204,18,2706,25,1871,18,832,11,957,6,1294,7,1040,18,797,3,1147,16,996,13,1439,21
2011,Michoacán,3120119,Zona Arqueológica de Tres Cerritos,0,0,345,0,0,0,165,0,0,0,0,0,34,0,46,0,86,0,0,0,410,0,33,0
2011,Michoacán,3120121,Zona Arqueológica de Tzintzuntzan con museo de sitio,1032,204,1626,210,2898,265,4564,217,1646,99,1352,163,2831,222,1311,121,1273,94,2795,167,2499,204,2978,218
2011,Morelos,3110007,Zona Arqueológica de Chalcatzingo,1926,7,1071,11,3176,23,1727,39,797,7,924,5,1287,32,1677,41,1443,24,1174,15,1625,13,1876,97
2011,Morelos,3110040,Zona Arqueológica de Xochicalco con museo de sitio,47970,1155,67265,864,83479,2670,66969,2454,6119,591,7300,303,5708,982,8430,807,8609,919,7869,849,8260,843,11772,279
2011,Morelos,3120021,Zona Arqueológica de Coatetelco con museo de sitio,220,6,162,5,349,3,217,0,108,4,60,0,220,1,123,0,34,0,56,0,89,0,123,0
2011,Morelos,3120069,Zona Arqueológica de Las Pilas,9,0,143,0,289,0,68,0,243,0,42,0,49,0,59,0,67,0,75,0,128,0,24,0
2011,Morelos,3120082,Zona Arqueológica de Olintepec,15,0,13,0,0,0,12,0,18,0,4,0,8,0,6,0,4,0,9,0,9,0,11,0
2011,Morelos,3120112,Zona Arqueológica de Tepozteco,14527,4009,1423,122,16427,2604,11270,4049,8607,1998,9496,1572,13063,2820,10535,2851,11371,2658,10243,2135,10594,1681,22078,4663
2011,Morelos,3120107,Zona Arqueológica de Teopanzolco,1571,220,10715,1902,2823,78,2241,28,992,30,900,60,2063,132,2787,177,2468,90,4917,87,1463,48,1342,54
2011,Morelos,3110043,Zona Arqueológica de Yautepec,43,3,91,5,346,4,128,0,310,6,59,0,113,3,134,2,229,0,250,0,193,0,191,13
2011,Nayarit,3120055,Zona Arqueológica de Ixtlán del Río,1717,115,1154,126,1475,69,1397,106,806,24,811,5,1377,19,1208,15,807,14,1013,12,1288,7,1240,14
2011,Nuevo León,3110003,Zona Arqueológica de Boca de Potrerillos,113,0,129,2,272,0,506,0,150,1,129,0,152,3,103,4,83,0,112,0,108,3,179,10
2011,Oaxaca,3120031,Zona Arqueológica de Dainzú,225,51,144,26,131,47,176,74,157,61,230,34,249,60,201,26,117,34,169,20,312,3,559,72
2011,Oaxaca,3120041,Zona Arqueológica de Guiengola,298,31,287,16,298,8,273,8,258,15,150,4,147,5,230,13,395,16,252,13,259,7,193,3
2011,Oaxaca,3120051,Zona Arqueológica de Huijazoo,175,81,152,62,351,74,350,129,324,106,378,147,4589,133,409,228,429,155,398,239,378,220,747,435
2011,Oaxaca,3120065,Zona Arqueológica de Lambityeco,96,4,102,15,332,15,505,46,67,16,26,4,231,5,40,5,212,300,0,0,300,3,487,19
2011,Oaxaca,3110024,Zona Arqueológica de Mitla,5621,1516,4265,1931,5881,2203,11687,1807,3872,1162,3981,882,13738,2764,2963,1022,2848,921,4898,2019,7917,2440,12694,1035
2011,Oaxaca,3110025,Zona Arqueológica de Monte Albán con museo de sitio,49294,3445,33326,2568,41699,3051,42980,3548,14358,2450,13607,2234,46681,5841,28203,3555,16647,2123,17689,3448,23940,4361,56013,3083
2011,Oaxaca,3110042,Zona Arqueológica de Yagul,1165,224,822,136,783,200,1766,180,1011,70,1109,66,1737,159,1019,175,234,27,1133,100,1154,245,2148,225
2011,Oaxaca,3110045,Zona Arqueológica de Zaachila,410,92,338,26,303,11,420,66,126,14,282,18,905,35,532,50,1349,117,97,12,177,38,831,78
2011,Oaxaca,3120045,Zona Arqueológica de Huamelulpan,84,0,63,0,150,0,89,0,55,1,75,9,58,10,33,0,48,5,59,3,75,3,164,10
2011,Puebla,3120010,Zona Arqueológica de Cantona,3586,119,2418,52,5446,21,3932,39,1506,25,1599,9,2572,64,3219,48,1556,44,1700,11,2106,39,1958,52
2011,Puebla,3110009,Zona Arqueológica de Cholula con museo de sitio,22863,1385,17158,703,39299,1113,30711,1752,15977,1077,16972,938,23968,1213,21923,1211,19072,1222,15978,729,22874,1312,17971,1145
2011,Puebla,3120090,Zona Arqueológica de San Cristobal Tepatlaxco,390,0,320,0,2181,0,632,0,440,0,493,0,773,0,561,2,539,0,407,0,548,0,469,0
2011,Puebla,3120109,Zona Arqueológica de Tepapayeca,6,0,26,2,31,0,22,0,9,0,38,0,20,0,10,0,6,1,15,0,39,0,16,0
2011,Puebla,3120111,Zona Arqueológica de Tepexi el Viejo,86,0,95,0,61,0,61,0,60,0,105,0,68,0,94,0,65,0,75,0,73,0,122,0
2011,Puebla,3120128,Zona Arqueológica de Yohualichan,3506,61,2507,114,4426,65,6866,110,3565,42,2951,124,2866,68,3486,90,1894,45,1400,39,1409,47,2358,26
2011,Querétaro,3110013,Zona Arqueológica de El Cerrito,1626,0,1780,0,11227,0,2721,0,1001,0,1424,0,2194,0,2549,0,2346,0,2819,0,2088,0,2441,0
2011,Querétaro,3110030,Zona Arqueológica de Ranas,1302,0,1454,0,2325,0,4547,0,1034,0,1868,0,2020,0,2117,0,354,0,2870,0,2299,0,2016,0
2011,Querétaro,3110034,Zona Arqueológica de Toluquilla,285,0,247,0,398,0,791,0,68,49,255,0,159,0,240,0,298,0,354,0,330,0,290,0
2011,Querétaro,3220021,Zona Arqueológica de Tancama,0,0,0,0,0,0,0,0,175,0,70,0,75,0,215,0,277,0,613,0,575,0,630,0
2011,Quintana Roo,3120022,Zona Arqueológica de Cobá,13087,31550,8899,26880,11597,28434,11209,26652,4273,16443,6794,19486,9259,21954,7238,25044,6685,17459,3408,18479,7222,31062,10051,37476
2011,Quintana Roo,3120032,Zona Arqueológica de Dzibanché-Kinichná,1615,943,1565,936,1761,1042,1042,244,423,175,438,104,1062,54,677,171,373,114,470,55,617,146,1606,507
2011,Quintana Roo,3110015,Zona Arqueológica de El Meco,456,211,449,216,882,296,204,224,231,167,186,395,897,224,629,208,1072,175,742,185,656,237,1070,318
2011,Quintana Roo,3120038,Zona Arqueológica de El Rey,379,413,287,395,188,524,334,406,84,273,182,418,795,330,272,311,180,255,217,230,216,319,637,499
2011,Quintana Roo,3110019,Zona Arqueológica de Kohunlich,5231,3278,4128,2383,4835,2138,2717,1517,2040,840,1597,874,2254,552,1806,539,1253,574,1464,517,2484,1345,4319,1830
2011,Quintana Roo,3120078,Zona Arqueológica de Muyil,61,298,25,246,115,201,88,133,43,153,1,144,163,89,54,87,9,119,0,77,101,187,101,196
2011,Quintana Roo,3120084,Zona Arqueológica de Oxtankah,831,73,452,105,676,43,932,28,620,58,470,84,1163,26,477,28,621,27,420,16,491,51,997,31
2011,Quintana Roo,3120092,Zona Arqueológica de San Gervasio,2626,14540,3340,12167,2795,13484,3587,10685,1343,7484,1140,7062,1261,5143,1968,6352,1060,5231,1111,5358,3018,10094,4109,12122
2011,Quintana Roo,3110037,Zona Arqueológica de Tulum,33752,67991,27851,46899,33937,63252,42677,67857,25704,47724,20412,45406,58203,68199,34133,60106,23782,40704,21251,31350,29260,52772,64262,77804
2011,Quintana Roo,3110038,Zona Arqueológica de Xcaret,2,0,0,0,5,0,0,0,0,0,0,0,0,0,0,0,0,0,0,0,0,0,23,0
2011,Quintana Roo,3110039,Zona Arqueológica de Xelhá,244,48,110,26,71,36,124,32,70,28,96,33,108,31,82,23,79,16,96,26,177,36,233,49
2011,Quintana Roo,3120014,Zona Arqueológica de Chacchoben,4076,8490,1855,4497,774,4333,2475,6025,1087,1759,877,2007,519,633,472,447,890,1500,354,1341,1020,2130,3272,5334
2011,San Luis Potosí,3120099,Zona Arqueológica de Tamohí,338,7,132,3,883,0,419,10,141,0,168,0,208,0,181,7,142,13,53,2,166,22,140,3
2011,San Luis Potosí,3120100,Zona Arqueológica de Tamtoc,653,9,0,0,634,0,876,30,384,0,87,3,299,0,238,6,260,6,122,5,587,13,594,1
2011,Tabasco,3120023,Zona Arqueológica de Comalcalco con museo de sitio,2778,101,5830,258,12435,144,12618,91,946,49,5518,134,7216,106,8519,121,3487,53,2623,34,4471,149,4807,138
2011,Tabasco,3110023,Zona Arqueológica de La Venta con museo de sitio,445,40,1097,108,1445,101,2759,43,2790,49,1616,43,2117,108,2012,45,687,21,642,13,960,58,2589,141
2011,Tabasco,3120086,Zona Arqueológica de Pomoná con museo de sitio,65,28,476,7,372,10,223,0,44,3,121,40,223,8,202,7,111,0,111,0,47,26,188,53
2011,Tabasco,3120076,Zona Arqueológica de Malpasito,22,11,145,2,280,0,135,0,56,3,25,23,110,0,61,13,52,3,92,18,235,18,164,67
2011,Tabasco,3120089,Zona Arqueológica de Moral-Reforma,40,16,179,0,64,18,766,0,56,7,402,110,398,0,187,0,162,50,59,0,73,0,188,59
2011,Tabasco,3220017,Zona Arqueológica de San Claudio,41,25,66,1,85,5,121,0,32,4,41,30,22,0,26,0,53,0,26,0,28,0,172,48
2011,Tamaulipas,3120039,Zona Arqueológica de El Sabinito,47,0,17,0,37,0,0,0,111,0,0,0,35,0,16,0,27,0,27,0,0,0,0,0
2011,Tamaulipas,3120067,Zona Arqueológica de Las Flores,0,0,10,0,75,6,127,0,25,0,77,0,57,0,0,0,0,0,0,0,58,17,59,0
2011,Tlaxcala,3110005,Zona Arqueológica de Cacaxtla con museo de sitio,8304,313,6603,446,8619,291,12135,381,5990,268,6226,240,10011,217,9617,318,8687,252,20333,327,8395,343,7456,208
2011,Tlaxcala,3110105,Zona Arqueológica de Xochitécatl con museo de sitio,8171,242,6284,133,12524,195,8855,191,4367,31,6872,29,11670,40,8829,26,6944,52,12278,75,8825,51,8579,30
2011,Tlaxcala,3110033,Zona Arqueológica de Tizatlán con museo de sitio,336,15,121,12,129,37,498,41,175,63,235,53,328,50,316,43,323,16,446,18,344,10,408,31
2011,Veracruz,3120011,Zona Arqueológica de Castillo de Teayo con museo de sitio,148,1,280,0,567,0,207,0,160,6,88,0,209,0,112,8,181,0,158,0,149,0,244,6
2011,Veracruz,3120012,Zona Arqueológica de Cempoala con museo de sitio,4622,105,4026,153,17068,419,7474,281,4927,176,3785,90,4024,327,3824,135,2101,79,1967,13,3177,88,4364,172
2011,Veracruz,3120068,Zona Arqueológica de Las Higueras con museo de sitio,22,0,43,0,69,5,175,0,34,0,0,0,54,0,116,0,0,0,0,0,0,0,161,0
2011,Veracruz,3120093,Zona Arqueológica de San Lorenzo Tenochtitlan con museo de sitio,373,2,250,3,325,0,751,2,516,15,182,16,215,5,190,0,123,0,94,2,94,2,214,0
2011,Veracruz,3110016,Zona Arqueológica de El Tajín,46578,1068,14929,671,78648,1132,58027,686,36851,979,27188,609,30637,677,31640,509,15440,397,10974,168,15018,451,16847,707
2011,Veracruz,3220012,Zona Arqueológica de Cuauhtochco,25,0,56,0,20,0,17,0,14,0,11,0,12,5,17,0,38,0,14,0,7,3,28,10
2011,Veracruz,3120123,Zona Arqueológica de Vega de la Peña,21,6,37,0,129,3,113,8,32,0,29,3,80,0,60,6,34,7,50,6,52,4,33,4
2011,Veracruz,3120088,Zona Arqueológica de Quiahuitztlán,2662,109,1587,26,3525,115,3681,160,1942,16,2440,33,2119,59,1995,26,1006,6,1018,16,1598,18,1019,26
2011,Veracruz,3120024,Zona Arqueológica de Cuajilote,1364,0,201,0,556,0,1651,0,446,0,299,0,473,0,672,0,360,0,427,0,217,163,543,0
2011,Veracruz,3120030,Zona Arqueológica de Cuyuxquihui,0,0,600,0,200,0,400,0,260,0,0,0,250,0,446,4,300,0,300,0,150,0,250,0
2011,Veracruz,3220014,Zona Arqueológica de Las Limas,0,0,48,0,22,0,56,0,5,0,9,0,9,0,9,0,9,0,14,0,21,0,15,0
2011,Yucatán,3120001,Zona Arqueológica de Acanceh,614,217,658,131,641,87,770,105,330,51,482,47,664,202,765,241,209,32,309,82,591,81,609,115
2011,Yucatán,3120002,Zona Arqueológica de Aké,1075,97,518,46,1086,81,643,61,517,32,361,29,561,71,588,58,264,10,640,17,793,55,747,72
2011,Yucatán,3120004,Zona Arqueológica de Balamcanché,502,181,278,149,409,106,888,122,298,79,447,80,233,83,320,87,203,52,115,16,343,71,198,39
2011,Yucatán,3120015,Zona Arqueológica de Chacmultún,127,6,148,16,226,4,256,0,147,0,122,15,229,0,193,8,105,3,101,0,116,8,167,0
2011,Yucatán,3110008,Zona Arqueológica de Chichén Itzá,101060,67705,42893,57944,103458,80944,86639,75544,41410,49286,54459,43943,80697,63336,71586,66755,42518,31627,39812,31049,54224,44767,66832,41515
2011,Yucatán,3120033,Zona Arqueológica de Dzibilchaltún con museo del Pueblo Maya,11671,2154,9474,1255,18907,1125,27152,2110,10446,989,6023,458,13837,1324,16213,1050,18289,1166,7356,328,9801,798,16333,1935
2011,Yucatán,3120034,Zona Arqueológica de Ekbalam,5351,6237,4062,2439,4614,6040,5512,5492,3547,5832,4428,6203,5831,5543,6823,6911,3085,5062,2642,3854,4282,6550,6408,7950
2011,Yucatán,3120057,Zona Arqueológica de Kabah,1922,2727,1950,1854,2499,2386,2377,1583,1176,1320,2707,933,2411,1283,1542,2039,868,1198,1049,1147,1951,1240,1709,1507
2011,Yucatán,3120064,Zona Arqueológica de Labná,1756,834,1754,585,1344,785,1631,461,960,328,1840,293,1771,476,1457,613,674,244,768,332,1803,573,1393,599
2011,Yucatán,3120071,Zona Arqueológica de Loltún,4544,596,1742,378,1889,438,3193,469,1922,387,1795,303,3608,471,3883,442,1410,217,1107,218,1804,381,2520,361
2011,Yucatán,3120077,Zona Arqueológica de Mayapán,1791,302,1293,292,1212,209,1573,228,766,137,1282,73,1371,198,1273,262,717,108,789,149,1467,222,1567,270
2011,Yucatán,3120097,Zona Arqueológica de Sayil,1555,660,454,693,1043,545,1122,451,488,333,1093,266,1250,410,943,575,485,216,373,243,792,605,981,517
2011,Yucatán,3120122,Zona Arqueológica de Uxmal con museo de sitio,14471,8688,7555,10101,10394,12073,11712,7322,8978,6044,6928,4181,13874,5536,13451,9076,5635,4615,6096,5163,9831,11070,11316,7436
2011,Yucatán,3120126,Zona Arqueológica de Xlapak,809,0,394,214,814,181,636,162,345,0,712,90,613,127,530,163,604,150,238,90,324,183,679,154
2011,Yucatán,3120083,Zona Arqueológica de Oxkintok,1401,97,760,57,832,133,668,50,526,53,490,19,508,51,692,83,383,30,419,16,350,99,759,58
2011,Yucatán,3120056,Zona Arqueológica de Izamal,568,0,295,0,1082,0,417,0,379,0,288,0,292,0,480,50,185,80,200,70,243,50,687,0
2011,Zacatecas,3120003,Zona Arqueológica de Altavista o Chalchihuites con museo de sitio,368,3,241,3,1805,1,322,0,187,0,395,5,441,6,479,0,400,4,185,5,260,0,192,1
2011,Zacatecas,3110022,Zona Arqueológica de La Quemada con museo de sitio,1515,50,1213,28,4798,423,4006,45,898,35,1320,62,2692,48,2194,41,1709,21,1849,11,1276,46,1123,42
2010,Baja California,3120040,Zona Arqueológica de El Vallecito,1077,5,509,13,1200,15,737,34,729,14,661,20,567,0,981,28,694,3,972,0,794,5,575,6
2010,Baja California Sur,3120007,Zona Arqueológica de San Francisco de la Sierra,133,65,165,271,213,68,150,89,46,20,42,22,144,39,63,10,33,5,88,10,49,43,197,113
2010,Campeche,3120005,Zona Arqueológica de Balamkú,676,358,186,263,188,221,423,194,163,144,266,116,422,160,518,262,78,103,127,105,328,179,164,119
2010,Campeche,3110002,Zona Arqueológica de Becán,1152,855,625,883,604,733,1287,490,561,286,382,269,710,430,843,863,333,207,520,230,646,446,532,263
2010,Campeche,3120008,Zona Arqueológica de Calakmul,2862,1178,760,1068,806,1031,1822,816,934,563,803,462,1156,726,1642,1281,396,370,358,487,1261,836,592,531
2010,Campeche,3120017,Zona Arqueológica de Chicanná,849,702,193,587,340,704,388,677,218,338,164,392,307,441,237,631,148,231,79,385,194,745,307,301
2010,Campeche,3120020,Zona Arqueológica de Chunhuhub,49,0,24,0,36,2,26,2,71,0,25,0,23,0,22,0,9,0,8,0,109,0,21,2
2010,Campeche,3110011,Zona Arqueológica de Dzibilnocac,0,0,78,2,201,6,212,4,224,2,125,2,142,5,52,0,36,2,60,2,190,2,148,3
2010,Campeche,3110012,Zona Arqueológica de Edzná,5443,739,1846,812,2791,602,4265,464,2684,246,1881,191,3431,470,3827,515,950,226,1719,193,813,306,1531,462
2010,Campeche,3110017,Zona Arqueológica de El Tigre,872,7,355,2,410,2,358,1,299,2,412,0,445,0,133,3,284,0,252,3,170,3,380,9
2010,Campeche,3120042,Zona Arqueológica de Hochob,454,87,92,94,69,39,210,35,109,9,83,4,232,25,214,23,67,9,127,6,48,13,91,32
2010,Campeche,3120043,Zona Arqueológica de Hormiguero,72,22,57,38,29,30,144,21,76,16,59,5,89,14,127,28,28,15,90,11,221,33,50,12
2010,Campeche,3120058,Zona Arqueológica de Kankí,0,0,0,0,40,0,0,0,0,0,0,0,0,0,0,0,0,0,0,0,0,0,0,0
2010,Campeche,3120079,Zona Arqueológica de Nadzcaan,0,0,0,0,0,0,0,0,0,0,0,0,0,0,0,0,0,0,0,0,0,0,0,0
2010,Campeche,3120096,Zona Arqueológica de Santa Rosa Xtampak,197,15,43,7,132,12,82,7,62,9,0,0,139,7,62,9,38,9,18,0,56,6,42,0
2010,Campeche,3120118,Zona Arqueológica de Tohcok,140,116,67,30,30,0,65,9,128,23,116,34,137,32,118,83,161,15,72,63,186,35,203,10
2010,Campeche,3120125,Zona Arqueológica de Xcalumkín,257,7,37,2,182,7,0,0,30,7,60,0,58,4,194,4,61,4,199,0,31,1,154,9
2010,Campeche,3110041,Zona Arqueológica de Xpuhil,1337,393,363,345,422,305,748,194,111,149,328,184,352,218,470,316,113,115,104,114,305,268,294,179
2010,Campeche,3120098,Zona Arqueológica de Tabasqueño,324,6,89,32,145,10,279,3,60,8,53,0,270,16,121,7,135,4,40,2,135,7,64,1
2010,Chiapas,3110004,Zona Arqueológica de Bonampak,2236,2102,1040,564,1364,1133,3378,2567,1390,210,1060,490,1973,2166,9140,817,1734,407,1732,490,1934,506,3363,402
2010,Chiapas,3120019,Zona Arqueológica de Chincultic,0,0,0,0,511,12,3011,98,1281,807,865,54,1966,94,1597,48,735,32,1002,47,1000,59,2187,137
2010,Chiapas,3110018,Zona Arqueológica de Izapa,1928,1090,1337,1154,2717,1465,2310,1216,1055,1467,919,472,2877,114,2100,107,1014,147,1083,843,1290,1259,1624,1452
2010,Chiapas,3110026,"Zona Arqueológica de Palenque con museo ""Alberto Ruz L´Huiller""",35903,15090,19149,21050,32619,15842,37343,8572,14248,18642,11211,12591,19058,25192,17007,10535,7366,4345,8664,5181,7964,4982,26752,20312
2010,Chiapas,3120103,Zona Arqueológica de Tenam Puente,735,55,556,58,1053,114,1818,52,1164,37,980,48,1918,113,820,60,370,18,387,26,405,8,867,34
2010,Chiapas,3110035,Zona Arqueológica de Toniná con museo de sitio,9841,653,2106,143,6499,293,5220,776,4543,416,6805,267,6979,678,5362,584,3023,385,3307,320,5153,554,9330,681
2010,Chiapas,3110044,Zona Arqueológica de Yaxchilán,4380,4304,733,970,4164,1626,4436,2740,1850,1023,1203,1514,2834,3108,3282,1100,2452,1007,1454,408,2400,1085,2790,991
2010,Chiapas,3220004,Zona Arqueológica de Chiapa de Corzo,0,0,316,4,545,2,212,0,395,35,229,4,491,26,758,56,94,62,218,10,287,35,398,63
2010,Chihuahua,3110028,Zona Arqueológica de Paquimé con Museo de las Culturas del Norte,2461,36,2490,38,1395,23,4582,35,2389,32,3509,62,964,7,3916,72,2785,19,1964,34,2598,43,2604,14
2010,Chihuahua,3110010,Zona Arqueológica de Cuarenta Casas,344,8,88,0,472,10,2100,39,373,11,425,13,824,28,555,0,659,19,326,10,182,12,296,4
2010,Chihuahua,3120027,Zona Arqueológica de Cueva de la Olla,0,0,0,0,0,0,0,0,0,0,0,0,0,0,0,0,0,0,0,0,500,18,171,5
2010,Chihuahua,3120028,Zona Arqueológica de Cueva Grande,0,0,0,0,0,0,0,0,0,0,0,0,0,0,0,0,0,0,0,0,19,0,0,0
2010,Chihuahua,3120049,Zona Arqueológica de Huapoca,0,0,0,0,0,0,0,0,0,0,0,0,0,0,0,0,0,0,0,0,19,0,0,0
2010,Ciudad de México,3120013,Zona Arqueológica de Cerro de la Estrella,9393,0,8199,0,12133,0,3312,0,10442,0,8778,0,11047,0,11569,0,12266,0,10750,15,10353,0,8328,0
2010,Ciudad de México,3120029,Zona Arqueológica de Cuicuilco con museo de sitio,5786,433,6225,336,15412,380,4657,297,6721,520,4356,360,7379,473,7410,465,10606,185,11969,633,5528,196,4288,324
2010,Ciudad de México,3120116,Zona Arqueológica de Tlatelolco con museo de sitio,5271,1422,5009,1307,8603,1316,5938,1258,5823,1122,4935,1004,5544,1847,5660,1583,7255,1214,9151,1376,5112,1818,4506,1588
2010,Colima,3120035,Zona Arqueológica de El Chanal,422,5,465,8,441,13,505,15,334,5,523,8,505,19,213,0,432,12,331,10,509,6,482,17
2010,Colima,3120059,Zona Arqueológica de La Campana,235,617,708,495,699,465,564,174,423,14,672,14,581,15,245,5,251,6,173,16,574,312,680,298
2010,Durango,3110020,Zona Arqueológica de La Ferrería con museo de sitio,1066,24,983,12,1679,9,778,6,221,0,597,8,847,5,825,15,683,4,304,8,774,7,769,18
2010,Estado de México,3110001,Zona Arqueológica de Acozac,3307,0,0,0,2321,0,0,0,3039,0,2525,0,0,0,0,0,0,0,1752,0,938,0,425,0
2010,Estado de México,3110006,Zona Arqueológica de Calixtlahuaca,1292,25,949,41,10417,29,1703,3,1517,4,1253,26,976,13,1416,19,1426,46,1735,8,1537,14,1432,0
2010,Estado de México,3120018,Zona Arqueológica de Chimalhuacán con museo de sitio,3784,0,5357,0,7773,0,3971,0,2896,0,3264,0,2440,0,3453,0,3080,0,15087,0,3926,0,3596,0
2010,Estado de México,3110014,Zona Arqueológica de El Conde,17,0,68,0,53,0,60,0,42,0,42,0,53,0,26,0,41,0,0,0,163,0,88,0
2010,Estado de México,3120050,Zona Arqueológica de Huexotla,272,0,255,0,629,0,236,0,336,0,266,0,291,0,440,0,238,0,256,0,415,0,286,0
2010,Estado de México,3120072,Zona Arqueológica de Los Melones,2980,11,843,0,1020,26,1121,0,984,9,870,30,1104,29,639,0,905,13,192,0,812,0,1700,0
2010,Estado de México,3120073,Zona Arqueológica de Los Reyes La Paz,940,31,1724,36,0,0,866,19,2008,28,1127,13,645,5,1292,0,855,0,850,0,1080,0,872,0
2010,Estado de México,3120075,Zona Arqueológica de Malinalco,11267,260,6586,294,10432,175,11658,195,5516,96,4971,114,5527,164,8349,241,6614,158,6848,185,8042,254,5838,107
2010,Estado de México,3120095,"Zona Arqueológica de Santa Cecilia Acatitla con museo de la Escultura Mexica ""Eusebio Dávalos Hurtado""",528,13,761,9,1556,12,0,0,512,6,855,0,552,7,527,7,535,8,971,2,724,12,964,6
2010,Estado de México,3120104,Zona Arqueológica de Tenayuca I con museo Xólotl,1350,9,1792,17,14027,52,1131,0,1317,0,1128,0,1065,20,1489,8,957,5,1525,1,1234,0,685,13
2010,Estado de México,3120129,Zona Arqueológica de Tenayuca II,218,0,224,0,393,0,249,0,260,0,181,0,239,0,0,0,322,0,364,0,0,0,415,0
2010,Estado de México,3110031,Zona Arqueológica Teotihuacan (con Museo de Sitio),112747,41709,81328,33196,197561,54435,160005,53906,113605,29024,82415,28848,112534,52130,115494,49835,74168,32674,101574,37604,119749,39938,148962,51659
2010,Estado de México,3110032,Zona Arqueológica de Tetzcotzinco,3487,0,3854,0,5107,5,4327,0,2474,0,1482,0,1459,10,2435,7,1669,0,2687,0,4325,34,4737,59
2010,Estado de México,3120115,Zona Arqueológica de Tlapacoya,391,0,602,2,1216,0,738,0,828,0,631,0,242,0,269,0,371,0,486,0,771,0,280,0
2010,Guanajuato,3120085,Zona Arqueológica de Plazuelas,3281,0,1422,0,2773,0,3111,0,1322,0,1726,0,1724,0,1737,0,1749,0,1049,0,1124,0,772,0
2010,Guerrero,3120046,Zona Arqueológica de Huamuxtitlán,46,0,58,0,102,0,41,0,96,0,95,0,86,0,57,0,80,0,99,0,91,0,138,0
2010,Guerrero,3120053,Zona Arqueológica de Ixcateopan,110,0,677,0,26,0,83,0,82,0,36,0,56,0,56,1,60,0,57,0,58,0,105,0
2010,Guerrero,3110021,Zona Arqueológica de La Organera Xochipala,281,2,228,0,266,4,291,0,174,0,127,0,320,0,251,6,295,16,614,0,338,0,187,0
2010,Guerrero,3120062,Zona Arqueológica de La Sabana,22,0,9,0,7,0,14,0,15,0,7,0,3,0,12,0,19,0,12,0,19,0,5,0
2010,Guerrero,3120026,Zona Arqueológica de Cuetlajuchitlán (Los Querende),14,0,17,0,15,0,22,0,30,0,21,0,14,0,15,0,16,0,13,0,26,0,28,0
2010,Guerrero,3120074,Zona Arqueológica de Los Tepoltzis,33,0,25,0,105,0,16,0,10,0,10,0,10,0,5,0,12,0,5,0,5,0,3,0
2010,Guerrero,3110027,Zona Arqueológica de Palma Sola,448,234,338,233,886,326,847,190,936,219,770,55,604,46,443,10,479,15,373,59,432,224,249,80
2010,Guerrero,3120106,Zona Arqueológica de Teopantecuanitlán,106,2,87,0,210,0,290,0,57,0,133,2,70,0,43,0,70,0,65,0,80,0,189,0
2010,Guerrero,3220027,Zona Arqueológica de Tehuacalco,4565,942,1737,609,4008,614,3349,335,2045,610,2038,51,1541,26,1960,47,444,53,1002,362,1133,564,1583,248
2010,Hidalgo,3120048,Zona Arqueológica de Huapalcalco,1094,27,1138,28,4345,19,366,21,972,28,413,12,807,71,343,8,674,8,771,15,623,12,1236,18
2010,Hidalgo,3120110,Zona Arqueológica de Tepeapulco,3075,83,2367,88,13834,104,2418,44,1854,52,1815,64,2165,60,2984,16,1644,27,2055,23,1664,31,3121,34
2010,Hidalgo,3110036,Zona Arqueológica de Tula con museo de sitio,10778,309,7601,715,18199,377,14307,389,10100,334,6480,375,17513,436,11501,420,6515,286,9360,397,9634,561,9749,487
2010,Jalisco,3120036,Zona Arqueológica de El Grillo,15,26,2,0,11,0,2,0,2,0,2,0,2,0,3,0,2,0,0,0,0,0,0,0
2010,Jalisco,3120054,Zona Arqueológica de Ixtépete,97,43,270,68,11736,133,17,0,5,0,5,0,5,0,6,0,41,0,3,0,33,0,69,0
2010,Jalisco,3120113,Zona Arqueológica de Teuchitlán,0,0,0,0,26010,2740,0,0,0,0,0,0,0,0,0,0,0,0,0,0,0,0,0,0
2010,Michoacán,3120047,Zona Arqueológica de Huandacareo,194,6,94,2,136,6,559,7,868,1,437,0,374,8,267,8,206,4,188,2,131,0,199,3
2010,Michoacán,3120052,Zona Arqueológica de Ihuatzio,409,61,575,48,1426,83,1124,96,966,40,887,30,412,40,308,61,438,0,946,26,722,49,522,30
2010,Michoacán,3120091,Zona Arqueológica de San Felipe los Alzati,413,0,255,0,826,0,1100,0,367,0,250,0,0,0,234,0,343,0,882,0,478,0,484,0
2010,Michoacán,3120114,Zona Arqueológica de Tingambato,1724,31,1074,38,3232,42,1813,22,1558,9,1312,9,1747,30,1492,28,894,6,1214,30,1219,38,897,34
2010,Michoacán,3120119,Zona Arqueológica de Tres Cerritos,27,12,124,0,61,0,322,7,52,0,100,0,68,0,424,0,0,0,56,0,0,0,50,0
2010,Michoacán,3120121,Zona Arqueológica de Tzintzuntzan con museo de sitio,3209,473,2037,659,5930,413,3858,308,3502,244,2385,234,3353,373,1516,243,2594,358,3294,322,2900,437,1507,164
2010,Morelos,3110007,Zona Arqueológica de Chalcatzingo,1196,23,1248,4,2587,5,1165,8,897,8,1029,6,1469,50,1678,31,978,16,1004,15,1663,5,1161,18
2010,Morelos,3110040,Zona Arqueológica de Xochicalco con museo de sitio,44887,1537,66385,1100,83894,1305,84874,2075,71534,615,65219,522,92743,1436,86272,1026,72521,1608,69159,930,76281,668,67485,734
2010,Morelos,3120021,Zona Arqueológica de Coatetelco con museo de sitio,132,9,87,5,304,0,228,0,95,0,60,1,163,0,120,5,137,0,103,0,181,0,95,0
2010,Morelos,3120069,Zona Arqueológica de Las Pilas,46,4,70,0,142,0,106,1,25,2,252,0,158,0,49,1,88,0,72,0,10,1,59,5
2010,Morelos,3120082,Zona Arqueológica de Olintepec,11,0,4,0,53,0,5,0,0,0,50,18,60,0,7,0,16,15,35,35,25,5,30,1
2010,Morelos,3120112,Zona Arqueológica de Tepozteco,18194,1484,15054,565,13423,3090,11170,1259,9680,1542,6315,1023,11259,1557,13062,1726,7929,2237,8091,1840,10805,3024,7867,2424
2010,Morelos,3120107,Zona Arqueológica de Teopanzolco,1863,120,1264,111,2758,89,1384,136,1354,46,1245,113,2064,198,1555,175,823,61,2742,153,1247,116,885,60
2010,Morelos,3110043,Zona Arqueológica de Yautepec,341,6,177,1,503,0,112,7,134,4,266,2,343,11,190,13,417,3,239,11,155,2,130,4
2010,Nayarit,3120055,Zona Arqueológica de Ixtlán del Río,1209,22,980,38,1430,28,1769,21,1336,0,1215,4,1157,42,1536,10,905,0,744,30,1015,39,886,58
2010,Nuevo León,3110003,Zona Arqueológica de Boca de Potrerillos,192,14,298,26,518,7,306,0,161,2,62,0,142,0,133,0,54,0,420,12,180,4,194,9
2010,Oaxaca,3120031,Zona Arqueológica de Dainzú,511,75,372,39,532,77,458,55,425,24,253,16,619,123,235,52,109,4,199,17,216,20,315,34
2010,Oaxaca,3120041,Zona Arqueológica de Guiengola,201,8,189,7,536,20,277,5,142,4,138,6,110,16,137,5,145,6,156,2,230,30,334,7
2010,Oaxaca,3120051,Zona Arqueológica de Huijazoo,141,78,147,66,209,72,219,71,180,8,165,68,579,182,200,69,194,75,204,61,151,54,417,177
2010,Oaxaca,3120065,Zona Arqueológica de Lambityeco,58,0,72,30,162,15,195,2,110,8,18,0,170,6,117,6,70,2,107,2,111,5,137,40
2010,Oaxaca,3110024,Zona Arqueológica de Mitla,10642,1709,4250,1356,7536,1799,12235,1332,5420,1608,7394,633,15087,1567,9665,1057,4263,878,5355,1019,7041,2564,16391,1081
2010,Oaxaca,3110025,Zona Arqueológica de Monte Albán con museo de sitio,30060,4986,22705,3635,36857,4523,43212,3477,26258,2870,18603,2288,60533,6071,37067,4404,16406,2398,19350,2895,30724,4228,50174,6012
2010,Oaxaca,3110042,Zona Arqueológica de Yagul,673,271,966,242,1134,270,735,118,1090,121,565,105,1800,322,1588,250,1764,199,710,132,1407,239,1182,161
2010,Oaxaca,3110045,Zona Arqueológica de Zaachila,415,65,328,44,391,65,447,26,231,18,446,26,1031,56,888,82,636,51,318,23,480,44,719,52
2010,Oaxaca,3120045,Zona Arqueológica de Huamelulpan,61,2,60,3,49,4,60,6,70,6,43,0,71,4,56,22,67,4,71,24,80,0,110,0
2010,Puebla,3120010,Zona Arqueológica de Cantona,3794,44,1952,27,4253,60,4667,25,2670,70,1779,21,1935,76,3568,10,1740,36,1709,30,1562,38,1615,63
2010,Puebla,3110009,Zona Arqueológica de Cholula con museo de sitio,20509,1311,13279,1080,30205,830,20794,741,14847,478,13501,349,18802,572,27631,868,13352,743,15941,769,20513,812,15837,825
2010,Puebla,3120090,Zona Arqueológica de San Cristobal Tepatlaxco,340,0,270,0,4058,0,415,0,447,0,310,0,470,0,583,0,464,0,333,0,420,0,261,0
2010,Puebla,3120109,Zona Arqueológica de Tepapayeca,13,0,22,4,55,0,27,0,54,0,6,0,28,0,11,0,17,0,109,0,12,0,12,0
2010,Puebla,3120111,Zona Arqueológica de Tepexi el Viejo,74,0,58,0,87,0,111,0,84,0,50,0,66,0,134,0,93,0,55,0,107,0,57,0
2010,Puebla,3120128,Zona Arqueológica de Yohualichan,3190,83,1729,64,3133,46,6586,98,4088,73,2947,67,2973,100,3211,75,1166,47,2195,67,2771,81,1822,68
2010,Querétaro,3110013,Zona Arqueológica de El Cerrito,1432,0,1510,0,2672,0,2984,0,1880,0,1709,0,2921,0,2958,0,1743,0,2145,0,1817,0,1168,0
2010,Querétaro,3110030,Zona Arqueológica de Ranas,1361,0,1294,0,1689,0,3833,0,1064,0,1644,0,1391,0,1994,0,1155,0,704,0,2774,0,1234,0
2010,Querétaro,3110034,Zona Arqueológica de Toluquilla,433,0,130,0,324,0,555,0,310,0,486,0,202,0,766,0,127,0,173,0,231,0,411,0
2010,Quintana Roo,3120022,Zona Arqueológica de Cobá,10546,33076,5217,30351,7534,34411,8348,27011,5917,20484,4673,19540,9774,23664,9532,27457,4912,14211,4606,16145,6016,22247,10705,28459
2010,Quintana Roo,3120032,Zona Arqueológica de Dzibanché-Kinichná,1137,512,1220,544,1522,655,1249,470,728,343,557,148,798,269,778,492,451,168,542,96,1186,606,2135,856
2010,Quintana Roo,3110015,Zona Arqueológica de El Meco,288,167,332,179,720,227,417,172,288,203,299,160,630,161,362,96,239,114,467,129,228,144,509,243
2010,Quintana Roo,3120038,Zona Arqueológica de El Rey,312,438,359,331,404,396,377,311,182,269,211,255,241,297,427,205,187,249,246,153,328,275,427,468
2010,Quintana Roo,3110019,Zona Arqueológica de Kohunlich,909,2672,973,2414,4480,2291,4683,1258,2166,1103,1422,571,2392,807,1960,1042,1673,734,2046,807,3693,2416,5413,3081
2010,Quintana Roo,3120078,Zona Arqueológica de Muyil,45,211,36,186,153,270,83,130,140,175,0,126,153,131,48,117,146,120,20,107,57,282,143,305
2010,Quintana Roo,3120084,Zona Arqueológica de Oxtankah,855,56,793,97,764,59,1209,25,547,35,461,34,647,65,655,15,208,34,243,42,561,15,1094,59
2010,Quintana Roo,3120092,Zona Arqueológica de San Gervasio,779,11876,1800,4858,1397,16011,1202,10682,1041,8735,1056,7704,1787,9729,1263,8519,971,6197,1660,7686,2757,10557,4323,15381
2010,Quintana Roo,3110037,Zona Arqueológica de Tulum,30395,62195,22511,56462,31564,69118,33169,64410,21701,47725,21488,46702,41972,68298,35425,64890,16582,32501,17176,30091,26225,51774,37596,62994
2010,Quintana Roo,3110038,Zona Arqueológica de Xcaret,0,0,0,0,0,3,0,0,5,2,0,0,0,0,7,0,0,0,0,0,0,2,8,0
2010,Quintana Roo,3110039,Zona Arqueológica de Xelhá,240,98,148,44,110,33,85,26,201,26,155,48,191,32,229,45,97,13,74,21,158,30,45,49
2010,Quintana Roo,3120014,Zona Arqueológica de Chacchoben,2276,7605,1644,3140,3502,7319,1777,6113,569,676,658,1002,947,1423,1478,2670,1249,2969,1599,2845,2818,5384,3092,3894
2010,San Luis Potosí,3120099,Zona Arqueológica de Tamohí,645,30,194,20,1687,9,1240,13,396,13,275,13,270,23,400,9,190,5,248,3,266,4,407,0
2010,San Luis Potosí,3120100,Zona Arqueológica de Tamtoc,993,29,387,40,1195,38,1637,1,1003,29,449,4,435,1,377,0,256,0,270,0,485,9,534,3
2010,Tabasco,3120023,Zona Arqueológica de Comalcalco con museo de sitio,3486,221,5066,251,12192,144,12580,86,4804,78,4541,397,7525,76,8706,84,2639,42,4381,53,4471,60,4884,140
2010,Tabasco,3110023,Zona Arqueológica de La Venta con museo de sitio,3051,75,1459,114,1733,98,5215,126,1540,134,1494,38,3416,75,2471,32,734,56,581,22,589,23,1779,75
2010,Tabasco,3120086,Zona Arqueológica de Pomoná con museo de sitio,131,11,77,6,298,10,427,9,176,6,130,2,429,3,516,11,242,11,181,176,153,178,447,52
2010,Tabasco,3120076,Zona Arqueológica de Malpasito,165,3,113,5,123,1,240,2,133,0,86,2,118,0,238,0,63,0,97,3,86,2,110,24
2010,Tabasco,3120089,Zona Arqueológica de Moral-Reforma,80,0,659,0,84,14,443,0,159,39,94,0,6,0,333,2,0,0,59,0,32,0,161,0
2010,Tabasco,3220017,Zona Arqueológica de San Claudio,137,7,240,0,84,0,126,12,15,0,59,1,190,0,42,1,61,0,113,0,88,2,136,5
2010,Tamaulipas,3120039,Zona Arqueológica de El Sabinito,0,0,0,0,27,0,47,0,27,0,27,27,0,0,0,0,17,0,17,0,0,0,0,0
2010,Tamaulipas,3120067,Zona Arqueológica de Las Flores,0,0,0,0,69,2,273,41,78,0,91,0,32,2,25,0,0,0,73,0,38,0,18,0
2010,Tlaxcala,3110005,Zona Arqueológica de Cacaxtla con museo de sitio,8336,336,5086,335,9046,326,10391,326,7814,211,6585,253,7043,220,8891,262,6114,288,16933,209,7026,340,5517,193
2010,Tlaxcala,3110105,Zona Arqueológica de Xochitécatl con museo de sitio,15655,153,1564,69,11575,45,5242,167,5036,42,5120,70,5778,101,6604,159,5114,127,14694,152,4513,195,7243,229
2010,Tlaxcala,3110033,Zona Arqueológica de Tizatlán con museo de sitio,112,1,189,70,237,9,246,15,47,2,198,15,194,93,296,34,204,16,303,41,296,23,462,36
2010,Veracruz,3120011,Zona Arqueológica de Castillo de Teayo con museo de sitio,169,2,102,0,337,4,340,0,193,8,62,0,125,0,114,0,69,0,86,2,138,2,213,0
2010,Veracruz,3120012,Zona Arqueológica de Cempoala con museo de sitio,3515,79,2904,137,8825,142,8275,103,5354,152,4416,327,5364,180,5536,136,1787,191,1733,58,3631,136,5677,303
2010,Veracruz,3120068,Zona Arqueológica de Las Higueras con museo de sitio,12,1,30,0,26,0,69,0,75,0,66,0,57,0,97,0,13,0,0,0,129,0,49,0
2010,Veracruz,3120093,Zona Arqueológica de San Lorenzo Tenochtitlan con museo de sitio,240,181,235,7,325,5,669,4,378,6,269,2,186,6,162,2,43,1,39,0,169,0,393,5
2010,Veracruz,3110016,Zona Arqueológica de El Tajín,43328,1299,14670,862,58309,1295,72548,1934,35059,924,29370,1117,33897,1219,39272,832,9846,272,10052,245,17318,680,13607,448
2010,Veracruz,3220012,Zona Arqueológica de Cuauhtochco,0,0,17,0,0,0,85,0,31,0,32,0,0,0,26,0,15,0,13,0,4,0,17,0
2010,Veracruz,3120123,Zona Arqueológica de Vega de la Peña,0,0,10,0,30,12,33,9,20,0,29,6,19,2,12,4,0,0,11,2,58,0,29,6
2010,Veracruz,3120088,Zona Arqueológica de Quiahuitztlán,2141,53,1029,54,1816,39,3202,62,1706,36,557,6,1748,18,2620,50,647,13,678,6,1498,9,1121,30
2010,Veracruz,3120024,Zona Arqueológica de Cuajilote,953,0,133,0,755,0,3465,0,780,0,143,0,181,0,1045,0,228,0,68,0,579,28,71,5
2010,Veracruz,3120030,Zona Arqueológica de Cuyuxquihui,200,0,0,0,32,26,1300,0,250,0,215,0,250,0,0,0,550,0,0,0,200,0,450,0
2010,Veracruz,3220014,Zona Arqueológica de Las Limas,30,0,7,0,5,0,5,0,7,0,3,0,9,0,7,0,0,0,1,0,9,0,22,0
2010,Yucatán,3120001,Zona Arqueológica de Acanceh,876,159,674,140,526,135,740,122,392,78,537,100,550,126,870,144,382,54,298,62,199,41,878,79
2010,Yucatán,3120002,Zona Arqueológica de Aké,770,108,619,128,610,102,674,65,659,47,603,48,610,86,574,68,291,21,577,32,586,24,571,64
2010,Yucatán,3120004,Zona Arqueológica de Balamcanché,629,324,378,116,815,187,569,170,535,148,459,98,706,179,583,120,147,32,165,81,318,106,267,103
2010,Yucatán,3120015,Zona Arqueológica de Chacmultún,221,2,146,2,308,6,0,0,74,1,99,4,187,7,198,4,140,5,121,9,108,3,178,20
2010,Yucatán,3110008,Zona Arqueológica de Chichén Itzá,101060,67705,100504,56905,105626,60428,60357,51203,49637,39668,49883,42107,65517,53325,63255,57827,39446,35762,33494,30383,32511,70290,33341,104090
2010,Yucatán,3120033,Zona Arqueológica de Dzibilchaltún con museo del Pueblo Maya,10984,2792,12914,2428,17530,1900,16430,2418,7442,1425,17716,2010,15429,2387,17122,1425,17773,1512,6240,635,9753,1037,19005,1480
2010,Yucatán,3120034,Zona Arqueológica de Ekbalam,9854,4738,2803,4609,3885,4877,3206,4880,2721,3684,2741,4528,15790,5947,7337,6992,3829,5169,2679,3601,4071,5056,4477,5024
2010,Yucatán,3120057,Zona Arqueológica de Kabah,1801,2477,987,2132,3540,2597,1543,1650,1770,1567,1541,963,3214,1790,2095,2256,243,1217,1004,1451,1739,2685,2326,1703
2010,Yucatán,3120064,Zona Arqueológica de Labná,362,308,700,814,1038,563,1560,530,1185,343,1463,249,1752,594,1497,784,424,222,1007,272,1432,651,1355,472
2010,Yucatán,3120071,Zona Arqueológica de Loltún,2264,270,1532,220,1584,267,3267,376,1595,336,1071,294,2959,548,3564,520,1074,215,691,222,1012,302,2357,241
2010,Yucatán,3120077,Zona Arqueológica de Mayapán,3135,385,915,463,2114,471,1765,402,786,154,943,126,1318,202,1562,203,680,89,808,87,950,210,1020,237
2010,Yucatán,3120097,Zona Arqueológica de Sayil,440,422,794,1022,1511,634,1394,568,655,446,656,301,1332,589,1031,818,341,259,501,292,1112,558,1127,424
2010,Yucatán,3120122,Zona Arqueológica de Uxmal con museo de sitio,9828,7734,6063,8932,11212,11174,9563,8029,7970,7094,6752,5905,15102,8091,12458,9381,5013,3831,4811,4876,8922,10292,11339,8619
2010,Yucatán,3120126,Zona Arqueológica de Xlapak,0,0,297,0,862,0,1102,0,667,0,479,0,704,0,769,0,601,0,0,0,456,0,306,0
2010,Yucatán,3120083,Zona Arqueológica de Oxkintok,1182,156,741,170,741,186,1020,82,598,52,462,46,570,65,1016,83,479,44,480,23,614,79,639,108
2010,Yucatán,3120056,Zona Arqueológica de Izamal,418,0,228,0,580,0,672,0,378,0,380,0,340,0,549,0,317,0,311,0,299,0,383,0
2010,Zacatecas,3120003,Zona Arqueológica de Altavista o Chalchihuites con museo de sitio,498,43,286,5,1605,10,800,14,415,0,430,7,735,2,663,4,421,5,412,2,184,3,279,3
2010,Zacatecas,3110022,Zona Arqueológica de La Quemada con museo de sitio,2062,66,1446,80,7205,86,4349,36,2765,51,2869,35,4234,63,2912,71,1792,70,2761,35,2029,63,1316,72
2009,Baja California,3120040,Zona Arqueológica de El Vallecito,804,5,977,7,1368,10,1550,8,324,9,739,6,1089,12,1179,10,746,2,1296,5,1611,19,789,27
2009,Baja California Sur,3120007,Zona Arqueológica de San Francisco de la Sierra,98,97,118,219,199,269,185,13,50,10,64,0,89,19,92,20,0,0,70,25,21,20,118,100
2009,Campeche,3120005,Zona Arqueológica de Balamkú,408,264,92,183,156,175,304,139,78,53,141,43,457,99,315,245,149,66,118,52,392,186,188,111
2009,Campeche,3110002,Zona Arqueológica de Becán,1986,1278,773,1239,581,1098,1363,831,285,126,622,224,646,308,1394,747,294,170,389,179,732,454,400,311
2009,Campeche,3120008,Zona Arqueológica de Calakmul,2727,1847,969,1303,945,1385,1852,814,322,292,503,228,1466,466,1707,823,528,248,422,198,856,571,529,380
2009,Campeche,3120017,Zona Arqueológica de Chicanná,587,1375,187,1192,320,1010,599,1005,113,84,249,151,314,352,518,602,86,148,122,184,482,460,210,271
2009,Campeche,3120020,Zona Arqueológica de Chunhuhub,0,0,0,0,27,16,15,0,0,0,10,3,0,0,8,4,6,0,30,0,11,0,60,0
2009,Campeche,3110011,Zona Arqueológica de Dzibilnocac,416,18,158,0,210,11,312,2,115,2,104,0,185,1,115,5,121,0,155,5,0,0,193,11
2009,Campeche,3110012,Zona Arqueológica de Edzná,7605,781,2623,664,2219,606,3785,697,1462,237,3255,215,4460,481,3794,608,1549,176,1775,219,2173,447,1310,292
2009,Campeche,3110017,Zona Arqueológica de El Tigre,559,3,441,3,285,2,835,19,101,0,412,8,179,6,590,2,290,1,176,0,265,25,153,0
2009,Campeche,3120042,Zona Arqueológica de Hochob,361,47,178,30,146,42,292,24,111,7,251,9,165,5,185,32,87,10,146,10,138,18,106,18
2009,Campeche,3120043,Zona Arqueológica de Hormiguero,0,0,0,0,99,45,168,64,44,8,53,12,73,4,108,25,20,7,0,0,22,0,79,25
2009,Campeche,3120058,Zona Arqueológica de Kankí,0,0,93,0,30,0,32,2,54,6,77,0,48,0,0,0,0,0,0,0,0,0,57,0
2009,Campeche,3120079,Zona Arqueológica de Nadzcaan,0,0,0,0,0,0,0,0,0,0,0,0,0,0,0,0,0,0,0,0,0,0,0,0
2009,Campeche,3120096,Zona Arqueológica de Santa Rosa Xtampak,427,22,241,10,142,22,145,2,31,1,139,0,35,11,82,16,60,7,72,1,60,2,42,4
2009,Campeche,3120118,Zona Arqueológica de Tohcok,0,0,299,103,385,98,205,95,111,31,276,18,205,59,306,65,188,42,99,13,234,46,105,25
2009,Campeche,3120125,Zona Arqueológica de Xcalumkín,499,6,123,7,161,13,321,11,80,0,108,0,46,1,244,0,35,0,182,0,157,2,132,8
2009,Campeche,3110041,Zona Arqueológica de Xpuhil,1016,546,252,483,346,369,592,306,145,45,312,72,399,149,786,238,297,65,272,68,524,333,333,224
2009,Campeche,3120098,Zona Arqueológica de Tabasqueño,325,15,60,4,157,20,106,2,124,0,66,5,148,4,122,6,169,14,64,6,0,0,184,26
2009,Chiapas,3110004,Zona Arqueológica de Bonampak,1959,258,4964,2500,6756,1882,5431,1978,1364,238,1663,276,5304,1732,4577,1958,484,308,682,620,850,1163,905,1140
2009,Chiapas,3120019,Zona Arqueológica de Chincultic,0,0,0,0,0,0,0,0,0,0,0,0,0,0,0,0,0,0,0,0,0,0,0,0
2009,Chiapas,3110018,Zona Arqueológica de Izapa,2672,1146,1601,907,1548,919,2453,833,748,25,2072,108,2053,61,1859,99,1793,123,1512,854,2059,578,1986,793
2009,Chiapas,3110026,"Zona Arqueológica de Palenque con museo ""Alberto Ruz L´Huiller""",42526,13782,36882,17948,44767,32777,64443,23429,12169,4197,10800,8408,49822,26795,35857,20599,10491,7570,13581,8780,17799,14530,29107,8079
2009,Chiapas,3120103,Zona Arqueológica de Tenam Puente,1079,55,757,43,1321,27,2160,40,373,13,616,40,1747,48,1120,59,668,24,412,22,634,27,1186,43
2009,Chiapas,3110035,Zona Arqueológica de Toniná con museo de sitio,12163,866,3836,687,7045,413,7112,863,535,88,3971,1010,7721,847,6282,676,3072,218,4277,309,4371,182,10498,687
2009,Chiapas,3110044,Zona Arqueológica de Yaxchilán,2109,638,5744,3229,5467,819,12277,4860,1663,276,1393,868,5509,2680,4967,3456,929,615,2043,1772,3383,2798,3888,3185
2009,Chihuahua,3110028,Zona Arqueológica de Paquimé con Museo de las Culturas del Norte,1789,153,2082,58,4216,0,3730,27,1537,48,2293,39,2328,0,1739,177,1756,28,3330,272,1608,49,3138,46
2009,Chihuahua,3110010,Zona Arqueológica de Cuarenta Casas,626,33,365,8,280,12,3735,26,324,17,489,16,1242,8,1414,27,910,26,324,16,281,16,300,12
2009,Ciudad de México,3120013,Zona Arqueológica de Cerro de la Estrella,9741,0,9958,0,12965,0,21650,0,8382,0,7404,0,11197,0,8875,0,8904,18,7601,0,8374,0,8275,20
2009,Ciudad de México,3120029,Zona Arqueológica de Cuicuilco con museo de sitio,3502,133,4107,270,9419,198,3436,290,2341,110,3016,159,3964,162,4618,165,5579,153,5496,294,5615,128,3537,300
2009,Ciudad de México,3120116,Zona Arqueológica de Tlatelolco con museo de sitio,5229,1413,4988,1399,6370,1396,5002,1350,2780,180,4812,705,4754,1152,4228,868,5024,647,7332,925,6973,1259,5036,1232
2009,Colima,3120035,Zona Arqueológica de El Chanal,232,7,269,35,270,3,236,28,55,0,161,8,309,13,312,17,308,19,495,11,616,0,376,23
2009,Colima,3120059,Zona Arqueológica de La Campana,293,514,496,454,2150,497,421,168,305,0,259,10,433,17,315,15,328,14,541,298,609,313,440,582
2009,Durango,3110020,Zona Arqueológica de La Ferrería con museo de sitio,1264,5,1396,5,2993,20,1922,11,274,2,556,14,612,34,879,5,512,10,1112,5,971,4,1124,24
2009,Estado de México,3110001,Zona Arqueológica de Acozac,2157,0,2527,0,2054,0,2668,0,2778,0,0,0,0,0,0,0,0,0,2503,0,0,0,0,0
2009,Estado de México,3110006,Zona Arqueológica de Calixtlahuaca,2345,21,1652,15,1913,10,2109,18,823,6,832,3,1201,14,1118,25,898,2,1175,5,1952,6,1027,5
2009,Estado de México,3120018,Zona Arqueológica de Chimalhuacán con museo de sitio,2329,0,2294,0,2888,0,2801,0,1288,0,1936,0,1543,0,2268,0,2367,0,3688,0,2633,0,1682,0
2009,Estado de México,3110014,Zona Arqueológica de El Conde,21,0,58,0,30,0,68,0,16,0,12,0,43,0,65,0,87,0,76,0,0,0,43,0
2009,Estado de México,3120050,Zona Arqueológica de Huexotla,185,0,91,79,135,0,203,0,105,0,139,0,205,0,233,0,286,0,473,0,405,0,238,0
2009,Estado de México,3120072,Zona Arqueológica de Los Melones,1020,23,1452,5,1315,0,726,18,487,4,675,8,851,7,733,33,593,28,1104,13,1515,19,1194,7
2009,Estado de México,3120073,Zona Arqueológica de Los Reyes La Paz,1223,48,1106,47,1870,27,968,296,721,16,1245,25,1172,31,1482,33,0,0,1010,23,1381,27,1197,13
2009,Estado de México,3120075,Zona Arqueológica de Malinalco,9037,348,7264,258,11341,205,10627,304,3617,102,5517,194,7104,285,10440,283,5457,120,5257,200,7303,225,5678,160
2009,Estado de México,3120095,"Zona Arqueológica de Santa Cecilia Acatitla con museo de la Escultura Mexica ""Eusebio Dávalos Hurtado""",513,16,879,9,636,0,1006,24,175,0,720,1,591,5,581,8,313,8,1175,5,861,6,365,2
2009,Estado de México,3120104,Zona Arqueológica de Tenayuca I con museo Xólotl,1030,6,1847,8,2658,0,1333,0,187,3,864,9,686,10,1044,4,774,3,1880,8,1531,2,1248,2
2009,Estado de México,3120129,Zona Arqueológica de Tenayuca II,0,0,0,0,231,0,51,0,48,0,108,0,183,0,259,0,165,0,167,0,203,0,216,0
2009,Estado de México,3110031,Zona Arqueológica Teotihuacan (con Museo de Sitio),124250,38580,84151,35943,210739,49807,131972,46021,35863,8530,58017,15825,98653,30204,127282,35063,56037,20497,65263,29653,130200,36233,168673,50845
2009,Estado de México,3110032,Zona Arqueológica de Tetzcotzinco,1340,24,2166,0,3543,60,5330,0,935,0,2286,49,2022,5,2245,0,1958,0,1503,29,1712,39,1596,0
2009,Estado de México,3120115,Zona Arqueológica de Tlapacoya,698,0,630,2,648,20,238,1,244,0,458,0,573,0,420,0,686,0,659,0,463,0,162,166
2009,Guanajuato,3120085,Zona Arqueológica de Plazuelas,4672,83,3354,23,4431,39,4870,24,830,7,2172,24,2509,54,3437,63,1676,20,1840,24,1968,53,2056,64
2009,Guerrero,3120046,Zona Arqueológica de Huamuxtitlán,16,0,51,0,85,0,59,0,69,0,86,0,0,0,41,0,64,0,74,0,61,0,126,0
2009,Guerrero,3120053,Zona Arqueológica de Ixcateopan,47,2,276,0,51,0,93,0,43,0,42,4,20,0,70,0,169,0,47,0,54,0,37,0
2009,Guerrero,3110021,Zona Arqueológica de La Organera Xochipala,405,0,263,0,161,0,268,3,101,1,148,0,462,0,117,0,200,0,474,2,234,0,114,0
2009,Guerrero,3120062,Zona Arqueológica de La Sabana,11,0,10,0,14,0,13,0,4,0,17,0,6,0,2,0,5,0,7,0,10,0,0,0
2009,Guerrero,3120026,Zona Arqueológica de Cuetlajuchitlán (Los Querende),31,0,13,2,20,0,12,0,22,0,13,0,13,0,14,0,14,0,14,0,12,0,48,0
2009,Guerrero,3120074,Zona Arqueológica de Los Tepoltzis,25,0,28,0,0,0,18,0,38,0,32,0,22,0,26,0,30,0,18,0,18,0,32,0
2009,Guerrero,3110027,Zona Arqueológica de Palma Sola,429,303,621,351,529,136,764,101,373,6,473,34,373,11,350,23,220,7,750,109,472,174,815,162
2009,Guerrero,3120106,Zona Arqueológica de Teopantecuanitlán,90,0,77,0,117,0,90,0,61,0,84,7,97,0,51,0,45,0,111,0,124,0,42,0
2009,Guerrero,3220027,Zona Arqueológica de Tehuacalco,0,0,0,0,0,0,0,0,0,0,1013,4,2522,21,3442,43,1721,80,2317,447,2055,450,1561,291
2009,Hidalgo,3120048,Zona Arqueológica de Huapalcalco,2762,34,1114,26,4817,24,1023,22,64,0,671,33,2228,71,1655,35,928,49,2509,28,2629,42,2558,28
2009,Hidalgo,3120110,Zona Arqueológica de Tepeapulco,2957,101,2081,58,4999,68,2377,45,1386,14,2098,34,2443,83,1841,65,1477,97,1294,72,2200,30,3572,48
2009,Hidalgo,3110036,Zona Arqueológica de Tula con museo de sitio,7254,561,8472,388,17763,1543,22162,941,5693,173,6613,132,13401,349,15321,388,7206,165,9222,281,11536,334,11390,537
2009,Jalisco,3120036,Zona Arqueológica de El Grillo,29,13,29,9,19,4,27,2,5,0,24,0,38,4,47,12,38,16,60,19,81,24,85,32
2009,Jalisco,3120054,Zona Arqueológica de Ixtépete,280,81,309,85,6370,0,274,45,19,3,115,14,145,18,164,22,177,32,186,40,210,50,256,72
2009,Jalisco,3120113,Zona Arqueológica de Teuchitlán,0,0,0,0,4650,0,0,0,0,0,0,0,0,0,0,0,0,0,0,0,0,0,0,0
2009,Michoacán,3120047,Zona Arqueológica de Huandacareo,155,5,47,0,221,0,55,0,71,0,0,0,107,5,77,10,51,1,1,1,149,7,188,5
2009,Michoacán,3120052,Zona Arqueológica de Ihuatzio,237,72,432,86,567,103,684,55,426,24,332,0,543,76,323,32,205,14,619,23,960,0,1355,13
2009,Michoacán,3120091,Zona Arqueológica de San Felipe los Alzati,0,0,270,16,1368,0,820,0,146,0,194,0,302,0,227,0,161,0,138,0,349,0,564,0
2009,Michoacán,3120114,Zona Arqueológica de Tingambato,1381,39,1182,69,2379,33,2099,20,1029,11,912,18,1364,6,1358,17,783,3,1072,8,1527,64,1427,20
2009,Michoacán,3120119,Zona Arqueológica de Tres Cerritos,40,0,63,0,61,0,76,0,22,0,270,0,52,2,0,0,480,0,90,0,41,0,128,0
2009,Michoacán,3120121,Zona Arqueológica de Tzintzuntzan con museo de sitio,2318,675,3068,864,5541,626,4428,413,1344,66,2507,333,3253,472,2625,407,2006,196,2679,120,5337,480,2890,205
2009,Morelos,3110007,Zona Arqueológica de Chalcatzingo,1874,27,871,7,1967,33,993,14,549,5,507,13,1846,57,1349,18,707,23,1077,16,1026,13,1606,7
2009,Morelos,3110040,Zona Arqueológica de Xochicalco con museo de sitio,39197,987,62080,1039,55408,1715,58307,1840,3061,721,14273,879,27134,1015,44092,1105,54376,784,65799,550,74454,730,91353,837
2009,Morelos,3120021,Zona Arqueológica de Coatetelco con museo de sitio,165,12,268,3,322,0,309,0,124,0,109,0,332,0,141,0,116,0,161,0,103,0,200,0
2009,Morelos,3120069,Zona Arqueológica de Las Pilas,97,2,41,0,270,0,74,0,754,0,75,0,126,0,156,0,138,0,74,0,48,0,108,0
2009,Morelos,3120082,Zona Arqueológica de Olintepec,16,0,10,0,100,0,175,0,115,0,41,0,5,0,17,0,33,0,35,0,25,0,23,0
2009,Morelos,3120112,Zona Arqueológica de Tepozteco,11220,872,13293,877,15488,795,17001,2160,6419,285,9206,508,14884,829,20253,1022,7596,561,11074,634,12224,718,17462,1008
2009,Morelos,3120107,Zona Arqueológica de Teopanzolco,2600,244,1713,218,2868,268,2729,121,1115,67,1669,104,3082,281,0,0,1190,75,3325,116,1927,77,1319,132
2009,Morelos,3110043,Zona Arqueológica de Yautepec,116,8,410,3,273,4,196,4,164,0,193,2,372,11,744,6,426,4,204,5,188,3,265,3
2009,Nayarit,3120055,Zona Arqueológica de Ixtlán del Río,715,17,1419,8,1535,18,1275,17,478,4,1051,3,1711,9,1336,2,946,5,1213,5,1569,20,1356,39
2009,Nuevo León,3110003,Zona Arqueológica de Boca de Potrerillos,263,5,700,30,366,6,689,11,145,4,302,0,286,3,523,4,526,3,708,2,431,4,160,0
2009,Oaxaca,3120031,Zona Arqueológica de Dainzú,425,105,434,61,334,49,657,83,91,7,227,37,363,90,263,52,167,19,261,32,375,74,897,141
2009,Oaxaca,3120041,Zona Arqueológica de Guiengola,311,15,266,15,216,8,0,0,162,8,174,6,225,5,149,22,283,17,251,8,175,2,309,4
2009,Oaxaca,3120051,Zona Arqueológica de Huijazoo,0,0,116,64,179,78,163,60,85,35,111,38,2417,127,136,49,172,52,128,47,211,58,291,88
2009,Oaxaca,3120065,Zona Arqueológica de Lambityeco,51,50,96,40,247,12,89,15,13,35,50,18,57,7,64,13,311,3,0,0,173,5,165,14
2009,Oaxaca,3110024,Zona Arqueológica de Mitla,0,0,8292,1781,12035,2908,13199,3690,2246,464,6350,539,15488,2578,13823,2383,4987,1024,10254,983,15198,2054,16462,2675
2009,Oaxaca,3110025,Zona Arqueológica de Monte Albán con museo de sitio,30672,7194,24275,5977,26056,7533,43653,7595,9352,1202,17619,1804,57340,5717,41632,4454,14014,2531,22669,2772,31652,4992,45735,7107
2009,Oaxaca,3110042,Zona Arqueológica de Yagul,838,450,554,439,939,489,1197,57,352,37,656,47,1148,271,755,282,809,102,950,164,1198,305,1557,436
2009,Oaxaca,3110045,Zona Arqueológica de Zaachila,360,105,211,78,335,60,634,62,217,0,412,40,1076,37,837,63,435,22,351,46,445,40,956,75
2009,Puebla,3120010,Zona Arqueológica de Cantona,4328,45,1707,16,4183,51,3928,48,1061,23,1617,28,2129,15,3739,90,1240,9,2229,84,2818,41,1873,20
2009,Puebla,3110009,Zona Arqueológica de Cholula con museo de sitio,13102,1704,9286,1474,30887,1467,31542,2037,9048,368,14980,935,25757,1921,30232,1831,20171,1118,18411,1021,19912,743,15117,825
2009,Puebla,3120090,Zona Arqueológica de San Cristobal Tepatlaxco,304,0,327,0,1930,0,416,0,260,0,291,0,285,0,369,0,291,0,262,0,312,0,198,0
2009,Puebla,3120109,Zona Arqueológica de Tepapayeca,15,0,11,0,15,0,9,0,16,0,20,0,16,0,14,0,8,2,19,2,6,0,12,0
2009,Puebla,3120111,Zona Arqueológica de Tepexi el Viejo,294,0,198,0,263,0,165,0,110,0,112,0,139,0,128,0,84,0,68,0,47,0,61,0
2009,Puebla,3120128,Zona Arqueológica de Yohualichan,2791,70,2310,94,3619,109,7076,80,1314,30,2056,42,3277,101,5191,120,1434,63,3298,51,3311,68,1881,29
2009,Querétaro,3110013,Zona Arqueológica de El Cerrito,1505,0,1747,0,7605,0,170,2903,831,0,1612,0,3000,0,1205,0,1346,0,1842,0,2068,0,2800,0
2009,Querétaro,3110030,Zona Arqueológica de Ranas,1572,0,1324,0,2633,0,3986,0,567,0,1012,0,1823,0,1648,0,1826,0,754,0,1059,0,1899,0
2009,Querétaro,3110034,Zona Arqueológica de Toluquilla,303,0,195,0,554,0,498,0,85,0,220,0,398,0,195,0,325,0,112,0,305,0,351,0
2009,Quintana Roo,3120022,Zona Arqueológica de Cobá,4681,35496,6483,33618,9723,37117,9583,29580,3133,3879,4125,11575,3133,3879,7381,19343,3680,12587,3857,13728,3267,18061,9658,29848
2009,Quintana Roo,3120032,Zona Arqueológica de Dzibanché-Kinichná,1131,626,691,437,1043,419,199,194,268,30,291,130,593,53,437,86,144,58,294,50,615,56,1162,635
2009,Quintana Roo,3110015,Zona Arqueológica de El Meco,173,282,330,582,511,170,380,109,176,6,142,20,176,6,197,39,174,28,188,102,289,47,299,118
2009,Quintana Roo,3120038,Zona Arqueológica de El Rey,313,537,186,566,474,501,405,448,176,134,200,225,176,134,504,165,275,182,247,165,286,254,254,466
2009,Quintana Roo,3110019,Zona Arqueológica de Kohunlich,1283,3146,639,2785,616,2851,1115,1329,754,233,568,306,1510,414,1232,632,655,316,828,644,501,1271,3711,1547
2009,Quintana Roo,3120078,Zona Arqueológica de Muyil,76,317,38,332,66,214,177,255,209,163,151,226,209,163,68,138,67,126,70,127,93,151,201,320
2009,Quintana Roo,3120084,Zona Arqueológica de Oxtankah,881,78,646,203,703,121,1083,92,642,101,483,59,1368,72,938,36,175,24,606,60,565,56,1162,117
2009,Quintana Roo,3120092,Zona Arqueológica de San Gervasio,1793,9127,1304,8418,1506,8485,1099,7424,173,1182,402,4079,173,1182,7305,6221,553,4503,526,4678,458,6163,1010,10944
2009,Quintana Roo,3110037,Zona Arqueológica de Tulum,48894,84949,40473,74025,44838,78896,50464,54706,10681,18148,18216,32530,45389,52711,34721,55114,16898,27305,15310,27241,22839,39623,38689,59474
2009,Quintana Roo,3110038,Zona Arqueológica de Xcaret,0,6,0,0,0,0,0,0,0,2,0,0,0,2,0,2,0,0,0,0,0,0,0,0
2009,Quintana Roo,3110039,Zona Arqueológica de Xelhá,152,80,128,80,132,96,114,40,54,23,152,28,54,23,159,50,80,27,66,35,140,35,122,48
2009,Quintana Roo,3120014,Zona Arqueológica de Chacchoben,2201,3955,2688,3368,266,5238,1593,2021,293,85,274,208,428,247,742,405,186,88,675,926,995,1740,2802,3239
2009,San Luis Potosí,3120099,Zona Arqueológica de Tamohí,0,0,0,0,0,0,0,0,0,0,323,17,1096,38,1133,13,0,0,271,38,717,32,1344,49
2009,San Luis Potosí,3120100,Zona Arqueológica de Tamtoc,0,0,0,0,0,0,0,0,0,0,434,46,1427,58,1116,16,0,0,0,0,0,0,1354,25
2009,Tabasco,3120023,Zona Arqueológica de Comalcalco con museo de sitio,10658,349,6652,289,11849,182,12048,326,3181,54,4945,72,8273,163,8871,170,3680,79,3354,109,2579,103,9220,247
2009,Tabasco,3110023,Zona Arqueológica de La Venta con museo de sitio,3878,184,1377,122,1765,113,3553,128,1061,37,1313,26,2909,77,4331,121,1152,73,1045,37,606,36,916,76
2009,Tabasco,3120086,Zona Arqueológica de Pomoná con museo de sitio,348,7,128,2,312,0,198,4,135,0,260,0,100,5,87,6,73,2,63,2,66,63,155,0
2009,Tabasco,3120076,Zona Arqueológica de Malpasito,212,0,124,0,271,0,407,3,146,1,117,0,245,0,255,2,100,1,76,0,110,0,189,0
2009,Tabasco,3120089,Zona Arqueológica de Moral-Reforma,77,0,170,0,43,0,224,1,264,0,78,5,23,5,55,1,25,2,27,3,103,0,74,0
2009,Tabasco,3220017,Zona Arqueológica de San Claudio,151,0,36,1,179,2,322,0,19,0,129,0,316,0,140,0,73,2,36,0,0,0,149,5
2009,Tamaulipas,3120039,Zona Arqueológica de El Sabinito,0,0,42,16,25,5,0,0,115,23,0,0,0,0,38,0,94,0,37,0,29,0,27,0
2009,Tamaulipas,3120067,Zona Arqueológica de Las Flores,289,15,167,13,171,8,585,52,95,13,127,10,318,8,337,12,0,0,0,0,0,0,0,0
2009,Tlaxcala,3110005,Zona Arqueológica de Cacaxtla con museo de sitio,9294,459,7173,408,7646,376,12044,392,2971,132,6062,180,7929,238,8222,240,4332,225,16538,181,7309,404,5245,179
2009,Tlaxcala,3110105,Zona Arqueológica de Xochitécatl con museo de sitio,9054,134,8047,616,6496,140,6521,92,1023,38,7335,93,9837,23,8876,20,4525,33,10823,195,9781,134,13336,202
2009,Tlaxcala,3110033,Zona Arqueológica de Tizatlán con museo de sitio,257,32,207,50,289,49,337,52,21,4,153,4,236,16,253,14,486,71,259,23,352,15,244,34
2009,Veracruz,3120011,Zona Arqueológica de Castillo de Teayo con museo de sitio,289,5,302,4,455,2,345,0,132,3,250,3,280,12,376,0,85,0,150,0,200,3,189,8
2009,Veracruz,3120012,Zona Arqueológica de Cempoala con museo de sitio,4254,308,4319,383,13179,344,9344,571,2671,82,4347,111,6307,359,6519,262,2350,132,3655,133,4848,236,9393,185
2009,Veracruz,3120068,Zona Arqueológica de Las Higueras con museo de sitio,55,0,72,13,42,0,95,0,14,0,43,0,18,0,26,0,2,0,9,0,46,0,28,0
2009,Veracruz,3120093,Zona Arqueológica de San Lorenzo Tenochtitlan con museo de sitio,406,2,266,15,456,2,994,4,427,3,323,0,193,0,329,4,121,0,171,5,165,2,241,2
2009,Veracruz,3110016,Zona Arqueológica de El Tajín,34546,3044,17367,1254,58713,3298,83419,2058,12667,259,20941,469,53942,1354,69624,958,13798,457,12010,481,24129,761,15098,681
2009,Veracruz,3220012,Zona Arqueológica de Cuauhtochco,182,0,33,0,23,0,84,0,42,0,19,0,32,0,24,0,0,0,0,0,0,0,34,0
2009,Veracruz,3120123,Zona Arqueológica de Vega de la Peña,28,7,16,0,67,5,71,17,21,5,16,5,42,0,31,7,13,6,14,3,19,2,26,5
2009,Veracruz,3120088,Zona Arqueológica de Quiahuitztlán,2399,97,1505,12,2375,74,0,0,4784,64,2239,30,2129,53,2360,89,973,33,1763,39,1874,39,1160,44
2009,Veracruz,3120024,Zona Arqueológica de Cuajilote,420,0,141,0,218,5,989,0,124,0,89,0,454,0,250,0,887,0,134,0,189,0,168,0
2009,Veracruz,3120030,Zona Arqueológica de Cuyuxquihui,876,0,154,0,0,0,2116,0,150,0,200,0,0,0,0,0,1000,0,136,0,140,0,176,0
2009,Veracruz,3220014,Zona Arqueológica de Las Limas,65,0,23,0,13,0,18,0,12,0,10,0,9,2,13,0,10,0,12,0,15,0,33,0
2009,Yucatán,3120001,Zona Arqueológica de Acanceh,546,136,588,128,472,145,689,126,81,23,244,62,0,0,681,69,357,48,436,46,0,0,616,132
2009,Yucatán,3120002,Zona Arqueológica de Aké,635,109,601,55,659,30,596,122,184,5,261,5,424,42,636,21,495,20,701,19,505,49,610,74
2009,Yucatán,3120004,Zona Arqueológica de Balamcanché,1430,372,840,298,729,289,1237,248,258,43,276,165,702,173,1008,251,331,100,299,94,469,70,482,235
2009,Yucatán,3120015,Zona Arqueológica de Chacmultún,258,4,225,8,247,10,190,7,47,0,115,4,180,2,262,1,67,3,101,2,150,4,315,4
2009,Yucatán,3110008,Zona Arqueológica de Chichén Itzá,11765,14549,28633,22497,58327,59128,55174,59332,14574,12311,23632,23636,36412,42647,106303,9713,31278,29668,31242,27027,41637,40735,49637,39668
2009,Yucatán,3120033,Zona Arqueológica de Dzibilchaltún con museo del Pueblo Maya,5769,1990,6509,2193,10549,2235,11820,2849,2224,80,4823,1229,11494,2800,12691,1989,8797,1394,10457,1922,9522,1456,16927,1540
2009,Yucatán,3120034,Zona Arqueológica de Ekbalam,2019,3771,3159,5493,2580,4276,3214,5253,1020,1133,1962,1827,3118,1525,5336,3720,1244,3057,1657,2580,1889,4061,3408,4369
2009,Yucatán,3120057,Zona Arqueológica de Kabah,2080,3862,1373,3384,1311,3769,2299,3474,0,0,1207,593,2382,1363,1578,1518,788,778,958,1062,1554,2018,2232,1821
2009,Yucatán,3120064,Zona Arqueológica de Labná,1545,451,1108,950,979,1074,1788,848,240,159,579,325,1131,407,1637,521,506,180,1270,261,811,556,1659,847
2009,Yucatán,3120071,Zona Arqueológica de Loltún,3935,449,2126,291,1865,417,3481,471,697,88,999,137,2541,259,4034,241,0,0,1280,106,899,207,3993,391
2009,Yucatán,3120077,Zona Arqueológica de Mayapán,737,208,1650,420,1294,290,1687,477,701,51,560,88,1277,173,1825,222,645,83,1100,132,901,158,1990,221
2009,Yucatán,3120097,Zona Arqueológica de Sayil,1692,988,816,1102,1156,1025,1380,746,260,96,595,257,932,503,1313,594,538,261,777,241,987,508,2616,1140
2009,Yucatán,3120122,Zona Arqueológica de Uxmal con museo de sitio,9818,15965,7077,14922,9693,19165,9770,12926,1448,232,4892,3160,13644,5617,9774,5482,4270,2824,6483,3882,8755,7424,14214,7014
2009,Yucatán,3120126,Zona Arqueológica de Xlapak,771,0,544,0,460,0,0,0,399,0,562,0,958,0,838,0,200,0,654,0,262,0,800,0
2009,Yucatán,3120083,Zona Arqueológica de Oxkintok,596,43,466,93,1221,136,534,67,305,8,687,29,1177,62,823,40,681,20,774,18,714,89,406,64
2009,Yucatán,3120056,Zona Arqueológica de Izamal,319,100,286,125,362,0,470,0,322,0,306,0,269,0,445,0,421,0,388,0,350,0,306,0
2009,Zacatecas,3120003,Zona Arqueológica de Altavista o Chalchihuites con museo de sitio,604,12,255,5,1131,5,1146,8,171,9,375,5,677,28,768,29,240,9,305,6,329,2,370,51
2009,Zacatecas,3110022,Zona Arqueológica de La Quemada con museo de sitio,4779,28,1832,95,6870,95,4299,48,707,30,1694,36,4411,109,3042,129,1821,74,2998,105,2913,44,2158,55
2008,Baja California,3120040,Zona Arqueológica de El Vallecito,411,7,724,7,1311,6,1282,20,955,12,1158,7,892,8,0,0,476,6,1131,18,791,4,1097,0
2008,Baja California Sur,3120007,Zona Arqueológica de San Francisco de la Sierra,0,0,127,0,483,271,179,109,45,45,64,11,113,59,131,6,57,21,102,5,74,117,159,86
2008,Campeche,3120005,Zona Arqueológica de Balamkú,288,316,190,425,398,295,217,221,252,151,109,171,265,191,207,274,112,80,109,78,111,162,28,116
2008,Campeche,3110002,Zona Arqueológica de Becán,926,1485,650,1410,1574,1379,429,1044,558,503,566,468,1141,799,998,1293,359,399,409,299,563,1068,240,708
2008,Campeche,3120008,Zona Arqueológica de Calakmul,1087,1083,645,1317,2048,1317,820,911,763,505,1169,562,1203,854,1067,1249,504,489,332,454,900,1085,424,498
2008,Campeche,3120017,Zona Arqueológica de Chicanná,212,821,158,1120,963,666,145,775,455,496,150,534,527,715,549,1171,151,348,184,419,340,1105,168,667
2008,Campeche,3120020,Zona Arqueológica de Chunhuhub,25,14,27,16,93,34,0,0,47,0,4,16,28,9,3,4,0,0,20,8,0,0,4,2
2008,Campeche,3110011,Zona Arqueológica de Dzibilnocac,186,6,167,13,326,46,0,0,296,5,122,4,187,0,120,7,53,2,98,5,203,9,156,5
2008,Campeche,3110012,Zona Arqueológica de Edzná,2949,717,2669,727,5739,584,2991,730,1518,278,2048,231,4870,544,3764,952,1537,230,1998,354,2874,823,1951,466
2008,Campeche,3110017,Zona Arqueológica de El Tigre,280,8,138,5,395,5,131,0,549,2,42,3,297,3,320,0,80,0,77,0,181,4,239,7
2008,Campeche,3120042,Zona Arqueológica de Hochob,163,37,77,28,231,22,221,27,198,9,187,7,273,15,153,17,58,3,114,7,185,33,74,21
2008,Campeche,3120043,Zona Arqueológica de Hormiguero,0,0,37,38,49,0,0,0,27,0,78,16,49,7,89,31,117,53,14,0,0,0,57,8
2008,Campeche,3120058,Zona Arqueológica de Kankí,28,0,15,0,113,0,0,0,48,2,0,0,0,0,0,0,0,0,0,0,0,0,0,0
2008,Campeche,3120096,Zona Arqueológica de Santa Rosa Xtampak,17,7,137,69,256,6,15,0,209,11,126,4,146,4,238,45,61,3,59,0,84,12,150,5
2008,Campeche,3120118,Zona Arqueológica de Tohcok,0,0,0,0,41,0,0,0,0,0,0,0,0,0,0,0,0,0,0,0,0,0,0,0
2008,Campeche,3120125,Zona Arqueológica de Xcalumkín,139,5,90,10,434,14,120,6,84,0,117,6,145,1,313,2,149,0,59,9,47,8,189,10
2008,Campeche,3110041,Zona Arqueológica de Xpuhil,359,605,375,410,848,354,181,316,276,227,300,250,675,364,787,578,103,192,172,247,198,492,254,306
2008,Campeche,3120098,Zona Arqueológica de Tabasqueño,187,29,103,12,374,36,103,7,272,9,112,9,159,0,240,2,77,1,86,5,133,8,61,25
2008,Chiapas,3110004,Zona Arqueológica de Bonampak,1391,2103,1135,1885,4749,3790,1019,737,2043,1406,2791,537,20794,1526,8799,1517,1634,685,1404,773,2115,1246,7778,1251
2008,Chiapas,3120019,Zona Arqueológica de Chincultic,1163,29,997,44,1205,37,451,65,435,23,203,10,416,22,269,26,17,4,0,0,0,0,0,0
2008,Chiapas,3110018,Zona Arqueológica de Izapa,1366,346,924,394,2315,167,1894,403,1811,494,1133,48,802,78,1222,56,889,18,1292,1281,1552,140,2082,1790
2008,Chiapas,3110026,"Zona Arqueológica de Palenque con museo ""Alberto Ruz L´Huiller""",20018,33269,20111,30402,82708,40120,16934,32148,31036,26860,28882,9341,94246,18546,39743,18544,10979,10339,10676,11747,14998,18207,74313,12402
2008,Chiapas,3120103,Zona Arqueológica de Tenam Puente,1433,42,693,104,1768,51,886,8,1356,19,477,45,1166,66,853,71,408,26,599,28,710,27,1243,94
2008,Chiapas,3110035,Zona Arqueológica de Toniná con museo de sitio,3783,912,6090,1301,12669,1356,4573,558,3114,492,2689,282,5593,1387,7740,599,2718,555,2324,439,0,0,14143,1464
2008,Chiapas,3110044,Zona Arqueológica de Yaxchilán,1241,3402,1756,4876,7215,5550,1505,2602,4640,2791,2762,1702,36678,2523,8949,2982,2822,1536,2778,1554,3711,2188,7927,3465
2008,Chihuahua,3110028,Zona Arqueológica de Paquimé con Museo de las Culturas del Norte,1640,308,1511,179,4597,811,4523,151,8773,226,6198,84,3084,101,1908,25,2387,189,3245,456,4210,110,1331,0
2008,Chihuahua,3110010,Zona Arqueológica de Cuarenta Casas,189,62,381,19,4009,102,936,8,1149,46,466,67,1814,79,0,0,672,24,416,24,689,28,412,26
2008,Ciudad de México,3120013,Zona Arqueológica de Cerro de la Estrella,0,0,11123,0,19543,0,11928,0,10518,0,9073,0,10113,0,8936,0,7870,0,10271,0,9988,0,10198,0
2008,Ciudad de México,3120029,Zona Arqueológica de Cuicuilco con museo de sitio,3488,343,3331,258,5098,238,4913,36,4015,278,5671,489,4445,137,7552,437,9136,359,5320,225,4980,255,3583,287
2008,Ciudad de México,3120116,Zona Arqueológica de Tlatelolco con museo de sitio,4995,1383,5162,1820,7281,1833,4757,1168,3825,1063,4104,1233,5306,1789,5135,1468,7716,1203,10199,1374,7199,1355,4469,1306
2008,Colima,3120035,Zona Arqueológica de El Chanal,377,29,496,37,532,44,546,47,155,102,441,0,506,32,184,3,133,12,264,2,579,5,323,55
2008,Colima,3120059,Zona Arqueológica de La Campana,482,942,1362,411,836,611,737,285,307,140,457,27,544,40,199,24,199,15,404,232,416,334,613,498
2008,Durango,3110020,Zona Arqueológica de La Ferrería con museo de sitio,1223,31,1377,14,2783,21,1630,8,1304,13,1408,11,1819,42,1302,18,1195,7,1353,6,1574,12,1754,41
2008,Estado de México,3110001,Zona Arqueológica de Acozac,0,0,1731,0,0,0,3528,0,1771,0,1572,0,3706,0,1756,0,0,0,1535,0,1867,0,1545,0
2008,Estado de México,3110006,Zona Arqueológica de Calixtlahuaca,586,34,1660,9,2569,49,1407,17,957,5,682,10,1191,43,1315,17,1474,8,1470,16,1091,59,983,30
2008,Estado de México,3120018,Zona Arqueológica de Chimalhuacán con museo de sitio,2212,0,1797,0,3582,0,2176,0,1853,0,2549,0,1482,0,2251,0,2167,0,3324,0,2757,0,1517,0
2008,Estado de México,3110014,Zona Arqueológica de El Conde,41,0,100,0,64,0,105,0,18,0,40,0,30,0,54,0,36,0,168,0,55,0,41,0
2008,Estado de México,3120050,Zona Arqueológica de Huexotla,164,0,0,0,413,0,258,0,147,0,139,0,65,0,172,0,159,0,459,0,88,0,169,7
2008,Estado de México,3120072,Zona Arqueológica de Los Melones,466,9,1477,9,1046,21,983,5,834,3,993,4,623,11,1121,11,714,12,1061,12,1053,9,758,13
2008,Estado de México,3120073,Zona Arqueológica de Los Reyes La Paz,1410,54,0,0,2148,0,0,0,1330,0,1329,62,0,0,1232,0,0,0,1171,41,0,0,1253,41
2008,Estado de México,3120075,Zona Arqueológica de Malinalco,5165,168,8092,209,15436,258,6920,195,8036,150,5366,156,7239,230,6422,258,5936,142,5041,147,7585,346,4565,166
2008,Estado de México,3120095,"Zona Arqueológica de Santa Cecilia Acatitla con museo de la Escultura Mexica ""Eusebio Dávalos Hurtado""",0,0,143,3,630,1,799,17,542,12,724,0,883,9,581,14,383,6,0,0,912,2,302,12
2008,Estado de México,3120104,Zona Arqueológica de Tenayuca I con museo Xólotl,1209,14,1336,8,2470,2,1155,8,1238,14,538,2,1273,4,737,5,1149,0,1919,22,817,4,602,11
2008,Estado de México,3120129,Zona Arqueológica de Tenayuca II,0,0,0,0,0,0,59,0,0,0,0,0,43,0,64,0,103,0,0,0,0,0,100,0
2008,Estado de México,3110031,Zona Arqueológica Teotihuacan (con Museo de Sitio),133590,32500,101313,25410,396686,94471,118848,26861,117904,29517,119743,28750,173176,26980,108314,45714,88856,33268,89077,27579,106858,32608,151879,50398
2008,Estado de México,3110032,Zona Arqueológica de Tetzcotzinco,1840,0,199,0,1207,0,961,0,0,0,949,0,1718,0,2835,0,1657,0,1370,0,2290,0,2643,87
2008,Estado de México,3120115,Zona Arqueológica de Tlapacoya,929,1,603,2,1343,0,682,0,0,0,449,0,298,0,248,0,0,0,596,0,490,0,378,0
2008,Guanajuato,3120085,Zona Arqueológica de Plazuelas,3053,72,2121,23,5225,61,2524,16,725,15,2075,23,3051,95,3261,121,1994,14,2985,62,2167,13,2152,70
2008,Guerrero,3120046,Zona Arqueológica de Huamuxtitlán,92,0,184,0,339,0,67,0,289,0,379,0,327,0,122,0,120,0,55,0,65,0,172,0
2008,Guerrero,3120053,Zona Arqueológica de Ixcateopan,53,35,227,230,167,35,72,2,87,2,66,1,80,2,41,3,57,4,89,3,71,2,196,1
2008,Guerrero,3110021,Zona Arqueológica de La Organera Xochipala,319,0,225,0,554,3,499,2,138,0,248,2,237,11,193,0,325,0,262,1,82,0,118,0
2008,Guerrero,3120062,Zona Arqueológica de La Sabana,62,0,106,0,51,0,103,0,53,0,59,0,35,0,5,0,2,0,7,0,26,0,0,0
2008,Guerrero,3120026,Zona Arqueológica de Cuetlajuchitlán (Los Querende),10,0,12,0,14,1,19,0,42,0,40,0,14,0,11,0,12,0,50,2,10,1,30,0
2008,Guerrero,3120074,Zona Arqueológica de Los Tepoltzis,50,0,141,0,156,8,230,3,70,8,153,0,95,0,20,0,5,0,18,0,16,0,33,0
2008,Guerrero,3110027,Zona Arqueológica de Palma Sola,549,253,593,216,998,251,650,196,395,146,360,29,329,25,364,56,283,72,293,107,548,211,567,172
2008,Guerrero,3120106,Zona Arqueológica de Teopantecuanitlán,161,0,136,0,263,0,74,0,54,0,150,0,90,0,68,0,60,0,73,0,46,0,86,0
2008,Hidalgo,3120048,Zona Arqueológica de Huapalcalco,3374,40,1897,8,3118,8,1787,35,1757,31,2104,7,3164,3,2216,15,1395,18,2437,26,1963,27,922,37
2008,Hidalgo,3120110,Zona Arqueológica de Tepeapulco,1445,64,1486,26,4822,55,1694,60,1936,49,2647,55,3260,58,4105,85,2126,157,2000,33,2156,38,2625,68
2008,Hidalgo,3110036,Zona Arqueológica de Tula con museo de sitio,12589,513,12188,494,32189,2132,13981,347,10596,419,11244,523,19922,928,14410,933,8619,480,8733,375,14589,634,24418,887
2008,Jalisco,3120036,Zona Arqueológica de El Grillo,169,0,135,0,475,0,417,0,133,14,112,20,86,17,179,14,47,8,17,7,23,0,25,5
2008,Jalisco,3120054,Zona Arqueológica de Ixtépete,550,108,564,104,13867,0,429,259,492,25,480,32,488,0,473,27,453,38,268,50,289,70,270,60
2008,Jalisco,3120113,Zona Arqueológica de Teuchitlán,0,0,0,0,30900,0,13804,552,8503,291,7715,2759,0,0,0,0,0,0,0,0,0,0,0,0
2008,Michoacán,3120047,Zona Arqueológica de Huandacareo,163,1,80,2,463,17,89,0,133,0,130,0,81,6,57,1,71,2,90,0,70,2,138,6
2008,Michoacán,3120052,Zona Arqueológica de Ihuatzio,779,70,493,96,2780,122,424,22,653,9,408,19,583,31,395,35,512,25,695,63,1120,87,352,68
2008,Michoacán,3120091,Zona Arqueológica de San Felipe los Alzati,341,0,522,0,765,0,284,0,129,0,116,0,240,0,255,0,165,0,698,1,382,0,381,0
2008,Michoacán,3120114,Zona Arqueológica de Tingambato,716,13,2152,17,0,0,983,4,1095,7,956,10,1129,26,782,5,558,7,710,5,847,12,5675,290
2008,Michoacán,3120119,Zona Arqueológica de Tres Cerritos,55,1,96,2,174,34,100,0,68,0,0,0,45,4,0,0,35,0,39,0,25,4,54,0
2008,Michoacán,3120121,Zona Arqueológica de Tzintzuntzan con museo de sitio,9971,459,3562,487,9343,962,4909,304,2281,187,3338,210,4975,552,2748,580,2066,140,2990,242,4438,530,3188,542
2008,Morelos,3110007,Zona Arqueológica de Chalcatzingo,1958,19,1209,12,2792,75,821,4,1037,38,738,6,1133,8,1252,21,973,15,679,14,970,30,1586,5
2008,Morelos,3110040,Zona Arqueológica de Xochicalco con museo de sitio,43932,1228,58641,1504,63018,5510,57095,1994,45349,938,54333,791,78629,13520,78497,1627,72316,867,23509,675,51192,992,85339,1085
2008,Morelos,3120021,Zona Arqueológica de Coatetelco con museo de sitio,214,13,257,5,531,4,232,2,161,2,132,4,283,1,180,5,224,6,248,1,233,0,210,1
2008,Morelos,3120069,Zona Arqueológica de Las Pilas,214,0,156,0,106,4,61,0,109,0,51,0,100,0,86,0,169,2,99,0,33,0,89,0
2008,Morelos,3120082,Zona Arqueológica de Olintepec,52,0,33,0,65,0,23,0,32,0,39,0,34,0,22,0,13,0,63,0,31,0,25,0
2008,Morelos,3120112,Zona Arqueológica de Tepozteco,18001,3185,15786,1377,14763,1723,8205,825,11608,752,8865,926,15795,2193,13655,1244,9295,1049,11738,855,12958,1067,14815,2430
2008,Morelos,3120107,Zona Arqueológica de Teopanzolco,1677,210,2525,246,5817,229,1593,127,1086,139,1686,225,2911,534,2772,296,1392,165,2184,206,1322,218,1340,140
2008,Morelos,3110043,Zona Arqueológica de Yautepec,379,8,201,0,456,0,209,1,227,3,204,2,246,5,227,15,146,2,197,3,119,0,175,4
2008,Nayarit,3120055,Zona Arqueológica de Ixtlán del Río,593,177,1064,191,2260,136,1139,94,988,106,894,76,1453,96,1089,81,537,51,1117,96,1297,98,1450,49
2008,Nuevo León,3110003,Zona Arqueológica de Boca de Potrerillos,249,7,401,5,751,9,361,11,334,19,336,6,309,2,252,21,568,4,475,11,515,0,296,17
2008,Oaxaca,3120031,Zona Arqueológica de Dainzú,344,69,268,39,845,77,221,18,191,44,411,29,547,70,144,37,293,24,222,48,392,37,688,148
2008,Oaxaca,3120041,Zona Arqueológica de Guiengola,220,5,356,16,281,16,160,9,378,2,164,6,117,0,222,9,239,12,277,9,290,12,294,13
2008,Oaxaca,3120051,Zona Arqueológica de Huijazoo,234,104,229,108,372,165,155,53,0,0,454,154,1649,55,179,45,89,36,80,30,114,34,184,99
2008,Oaxaca,3120065,Zona Arqueológica de Lambityeco,81,54,63,21,129,27,144,26,97,10,26,47,143,13,33,2,26,10,156,33,221,48,113,40
2008,Oaxaca,3110024,Zona Arqueológica de Mitla,6529,2446,7826,2273,16409,5024,0,0,7911,2414,6506,1084,14135,3198,10905,3401,6752,1235,9913,1576,18398,3353,12672,3290
2008,Oaxaca,3110025,Zona Arqueológica de Monte Albán con museo de sitio,24432,6137,19295,6330,48136,11113,21217,6186,23981,5852,17139,3784,61345,10608,31977,9209,14275,5333,18947,5667,26252,10689,40858,9606
2008,Oaxaca,3110042,Zona Arqueológica de Yagul,658,439,715,339,0,0,976,208,639,209,0,0,1032,332,725,432,782,140,859,250,1443,510,1317,434
2008,Oaxaca,3110045,Zona Arqueológica de Zaachila,386,73,260,64,775,64,396,48,392,11,0,0,1001,64,442,50,244,38,755,30,690,77,827,62
2008,Puebla,3120010,Zona Arqueológica de Cantona,1632,20,2301,5,4917,50,871,31,2609,59,1497,23,2387,23,3061,54,3040,18,3804,16,1923,43,1842,32
2008,Puebla,3110009,Zona Arqueológica de Cholula con museo de sitio,6535,1020,7743,1821,16804,2422,8632,1580,8426,1761,11408,2281,24752,2001,20066,2164,10172,1566,16315,1507,10126,1490,13969,1807
2008,Puebla,3120090,Zona Arqueológica de San Cristobal Tepatlaxco,343,0,254,0,523,0,230,0,410,0,358,0,336,0,428,0,311,0,154,0,257,0,241,0
2008,Puebla,3120109,Zona Arqueológica de Tepapayeca,23,0,14,0,29,0,10,0,14,0,11,0,16,0,13,0,8,0,5,9,15,0,12,0
2008,Puebla,3120111,Zona Arqueológica de Tepexi el Viejo,33,0,0,0,20,0,55,0,45,0,40,0,93,0,36,0,31,0,231,0,219,0,171,0
2008,Puebla,3120128,Zona Arqueológica de Yohualichan,1170,75,2352,100,6684,114,3077,59,3636,98,2448,145,3775,197,2952,112,3615,77,5228,94,2542,86,3598,84
2008,Querétaro,3110013,Zona Arqueológica de El Cerrito,1387,0,1140,0,10313,0,1784,0,1803,0,1701,0,3434,0,2699,0,1472,0,1186,0,2693,0,2965,0
2008,Querétaro,3110030,Zona Arqueológica de Ranas,971,0,1349,0,4386,0,1626,0,2108,0,1858,0,2088,0,2426,0,1528,0,638,0,1413,0,1732,0
2008,Querétaro,3110034,Zona Arqueológica de Toluquilla,145,0,340,0,785,0,451,0,464,0,668,0,563,0,376,0,238,0,192,0,498,0,288,0
2008,Quintana Roo,3120022,Zona Arqueológica de Cobá,2939,30210,3349,40582,7855,35780,15533,20472,4867,24624,6105,24551,7760,19264,9202,18823,4160,12382,3530,12309,5399,18085,6128,21622
2008,Quintana Roo,3120032,Zona Arqueológica de Dzibanché-Kinichná,546,181,446,226,735,171,262,99,309,86,188,76,703,96,322,146,240,107,92,37,406,195,909,417
2008,Quintana Roo,3110015,Zona Arqueológica de El Meco,205,301,273,312,391,226,172,235,190,169,157,249,205,263,228,178,166,102,202,174,302,262,255,283
2008,Quintana Roo,3120038,Zona Arqueológica de El Rey,533,300,285,385,649,422,202,289,345,320,239,295,332,364,440,290,127,227,138,205,466,407,605,443
2008,Quintana Roo,3110019,Zona Arqueológica de Kohunlich,889,1474,309,1375,1340,1736,247,1225,631,1028,322,807,2194,532,804,1482,578,979,287,761,891,2184,1616,3029
2008,Quintana Roo,3120078,Zona Arqueológica de Muyil,33,525,75,580,170,288,307,384,141,238,40,219,150,195,95,263,39,243,119,181,46,286,182,301
2008,Quintana Roo,3120084,Zona Arqueológica de Oxtankah,351,81,715,268,1849,66,1106,63,652,36,618,113,1058,46,760,293,591,57,249,15,561,20,1107,170
2008,Quintana Roo,3120092,Zona Arqueológica de San Gervasio,2207,6684,2193,7768,3387,8610,2707,6280,2775,5204,494,5994,3106,5241,1317,5018,537,4005,960,5342,948,7640,2098,9671
2008,Quintana Roo,3110037,Zona Arqueológica de Tulum,36272,86366,29172,78856,53515,88790,67541,46335,30035,69130,40795,63800,71248,88972,51786,80130,21947,36851,23919,46267,40264,66687,45915,87286
2008,Quintana Roo,3110038,Zona Arqueológica de Xcaret,0,0,0,0,0,0,0,0,0,0,0,0,0,0,0,0,0,0,0,0,0,0,6,2
2008,Quintana Roo,3110039,Zona Arqueológica de Xelhá,36,154,63,112,115,79,58,45,192,108,144,80,151,84,142,76,78,23,134,47,123,71,212,106
2008,Quintana Roo,3120014,Zona Arqueológica de Chacchoben,456,73,195,55,501,382,320,108,276,49,170,31,226,103,400,114,203,62,349,730,309,566,1499,2061
2008,Tabasco,3120023,Zona Arqueológica de Comalcalco con museo de sitio,2431,145,6595,122,13787,143,4790,74,5813,70,3671,165,7783,196,10519,166,3634,84,1927,69,4158,331,11588,247
2008,Tabasco,3110023,Zona Arqueológica de La Venta con museo de sitio,2158,146,1621,115,3002,94,1477,111,1544,78,1041,66,1821,103,2254,56,1588,60,799,65,1216,175,1319,107
2008,Tabasco,3120086,Zona Arqueológica de Pomoná con museo de sitio,122,6,252,6,915,13,63,4,226,8,126,2,362,8,352,11,157,3,111,3,182,0,209,0
2008,Tabasco,3120076,Zona Arqueológica de Malpasito,104,4,233,0,371,1,157,0,335,0,144,2,114,0,239,0,122,2,123,0,117,0,102,4
2008,Tabasco,3120089,Zona Arqueológica de Moral-Reforma,632,0,323,0,2054,0,412,0,169,0,139,0,174,0,81,0,119,0,94,1,157,0,87,18
2008,Tabasco,3220017,Zona Arqueológica de San Claudio,35,1,70,5,62,0,101,13,132,0,7,0,72,0,146,0,88,0,62,0,304,0,53,0
2008,Tamaulipas,3120039,Zona Arqueológica de El Sabinito,0,0,12,0,168,26,43,9,0,0,121,0,63,0,0,0,33,7,21,0,42,0,0,0
2008,Tamaulipas,3120067,Zona Arqueológica de Las Flores,455,11,340,109,635,52,263,12,453,2,416,15,820,43,376,66,184,9,283,0,251,23,221,54
2008,Tlaxcala,3110005,Zona Arqueológica de Cacaxtla con museo de sitio,0,0,0,0,0,0,0,0,7044,174,6117,198,8020,364,8223,382,6040,261,16084,341,8170,463,7561,197
2008,Tlaxcala,3110105,Zona Arqueológica de Xochitécatl con museo de sitio,5085,96,7846,350,17584,375,6285,228,6361,340,5715,275,6518,400,6385,215,7427,285,11281,606,10093,305,12212,488
2008,Tlaxcala,3110033,Zona Arqueológica de Tizatlán con museo de sitio,441,98,358,39,330,26,339,33,389,53,212,48,322,41,406,12,255,62,196,51,384,27,459,98
2008,Veracruz,3120011,Zona Arqueológica de Castillo de Teayo con museo de sitio,197,62,255,1,966,4,95,3,177,0,151,0,246,3,235,0,120,0,76,1,151,0,343,7
2008,Veracruz,3120012,Zona Arqueológica de Cempoala con museo de sitio,3152,265,4534,459,22539,646,4032,321,6753,133,2683,214,5421,401,4981,316,2800,251,2971,254,4034,262,14279,466
2008,Veracruz,3120068,Zona Arqueológica de Las Higueras con museo de sitio,49,0,6,0,73,0,43,0,49,0,24,0,27,0,128,0,121,1,0,0,11,6,62,0
2008,Veracruz,3120093,Zona Arqueológica de San Lorenzo Tenochtitlan con museo de sitio,220,2,176,4,791,6,394,6,263,9,267,1,228,3,385,2,154,4,138,2,142,1,586,4
2008,Veracruz,3110016,Zona Arqueológica de El Tajín,16382,1788,24157,1478,107596,3126,29332,1356,30462,1367,23885,1223,39541,2141,35582,1791,11946,715,8642,641,17943,1320,18149,946
2008,Veracruz,3220012,Zona Arqueológica de Cuauhtochco,0,0,6,0,86,81,23,0,50,0,6,0,0,0,0,0,14,0,0,0,15,0,0,0
2008,Veracruz,3120123,Zona Arqueológica de Vega de la Peña,34,4,92,8,128,7,61,10,63,9,44,2,49,8,60,15,29,13,21,12,36,38,18,7
2008,Veracruz,3120088,Zona Arqueológica de Quiahuitztlán,1040,60,1493,34,3612,56,1499,16,1598,13,1281,127,1342,31,1699,45,843,23,1201,19,1399,23,1240,31
2008,Veracruz,3120024,Zona Arqueológica de Cuajilote,58,0,111,0,868,0,197,4,139,0,167,0,172,0,249,0,847,0,110,2,322,0,243,9
2008,Veracruz,3120030,Zona Arqueológica de Cuyuxquihui,346,0,250,0,1345,0,247,3,100,0,250,0,300,0,280,0,100,0,0,0,100,0,0,0
2008,Veracruz,3220014,Zona Arqueológica de Las Limas,18,0,9,0,0,0,25,0,7,0,9,0,14,0,12,0,10,0,10,0,13,0,33,0
2008,Yucatán,3120001,Zona Arqueológica de Acanceh,461,75,232,106,711,199,400,123,350,127,251,78,551,154,473,121,297,97,461,86,350,74,543,108
2008,Yucatán,3120002,Zona Arqueológica de Aké,907,106,766,105,1056,229,782,117,554,64,0,0,638,100,703,49,456,33,542,40,750,39,632,75
2008,Yucatán,3120004,Zona Arqueológica de Balamcanché,832,347,1089,310,1746,268,982,202,766,160,764,158,1566,180,1088,273,439,186,419,136,547,183,1314,211
2008,Yucatán,3120015,Zona Arqueológica de Chacmultún,79,4,102,4,840,11,53,1,102,5,0,0,162,3,276,4,148,0,88,7,288,9,202,16
2008,Yucatán,3110008,Zona Arqueológica de Chichén Itzá,50651,80687,32429,90674,39214,107829,36048,106032,42789,57191,42517,58265,90767,76052,84703,77869,45548,48664,34139,41738,47729,56947,47018,59161
2008,Yucatán,3120033,Zona Arqueológica de Dzibilchaltún con museo del Pueblo Maya,7907,2825,7762,3115,12100,4099,9257,2792,9563,2978,7819,2875,13715,3499,9555,2410,6118,2035,5887,1877,5340,1901,21030,3365
2008,Yucatán,3120034,Zona Arqueológica de Ekbalam,2639,4594,2809,5151,5391,5460,1985,5012,2402,6619,1450,5169,6910,5145,3048,6386,1152,3143,1421,3680,1677,5832,1700,4194
2008,Yucatán,3120057,Zona Arqueológica de Kabah,2242,3023,2124,3412,2934,4422,1112,3191,2481,2640,1466,1358,2666,2266,1827,3381,707,1438,590,1404,1944,3791,1234,3266
2008,Yucatán,3120064,Zona Arqueológica de Labná,959,558,1182,620,971,1000,2768,518,1169,503,1384,313,1529,665,1520,985,318,357,568,382,1486,957,1327,857
2008,Yucatán,3120071,Zona Arqueológica de Loltún,3821,308,3003,216,7145,480,2285,401,2335,327,1532,234,3425,571,4144,401,1196,153,1372,194,1806,257,2174,306
2008,Yucatán,3120077,Zona Arqueológica de Mayapán,1414,327,1265,374,2112,347,1258,235,1024,180,1158,185,1648,205,1887,233,803,108,629,525,1462,213,1763,395
2008,Yucatán,3120097,Zona Arqueológica de Sayil,911,976,871,934,1760,1046,1320,640,857,560,932,341,1404,741,1280,1135,418,424,755,405,1241,1061,1170,862
2008,Yucatán,3120122,Zona Arqueológica de Uxmal con museo de sitio,10136,13279,8086,16439,6401,8814,12195,12284,6918,12239,6200,8926,0,0,10935,14851,4238,7193,4832,7796,8534,16452,6694,11963
2008,Yucatán,3120126,Zona Arqueológica de Xlapak,1516,0,515,0,723,0,197,0,374,0,0,0,502,0,284,0,417,0,515,0,280,0,495,0
2008,Yucatán,3120083,Zona Arqueológica de Oxkintok,842,77,625,75,710,100,805,64,549,45,482,69,666,52,689,90,366,13,496,9,424,76,360,86
2008,Yucatán,3120056,Zona Arqueológica de Izamal,579,0,391,0,440,0,510,0,395,0,316,55,592,166,394,203,272,110,216,112,324,131,269,139
2008,Zacatecas,3120003,Zona Arqueológica de Altavista o Chalchihuites con museo de sitio,664,48,926,19,2175,32,1021,12,1242,10,683,28,0,0,1735,83,294,11,822,9,233,11,295,17
2008,Zacatecas,3110022,Zona Arqueológica de La Quemada con museo de sitio,1976,89,2488,95,8427,142,5002,106,4193,95,3914,102,5533,237,3602,184,2379,111,2502,131,2949,97,3046,121
2007,Baja California,3120040,Zona Arqueológica de El Vallecito,733,8,882,16,0,0,1345,8,837,19,1368,5,1076,23,695,20,808,14,950,24,888,20,464,4
2007,Baja California Sur,3120007,Zona Arqueológica de San Francisco de la Sierra,63,101,223,0,30,50,95,110,28,0,66,16,70,18,67,38,24,34,89,36,50,52,133,150
2007,Campeche,3120005,Zona Arqueológica de Balamkú,367,384,200,235,190,240,356,213,138,197,146,207,385,321,152,346,89,143,133,149,227,280,416,199
2007,Campeche,3110002,Zona Arqueológica de Becán,1234,1104,741,1223,794,1030,1265,976,536,538,584,512,1263,829,815,1257,241,379,220,476,583,939,659,690
2007,Campeche,3120008,Zona Arqueológica de Calakmul,826,1023,677,948,718,830,1285,1078,474,571,364,448,1522,1010,853,1232,310,356,576,607,766,783,1111,728
2007,Campeche,3120017,Zona Arqueológica de Chicanná,585,880,417,533,357,814,144,724,187,409,206,357,416,845,183,842,67,231,50,250,111,470,467,311
2007,Campeche,3120020,Zona Arqueológica de Chunhuhub,0,0,0,0,0,0,0,0,0,0,0,0,0,0,32,19,10,10,9,0,13,4,43,0
2007,Campeche,3110011,Zona Arqueológica de Dzibilnocac,290,81,179,8,283,9,466,5,227,2,151,3,361,10,146,16,127,23,51,0,136,6,318,6
2007,Campeche,3110012,Zona Arqueológica de Edzná,3537,843,2474,468,2647,517,4538,484,2421,363,1691,277,4656,574,2556,728,1429,235,1359,495,1769,766,6383,688
2007,Campeche,3110017,Zona Arqueológica de El Tigre,530,3,262,4,239,0,835,19,260,2,337,1,552,11,288,1,175,0,148,14,188,0,195,6
2007,Campeche,3120042,Zona Arqueológica de Hochob,244,27,107,22,194,27,406,11,208,15,213,15,317,14,196,18,49,12,27,5,46,12,392,56
2007,Campeche,3120043,Zona Arqueológica de Hormiguero,228,63,22,37,0,0,106,31,23,21,21,20,46,7,15,0,27,15,2,0,21,53,27,4
2007,Campeche,3120058,Zona Arqueológica de Kankí,0,0,0,0,0,0,0,0,0,0,0,0,22,0,2,0,0,0,0,0,0,0,18,0
2007,Campeche,3120096,Zona Arqueológica de Santa Rosa Xtampak,26,6,7,1,51,6,182,1,60,2,15,0,55,2,63,1,17,1,3,0,33,3,173,21
2007,Campeche,3120125,Zona Arqueológica de Xcalumkín,0,0,0,0,0,0,0,0,125,3,147,0,159,15,48,12,91,0,80,2,221,5,201,9
2007,Campeche,3110041,Zona Arqueológica de Xpuhil,240,349,339,356,324,357,664,263,168,233,197,153,843,386,268,331,123,111,293,140,332,246,492,202
2007,Campeche,3120098,Zona Arqueológica de Tabasqueño,150,13,10,0,146,2,0,0,97,7,33,0,270,10,133,2,29,6,27,0,43,5,281,28
2007,Chiapas,3110004,Zona Arqueológica de Bonampak,578,1030,793,1730,1024,1500,2553,1660,561,1480,526,546,2249,3591,1578,2124,430,989,234,214,1313,1917,1596,2496
2007,Chiapas,3120019,Zona Arqueológica de Chincultic,631,30,320,22,711,57,1331,42,913,34,593,6,1345,46,928,56,706,34,284,7,247,31,1023,57
2007,Chiapas,3110018,Zona Arqueológica de Izapa,3877,474,1561,0,1791,42,1379,254,1166,487,887,0,933,23,801,5,857,6,1038,719,1178,43,1618,427
2007,Chiapas,3110026,"Zona Arqueológica de Palenque con museo ""Alberto Ruz L´Huiller""",25508,29622,22985,22471,33267,32284,64021,38138,19310,26815,10259,16768,65957,15107,35288,37956,11400,15663,15835,19561,18302,27387,34041,13905
2007,Chiapas,3120103,Zona Arqueológica de Tenam Puente,1305,89,689,40,1366,24,1475,48,1056,18,1112,15,1811,24,792,6,562,13,828,12,531,25,1504,63
2007,Chiapas,3110035,Zona Arqueológica de Toniná con museo de sitio,4012,577,4385,411,3604,431,5524,924,5122,279,2248,147,7372,847,4507,1455,3144,401,2533,788,4715,652,9884,1276
2007,Chiapas,3110044,Zona Arqueológica de Yaxchilán,1468,2137,1232,2040,1282,2174,4611,4164,2106,1920,1473,1862,5554,4595,2429,5416,603,2210,487,760,2359,2793,1272,3983
2007,Chihuahua,3110028,Zona Arqueológica de Paquimé con Museo de las Culturas del Norte,952,490,2339,1206,5367,856,6834,925,4765,410,2787,432,1927,239,1646,108,1570,317,3015,197,2587,218,2015,254
2007,Chihuahua,3110010,Zona Arqueológica de Cuarenta Casas,327,0,230,0,737,0,4612,0,717,0,618,0,2010,147,1360,140,775,89,544,31,441,11,76,18
2007,Ciudad de México,3120013,Zona Arqueológica de Cerro de la Estrella,7870,0,6547,0,0,0,14306,0,10222,0,11881,0,12762,0,9190,0,11037,0,8085,0,10440,0,12127,0
2007,Ciudad de México,3120029,Zona Arqueológica de Cuicuilco con museo de sitio,2094,129,3062,107,3295,162,7270,209,6286,141,3501,344,3916,358,4667,216,6706,197,6255,124,6012,215,3447,220
2007,Ciudad de México,3120116,Zona Arqueológica de Tlatelolco con museo de sitio,6654,0,6739,0,6904,0,7441,0,7166,0,4978,0,6849,0,5591,0,5925,0,7462,0,7672,1074,4967,1500
2007,Colima,3120035,Zona Arqueológica de El Chanal,525,215,503,198,484,108,427,97,473,12,240,9,324,0,405,42,232,7,391,38,438,5,296,28
2007,Colima,3120059,Zona Arqueológica de La Campana,946,963,878,743,1121,682,1183,275,843,105,616,63,646,40,571,30,139,42,288,490,705,224,405,445
2007,Durango,3110020,Zona Arqueológica de La Ferrería con museo de sitio,1125,7,1144,16,2021,30,1613,17,1443,13,1366,10,1661,50,1265,48,1009,19,1031,15,1005,10,3750,65
2007,Estado de México,3110001,Zona Arqueológica de Acozac,0,0,2815,0,0,0,0,0,2234,0,0,0,0,0,0,0,0,0,0,0,0,0,0,0
2007,Estado de México,3110006,Zona Arqueológica de Calixtlahuaca,0,0,1157,39,2711,21,2499,22,2681,0,1048,8,2066,12,1191,14,1326,14,1065,21,1541,9,1064,16
2007,Estado de México,3120018,Zona Arqueológica de Chimalhuacán con museo de sitio,4065,0,0,0,0,0,2838,0,1894,0,1396,0,1172,0,0,0,2393,0,3111,0,3299,0,0,0
2007,Estado de México,3110014,Zona Arqueológica de El Conde,0,0,122,0,67,0,147,0,0,0,75,0,60,0,72,0,54,0,78,0,78,0,29,0
2007,Estado de México,3120050,Zona Arqueológica de Huexotla,235,6,0,0,0,0,222,0,224,0,221,0,572,0,0,0,169,0,177,0,0,0,99,0
2007,Estado de México,3120072,Zona Arqueológica de Los Melones,437,0,362,0,0,0,986,2,828,2,686,2,1114,0,488,4,403,2,673,6,890,1,774,4
2007,Estado de México,3120073,Zona Arqueológica de Los Reyes La Paz,1211,42,0,0,0,0,0,0,0,0,0,0,0,0,1905,0,659,29,0,0,0,0,0,0
2007,Estado de México,3120075,Zona Arqueológica de Malinalco,6589,199,7514,295,13650,310,11762,153,4254,132,5083,122,9378,254,8721,186,5741,141,5160,187,14922,210,8620,181
2007,Estado de México,3120095,"Zona Arqueológica de Santa Cecilia Acatitla con museo de la Escultura Mexica ""Eusebio Dávalos Hurtado""",0,0,791,47,1926,12,1520,34,431,2,764,9,549,35,403,9,915,38,868,20,784,47,685,4
2007,Estado de México,3120104,Zona Arqueológica de Tenayuca I con museo Xólotl,0,0,698,0,1991,0,1067,0,1543,0,644,0,511,5,373,2,1403,2,1440,0,1178,0,570,102
2007,Estado de México,3120129,Zona Arqueológica de Tenayuca II,40,0,0,0,0,0,34,0,13,4,25,0,9,1,24,0,32,0,0,0,0,0,0,0
2007,Estado de México,3110031,Zona Arqueológica Teotihuacan (con Museo de Sitio),34414,23625,34767,27446,59292,103014,49735,40074,39400,22850,42240,22614,26455,49264,96289,47816,27957,16354,43659,14150,47570,32520,55407,26315
2007,Estado de México,3110032,Zona Arqueológica de Tetzcotzinco,2160,0,0,0,0,0,61,0,2290,0,2535,0,2665,0,1667,0,83,0,1735,0,2546,0,1862,0
2007,Estado de México,3120115,Zona Arqueológica de Tlapacoya,0,0,509,0,774,0,845,0,793,0,620,0,299,2,422,8,523,0,473,0,980,0,562,2
2007,Guanajuato,3120085,Zona Arqueológica de Plazuelas,3312,7,2410,17,4109,18,3794,24,1760,2,2063,33,2772,118,2378,41,1210,22,2078,9,2501,38,3122,73
2007,Guerrero,3120046,Zona Arqueológica de Huamuxtitlán,213,0,283,0,294,0,207,0,334,0,282,0,326,2,328,0,302,2,379,0,151,0,330,0
2007,Guerrero,3120053,Zona Arqueológica de Ixcateopan,83,0,815,20,33,8,99,3,69,2,40,3,73,6,44,2,71,2,97,3,99,42,141,0
2007,Guerrero,3110021,Zona Arqueológica de La Organera Xochipala,0,0,321,0,322,0,360,10,277,3,244,3,368,9,166,0,232,0,352,0,432,71,503,0
2007,Guerrero,3120062,Zona Arqueológica de La Sabana,57,0,57,0,81,0,76,0,30,0,52,0,55,0,40,0,55,0,26,0,63,0,64,0
2007,Guerrero,3120026,Zona Arqueológica de Cuetlajuchitlán (Los Querende),13,0,14,0,13,3,16,1,41,0,11,0,11,0,16,0,15,0,20,0,13,0,34,0
2007,Guerrero,3120074,Zona Arqueológica de Los Tepoltzis,176,0,176,0,125,0,153,0,156,0,50,0,78,0,116,0,91,0,79,0,134,0,120,0
2007,Guerrero,3110027,Zona Arqueológica de Palma Sola,661,242,591,168,1251,64,563,231,383,65,729,26,698,21,462,28,516,14,516,196,718,146,550,237
2007,Guerrero,3120106,Zona Arqueológica de Teopantecuanitlán,210,0,43,4,150,0,174,0,96,0,95,0,45,0,56,0,206,0,76,0,76,0,50,0
2007,Hidalgo,3120048,Zona Arqueológica de Huapalcalco,2571,0,2214,65,1542,93,1794,34,3298,24,3130,26,4536,28,7444,16,899,10,1656,18,1964,36,1636,25
2007,Hidalgo,3120110,Zona Arqueológica de Tepeapulco,2349,10,918,8,5215,16,1093,44,1153,23,901,5,693,25,1729,32,1366,46,0,0,1541,25,1324,47
2007,Hidalgo,3110036,Zona Arqueológica de Tula con museo de sitio,12863,413,10162,917,17065,648,13964,530,9091,317,8204,373,15548,959,7849,427,7147,162,9915,459,11344,412,10337,460
2007,Jalisco,3120036,Zona Arqueológica de El Grillo,176,0,195,0,199,0,140,0,169,0,273,0,240,0,212,0,238,0,217,0,186,0,189,0
2007,Jalisco,3120054,Zona Arqueológica de Ixtépete,718,232,706,224,1813,187,475,95,513,102,542,32,614,56,480,114,478,72,467,68,522,73,523,103
2007,Michoacán,3120047,Zona Arqueológica de Huandacareo,400,12,0,0,189,2,273,1,164,0,43,6,96,2,117,1,0,0,22,0,304,3,315,7
2007,Michoacán,3120052,Zona Arqueológica de Ihuatzio,610,208,530,87,843,72,1114,60,1053,30,976,32,1270,72,937,57,350,23,839,53,665,107,1352,45
2007,Michoacán,3120091,Zona Arqueológica de San Felipe los Alzati,239,8,374,0,328,0,372,0,0,0,65,4,320,23,235,0,39,0,296,0,343,1,303,0
2007,Michoacán,3120114,Zona Arqueológica de Tingambato,2600,16,768,40,972,160,1134,90,1266,28,1107,28,5828,41,691,19,468,5,867,23,1632,0,1141,27
2007,Michoacán,3120119,Zona Arqueológica de Tres Cerritos,67,17,0,0,188,8,172,15,0,0,180,7,111,21,0,0,188,6,0,0,230,0,114,0
2007,Michoacán,3120121,Zona Arqueológica de Tzintzuntzan con museo de sitio,1957,1110,3353,691,4303,505,6337,866,3679,402,4635,167,7550,245,7371,733,2879,112,2714,203,0,0,6115,540
2007,Morelos,3110007,Zona Arqueológica de Chalcatzingo,1990,23,1062,16,2028,10,2075,16,1197,7,1803,4,2330,0,1525,25,1177,115,953,6,1519,8,1779,18
2007,Morelos,3110040,Zona Arqueológica de Xochicalco con museo de sitio,38527,5598,52830,2730,48973,3211,52395,4729,47934,2995,43127,3002,86630,2517,69411,2729,67699,2351,74455,1624,73171,1508,69930,3499
2007,Morelos,3120021,Zona Arqueológica de Coatetelco con museo de sitio,258,4,404,1,696,1,691,0,226,0,229,2,544,0,328,27,215,4,151,1,351,2,350,10
2007,Morelos,3120069,Zona Arqueológica de Las Pilas,126,2,127,4,330,0,296,0,360,0,176,0,363,0,0,0,67,0,126,0,170,0,159,0
2007,Morelos,3120082,Zona Arqueológica de Olintepec,183,2,35,0,58,0,66,0,66,0,75,0,53,0,49,0,53,0,41,0,52,0,21,0
2007,Morelos,3120112,Zona Arqueológica de Tepozteco,10921,1294,11740,2388,20158,2616,22417,2893,8980,810,6231,1210,0,0,13951,2150,4800,638,3624,806,15472,1508,25249,2631
2007,Morelos,3120107,Zona Arqueológica de Teopanzolco,2179,260,1905,229,3128,303,2370,216,1837,134,1405,334,16781,5561,2584,312,1807,140,1937,166,1640,168,2290,240
2007,Morelos,3110043,Zona Arqueológica de Yautepec,210,6,242,0,487,0,210,8,263,0,285,0,267,4,132,3,320,2,203,5,172,7,272,4
2007,Nayarit,3120055,Zona Arqueológica de Ixtlán del Río,986,247,604,190,2846,239,1451,87,887,149,1215,108,1608,127,1537,157,850,120,1349,67,0,0,1143,122
2007,Nuevo León,3110003,Zona Arqueológica de Boca de Potrerillos,294,2,300,21,752,39,868,15,367,3,409,0,366,15,297,10,321,3,237,3,1138,479,203,70
2007,Oaxaca,3120031,Zona Arqueológica de Dainzú,207,26,225,95,335,58,487,16,328,9,295,15,254,76,240,68,209,50,307,39,188,67,508,113
2007,Oaxaca,3120041,Zona Arqueológica de Guiengola,528,10,334,5,289,5,226,3,268,4,234,3,271,6,129,4,137,4,153,7,288,8,295,8
2007,Oaxaca,3120051,Zona Arqueológica de Huijazoo,230,8,118,52,188,65,104,35,160,109,192,108,999,53,200,63,86,19,168,104,132,124,240,60
2007,Oaxaca,3120065,Zona Arqueológica de Lambityeco,61,10,92,28,152,15,92,15,115,12,110,6,22,9,57,19,136,31,81,13,83,33,274,40
2007,Oaxaca,3110024,Zona Arqueológica de Mitla,4529,1701,4420,2545,4511,2189,8552,2852,4095,1174,4679,1104,8847,2465,6560,2319,3084,863,5261,1466,7328,3632,9506,3213
2007,Oaxaca,3110025,Zona Arqueológica de Monte Albán con museo de sitio,12581,4196,15530,4075,17128,8342,37364,8110,19732,3764,16075,2740,42613,6523,26741,6193,12449,2994,16381,5258,23955,8426,38806,7358
2007,Oaxaca,3110042,Zona Arqueológica de Yagul,700,101,670,172,905,226,1436,153,1155,122,592,86,1328,165,494,218,455,127,702,148,1040,596,1179,272
2007,Oaxaca,3110045,Zona Arqueológica de Zaachila,424,7,469,2,373,7,1183,15,247,3,470,6,544,5,546,21,199,20,423,60,326,17,698,84
2007,Puebla,3120010,Zona Arqueológica de Cantona,2767,9,1497,65,2591,66,4547,28,1676,46,1579,43,1962,55,2258,103,1115,17,2006,37,3169,32,2192,12
2007,Puebla,3110009,Zona Arqueológica de Cholula con museo de sitio,10516,2285,6841,1282,10485,1664,16729,1591,13085,2044,6926,784,11112,1142,10195,767,4979,323,5340,485,7884,712,12285,623
2007,Puebla,3120090,Zona Arqueológica de San Cristobal Tepatlaxco,237,0,202,0,858,0,619,0,537,0,342,0,404,4,526,0,192,0,380,0,415,0,307,2
2007,Puebla,3120109,Zona Arqueológica de Tepapayeca,10,0,27,0,13,1,14,0,10,0,12,0,11,0,8,0,12,0,8,0,14,0,11,0
2007,Puebla,3120111,Zona Arqueológica de Tepexi el Viejo,20,0,25,0,96,3,117,9,21,0,25,0,35,0,16,0,29,0,18,0,55,0,46,0
2007,Puebla,3120128,Zona Arqueológica de Yohualichan,2157,81,1481,131,3243,107,6187,99,3462,88,2223,145,2806,97,1924,90,635,52,1899,93,2009,63,1827,47
2007,Querétaro,3110013,Zona Arqueológica de El Cerrito,1671,0,1908,0,2859,0,3455,0,1565,0,1718,0,3582,0,2192,0,1475,0,1742,0,1815,0,1681,0
2007,Querétaro,3110030,Zona Arqueológica de Ranas,1098,0,1157,0,2483,0,4681,0,1724,0,1307,0,2567,0,2585,0,756,0,1307,0,1278,0,1641,0
2007,Querétaro,3110034,Zona Arqueológica de Toluquilla,277,0,225,0,670,0,920,0,472,0,491,0,587,0,748,0,144,0,299,0,400,0,242,0
2007,Quintana Roo,3110131,Zona Arqueológica de Calica,0,0,0,0,0,0,0,0,0,0,0,0,0,0,0,0,0,0,0,0,0,0,0,0
2007,Quintana Roo,3120022,Zona Arqueológica de Cobá,2391,33572,2048,32425,1645,33013,5109,31277,2024,24355,1778,27533,7000,20000,3117,22800,8180,10420,1297,20461,2589,26530,3983,33446
2007,Quintana Roo,3120032,Zona Arqueológica de Dzibanché-Kinichná,452,486,536,302,469,191,843,347,224,80,372,120,688,128,230,57,194,15,177,33,278,66,460,115
2007,Quintana Roo,3110015,Zona Arqueológica de El Meco,295,232,331,211,350,217,348,183,188,69,115,137,96,100,19,200,2,119,176,136,202,197,232,120
2007,Quintana Roo,3120038,Zona Arqueológica de El Rey,522,349,376,400,516,342,506,332,287,255,177,308,130,319,45,318,33,400,404,165,278,281,502,245
2007,Quintana Roo,3110019,Zona Arqueológica de Kohunlich,398,3327,570,3120,762,3680,1148,2612,761,1649,1009,1133,1182,1720,526,1214,210,421,298,707,353,1035,1271,1251
2007,Quintana Roo,3120078,Zona Arqueológica de Muyil,266,405,200,360,251,465,160,200,183,222,80,135,62,82,159,610,51,215,15,243,117,173,133,583
2007,Quintana Roo,3120084,Zona Arqueológica de Oxtankah,954,32,727,84,754,73,1015,78,589,30,186,23,675,13,463,7,208,5,247,11,560,14,1035,24
2007,Quintana Roo,3110029,Zona Arqueológica de Playa del Carmen,0,0,0,0,0,0,0,0,0,0,0,0,0,0,0,0,0,0,0,0,0,0,0,0
2007,Quintana Roo,3120092,Zona Arqueológica de San Gervasio,1015,8501,1459,8440,2029,9888,1215,8544,788,4672,720,4950,2177,4000,1100,4221,510,4067,1253,3900,1164,5293,2536,7753
2007,Quintana Roo,3110037,Zona Arqueológica de Tulum,35708,71257,26013,65316,31370,77615,31138,79459,27708,59087,8573,22018,35120,105756,11838,59000,10100,39109,17363,43499,21471,62119,46778,72316
2007,Quintana Roo,3110038,Zona Arqueológica de Xcaret,0,0,0,0,0,0,4,0,0,0,0,0,0,0,0,0,0,0,0,0,0,0,0,0
2007,Quintana Roo,3110039,Zona Arqueológica de Xelhá,190,380,65,230,85,85,373,300,35,35,136,200,113,230,100,263,11,111,40,126,133,159,46,94
2007,Quintana Roo,3120014,Zona Arqueológica de Chacchoben,452,12305,337,11053,1189,13906,3175,5374,345,4580,229,871,515,902,335,740,0,0,95,14,115,19,361,148
2007,Tabasco,3120023,Zona Arqueológica de Comalcalco con museo de sitio,3953,164,3780,169,3953,164,7979,174,3176,132,3992,183,6801,191,7488,179,2565,144,2792,152,1702,56,4639,127
2007,Tabasco,3110023,Zona Arqueológica de La Venta con museo de sitio,4331,154,984,93,843,128,2977,137,1684,94,2037,33,4960,87,2391,96,1296,143,1006,80,737,41,845,110
2007,Tabasco,3120086,Zona Arqueológica de Pomoná con museo de sitio,0,0,208,10,5859,122,171,26,164,6,76,6,473,6,188,4,39,3,40,7,242,5,204,37
2007,Tabasco,3120076,Zona Arqueológica de Malpasito,160,0,118,121,0,0,641,0,643,0,161,4,416,8,176,3,92,0,124,0,50,0,131,6
2007,Tabasco,3120089,Zona Arqueológica de Moral-Reforma,0,0,271,0,0,0,0,0,0,0,421,0,508,0,0,0,0,0,0,0,136,0,391,0
2007,Tabasco,3220017,Zona Arqueológica de San Claudio,57,17,37,0,33,2,31,0,9,21,18,0,16,0,49,0,35,0,75,0,58,0,23,0
2007,Tamaulipas,3120039,Zona Arqueológica de El Sabinito,45,0,29,0,46,0,71,0,0,0,41,0,42,0,52,0,24,7,7,0,0,0,0,0
2007,Tamaulipas,3120067,Zona Arqueológica de Las Flores,472,104,0,0,406,78,815,27,554,6,550,19,425,50,588,26,549,36,323,21,300,0,508,24
2007,Tlaxcala,3110005,Zona Arqueológica de Cacaxtla con museo de sitio,6986,916,11159,977,11117,961,10234,638,5906,218,0,0,0,0,0,0,0,0,0,0,0,0,0,0
2007,Tlaxcala,3110105,Zona Arqueológica de Xochitécatl con museo de sitio,5718,325,9279,397,12618,180,6765,115,8404,205,8888,175,10056,505,10042,435,10380,84,14284,212,2943,300,8300,202
2007,Tlaxcala,3110033,Zona Arqueológica de Tizatlán con museo de sitio,222,0,159,15,287,33,303,30,277,42,225,34,500,49,382,46,271,65,318,56,372,35,615,60
2007,Veracruz,3120011,Zona Arqueológica de Castillo de Teayo con museo de sitio,312,3,135,42,160,27,482,4,118,0,163,8,415,7,338,8,103,2,112,60,290,2,378,3
2007,Veracruz,3120012,Zona Arqueológica de Cempoala con museo de sitio,3709,288,4563,384,11375,492,10808,434,5078,236,5508,348,9078,318,5025,274,1953,149,2414,351,4010,323,5250,510
2007,Veracruz,3120068,Zona Arqueológica de Las Higueras con museo de sitio,49,0,16,0,73,0,71,0,28,0,15,0,35,0,55,0,12,0,15,1,9,0,15,0
2007,Veracruz,3120093,Zona Arqueológica de San Lorenzo Tenochtitlan con museo de sitio,335,0,212,2,388,33,886,16,305,5,352,16,317,7,168,1,144,5,153,0,289,0,433,7
2007,Veracruz,3110016,Zona Arqueológica de El Tajín,44988,1075,13071,1043,57233,3346,87444,3183,37572,1591,29200,1898,61193,2094,30650,1442,8490,509,21820,1386,17827,858,43282,1441
2007,Veracruz,3220012,Zona Arqueológica de Cuauhtochco,13,0,13,0,74,0,281,0,64,0,24,0,10,0,13,0,5,0,8,0,0,0,0,0
2007,Veracruz,3120123,Zona Arqueológica de Vega de la Peña,27,0,94,0,59,0,110,0,110,10,40,10,27,10,30,4,10,6,14,6,55,11,29,9
2007,Veracruz,3120088,Zona Arqueológica de Quiahuitztlán,1256,54,1006,105,2766,70,3820,47,276,43,379,0,1833,0,2255,50,946,0,1340,16,1934,35,1662,46
2007,Veracruz,3120024,Zona Arqueológica de Cuajilote,222,2,133,2,223,0,1085,95,162,1,219,48,313,2,339,4,71,1,81,0,317,0,149,0
2007,Veracruz,3120030,Zona Arqueológica de Cuyuxquihui,310,0,194,0,327,0,700,0,150,0,200,0,300,0,435,0,0,0,140,0,140,0,466,0
2007,Veracruz,3220014,Zona Arqueológica de Las Limas,0,0,0,0,0,0,9,0,4,0,17,0,7,0,9,0,4,0,8,0,11,0,22,0
2007,Yucatán,3120001,Zona Arqueológica de Acanceh,339,23,649,41,345,35,740,107,203,33,234,64,544,98,394,66,381,36,134,29,298,96,652,113
2007,Yucatán,3120002,Zona Arqueológica de Aké,669,41,610,80,799,110,949,120,465,69,545,55,1004,182,481,108,338,49,469,52,746,77,566,145
2007,Yucatán,3120004,Zona Arqueológica de Balamcanché,1551,242,157,14,1502,218,1422,190,691,205,868,149,1318,256,1264,151,518,119,608,146,849,194,1030,307
2007,Yucatán,3120015,Zona Arqueológica de Chacmultún,93,2,146,14,335,7,172,8,98,5,93,4,190,12,328,4,85,2,67,0,91,5,195,55
2007,Yucatán,3110008,Zona Arqueológica de Chichén Itzá,36529,62712,32803,54401,45421,66618,43717,57642,36593,54843,36856,55713,141657,51617,59282,83190,35162,50370,33013,48754,43082,63814,57889,77548
2007,Yucatán,3120033,Zona Arqueológica de Dzibilchaltún con museo del Pueblo Maya,3540,1132,4201,1151,3655,1529,4393,1910,4126,1450,6391,1450,8095,2065,6331,1680,8797,1425,6013,1655,9774,2150,20750,4926
2007,Yucatán,3120034,Zona Arqueológica de Ekbalam,2393,4797,2473,4031,2456,4159,2861,3791,2342,3212,1717,4556,4568,5157,2629,4825,1112,4465,1907,4157,2262,4830,2853,4872
2007,Yucatán,3120057,Zona Arqueológica de Kabah,1892,3938,1206,2655,2328,3712,2303,3026,1727,2119,1478,1275,2679,2988,1899,3297,971,1378,1189,1885,2239,3412,2759,2561
2007,Yucatán,3120064,Zona Arqueológica de Labná,968,487,1105,763,1465,742,1266,539,910,382,1239,278,1522,669,1474,755,479,370,697,261,935,534,1335,1000
2007,Yucatán,3120071,Zona Arqueológica de Loltún,5164,583,2495,534,3364,510,5228,410,3370,365,3465,235,5253,400,4004,349,1592,135,2661,199,3189,178,3232,506
2007,Yucatán,3120077,Zona Arqueológica de Mayapán,1737,405,2008,338,1382,382,2008,291,1252,132,916,121,1749,232,1342,221,1339,102,782,123,1201,227,1130,682
2007,Yucatán,3120097,Zona Arqueológica de Sayil,592,744,1019,977,1215,921,1000,564,989,559,983,345,1199,768,1016,1059,393,390,802,381,897,890,1219,1015
2007,Yucatán,3120122,Zona Arqueológica de Uxmal con museo de sitio,12105,16646,8028,17074,45113,18744,13920,13816,10499,10752,10022,8738,15083,12393,12869,15970,5604,7089,7452,8700,9464,18088,9847,14588
2007,Yucatán,3120126,Zona Arqueológica de Xlapak,1466,0,1026,0,857,0,865,0,912,0,819,0,570,0,493,0,499,0,0,0,1491,0,1364,0
2007,Yucatán,3120083,Zona Arqueológica de Oxkintok,939,100,621,45,761,80,896,130,533,22,632,21,1926,150,881,86,313,20,532,22,752,61,659,211
2007,Yucatán,3120056,Zona Arqueológica de Izamal,529,0,399,0,325,100,482,0,346,0,714,95,635,0,397,0,374,0,412,0,425,0,0,0
2007,Zacatecas,3120003,Zona Arqueológica de Altavista o Chalchihuites con museo de sitio,816,12,562,6,1354,7,1191,15,738,1,854,29,1204,6,753,7,508,8,476,6,1264,12,1191,117
2007,Zacatecas,3110022,Zona Arqueológica de La Quemada con museo de sitio,1364,158,1690,254,8059,319,6536,174,3976,120,5981,110,6310,333,4215,340,2273,127,3509,88,3072,119,3273,109
2006,Baja California,3120040,Zona Arqueológica de El Vallecito,687,18,950,20,1140,13,1610,37,1165,46,974,7,809,48,705,31,834,17,865,23,1122,24,768,12
2006,Baja California Sur,3120007,Zona Arqueológica de San Francisco de la Sierra,53,81,53,81,67,208,260,120,64,43,35,50,93,17,50,76,30,9,94,28,103,36,138,86
2006,Campeche,3120005,Zona Arqueológica de Balamkú,255,173,216,216,195,115,337,200,251,133,93,146,301,233,230,70,174,139,197,197,325,266,325,231
2006,Campeche,3110002,Zona Arqueológica de Becán,1113,972,592,1081,712,1057,1624,286,667,401,371,509,1598,792,1302,1130,416,420,559,561,668,877,1250,592
2006,Campeche,3120008,Zona Arqueológica de Calakmul,1182,574,534,489,436,622,381,622,748,344,356,379,2163,517,1156,798,242,233,409,387,489,750,948,756
2006,Campeche,3120017,Zona Arqueológica de Chicanná,250,531,179,777,277,746,456,768,270,451,114,235,404,375,100,175,116,230,212,420,290,807,803,233
2006,Campeche,3120020,Zona Arqueológica de Chunhuhub,11,1,2,1,7,0,10,0,6,0,5,0,13,5,15,0,5,0,0,0,0,0,3,2
2006,Campeche,3110011,Zona Arqueológica de Dzibilnocac,373,1,200,2,138,0,188,12,341,14,72,0,70,16,343,8,106,3,96,2,198,5,23,4
2006,Campeche,3110012,Zona Arqueológica de Edzná,3834,412,2417,429,2103,544,1766,444,1948,264,1727,276,3079,603,3421,1040,1417,316,1509,465,2213,708,1448,1831
2006,Campeche,3110017,Zona Arqueológica de El Tigre,715,12,303,0,282,5,276,10,340,3,315,1,315,1,458,1,78,0,222,1,179,3,160,166
2006,Campeche,3120042,Zona Arqueológica de Hochob,296,24,57,5,72,5,76,7,18,6,86,4,178,4,383,12,25,0,26,2,158,14,104,100
2006,Campeche,3120043,Zona Arqueológica de Hormiguero,83,64,30,53,71,38,58,45,95,3,38,14,40,14,58,21,45,3,0,0,59,26,63,20
2006,Campeche,3120058,Zona Arqueológica de Kankí,3,0,7,0,5,0,8,0,7,0,4,0,8,0,7,7,8,4,0,0,0,0,0,0
2006,Campeche,3120079,Zona Arqueológica de Nadzcaan,55,2,49,8,55,9,53,9,55,0,43,7,30,0,32,7,32,5,0,0,0,0,0,0
2006,Campeche,3120096,Zona Arqueológica de Santa Rosa Xtampak,61,2,15,0,13,2,15,2,8,3,2,4,30,2,146,0,10,2,17,3,22,7,28,58
2006,Campeche,3120118,Zona Arqueológica de Tohcok,305,39,0,0,0,0,7,0,0,0,0,0,6,0,10,3,10,2,0,0,0,0,0,0
2006,Campeche,3120125,Zona Arqueológica de Xcalumkín,165,2,28,0,19,0,18,0,60,0,8,0,9,4,21,6,19,2,0,0,0,0,0,0
2006,Campeche,3110041,Zona Arqueológica de Xpuhil,399,255,347,264,186,203,193,203,240,80,307,27,423,177,402,95,220,135,253,95,450,258,273,97
2006,Campeche,3120098,Zona Arqueológica de Tabasqueño,54,2,0,0,28,4,33,4,75,10,40,10,77,1,145,11,145,11,73,4,0,0,2,0
2006,Chiapas,3110004,Zona Arqueológica de Bonampak,717,1052,752,2241,567,843,2210,658,1147,504,559,299,2341,861,2221,746,511,728,563,693,739,904,2594,614
2006,Chiapas,3120019,Zona Arqueológica de Chincultic,882,70,540,60,552,63,1210,89,568,26,608,26,820,39,645,89,470,44,500,47,1277,49,759,29
2006,Chiapas,3110018,Zona Arqueológica de Izapa,1456,275,1478,36,3357,62,2392,41,1303,28,1472,116,1259,78,1229,91,882,111,1018,111,1087,196,1179,42
2006,Chiapas,3110026,"Zona Arqueológica de Palenque con museo ""Alberto Ruz L´Huiller""",14999,17873,11684,22794,19407,27122,60585,24253,20161,19800,16461,16166,39957,24519,19521,27865,11908,17510,17822,18718,18173,25974,41076,22126
2006,Chiapas,3120103,Zona Arqueológica de Tenam Puente,2035,77,1561,43,1301,32,2818,342,1652,20,1273,51,1422,53,1686,73,859,39,856,41,1743,33,1128,131
2006,Chiapas,3110035,Zona Arqueológica de Toniná con museo de sitio,2516,390,1806,515,2558,681,6859,627,3228,369,2363,299,3550,924,3557,1598,2959,586,2024,382,3195,867,5546,622
2006,Chiapas,3110044,Zona Arqueológica de Yaxchilán,1940,2331,491,899,1002,2214,4145,2070,1691,1728,583,1330,4011,2892,1255,3100,821,1480,811,1688,1227,2697,4112,1720
2006,Chihuahua,3110028,Zona Arqueológica de Paquimé con Museo de las Culturas del Norte,2181,874,3052,1272,7699,1341,6352,801,4491,618,2622,332,4095,277,2263,198,2624,494,3079,780,3406,872,1591,615
2006,Chihuahua,3110010,Zona Arqueológica de Cuarenta Casas,517,23,369,42,865,21,5200,20,671,41,664,126,4144,145,1305,65,619,43,661,21,566,42,398,26
2006,Ciudad de México,3120013,Zona Arqueológica de Cerro de la Estrella,7619,0,7724,0,12275,0,16279,0,6026,0,7369,0,8440,0,8719,0,7562,0,9392,0,9278,0,9776,0
2006,Ciudad de México,3120029,Zona Arqueológica de Cuicuilco con museo de sitio,4097,235,7448,256,23322,310,6333,252,4373,167,4535,290,3658,306,3611,400,9243,103,8358,76,8234,215,6438,157
2006,Ciudad de México,3120116,Zona Arqueológica de Tlatelolco con museo de sitio,4486,1404,4980,1170,6396,1262,4898,886,4916,866,3208,876,4610,1605,3471,1516,5567,982,6280,1045,7186,1371,5245,1566
2006,Colima,3120035,Zona Arqueológica de El Chanal,1129,735,1192,843,952,863,917,219,750,55,954,49,1012,42,975,73,892,12,916,149,988,555,859,634
2006,Colima,3120059,Zona Arqueológica de La Campana,264,103,275,98,401,77,214,53,250,37,256,25,317,38,375,44,372,5,407,8,512,72,543,74
2006,Durango,3110020,Zona Arqueológica de La Ferrería con museo de sitio,1084,8,1343,9,3551,16,1605,22,1181,11,1301,20,1670,52,1262,31,1160,30,1600,13,1288,18,1404,27
2006,Estado de México,3110001,Zona Arqueológica de Acozac,5905,0,2211,0,3268,0,1771,0,2419,0,0,0,2600,0,2939,0,2463,0,4872,0,0,0,5317,0
2006,Estado de México,3110006,Zona Arqueológica de Calixtlahuaca,1685,46,974,22,11072,27,1596,19,879,24,746,7,1297,33,879,23,995,28,1120,17,1309,39,1026,16
2006,Estado de México,3120018,Zona Arqueológica de Chimalhuacán con museo de sitio,4050,10,4500,10,5300,10,3620,18,6100,10,3969,18,1465,15,910,6,0,0,3683,13,2650,10,1048,1346
2006,Estado de México,3110014,Zona Arqueológica de El Conde,28,1,31,0,90,1,55,0,33,18,0,0,85,1,45,1,0,0,355,0,200,1,105,0
2006,Estado de México,3120050,Zona Arqueológica de Huexotla,0,0,163,0,497,0,156,0,198,0,149,0,114,0,120,0,213,0,226,0,324,0,290,0
2006,Estado de México,3120072,Zona Arqueológica de Los Melones,329,27,491,12,518,26,259,8,332,12,449,8,656,22,0,0,1462,45,830,16,1042,5,433,0
2006,Estado de México,3120073,Zona Arqueológica de Los Reyes La Paz,0,0,1723,40,836,30,0,0,777,0,0,0,1756,22,0,0,1836,29,969,28,0,0,1038,10
2006,Estado de México,3120075,Zona Arqueológica de Malinalco,9314,134,7003,111,11641,83,10430,76,4991,64,5104,57,5968,194,7116,113,5637,66,4665,28,7749,84,7884,150
2006,Estado de México,3120095,"Zona Arqueológica de Santa Cecilia Acatitla con museo de la Escultura Mexica ""Eusebio Dávalos Hurtado""",588,23,817,13,4076,6,640,8,599,12,1065,13,465,6,518,14,883,11,889,69,983,4,1680,27
2006,Estado de México,3120104,Zona Arqueológica de Tenayuca I con museo Xólotl,463,8,664,2,3089,9,550,3,402,10,737,10,527,14,368,4,1171,17,994,8,891,12,358,2
2006,Estado de México,3120129,Zona Arqueológica de Tenayuca II,28,8,11,1,30,5,20,2,20,2,25,5,0,0,20,0,30,5,13,1,35,5,0,0
2006,Estado de México,3110031,Zona Arqueológica Teotihuacan (con Museo de Sitio),89505,28077,88962,25615,211073,59800,95237,25195,66389,16614,67280,16074,90599,30301,70840,24491,52120,17590,71806,18813,93631,21812,100509,28554
2006,Estado de México,3110032,Zona Arqueológica de Tetzcotzinco,1800,400,1700,303,5700,70,2250,500,1350,30,1150,20,2000,40,2600,40,0,0,1970,400,4100,950,1850,400
2006,Estado de México,3120115,Zona Arqueológica de Tlapacoya,455,0,458,0,755,0,466,2,526,0,321,1,201,0,0,0,561,0,605,0,477,0,451,0
2006,Guanajuato,3120085,Zona Arqueológica de Plazuelas,0,0,0,0,4838,16,7919,32,2356,39,1738,31,3132,131,2211,48,1911,24,1999,26,1808,45,3195,194
2006,Guerrero,3120046,Zona Arqueológica de Huamuxtitlán,185,0,334,0,286,0,337,2,135,0,425,0,336,0,484,0,439,0,470,0,379,0,564,2
2006,Guerrero,3120053,Zona Arqueológica de Ixcateopan,52,3,285,30,136,2,74,5,50,2,75,2,110,5,34,0,47,0,60,0,45,2,135,0
2006,Guerrero,3110021,Zona Arqueológica de La Organera Xochipala,241,4,248,25,415,2,300,16,106,0,279,18,361,8,235,4,199,2,248,2,200,0,469,2
2006,Guerrero,3120062,Zona Arqueológica de La Sabana,72,0,63,0,75,0,59,0,54,0,69,0,19,0,55,0,43,0,43,0,72,0,26,0
2006,Guerrero,3120026,Zona Arqueológica de Cuetlajuchitlán (Los Querende),41,0,11,1,23,0,61,0,35,0,10,0,12,0,10,0,15,0,30,0,12,0,10,2
2006,Guerrero,3120074,Zona Arqueológica de Los Tepoltzis,96,22,70,26,148,0,48,2,226,80,192,0,242,0,212,0,153,29,255,30,155,0,179,32
2006,Guerrero,3110027,Zona Arqueológica de Palma Sola,734,135,825,98,1204,209,907,259,584,251,443,27,749,21,475,39,495,56,582,122,704,218,1166,0
2006,Guerrero,3120106,Zona Arqueológica de Teopantecuanitlán,95,0,48,0,29,1,146,0,27,0,20,0,39,4,71,1,50,0,145,0,24,0,144,4
2006,Hidalgo,3120048,Zona Arqueológica de Huapalcalco,1388,30,1177,38,3880,167,2978,56,1741,52,1252,36,1032,27,858,21,819,24,1371,12,815,17,2467,32
2006,Hidalgo,3120110,Zona Arqueológica de Tepeapulco,1132,20,1798,28,6846,49,3328,70,1293,41,1143,27,2308,57,2123,43,924,5,1582,32,1054,70,1527,87
2006,Hidalgo,3110036,Zona Arqueológica de Tula con museo de sitio,12401,1301,12836,805,29097,958,44707,796,9370,527,8422,659,9813,825,12976,806,8724,356,10799,628,9829,1055,10847,596
2006,Jalisco,3120036,Zona Arqueológica de El Grillo,248,0,216,0,202,0,221,0,220,0,221,0,220,0,215,0,202,0,206,0,206,0,193,0
2006,Jalisco,3120054,Zona Arqueológica de Ixtépete,643,108,692,112,681,124,699,135,691,156,722,145,749,163,775,182,775,182,773,180,773,173,757,184
2006,Jalisco,3120113,Zona Arqueológica de Teuchitlán,0,0,0,0,0,0,0,0,0,0,0,0,0,0,0,0,0,0,0,0,0,0,0,0
2006,Michoacán,3120047,Zona Arqueológica de Huandacareo,233,15,195,8,302,11,441,18,359,4,399,8,491,11,422,3,240,1,298,1,220,0,378,7
2006,Michoacán,3120052,Zona Arqueológica de Ihuatzio,363,60,360,50,1433,50,982,55,560,20,390,30,469,41,584,76,275,40,616,45,788,65,640,72
2006,Michoacán,3120091,Zona Arqueológica de San Felipe los Alzati,58,2,91,18,450,10,335,11,40,0,61,3,53,2,82,2,160,0,115,3,200,9,141,7
2006,Michoacán,3120114,Zona Arqueológica de Tingambato,700,28,1514,11,5320,70,2810,18,2686,23,1442,16,2965,28,1875,14,698,8,570,16,1701,40,2515,58
2006,Michoacán,3120119,Zona Arqueológica de Tres Cerritos,78,10,101,7,144,7,591,36,108,3,80,5,154,8,59,10,102,6,64,7,123,10,233,0
2006,Michoacán,3120121,Zona Arqueológica de Tzintzuntzan con museo de sitio,3209,201,5107,503,9655,200,11756,440,3064,62,3193,92,2072,128,4997,633,2427,121,1572,190,2120,355,1656,95
2006,Morelos,3110007,Zona Arqueológica de Chalcatzingo,1811,26,1470,14,3050,30,1224,6,1044,14,804,12,1601,30,1397,23,1166,8,1045,11,1479,34,1461,11
2006,Morelos,3110040,Zona Arqueológica de Xochicalco con museo de sitio,42693,4342,60699,2891,55667,5123,57509,4079,50194,625,47968,762,86934,3099,74080,4900,67186,1962,57218,1906,63118,2010,61197,3052
2006,Morelos,3120021,Zona Arqueológica de Coatetelco con museo de sitio,551,3,370,0,500,4,414,0,176,4,201,5,391,8,226,0,279,2,339,1,383,1,583,27
2006,Morelos,3120069,Zona Arqueológica de Las Pilas,135,0,396,0,528,0,559,0,150,1,187,0,79,0,70,1,63,0,87,2,113,2,203,3
2006,Morelos,3120082,Zona Arqueológica de Olintepec,50,1,77,1,58,1,58,2,37,2,35,1,49,1,30,0,44,1,33,1,39,1,35,0
2006,Morelos,3120112,Zona Arqueológica de Tepozteco,5276,632,13365,2366,17702,606,18750,609,7730,1100,5058,1200,12800,800,8140,1600,11160,1225,6700,800,24212,1500,12699,1107
2006,Morelos,3120107,Zona Arqueológica de Teopanzolco,1570,223,1518,222,3877,378,2178,368,1569,167,1326,330,3198,482,2005,402,1219,178,1644,213,1545,253,2166,337
2006,Morelos,3110043,Zona Arqueológica de Yautepec,290,4,189,2,767,27,248,17,221,2,212,4,232,5,171,6,173,2,255,3,138,5,235,2
2006,Nayarit,3120055,Zona Arqueológica de Ixtlán del Río,2632,419,1696,268,2388,188,1855,83,1384,103,1671,141,1880,97,2272,202,1271,96,1238,103,1728,139,1724,51
2006,Nuevo León,3110003,Zona Arqueológica de Boca de Potrerillos,263,0,187,3,714,3,462,4,307,7,250,6,445,3,377,9,398,0,476,5,362,2,153,10
2006,Oaxaca,3120031,Zona Arqueológica de Dainzú,227,130,330,99,205,90,303,125,211,91,110,32,146,76,59,62,18,12,34,10,48,11,68,24
2006,Oaxaca,3120041,Zona Arqueológica de Guiengola,258,8,215,7,302,6,222,7,301,6,143,6,184,6,111,16,220,4,138,6,266,2,150,4
2006,Oaxaca,3120051,Zona Arqueológica de Huijazoo,313,74,370,60,427,136,650,100,321,92,350,150,284,89,305,86,260,150,148,44,219,63,289,19
2006,Oaxaca,3120065,Zona Arqueológica de Lambityeco,165,120,22,8,40,50,130,90,90,50,28,30,55,40,30,17,40,0,31,0,11,12,19,25
2006,Oaxaca,3110024,Zona Arqueológica de Mitla,4584,2317,6416,3320,12803,3926,23927,6858,8061,2104,3794,1889,11065,4963,0,0,1425,978,1112,1500,765,478,1327,533
2006,Oaxaca,3110025,Zona Arqueológica de Monte Albán con museo de sitio,34563,9245,27040,8663,39321,9050,55044,10813,27894,5365,16489,4695,40097,9406,18750,6492,5511,1772,5291,2293,3526,1200,12555,2373
2006,Oaxaca,3110042,Zona Arqueológica de Yagul,1428,548,1785,703,1556,628,1907,486,1269,331,830,705,2056,373,0,0,332,66,158,135,219,124,361,125
2006,Oaxaca,3110045,Zona Arqueológica de Zaachila,540,28,180,11,260,7,1025,42,246,6,202,9,1200,30,0,0,137,5,97,4,343,0,510,14
2006,Puebla,3120010,Zona Arqueológica de Cantona,2662,33,1664,25,2610,11,3080,0,1958,1,1010,2,1648,7,1928,35,1888,7,2023,12,2054,64,3520,7
2006,Puebla,3110009,Zona Arqueológica de Cholula con museo de sitio,19890,1785,14215,1780,19132,1980,24677,2435,16073,1240,14329,1765,14549,2265,15994,1400,14743,1320,12091,1200,22673,1260,9465,1313
2006,Puebla,3120090,Zona Arqueológica de San Cristobal Tepatlaxco,206,0,275,0,450,0,205,0,169,0,269,0,532,0,367,0,444,0,293,0,314,0,322,0
2006,Puebla,3120109,Zona Arqueológica de Tepapayeca,9,0,20,0,20,0,11,0,20,0,8,0,10,0,10,0,11,0,18,0,16,0,18,0
2006,Puebla,3120111,Zona Arqueológica de Tepexi el Viejo,30,8,45,0,45,0,40,0,46,0,45,0,15,0,32,0,28,0,34,4,40,0,16,0
2006,Puebla,3120128,Zona Arqueológica de Yohualichan,1696,42,1502,38,2186,40,5226,35,2620,12,1784,47,2367,86,2253,72,1079,38,2377,49,2254,36,1812,37
2006,Querétaro,3110013,Zona Arqueológica de El Cerrito,255,0,355,8,520,47,509,22,161,0,737,39,335,57,481,37,888,34,80,2,40,0,1460,14
2006,Querétaro,3110030,Zona Arqueológica de Ranas,1274,48,1360,46,2206,160,5946,51,1588,67,1095,46,1462,75,3473,159,1243,25,952,59,1302,74,1865,50
2006,Querétaro,3110034,Zona Arqueológica de Toluquilla,154,4,493,8,634,7,919,7,300,10,755,6,429,10,556,7,257,5,266,3,430,7,325,8
2006,Quintana Roo,3120022,Zona Arqueológica de Cobá,2106,20095,2240,19631,1781,23466,3750,17815,3978,18742,3563,17150,5716,22005,10197,25524,4242,17741,3843,17787,5018,27396,8340,24162
2006,Quintana Roo,3120032,Zona Arqueológica de Dzibanché-Kinichná,769,697,335,399,364,413,424,120,353,156,87,143,587,138,186,88,139,86,244,139,255,302,732,400
2006,Quintana Roo,3110015,Zona Arqueológica de El Meco,191,40,357,37,278,39,200,28,138,24,136,18,210,9,146,28,44,129,158,13,84,421,175,188
2006,Quintana Roo,3120038,Zona Arqueológica de El Rey,363,227,451,217,348,300,554,176,234,150,237,285,446,222,347,171,169,100,318,150,277,300,703,234
2006,Quintana Roo,3110019,Zona Arqueológica de Kohunlich,608,3121,606,2805,723,3600,1161,1604,678,1428,457,1219,1276,1910,530,1387,652,868,858,1204,884,2872,768,3743
2006,Quintana Roo,3120078,Zona Arqueológica de Muyil,270,461,175,403,129,500,130,490,175,300,115,275,145,330,46,305,42,304,121,360,113,450,119,600
2006,Quintana Roo,3120084,Zona Arqueológica de Oxtankah,1132,94,871,139,1063,90,596,53,592,30,391,65,755,100,704,52,562,19,534,17,722,75,768,66
2006,Quintana Roo,3120092,Zona Arqueológica de San Gervasio,544,6539,975,6523,660,6369,502,6279,396,3816,870,4772,717,5008,560,5978,583,3016,509,4768,700,6530,2549,7001
2006,Quintana Roo,3110037,Zona Arqueológica de Tulum,26594,48358,18648,40277,23801,52099,30757,62045,26531,59713,27762,51391,46176,60918,31877,60729,18476,35409,14513,34582,21886,51545,30123,58363
2006,Quintana Roo,3110038,Zona Arqueológica de Xcaret,2,0,0,0,0,0,4,0,0,0,0,0,0,0,6,0,0,0,0,0,2,0,0,0
2006,Quintana Roo,3110039,Zona Arqueológica de Xelhá,60,60,65,65,70,76,109,79,42,1,96,67,70,123,102,65,50,50,85,139,165,135,130,230
2006,Quintana Roo,3120014,Zona Arqueológica de Chacchoben,633,8603,1130,7673,1265,8755,1796,6653,1031,3167,555,3489,331,3008,462,3151,271,2313,369,3512,1804,8904,452,13639
2006,Tabasco,3120023,Zona Arqueológica de Comalcalco con museo de sitio,4989,169,3878,324,7609,122,11267,114,3749,72,4693,120,8739,221,13601,128,3839,117,2962,107,3516,194,4615,217
2006,Tabasco,3110023,Zona Arqueológica de La Venta con museo de sitio,1643,33,1436,114,1931,78,4895,95,1864,20,1148,46,3865,115,1847,406,775,893,1005,30,1897,93,1564,55
2006,Tabasco,3120086,Zona Arqueológica de Pomoná con museo de sitio,315,5,230,12,4261,14,331,7,197,4,204,8,233,3,287,6,308,4,219,4,143,29,206,5
2006,Tabasco,3120076,Zona Arqueológica de Malpasito,354,0,101,15,317,0,636,0,150,0,245,3,197,3,367,6,208,6,231,0,211,4,143,1
2006,Tabasco,3120089,Zona Arqueológica de Moral-Reforma,552,5,302,0,765,1,1230,0,430,13,112,9,564,21,377,35,168,1,111,0,259,0,225,4
2006,Tabasco,3220017,Zona Arqueológica de San Claudio,25,0,34,0,41,12,113,13,0,31,51,0,14,7,49,8,14,11,12,0,11,0,11,0
2006,Tamaulipas,3120039,Zona Arqueológica de El Sabinito,34,0,56,0,52,7,100,0,44,0,28,0,35,0,38,0,33,0,32,15,54,13,91,0
2006,Tamaulipas,3120067,Zona Arqueológica de Las Flores,441,62,479,22,548,138,691,238,383,7,394,66,872,32,598,21,712,56,424,8,395,19,393,98
2006,Tlaxcala,3110005,Zona Arqueológica de Cacaxtla con museo de sitio,8825,570,8185,674,9963,692,10674,474,7391,285,6986,163,7861,351,8526,461,7775,255,17420,366,7362,4044,3997,1469
2006,Tlaxcala,3110105,Zona Arqueológica de Xochitécatl con museo de sitio,7922,317,5619,276,10767,464,5252,348,7746,264,3916,359,4400,349,5500,365,4590,300,3761,342,2358,2264,2352,2090
2006,Tlaxcala,3110033,Zona Arqueológica de Tizatlán con museo de sitio,251,4,197,2,262,15,431,96,356,70,434,74,339,46,332,42,280,70,220,119,69,109,19,98
2006,Veracruz,3120011,Zona Arqueológica de Castillo de Teayo con museo de sitio,634,13,296,4,692,18,600,3,210,0,73,8,204,6,288,6,107,0,152,0,108,9,177,3
2006,Veracruz,3120012,Zona Arqueológica de Cempoala con museo de sitio,3157,216,2715,174,13106,320,8086,285,7321,230,5108,315,4524,216,3953,221,2282,123,2822,510,8752,321,6798,572
2006,Veracruz,3120068,Zona Arqueológica de Las Higueras con museo de sitio,193,2,92,0,12,0,141,0,13,0,102,0,27,1,59,0,11,3,10,2,94,1,62,0
2006,Veracruz,3120093,Zona Arqueológica de San Lorenzo Tenochtitlan con museo de sitio,312,44,219,0,188,3,730,4,429,30,94,4,99,3,297,0,284,0,555,5,131,0,339,5
2006,Veracruz,3110016,Zona Arqueológica de El Tajín,18989,1800,19485,4034,74351,2117,91395,2399,35443,2680,25614,688,48021,1630,45402,900,14266,256,14414,82,24946,800,39688,911
2006,Veracruz,3220012,Zona Arqueológica de Cuauhtochco,141,0,117,0,409,45,239,0,112,0,121,2,121,5,103,3,152,1,160,2,206,0,219,0
2006,Veracruz,3120123,Zona Arqueológica de Vega de la Peña,45,0,105,4,82,7,87,8,155,0,107,5,35,5,14,23,15,0,30,0,60,5,46,5
2006,Veracruz,3120088,Zona Arqueológica de Quiahuitztlán,1174,81,1293,196,1913,171,3804,58,1834,49,1723,0,1413,77,1833,91,1013,42,1533,228,2609,121,1322,93
2006,Veracruz,3120024,Zona Arqueológica de Cuajilote,221,0,132,6,716,8,1839,25,312,0,386,0,148,0,207,5,96,0,137,2,127,0,132,1
2006,Veracruz,3120030,Zona Arqueológica de Cuyuxquihui,600,0,150,0,518,0,810,10,350,0,138,0,90,0,200,0,100,0,100,0,0,0,70,0
2006,Veracruz,3220014,Zona Arqueológica de Las Limas,266,4,338,8,306,12,403,0,277,7,316,4,263,5,238,61,123,1,242,5,244,3,470,0
2006,Yucatán,3120001,Zona Arqueológica de Acanceh,542,61,162,22,296,42,241,46,351,16,441,26,585,39,654,32,215,14,90,11,209,16,302,31
2006,Yucatán,3120002,Zona Arqueológica de Aké,792,93,527,78,680,60,625,120,562,23,444,40,412,33,636,53,480,29,726,22,489,38,374,80
2006,Yucatán,3120004,Zona Arqueológica de Balamcanché,1064,200,1009,180,1488,150,1915,120,1032,98,499,159,853,95,1341,159,421,136,405,103,1143,286,689,144
2006,Yucatán,3120015,Zona Arqueológica de Chacmultún,437,4,219,4,308,4,114,100,240,57,159,0,170,0,235,0,132,2,197,0,198,18,212,42
2006,Yucatán,3110008,Zona Arqueológica de Chichén Itzá,38389,42497,20948,43145,20948,39494,40263,41161,26100,46924,33252,42605,46408,55876,42339,52462,25786,31909,27741,33554,39755,48718,43931,54736
2006,Yucatán,3120033,Zona Arqueológica de Dzibilchaltún con museo del Pueblo Maya,8180,1893,6681,2654,6350,3212,6505,1700,1775,920,3134,2016,15508,1820,5154,1650,3083,978,3224,1450,3448,1606,8779,4510
2006,Yucatán,3120034,Zona Arqueológica de Ekbalam,3641,2386,2124,2476,3707,3406,3743,1915,2277,2392,2086,3224,2128,2434,3129,3584,1284,1456,1686,1513,2459,3728,1736,2850
2006,Yucatán,3120057,Zona Arqueológica de Kabah,1970,3093,2623,2357,1770,2478,2353,2607,1372,1602,1472,1020,1755,1634,2049,2492,1153,890,1588,1141,2814,2998,2013,2021
2006,Yucatán,3120064,Zona Arqueológica de Labná,894,1000,1036,600,1072,700,1329,271,882,470,1443,263,972,353,1316,790,471,122,935,176,2073,622,930,563
2006,Yucatán,3120071,Zona Arqueológica de Loltún,3852,327,2477,196,3823,268,5474,219,3171,204,3565,150,4019,312,4798,499,1139,201,1923,165,4452,440,2385,290
2006,Yucatán,3120077,Zona Arqueológica de Mayapán,1790,346,1083,220,1216,345,2086,115,937,77,731,187,1207,101,1437,141,968,70,2686,64,1224,333,886,246
2006,Yucatán,3120097,Zona Arqueológica de Sayil,706,1149,1141,960,1001,1170,1682,836,615,510,814,430,1126,480,1397,982,388,299,904,282,1201,840,1012,781
2006,Yucatán,3120122,Zona Arqueológica de Uxmal con museo de sitio,9636,11557,11627,9214,15435,11139,19344,13459,8160,9944,9364,4693,13674,7890,30020,10263,5498,5444,7697,6384,12906,13276,11462,8774
2006,Yucatán,3120126,Zona Arqueológica de Xlapak,462,159,525,223,935,265,877,172,843,104,450,97,493,189,657,511,360,193,321,230,563,400,1117,400
2006,Yucatán,3120083,Zona Arqueológica de Oxkintok,585,93,615,50,826,70,580,50,340,51,336,24,535,58,610,73,437,12,435,30,442,58,446,41
2006,Yucatán,3120056,Zona Arqueológica de Izamal,320,115,474,120,415,120,505,100,690,200,466,140,185,13,400,110,298,75,300,70,395,100,307,85
2006,Zacatecas,3120003,Zona Arqueológica de Altavista o Chalchihuites con museo de sitio,605,13,318,16,5810,14,1286,4,370,0,473,17,860,9,1161,66,322,302,626,5,439,10,551,16
2006,Zacatecas,3110022,Zona Arqueológica de La Quemada con museo de sitio,4069,299,2442,223,8360,221,5775,214,4028,110,5399,148,5307,250,4733,403,1960,216,2763,164,4279,247,4279,247
2005,Baja California,3120040,Zona Arqueológica de El Vallecito,656,18,471,3,1274,15,846,7,895,12,1643,8,950,27,877,2,719,12,534,19,810,12,755,21
2005,Baja California Sur,3120007,Zona Arqueológica de San Francisco de la Sierra,73,100,87,235,262,335,108,81,70,57,92,12,30,60,83,40,87,13,115,72,73,67,85,151
2005,Campeche,3120005,Zona Arqueológica de Balamkú,257,281,257,251,501,215,342,227,109,22,283,30,518,156,385,102,278,115,71,72,121,96,402,230
2005,Campeche,3110002,Zona Arqueológica de Becán,877,606,799,1132,1957,932,620,575,451,489,445,490,978,655,884,1057,405,466,256,531,749,343,927,491
2005,Campeche,3120008,Zona Arqueológica de Calakmul,899,647,695,604,2132,538,867,367,1305,218,1503,200,1065,531,1182,751,298,234,226,237,817,327,904,384
2005,Campeche,3120017,Zona Arqueológica de Chicanná,255,892,382,1033,840,650,293,949,1178,179,1224,158,192,1256,397,974,182,458,93,500,274,189,160,187
2005,Campeche,3120020,Zona Arqueológica de Chunhuhub,12,0,26,0,45,0,26,0,49,0,52,0,14,0,3,0,3,0,6,0,6,0,12,2
2005,Campeche,3110011,Zona Arqueológica de Dzibilnocac,199,5,269,0,150,6,151,5,162,7,379,4,293,7,177,13,175,7,168,6,164,12,108,3
2005,Campeche,3110012,Zona Arqueológica de Edzná,3552,607,2562,538,4926,450,2108,350,4140,171,1108,164,3443,350,2047,490,1277,161,1709,379,2516,374,3001,417
2005,Campeche,3110017,Zona Arqueológica de El Tigre,525,29,272,7,811,5,334,1,437,2,306,2,513,0,471,0,184,0,333,0,477,0,1018,2
2005,Campeche,3120042,Zona Arqueológica de Hochob,416,36,164,45,209,18,173,49,74,5,83,2,114,8,94,13,52,8,158,8,89,8,169,4
2005,Campeche,3120043,Zona Arqueológica de Hormiguero,119,19,84,18,53,13,5,0,38,13,37,13,75,27,42,33,28,7,25,9,50,39,154,32
2005,Campeche,3120058,Zona Arqueológica de Kankí,18,0,23,0,52,0,17,0,19,0,15,0,37,0,13,0,11,0,7,0,8,0,13,1
2005,Campeche,3120079,Zona Arqueológica de Nadzcaan,4,0,16,0,22,0,25,0,31,0,44,0,34,0,23,0,23,0,58,8,137,9,135,4
2005,Campeche,3120096,Zona Arqueológica de Santa Rosa Xtampak,19,2,141,5,190,7,85,6,69,0,89,3,22,0,2,0,7,3,15,2,24,0,67,11
2005,Campeche,3120118,Zona Arqueológica de Tohcok,215,0,491,55,385,87,132,39,229,47,238,51,243,60,279,42,184,29,91,7,236,27,305,55
2005,Campeche,3120125,Zona Arqueológica de Xcalumkín,184,0,162,0,198,12,264,1,47,2,161,7,115,5,14,0,135,0,72,0,70,0,81,3
2005,Campeche,3110041,Zona Arqueológica de Xpuhil,501,352,416,273,632,282,301,298,290,140,240,140,674,118,295,257,240,0,165,179,559,119,374,74
2005,Campeche,3120098,Zona Arqueológica de Tabasqueño,330,2,240,17,169,14,0,0,198,6,342,10,190,11,69,3,18,4,64,3,48,3,25,0
2005,Chiapas,3110004,Zona Arqueológica de Bonampak,1089,1095,617,1281,2979,1281,3661,1071,1437,1155,957,446,3389,1013,1174,1733,508,441,221,660,461,781,1620,951
2005,Chiapas,3120019,Zona Arqueológica de Chincultic,1245,123,730,85,1674,105,620,46,890,67,410,24,810,60,607,104,607,104,210,11,700,31,905,50
2005,Chiapas,3110018,Zona Arqueológica de Izapa,508,51,1321,233,1868,67,1803,99,1083,39,998,73,1432,88,1778,76,922,13,419,21,562,59,1874,96
2005,Chiapas,3110026,"Zona Arqueológica de Palenque con museo ""Alberto Ruz L´Huiller""",13999,15631,10434,19205,45093,23184,22961,26453,26897,22304,17129,15680,37361,23855,17020,27881,11782,15978,7948,19345,11013,21618,17670,15177
2005,Chiapas,3120103,Zona Arqueológica de Tenam Puente,3941,250,942,249,1818,116,2513,70,1611,65,1457,33,2127,76,2040,126,1029,29,659,30,1166,38,1401,53
2005,Chiapas,3110035,Zona Arqueológica de Toniná con museo de sitio,4764,849,2497,576,4232,793,3596,289,3901,315,3056,239,4466,540,5200,360,1514,280,1400,225,2577,852,1957,466
2005,Chiapas,3110044,Zona Arqueológica de Yaxchilán,1511,2252,788,2399,4997,2388,2340,2830,1472,2021,1257,1067,5434,2325,1484,3481,690,1033,284,1734,835,2538,2321,1562
2005,Chihuahua,3110028,Zona Arqueológica de Paquimé con Museo de las Culturas del Norte,4358,1654,1957,1213,7802,531,8499,1054,3827,692,4596,387,4917,537,2539,164,3317,427,4322,762,3093,683,2025,116
2005,Chihuahua,3110010,Zona Arqueológica de Cuarenta Casas,273,32,97,13,5749,93,1093,55,904,41,578,53,2367,462,885,87,1375,40,439,20,603,54,830,60
2005,Ciudad de México,3120013,Zona Arqueológica de Cerro de la Estrella,6877,0,7965,0,20561,0,17474,0,8370,0,2488,0,12999,0,8741,0,4202,0,6289,0,6684,0,7031,0
2005,Ciudad de México,3120029,Zona Arqueológica de Cuicuilco con museo de sitio,5376,293,6245,344,24335,234,9701,324,4826,207,6366,432,6215,493,5152,359,9228,366,5296,130,5855,229,6639,220
2005,Ciudad de México,3120116,Zona Arqueológica de Tlatelolco con museo de sitio,5565,944,6306,1882,8333,4512,5711,5272,6553,3525,3692,895,5799,1260,4066,893,5073,814,6990,875,8387,1098,4737,1198
2005,Colima,3120035,Zona Arqueológica de El Chanal,1049,1159,584,1075,370,695,389,193,1129,208,1350,102,444,115,382,159,1211,49,1157,238,1073,635,816,579
2005,Colima,3120059,Zona Arqueológica de La Campana,177,75,207,103,398,50,138,17,230,22,178,39,231,89,198,67,209,55,312,98,272,66,273,71
2005,Durango,3110020,Zona Arqueológica de La Ferrería con museo de sitio,1074,12,1099,3,3452,29,1658,30,1205,7,1233,19,1360,40,1005,36,1152,6,1114,19,1193,12,1288,41
2005,Estado de México,3110001,Zona Arqueológica de Acozac,2299,0,2044,0,3696,0,0,0,3189,0,0,0,2143,0,2619,0,2589,0,0,0,2593,0,2410,0
2005,Estado de México,3110006,Zona Arqueológica de Calixtlahuaca,1542,57,1303,20,9602,20,1468,12,625,27,728,13,1321,31,921,37,872,10,1007,22,1537,46,1020,6
2005,Estado de México,3120018,Zona Arqueológica de Chimalhuacán con museo de sitio,1600,0,2520,15,8000,10,6500,10,3300,10,3700,0,2930,20,1425,6,5200,10,7000,10,7800,10,5801,15
2005,Estado de México,3110014,Zona Arqueológica de El Conde,43,0,84,0,0,0,0,0,0,0,0,0,0,0,0,0,0,0,0,0,195,0,173,0
2005,Estado de México,3120050,Zona Arqueológica de Huexotla,109,0,125,0,745,37,133,0,141,0,130,0,244,8,160,0,193,4,143,2,160,0,115,3
2005,Estado de México,3120072,Zona Arqueológica de Los Melones,283,2,240,3,413,15,287,9,314,7,260,6,306,8,270,4,0,0,274,7,412,9,270,8
2005,Estado de México,3120073,Zona Arqueológica de Los Reyes La Paz,538,12,900,22,1198,13,741,32,792,27,0,0,1843,49,984,20,0,0,1745,31,824,12,130,3
2005,Estado de México,3120075,Zona Arqueológica de Malinalco,5545,243,5706,275,14302,305,8513,275,5433,116,5519,202,6149,223,7220,219,5585,159,4731,246,5340,244,5255,124
2005,Estado de México,3120095,"Zona Arqueológica de Santa Cecilia Acatitla con museo de la Escultura Mexica ""Eusebio Dávalos Hurtado""",364,9,701,4,5652,46,438,40,0,0,508,18,1168,57,448,19,821,8,1296,4,1008,12,955,12
2005,Estado de México,3120104,Zona Arqueológica de Tenayuca I con museo Xólotl,181,10,509,6,4629,50,263,10,466,15,499,10,654,15,0,0,549,15,897,12,1177,9,675,8
2005,Estado de México,3120129,Zona Arqueológica de Tenayuca II,0,0,29,10,0,0,24,6,30,5,30,0,24,6,10,0,30,10,30,5,35,5,0,0
2005,Estado de México,3110031,Zona Arqueológica Teotihuacan (con Museo de Sitio),61593,18756,71750,18500,475875,148589,83779,17888,54387,16581,68207,17157,108419,37660,74498,25477,84928,26717,119898,33156,111513,29747,92651,24306
2005,Estado de México,3110032,Zona Arqueológica de Tetzcotzinco,1230,150,1800,30,5800,300,1625,40,5800,30,4700,30,2200,80,1950,500,1800,350,2010,400,1850,400,1925,50
2005,Estado de México,3120115,Zona Arqueológica de Tlapacoya,0,0,1249,2,905,0,0,0,907,0,524,0,507,4,515,0,485,0,728,1,668,0,414,0
2005,Guerrero,3120046,Zona Arqueológica de Huamuxtitlán,98,0,318,2,480,2,62,0,382,0,513,0,272,0,287,0,314,0,157,0,269,0,521,0
2005,Guerrero,3120053,Zona Arqueológica de Ixcateopan,47,2,461,0,75,5,75,2,36,0,44,2,108,13,48,0,36,0,71,0,43,0,40,2
2005,Guerrero,3110021,Zona Arqueológica de La Organera Xochipala,426,2,194,2,686,7,115,4,145,0,329,3,325,2,195,0,208,0,327,5,217,3,318,11
2005,Guerrero,3120062,Zona Arqueológica de La Sabana,18,0,60,0,103,0,56,0,113,0,54,0,200,0,127,0,116,0,40,0,50,0,43,0
2005,Guerrero,3120026,Zona Arqueológica de Cuetlajuchitlán (Los Querende),10,0,10,0,10,0,12,0,19,0,44,0,12,0,20,0,32,0,15,0,10,0,8,5
2005,Guerrero,3120074,Zona Arqueológica de Los Tepoltzis,92,0,144,0,158,0,196,0,153,36,157,19,184,0,196,80,86,0,153,36,84,18,196,80
2005,Guerrero,3110027,Zona Arqueológica de Palma Sola,518,47,579,61,1272,98,1089,92,1245,54,1245,54,866,44,660,36,622,9,941,99,785,244,824,201
2005,Guerrero,3120106,Zona Arqueológica de Teopantecuanitlán,41,0,48,3,48,3,90,0,46,0,73,0,22,3,20,2,35,2,105,0,96,0,85,0
2005,Hidalgo,3120048,Zona Arqueológica de Huapalcalco,1060,22,730,21,4628,53,662,11,709,40,837,24,1314,28,870,22,797,14,615,19,931,42,855,44
2005,Hidalgo,3120110,Zona Arqueológica de Tepeapulco,1753,26,2169,40,6815,51,2670,37,2237,12,1093,20,1531,45,1220,65,2658,62,1084,62,3005,63,2680,45
2005,Hidalgo,3110036,Zona Arqueológica de Tula con museo de sitio,16600,727,14288,1427,40372,1024,10304,589,10305,848,10788,559,9703,909,9007,849,9705,285,11087,3150,7547,896,14659,556
2005,Jalisco,3120036,Zona Arqueológica de El Grillo,332,0,324,0,296,0,276,0,285,0,256,0,277,0,299,0,238,0,266,0,240,0,268,0
2005,Jalisco,3120054,Zona Arqueológica de Ixtépete,567,16,567,10,574,15,566,18,482,14,492,32,469,24,546,42,660,53,553,72,583,95,620,104
2005,Michoacán,3120047,Zona Arqueológica de Huandacareo,292,9,214,5,658,13,258,2,362,5,386,3,416,11,513,18,283,11,310,9,65,0,198,3
2005,Michoacán,3120052,Zona Arqueológica de Ihuatzio,464,29,675,25,2645,50,487,20,756,12,407,11,475,45,445,60,423,20,546,20,1119,104,548,39
2005,Michoacán,3120091,Zona Arqueológica de San Felipe los Alzati,233,4,221,3,577,3,215,7,62,0,60,0,180,9,70,7,291,19,97,0,74,3,201,27
2005,Michoacán,3120114,Zona Arqueológica de Tingambato,900,23,1446,43,8400,12,2650,8,3274,28,1010,13,1838,37,998,9,812,16,1042,22,2776,22,602,49
2005,Michoacán,3120119,Zona Arqueológica de Tres Cerritos,115,0,80,0,165,10,133,0,89,0,63,0,257,0,79,5,213,0,120,0,63,5,150,14
2005,Michoacán,3120121,Zona Arqueológica de Tzintzuntzan con museo de sitio,2895,346,5191,473,9116,461,5113,205,3580,218,5312,462,5477,461,4372,301,2234,104,2595,185,9079,752,3889,501
2005,Morelos,3110007,Zona Arqueológica de Chalcatzingo,1942,36,982,12,2965,107,712,22,980,21,1168,16,2255,45,1568,12,1274,14,1271,17,915,5,2776,24
2005,Morelos,3110040,Zona Arqueológica de Xochicalco con museo de sitio,41088,4110,58792,2329,71913,3315,44226,3924,48644,1496,53721,2099,84021,4126,69288,4292,63399,1700,68294,1529,73345,2759,58583,2146
2005,Morelos,3120021,Zona Arqueológica de Coatetelco con museo de sitio,319,8,278,8,659,0,262,2,158,1,244,2,310,3,390,9,362,2,395,0,197,0,426,3
2005,Morelos,3120069,Zona Arqueológica de Las Pilas,82,1,98,0,361,0,165,1,310,10,227,0,215,0,65,0,114,1,229,0,105,2,127,0
2005,Morelos,3120082,Zona Arqueológica de Olintepec,113,0,81,1,219,2,102,0,114,1,103,1,7,0,14,0,46,0,51,1,66,1,77,1
2005,Morelos,3120112,Zona Arqueológica de Tepozteco,19070,450,9790,530,31400,966,7211,388,9209,299,8270,700,24757,816,13675,1758,8475,412,0,0,0,0,12275,3927
2005,Morelos,3120107,Zona Arqueológica de Teopanzolco,1763,189,2047,312,5091,557,1446,106,1931,152,947,279,2319,535,1574,387,1368,114,1597,207,1922,207,1456,253
2005,Morelos,3110043,Zona Arqueológica de Yautepec,160,7,213,3,1009,3,149,15,47,8,192,6,287,87,145,11,298,11,137,27,305,2,328,15
2005,Nayarit,3120055,Zona Arqueológica de Ixtlán del Río,1866,214,1337,133,3549,200,971,134,1241,152,2188,88,1779,164,1640,174,1184,113,935,68,1358,200,905,165
2005,Nuevo León,3110003,Zona Arqueológica de Boca de Potrerillos,368,0,263,8,1106,4,270,0,200,0,133,0,350,18,175,6,292,0,589,3,331,15,122,10
2005,Oaxaca,3120031,Zona Arqueológica de Dainzú,417,114,228,66,230,107,200,97,140,89,222,71,182,128,224,141,157,98,187,100,494,123,370,190
2005,Oaxaca,3120041,Zona Arqueológica de Guiengola,191,9,295,12,437,13,224,5,245,6,183,3,178,29,98,8,135,8,212,0,257,11,259,15
2005,Oaxaca,3120051,Zona Arqueológica de Huijazoo,401,63,250,50,434,146,340,100,387,126,495,98,2450,400,430,120,349,78,350,150,377,85,802,150
2005,Oaxaca,3120065,Zona Arqueológica de Lambityeco,194,130,180,80,261,150,225,110,248,0,264,0,200,121,77,31,92,36,214,99,85,92,1700,192
2005,Oaxaca,3110024,Zona Arqueológica de Mitla,5397,1863,9336,3714,30346,3070,6223,3269,7598,558,6031,1777,7726,3483,3562,3443,4759,2142,4550,3399,7158,3924,10869,4436
2005,Oaxaca,3110025,Zona Arqueológica de Monte Albán con museo de sitio,29647,8947,25699,10473,58973,12275,29496,8411,30896,6096,24704,5059,76242,10848,42182,9204,22784,5384,23959,7817,34536,9415,53817,9580
2005,Oaxaca,3110042,Zona Arqueológica de Yagul,1433,732,1505,769,1789,426,926,412,914,222,898,206,2095,441,1395,456,1861,267,1343,546,1527,596,1246,647
2005,Oaxaca,3110045,Zona Arqueológica de Zaachila,476,53,419,51,916,68,280,46,111,8,220,32,745,40,359,31,333,75,298,22,1075,102,1279,76
2005,Puebla,3120010,Zona Arqueológica de Cantona,3017,47,1543,14,4264,22,3034,25,1404,4,1096,6,2397,33,2345,48,1752,16,952,13,1665,32,1858,16
2005,Puebla,3110009,Zona Arqueológica de Cholula con museo de sitio,9781,2305,9988,3210,40955,2310,5852,10123,11675,1435,11637,1970,13268,3740,12032,2635,11080,1788,12342,1734,13445,3325,16022,1058
2005,Puebla,3120090,Zona Arqueológica de San Cristobal Tepatlaxco,374,0,316,0,490,0,347,0,525,0,304,0,240,0,564,0,347,0,325,0,337,0,210,0
2005,Puebla,3120109,Zona Arqueológica de Tepapayeca,20,0,19,0,20,0,15,0,18,0,12,0,14,0,5,0,11,0,20,0,23,0,18,0
2005,Puebla,3120111,Zona Arqueológica de Tepexi el Viejo,40,5,80,0,100,0,15,0,25,0,60,0,34,0,32,4,18,1,26,0,61,0,15,0
2005,Puebla,3120128,Zona Arqueológica de Yohualichan,2379,49,1505,39,7347,46,2019,30,1543,18,2882,18,2516,80,2137,35,1617,18,1094,29,1209,38,1912,63
2005,Querétaro,3110013,Zona Arqueológica de El Cerrito,160,3,604,0,665,58,197,57,159,22,202,11,334,60,225,35,775,87,198,0,648,11,278,3
2005,Querétaro,3110030,Zona Arqueológica de Ranas,1155,24,1416,40,6890,65,2016,23,2358,58,2617,33,3344,131,3039,115,1667,45,1226,63,2199,148,1982,51
2005,Querétaro,3110034,Zona Arqueológica de Toluquilla,116,5,617,4,1083,9,403,0,296,2,399,14,460,12,430,20,224,2,234,5,653,0,595,11
2005,Quintana Roo,3120022,Zona Arqueológica de Cobá,1701,19843,1157,17013,2357,18446,1153,14736,780,16155,1202,16641,1767,12568,3338,18057,3119,15079,1121,9846,656,3959,2635,12852
2005,Quintana Roo,3120032,Zona Arqueológica de Dzibanché-Kinichná,457,725,736,961,296,804,552,461,719,352,238,123,4427,3384,293,95,246,134,212,37,351,408,614,648
2005,Quintana Roo,3110015,Zona Arqueológica de El Meco,139,181,302,37,177,19,163,33,138,18,82,23,137,54,135,21,135,21,42,14,58,8,149,8
2005,Quintana Roo,3120038,Zona Arqueológica de El Rey,1096,755,908,742,1645,631,1034,750,666,575,718,566,1149,355,1126,855,545,450,244,318,107,30,264,100
2005,Quintana Roo,3110019,Zona Arqueológica de Kohunlich,1195,2066,1573,2251,355,2750,897,2131,670,1417,500,1626,4940,3947,559,1230,598,924,325,1200,363,2253,1019,3765
2005,Quintana Roo,3120078,Zona Arqueológica de Muyil,185,269,200,300,450,500,305,452,200,253,210,405,130,300,95,150,115,70,6,180,195,200,450,731
2005,Quintana Roo,3120084,Zona Arqueológica de Oxtankah,326,198,576,116,140,249,788,41,967,230,577,46,3144,768,559,5,439,10,418,27,405,43,950,49
2005,Quintana Roo,3120092,Zona Arqueológica de San Gervasio,883,9009,419,10810,4896,6641,282,7985,786,4757,355,3894,395,2786,405,5857,523,4989,256,2716,178,2776,632,4994
2005,Quintana Roo,3110037,Zona Arqueológica de Tulum,39896,71494,22958,63015,50856,78885,27403,63734,26366,49752,33144,64486,43570,61939,25891,81028,25125,29756,6849,22870,6425,15748,27836,39840
2005,Quintana Roo,3110038,Zona Arqueológica de Xcaret,0,0,0,0,0,0,0,0,0,0,0,0,0,0,0,0,0,0,0,0,0,0,0,7
2005,Quintana Roo,3110039,Zona Arqueológica de Xelhá,30,30,77,60,70,76,103,46,47,37,21,38,29,26,34,38,47,21,28,47,0,0,40,50
2005,Quintana Roo,3120014,Zona Arqueológica de Chacchoben,551,7164,627,7672,1351,7181,732,5929,731,3059,384,3047,1190,5801,815,3345,328,1482,439,1012,675,8251,929,8267
2005,Tabasco,3120023,Zona Arqueológica de Comalcalco con museo de sitio,10294,272,7426,232,14524,268,10487,215,6142,239,2583,81,7250,171,6772,161,3515,74,2362,165,4369,138,5509,151
2005,Tabasco,3110023,Zona Arqueológica de La Venta con museo de sitio,1129,78,846,27,1942,48,1847,46,1632,39,1210,17,1632,55,1960,116,946,33,573,21,1202,69,6008,526
2005,Tabasco,3120086,Zona Arqueológica de Pomoná con museo de sitio,404,2,251,10,3070,15,435,21,330,7,302,24,214,0,185,0,125,0,127,25,133,0,250,0
2005,Tabasco,3120076,Zona Arqueológica de Malpasito,364,0,87,2,352,0,344,0,507,3,348,0,276,0,405,0,206,16,130,5,175,2,119,3
2005,Tabasco,3120089,Zona Arqueológica de Moral-Reforma,287,21,419,1,628,1,1391,0,315,0,540,0,478,0,612,0,207,0,273,0,188,0,551,5
2005,Tabasco,3220017,Zona Arqueológica de San Claudio,66,1,20,0,75,2,84,3,32,0,149,0,132,0,22,0,16,1,0,0,59,5,0,0
2005,Tamaulipas,3120039,Zona Arqueológica de El Sabinito,80,0,51,0,158,31,153,0,126,0,60,7,71,0,42,0,74,0,43,0,74,0,40,0
2005,Tamaulipas,3120067,Zona Arqueológica de Las Flores,425,21,358,100,645,165,287,50,292,42,413,165,377,67,274,204,205,54,331,56,404,76,374,30
2005,Tlaxcala,3110005,Zona Arqueológica de Cacaxtla con museo de sitio,9787,606,7284,861,15398,783,11082,423,6767,410,8442,403,8948,313,7824,411,8384,307,17941,322,6686,608,8734,206
2005,Tlaxcala,3110105,Zona Arqueológica de Xochitécatl con museo de sitio,3635,362,5848,390,15284,215,5648,380,5522,360,6086,450,4012,340,4523,192,4905,232,11641,398,6303,382,7726,308
2005,Tlaxcala,3110033,Zona Arqueológica de Tizatlán con museo de sitio,359,8,158,3,405,13,219,0,152,22,281,0,379,12,295,20,330,23,346,30,434,45,371,15
2005,Veracruz,3120011,Zona Arqueológica de Castillo de Teayo con museo de sitio,291,39,309,8,552,15,181,3,326,0,306,9,382,1,446,5,60,1,141,0,174,2,220,7
2005,Veracruz,3120012,Zona Arqueológica de Cempoala con museo de sitio,3137,225,3326,308,15858,316,5959,225,7645,312,7140,123,6038,215,4437,198,3487,185,2990,316,9887,421,4945,375
2005,Veracruz,3120068,Zona Arqueológica de Las Higueras con museo de sitio,23,2,8,3,89,0,36,0,83,0,93,1,30,1,113,11,10,0,163,0,105,0,42,0
2005,Veracruz,3120093,Zona Arqueológica de San Lorenzo Tenochtitlan con museo de sitio,145,38,163,17,541,4,643,23,338,5,145,6,206,6,179,1,178,0,184,0,75,7,289,0
2005,Veracruz,3110016,Zona Arqueológica de El Tajín,23700,325,13350,800,135999,1393,15842,880,13828,400,20519,309,28624,233,24021,571,12650,312,9863,582,18537,1179,53493,2854
2005,Veracruz,3220012,Zona Arqueológica de Cuauhtochco,11,0,11,0,94,2,36,0,61,0,16,0,11,0,0,0,12,0,11,0,7,0,8,0
2005,Veracruz,3120123,Zona Arqueológica de Vega de la Peña,44,6,74,15,168,2,144,9,49,0,90,0,37,7,26,10,33,8,30,0,25,0,30,5
2005,Veracruz,3120088,Zona Arqueológica de Quiahuitztlán,1056,159,1036,123,2043,56,2284,0,1363,126,1456,82,1797,0,1741,134,1180,71,460,108,1266,96,2021,154
2005,Veracruz,3120024,Zona Arqueológica de Cuajilote,364,1,71,8,1468,7,470,2,323,0,80,0,203,0,148,19,39,8,74,0,357,8,46,22
2005,Veracruz,3120030,Zona Arqueológica de Cuyuxquihui,380,0,50,0,967,0,750,0,208,171,182,0,400,0,220,0,40,0,80,0,25,0,50,0
2005,Veracruz,3220014,Zona Arqueológica de Las Limas,0,0,296,2,527,9,326,4,209,1,201,0,267,16,277,9,179,0,291,0,235,2,339,3
2005,Yucatán,3120001,Zona Arqueológica de Acanceh,305,38,238,35,264,25,119,19,134,11,118,19,365,19,361,16,365,12,85,14,238,21,437,38
2005,Yucatán,3120002,Zona Arqueológica de Aké,711,110,519,48,560,68,384,27,448,36,321,19,427,39,492,50,220,14,470,40,342,33,582,60
2005,Yucatán,3120004,Zona Arqueológica de Balamcanché,1107,300,359,100,393,371,402,375,1407,265,1505,249,1145,185,1128,314,698,220,265,124,1297,187,908,105
2005,Yucatán,3120015,Zona Arqueológica de Chacmultún,213,2,101,8,0,0,268,0,196,2,60,2,95,1,140,2,68,0,198,0,277,5,269,3
2005,Yucatán,3110008,Zona Arqueológica de Chichén Itzá,67920,37201,35007,61654,43470,68028,40956,81046,27546,51701,34990,60413,50913,76420,49978,60888,23191,52085,19665,21511,7487,13247,18114,37775
2005,Yucatán,3120033,Zona Arqueológica de Dzibilchaltún con museo del Pueblo Maya,4060,2320,2940,1368,22812,2506,2756,1923,3974,1294,3318,1105,8058,2560,6863,1590,2085,420,5417,1940,3974,1751,4498,1935
2005,Yucatán,3120034,Zona Arqueológica de Ekbalam,3000,3363,1222,3061,3574,3277,2296,2855,2768,2508,2008,3390,2035,2476,2324,2890,1067,2004,707,1571,1182,1015,2552,1726
2005,Yucatán,3120057,Zona Arqueológica de Kabah,1645,3215,1371,4063,2151,4285,1987,3050,1594,1932,1076,1566,1351,2264,1958,3058,1247,1703,971,1848,1372,2523,1053,1803
2005,Yucatán,3120064,Zona Arqueológica de Labná,1417,1241,1302,1230,2150,820,932,500,796,350,1126,275,1079,500,1240,1000,620,300,810,430,821,570,1053,550
2005,Yucatán,3120071,Zona Arqueológica de Loltún,3447,529,2425,329,5593,600,3212,295,3023,291,2854,288,3712,450,4149,456,1190,176,1761,129,3275,160,2181,501
2005,Yucatán,3120077,Zona Arqueológica de Mayapán,1684,270,835,258,2177,320,1066,209,695,151,761,141,1349,59,1273,224,617,177,743,97,767,152,935,325
2005,Yucatán,3120097,Zona Arqueológica de Sayil,1069,1514,714,1195,2058,1361,906,805,734,589,751,544,995,720,1275,1268,515,475,627,419,1615,670,677,850
2005,Yucatán,3120122,Zona Arqueológica de Uxmal con museo de sitio,9538,11488,12194,12050,14127,17749,8594,13085,10173,10079,11834,4308,14710,13186,11477,14210,7005,7765,5791,9745,11043,9841,7252,8450
2005,Yucatán,3120126,Zona Arqueológica de Xlapak,414,400,326,500,1237,0,309,400,478,304,316,229,812,294,464,303,342,83,492,101,1080,145,813,211
2005,Yucatán,3120083,Zona Arqueológica de Oxkintok,700,133,802,60,1267,78,928,39,2806,373,799,110,423,70,440,76,298,27,368,40,360,39,455,59
2005,Yucatán,3120056,Zona Arqueológica de Izamal,412,130,435,100,536,120,455,120,489,120,485,130,367,120,373,149,405,100,407,120,469,120,460,140
2005,Zacatecas,3120003,Zona Arqueológica de Altavista o Chalchihuites con museo de sitio,710,30,366,15,4906,15,1442,25,662,14,668,12,863,26,737,24,871,3,354,7,549,9,536,14
2005,Zacatecas,3110022,Zona Arqueológica de La Quemada con museo de sitio,3683,315,2654,212,9289,401,5081,186,2683,1495,4561,159,4794,433,4270,278,3334,401,2687,209,3789,229,2943,192
2004,Baja California,3120040,Zona Arqueológica de El Vallecito,1186,44,511,5,1114,8,2351,29,1445,74,1414,5,1056,29,715,21,662,6,799,13,988,10,588,9
2004,Campeche,3120005,Zona Arqueológica de Balamkú,246,157,236,209,128,97,445,200,286,190,190,61,768,121,253,137,181,58,365,101,378,233,627,149
2004,Campeche,3110002,Zona Arqueológica de Becán,1062,923,547,1139,603,838,2243,603,813,467,938,377,1268,741,1085,578,1001,274,976,566,685,830,1830,598
2004,Campeche,3120008,Zona Arqueológica de Calakmul,1118,447,509,573,262,605,1738,350,802,354,783,188,1487,429,1015,808,507,282,729,224,322,250,1444,560
2004,Campeche,3120017,Zona Arqueológica de Chicanná,211,419,259,789,204,674,806,703,164,293,475,215,682,576,405,1084,179,474,374,746,738,1027,1084,516
2004,Campeche,3120020,Zona Arqueológica de Chunhuhub,16,10,10,9,8,2,16,14,42,0,35,0,34,0,12,0,12,0,18,2,52,0,20,1
2004,Campeche,3110011,Zona Arqueológica de Dzibilnocac,482,24,119,6,245,7,504,10,293,0,184,0,506,1,324,4,116,3,113,3,136,2,143,6
2004,Campeche,3110012,Zona Arqueológica de Edzná,3096,557,2326,346,2185,391,3751,332,2165,347,1640,224,4169,778,2363,940,1061,273,1744,370,2443,547,3722,489
2004,Campeche,3110017,Zona Arqueológica de El Tigre,532,3,297,3,389,1,682,0,275,0,160,7,493,0,499,0,123,0,247,2,228,1,566,6
2004,Campeche,3120042,Zona Arqueológica de Hochob,300,23,84,31,150,33,74,22,113,5,199,12,124,2,64,6,84,0,152,5,91,4,132,17
2004,Campeche,3120043,Zona Arqueológica de Hormiguero,47,14,31,58,33,28,72,11,14,8,52,7,76,18,44,9,8,4,60,7,26,6,166,34
2004,Campeche,3120058,Zona Arqueológica de Kankí,0,0,34,0,54,0,0,0,17,0,28,0,37,0,12,0,25,0,12,0,15,0,18,0
2004,Campeche,3120079,Zona Arqueológica de Nadzcaan,23,56,0,0,43,0,47,0,22,0,42,0,90,0,25,0,18,0,17,0,45,0,42,0
2004,Campeche,3120096,Zona Arqueológica de Santa Rosa Xtampak,107,3,37,9,77,4,186,15,94,0,44,0,39,2,41,6,17,0,24,2,39,2,118,9
2004,Campeche,3120118,Zona Arqueológica de Tohcok,174,39,226,36,181,37,303,18,238,26,205,12,490,54,299,26,175,17,216,30,200,46,435,30
2004,Campeche,3120125,Zona Arqueológica de Xcalumkín,168,0,171,4,198,3,200,4,228,2,184,31,356,2,81,6,100,2,112,2,309,2,142,0
2004,Campeche,3110041,Zona Arqueológica de Xpuhil,288,116,295,191,337,160,880,122,408,0,620,18,844,291,437,325,399,52,654,158,573,199,2181,631
2004,Campeche,3120098,Zona Arqueológica de Tabasqueño,319,9,312,2,244,10,553,14,225,6,139,12,191,0,143,9,138,13,99,2,135,0,392,11
2004,Chiapas,3110004,Zona Arqueológica de Bonampak,1006,883,847,726,441,825,2441,714,612,541,540,471,4477,1103,2366,1782,568,462,551,712,642,809,2549,840
2004,Chiapas,3120019,Zona Arqueológica de Chincultic,1340,77,437,229,367,39,1295,80,324,12,474,25,1338,98,785,95,501,29,435,23,702,30,1270,87
2004,Chiapas,3110018,Zona Arqueológica de Izapa,1624,142,941,87,1998,52,896,93,799,49,785,60,1052,47,624,33,358,41,896,131,880,100,957,56
2004,Chiapas,3110026,"Zona Arqueológica de Palenque con museo ""Alberto Ruz L´Huiller""",16285,18427,9716,18339,13526,21630,34554,15019,14527,12351,13195,10558,30383,17415,26164,22605,10179,12976,10603,16379,12472,22751,31027,15352
2004,Chiapas,3120103,Zona Arqueológica de Tenam Puente,3430,248,1820,188,1600,168,4058,214,2056,103,2092,183,3486,308,3044,597,1591,396,1216,208,2051,291,2173,346
2004,Chiapas,3110035,Zona Arqueológica de Toniná con museo de sitio,5625,1064,2084,888,2477,752,6811,766,2681,436,3073,218,5097,790,3422,950,1492,434,1553,422,1137,160,3654,537
2004,Chiapas,3110044,Zona Arqueológica de Yaxchilán,3516,2442,643,2361,898,2442,3852,2145,1304,1748,850,924,3804,4153,1766,4105,743,1326,666,2014,1084,2618,3589,1724
2004,Chihuahua,3110028,Zona Arqueológica de Paquimé con Museo de las Culturas del Norte,3642,682,4432,1588,9132,2462,9326,970,8050,374,10616,826,6638,998,4796,384,5944,626,6890,1588,5236,1700,3632,1252
2004,Chihuahua,3110010,Zona Arqueológica de Cuarenta Casas,191,35,257,7,533,37,3442,73,432,18,547,53,1663,113,1154,74,1314,30,637,23,1276,55,614,22
2004,Ciudad de México,3120013,Zona Arqueológica de Cerro de la Estrella,7838,0,7711,0,13220,0,15582,0,9466,0,8689,0,13867,0,13200,0,8601,0,9820,0,9170,0,7397,0
2004,Ciudad de México,3120029,Zona Arqueológica de Cuicuilco con museo de sitio,5043,564,6813,368,21333,366,6977,532,4474,317,3954,501,6766,562,6254,396,10196,294,8485,259,7480,224,5311,103
2004,Ciudad de México,3120116,Zona Arqueológica de Tlatelolco con museo de sitio,5360,1601,6474,1679,5692,1568,5807,1711,4875,1148,4379,1223,4903,1949,3607,1985,5418,1168,7599,951,6555,866,5752,878
2004,Colima,3120035,Zona Arqueológica de El Chanal,1278,143,1244,75,1293,48,1084,3,270,5,334,28,232,15,145,22,377,28,308,44,338,34,260,394
2004,Colima,3120059,Zona Arqueológica de La Campana,2401,715,2162,801,2136,977,2205,729,1912,512,1807,286,1165,315,483,94,1235,285,1241,607,1293,768,867,593
2004,Durango,3110020,Zona Arqueológica de La Ferrería con museo de sitio,1117,35,1414,7,3181,7,1740,17,1211,4,1527,16,1197,43,1014,37,1163,18,1402,4,1006,15,1330,38
2004,Estado de México,3110001,Zona Arqueológica de Acozac,0,0,1836,0,1793,0,5146,23,2283,0,0,0,2118,0,3434,0,2095,0,3985,0,2458,0,2702,0
2004,Estado de México,3110006,Zona Arqueológica de Calixtlahuaca,1507,43,2225,49,6879,19,1579,43,844,64,548,3,938,25,920,104,1082,13,880,11,996,53,729,18
2004,Estado de México,3120018,Zona Arqueológica de Chimalhuacán con museo de sitio,0,0,3590,30,4800,10,3300,10,2290,8,0,0,5450,20,1750,10,0,0,6500,10,0,0,3500,0
2004,Estado de México,3110014,Zona Arqueológica de El Conde,27,0,31,1,315,0,16,0,79,0,31,4,32,0,22,0,38,1,50,1,47,0,0,0
2004,Estado de México,3120050,Zona Arqueológica de Huexotla,111,0,245,6,396,2,121,5,231,7,119,0,130,0,184,0,0,0,218,0,133,0,119,0
2004,Estado de México,3120072,Zona Arqueológica de Los Melones,283,4,320,6,428,19,0,0,747,17,0,0,612,9,262,4,275,6,0,0,607,9,290,3
2004,Estado de México,3120073,Zona Arqueológica de Los Reyes La Paz,485,17,0,0,503,33,0,0,1995,91,568,22,0,0,863,39,789,26,754,20,857,20,320,5
2004,Estado de México,3120075,Zona Arqueológica de Malinalco,6621,201,6216,378,11551,304,11195,248,3991,131,4158,195,5762,358,6745,309,5480,139,4903,214,6345,240,7266,171
2004,Estado de México,3120095,"Zona Arqueológica de Santa Cecilia Acatitla con museo de la Escultura Mexica ""Eusebio Dávalos Hurtado""",722,44,737,8,3652,29,813,6,920,14,724,16,986,0,690,21,576,7,600,73,587,12,565,28
2004,Estado de México,3120104,Zona Arqueológica de Tenayuca I con museo Xólotl,235,28,710,25,3891,19,641,17,646,8,528,5,415,15,627,8,316,15,521,0,616,0,227,14
2004,Estado de México,3120129,Zona Arqueológica de Tenayuca II,30,10,30,10,6,0,30,0,40,0,35,5,30,0,20,0,0,0,0,0,58,4,16,7
2004,Estado de México,3110031,Zona Arqueológica Teotihuacan (con Museo de Sitio),77995,23795,93262,21595,499731,122348,115649,33194,78713,20150,51762,19444,81533,26760,69446,28634,55298,17990,84193,22131,82965,21742,82781,21317
2004,Estado de México,3110032,Zona Arqueológica de Tetzcotzinco,1650,400,2350,40,3600,1500,2700,1200,1800,600,1675,500,2900,600,2100,450,1900,400,1850,250,2600,40,4060,50
2004,Estado de México,3120115,Zona Arqueológica de Tlapacoya,0,0,1254,0,430,0,0,0,924,0,0,0,1158,0,471,0,459,0,1034,0,904,0,563,1
2004,Guerrero,3120046,Zona Arqueológica de Huamuxtitlán,94,0,262,0,320,3,331,0,386,0,434,0,307,0,348,0,230,0,347,98,416,2,513,3
2004,Guerrero,3120053,Zona Arqueológica de Ixcateopan,60,0,497,23,40,0,78,0,0,19,13,0,15,52,47,0,111,7,40,5,48,0,119,0
2004,Guerrero,3110021,Zona Arqueológica de La Organera Xochipala,248,8,289,0,282,3,386,3,203,0,193,0,396,0,270,0,394,1,373,3,211,3,221,0
2004,Guerrero,3120062,Zona Arqueológica de La Sabana,54,0,103,0,83,0,84,0,73,0,106,0,48,0,45,0,29,0,45,0,101,0,46,0
2004,Guerrero,3120026,Zona Arqueológica de Cuetlajuchitlán (Los Querende),27,0,12,0,12,0,16,0,10,0,12,0,12,0,9,0,15,0,28,0,74,0,18,0
2004,Guerrero,3120074,Zona Arqueológica de Los Tepoltzis,68,0,88,0,82,0,120,0,121,0,128,0,149,0,182,0,99,0,124,0,47,65,144,0
2004,Guerrero,3110027,Zona Arqueológica de Palma Sola,719,40,710,62,1374,28,1235,23,764,5,803,21,1054,29,653,29,811,14,1165,16,749,29,753,47
2004,Guerrero,3120106,Zona Arqueológica de Teopantecuanitlán,49,0,15,0,179,0,142,0,25,0,100,0,35,0,36,1,87,2,109,0,22,0,109,0
2004,Hidalgo,3120048,Zona Arqueológica de Huapalcalco,714,27,666,20,6678,59,431,9,819,15,819,25,373,12,963,31,1392,23,825,47,669,28,1392,92
2004,Hidalgo,3120110,Zona Arqueológica de Tepeapulco,1403,12,1475,4,4570,16,1920,21,1360,77,899,11,1545,42,2065,32,911,23,1822,57,1980,58,2465,78
2004,Hidalgo,3110036,Zona Arqueológica de Tula con museo de sitio,13153,1018,14544,931,34027,929,24625,1176,11017,628,8438,590,14130,1149,10760,954,9917,673,10508,1490,11988,1268,15036,1131
2004,Jalisco,3120036,Zona Arqueológica de El Grillo,380,0,413,0,431,0,477,0,451,0,478,0,470,0,470,0,430,0,394,0,389,0,363,0
2004,Jalisco,3120054,Zona Arqueológica de Ixtépete,511,35,590,42,610,50,632,65,677,14,890,25,912,30,912,30,721,40,701,31,608,24,598,20
2004,Michoacán,3120047,Zona Arqueológica de Huandacareo,315,5,207,2,512,9,602,11,232,4,199,1,274,8,218,3,105,2,107,3,145,2,309,18
2004,Michoacán,3120052,Zona Arqueológica de Ihuatzio,412,37,440,25,746,27,490,30,573,11,390,15,365,45,350,40,424,25,549,20,960,35,493,20
2004,Michoacán,3120091,Zona Arqueológica de San Felipe los Alzati,1557,166,159,18,203,0,355,11,115,0,117,0,324,0,56,9,58,7,237,0,146,0,180,5
2004,Michoacán,3120114,Zona Arqueológica de Tingambato,321,16,1317,23,3121,18,3273,15,880,19,973,22,1460,46,875,12,1650,28,1820,13,958,9,1500,65
2004,Michoacán,3120119,Zona Arqueológica de Tres Cerritos,87,0,106,3,84,0,88,0,161,2,101,0,53,0,44,0,96,0,60,0,190,0,47,0
2004,Michoacán,3120121,Zona Arqueológica de Tzintzuntzan con museo de sitio,5470,746,7710,319,7410,547,10236,1489,3424,375,5702,907,7832,835,4186,953,1660,60,2413,131,8093,692,8160,764
2004,Morelos,3110007,Zona Arqueológica de Chalcatzingo,1485,45,1255,45,1023,9,1066,16,558,34,725,26,1024,22,1002,4,1014,10,1350,24,1225,26,1559,13
2004,Morelos,3110040,Zona Arqueológica de Xochicalco con museo de sitio,38182,2615,41863,4563,45486,3709,63665,5825,45903,1284,49642,1978,81932,3711,63936,3514,58145,2177,63271,1921,70121,2165,39938,2191
2004,Morelos,3120021,Zona Arqueológica de Coatetelco con museo de sitio,490,2,355,5,375,3,681,1,191,3,303,5,463,6,321,7,306,2,541,0,292,8,327,3
2004,Morelos,3120069,Zona Arqueológica de Las Pilas,98,4,328,0,348,0,204,2,108,0,68,0,61,0,240,0,123,0,231,0,161,0,300,2
2004,Morelos,3120082,Zona Arqueológica de Olintepec,27,0,35,0,34,0,36,0,23,0,35,0,34,0,21,0,30,10,131,0,122,0,144,0
2004,Morelos,3120112,Zona Arqueológica de Tepozteco,14080,690,14577,1463,12472,710,14030,752,8892,518,11150,628,16213,980,11305,657,9604,1101,10313,512,7924,1824,18470,1250
2004,Morelos,3120107,Zona Arqueológica de Teopanzolco,979,290,1726,221,2976,245,1953,190,1027,168,1051,288,2208,560,1329,312,1580,147,1680,272,1897,203,1588,232
2004,Morelos,3110043,Zona Arqueológica de Yautepec,222,2,317,0,1213,1,194,2,153,1,160,0,240,8,203,10,205,4,200,2,193,1,348,28
2004,Nayarit,3120055,Zona Arqueológica de Ixtlán del Río,1477,251,1515,223,1912,178,1975,145,1407,155,1498,147,1472,178,1568,123,1118,107,930,139,1083,64,1325,134
2004,Nuevo León,3110003,Zona Arqueológica de Boca de Potrerillos,266,54,234,4,449,17,704,8,199,0,160,0,172,2,81,0,235,0,606,1,114,0,207,4
2004,Oaxaca,3120031,Zona Arqueológica de Dainzú,248,115,171,115,209,95,191,95,127,89,325,83,515,98,112,78,148,52,430,46,266,60,288,46
2004,Oaxaca,3120041,Zona Arqueológica de Guiengola,87,68,299,12,325,8,250,12,243,6,216,12,174,9,84,4,216,6,245,12,298,12,224,8
2004,Oaxaca,3120051,Zona Arqueológica de Huijazoo,335,126,162,20,521,69,820,150,321,48,435,48,2536,385,290,30,259,74,480,150,350,100,483,136
2004,Oaxaca,3120065,Zona Arqueológica de Lambityeco,184,68,174,112,209,120,228,250,80,85,121,90,142,80,105,90,123,105,93,80,138,0,180,100
2004,Oaxaca,3110024,Zona Arqueológica de Mitla,7320,2050,3315,3590,6741,3808,6405,6100,5728,1843,4336,1566,28940,2994,19705,2479,7964,1294,11515,3849,8361,4290,28294,2125
2004,Oaxaca,3110025,Zona Arqueológica de Monte Albán con museo de sitio,35803,9399,27573,10002,36223,11149,50972,11486,28888,6851,23444,6142,74759,14021,41300,11527,22399,6761,29430,9994,29430,9994,55089,9716
2004,Oaxaca,3110042,Zona Arqueológica de Yagul,379,238,0,0,645,668,770,194,479,355,301,316,1495,209,667,426,884,104,2295,467,2135,510,1974,422
2004,Oaxaca,3110045,Zona Arqueológica de Zaachila,788,68,623,109,429,105,329,32,46,12,330,53,1114,54,403,46,437,30,303,66,217,26,888,90
2004,Puebla,3120010,Zona Arqueológica de Cantona,2487,4,1390,22,3119,4,3490,15,1620,8,1039,12,2018,14,2059,0,1556,17,1496,9,1936,0,1668,18
2004,Puebla,3110009,Zona Arqueológica de Cholula con museo de sitio,18261,1225,16730,1450,27294,1915,23673,2275,19936,1235,14222,1780,16643,2930,15725,3215,7973,1375,9467,1140,11914,0,15672,1375
2004,Puebla,3120090,Zona Arqueológica de San Cristobal Tepatlaxco,302,0,195,0,503,0,148,0,369,0,267,0,385,0,271,0,174,0,514,0,392,0,334,0
2004,Puebla,3120109,Zona Arqueológica de Tepapayeca,16,0,12,0,14,0,14,0,6,0,21,0,19,0,12,0,11,0,10,0,18,0,14,0
2004,Puebla,3120111,Zona Arqueológica de Tepexi el Viejo,40,0,59,0,56,0,70,0,45,0,31,40,81,1,65,0,51,10,40,0,75,0,71,0
2004,Puebla,3120128,Zona Arqueológica de Yohualichan,1994,32,1193,11,2389,16,4434,38,1903,27,1814,50,2576,50,2923,50,2824,35,1031,36,2059,0,1733,26
2004,Querétaro,3110013,Zona Arqueológica de El Cerrito,388,15,583,16,513,0,493,10,580,16,155,0,762,15,597,69,524,77,630,3,533,6,513,21
2004,Querétaro,3110030,Zona Arqueológica de Ranas,1054,11,1103,78,1533,102,5034,79,2059,52,1910,51,2276,75,1878,71,1988,51,1118,68,2460,84,1582,38
2004,Querétaro,3110034,Zona Arqueológica de Toluquilla,174,0,220,0,303,12,658,3,707,4,704,21,593,4,475,3,238,2,228,12,608,4,333,2
2004,Quintana Roo,3120022,Zona Arqueológica de Cobá,679,17843,532,17342,514,17257,0,0,556,14242,1218,12635,2025,15466,2004,20019,789,13384,607,13736,1101,19004,1162,15404
2004,Quintana Roo,3120032,Zona Arqueológica de Dzibanché-Kinichná,478,227,215,721,229,337,809,356,379,96,53,9,575,112,0,0,161,33,163,32,460,393,1932,642
2004,Quintana Roo,3110015,Zona Arqueológica de El Meco,124,22,215,19,99,12,101,10,104,12,66,23,116,0,208,24,79,3,204,16,85,20,270,49
2004,Quintana Roo,3120038,Zona Arqueológica de El Rey,995,1081,1202,766,992,487,1208,688,768,489,727,315,1381,287,1195,443,520,395,895,314,934,1095,1593,902
2004,Quintana Roo,3110019,Zona Arqueológica de Kohunlich,1106,2063,434,1966,851,2435,1310,1940,733,920,0,0,1398,2291,643,1052,680,575,1240,1465,1655,2035,1628,2028
2004,Quintana Roo,3120078,Zona Arqueológica de Muyil,171,385,103,25,258,315,185,350,158,234,100,60,345,350,185,315,105,204,70,400,475,200,349,314
2004,Quintana Roo,3120084,Zona Arqueológica de Oxtankah,627,77,854,97,731,112,551,35,510,25,376,2,882,14,1300,64,799,148,656,29,677,16,1132,44
2004,Quintana Roo,3120092,Zona Arqueológica de San Gervasio,184,13458,1320,10282,1976,10006,1209,10660,276,5842,351,5150,398,6019,1846,5002,686,3065,390,4091,435,5205,656,10069
2004,Quintana Roo,3110037,Zona Arqueológica de Tulum,33699,62938,31107,69982,21280,58545,36536,67149,22958,50626,23423,56518,53388,46141,51220,69258,21992,41978,20485,47158,20070,49331,45853,69651
2004,Quintana Roo,3110038,Zona Arqueológica de Xcaret,0,0,0,0,0,0,0,0,0,0,0,0,0,0,2,0,0,0,0,0,0,0,5,0
2004,Quintana Roo,3110039,Zona Arqueológica de Xelhá,114,77,95,90,73,37,125,62,56,62,51,46,75,59,116,34,85,70,52,67,41,20,68,70
2004,Quintana Roo,3120014,Zona Arqueológica de Chacchoben,1475,7259,574,4891,789,8397,1906,5557,582,1769,557,1696,726,1467,0,0,238,298,542,4226,1078,2054,2032,2220
2004,Tabasco,3120023,Zona Arqueológica de Comalcalco con museo de sitio,10059,327,3780,296,8896,210,12924,288,3647,174,3223,153,8576,185,10601,201,3535,215,2859,85,3550,127,7646,74
2004,Tabasco,3110023,Zona Arqueológica de La Venta con museo de sitio,924,16,918,57,751,64,2062,79,1049,26,1034,55,2876,70,1269,39,896,16,751,66,1113,29,2185,89
2004,Tabasco,3120086,Zona Arqueológica de Pomoná con museo de sitio,226,6,55,7,3562,8,353,2,133,2,184,1,850,0,313,1,182,1,195,0,127,3,147,3
2004,Tabasco,3120076,Zona Arqueológica de Malpasito,273,0,242,0,352,0,761,2,246,0,191,0,369,5,464,0,256,4,215,0,159,2,331,3
2004,Tabasco,3120089,Zona Arqueológica de Moral-Reforma,235,0,148,2,291,2,1257,0,155,0,155,0,518,0,311,30,120,15,43,126,169,0,328,0
2004,Tabasco,3220017,Zona Arqueológica de San Claudio,58,2,61,6,55,0,86,7,15,0,57,0,104,2,71,3,91,1,49,0,37,0,77,0
2004,Tamaulipas,3120039,Zona Arqueológica de El Sabinito,0,0,45,0,218,16,144,0,67,0,0,0,0,0,0,0,0,0,44,7,136,7,63,0
2004,Tamaulipas,3120067,Zona Arqueológica de Las Flores,409,74,416,96,771,146,626,182,331,22,276,95,317,79,332,32,278,65,333,42,339,48,297,35
2004,Tamaulipas,3120006,Zona Arqueológica de Balcón de Montezuma,114,160,104,222,94,214,143,106,31,39,103,19,41,30,54,51,14,6,70,26,42,68,34,114
2004,Tlaxcala,3110005,Zona Arqueológica de Cacaxtla con museo de sitio,10745,770,8765,937,8765,937,16275,635,8660,366,7747,305,9337,4093,7419,667,8536,450,17374,393,9149,1010,7030,442
2004,Tlaxcala,3110105,Zona Arqueológica de Xochitécatl con museo de sitio,1717,1973,5232,213,5232,213,6016,334,4369,125,4183,128,5155,380,3202,196,5770,300,5229,319,6348,135,6210,285
2004,Tlaxcala,3110033,Zona Arqueológica de Tizatlán con museo de sitio,150,20,140,10,140,10,240,40,115,40,130,10,130,20,266,23,231,19,330,11,434,4,292,32
2004,Veracruz,3120012,Zona Arqueológica de Cempoala con museo de sitio,3845,175,4404,263,11762,423,8584,523,6904,368,7228,235,7327,310,3917,125,3374,123,5146,138,4551,152,4664,421
2004,Veracruz,3120068,Zona Arqueológica de Las Higueras con museo de sitio,16,0,38,0,40,2,113,1,106,0,98,1,38,0,90,90,34,0,150,0,23,7,82,0
2004,Veracruz,3120093,Zona Arqueológica de San Lorenzo Tenochtitlan con museo de sitio,242,5,169,4,336,16,1079,8,471,6,163,2,305,1,194,2,294,0,113,4,185,4,269,4
2004,Veracruz,3110016,Zona Arqueológica de El Tajín,16600,1788,26641,1342,90371,6334,117721,2983,34210,636,35069,1744,140864,2622,142560,5313,114217,0,32889,565,39063,895,68385,5825
2004,Veracruz,3220012,Zona Arqueológica de Cuauhtochco,0,0,8,0,10,0,111,0,89,0,6,0,6,0,16,0,11,0,12,0,1,0,15,0
2004,Veracruz,3120123,Zona Arqueológica de Vega de la Peña,54,0,36,11,58,15,264,2,50,0,56,10,68,35,35,20,64,0,35,5,21,1,18,4
2004,Veracruz,3120088,Zona Arqueológica de Quiahuitztlán,1267,164,1084,80,1627,91,1610,88,1823,137,1784,275,3715,126,2108,134,1192,51,2238,86,1351,644,1336,70
2004,Veracruz,3120024,Zona Arqueológica de Cuajilote,400,18,127,15,425,14,731,1,88,0,156,10,181,42,323,28,145,15,37,6,257,10,137,12
2004,Veracruz,3120030,Zona Arqueológica de Cuyuxquihui,430,0,100,0,228,2,364,6,190,0,120,0,300,0,250,0,150,0,90,0,150,0,100,0
2004,Yucatán,3120001,Zona Arqueológica de Acanceh,215,14,212,27,375,19,1161,247,266,28,116,7,254,19,326,19,316,8,127,8,347,23,503,19
2004,Yucatán,3120002,Zona Arqueológica de Aké,1321,110,805,99,544,62,478,44,579,40,702,15,457,29,615,30,554,31,650,36,658,46,721,74
2004,Yucatán,3120004,Zona Arqueológica de Balamcanché,1021,390,1428,338,1414,256,1042,18,962,191,660,160,1480,240,1485,349,690,134,447,139,907,237,1011,150
2004,Yucatán,3120015,Zona Arqueológica de Chacmultún,369,25,269,15,192,10,161,19,150,10,140,16,199,20,298,30,164,14,134,14,176,14,229,10
2004,Yucatán,3110008,Zona Arqueológica de Chichén Itzá,45008,73519,33533,67674,68114,75139,46686,49655,24073,67771,30495,61417,57413,76680,50312,82159,28236,55281,33224,57278,39682,61748,49050,62712
2004,Yucatán,3120033,Zona Arqueológica de Dzibilchaltún con museo del Pueblo Maya,4492,2388,3935,2563,15510,2731,5326,2841,1673,1637,2879,1230,6970,2565,7535,2093,2427,1853,3119,1325,5219,1394,16150,2626
2004,Yucatán,3120034,Zona Arqueológica de Ekbalam,2211,3356,2391,2819,1729,3006,2661,2152,1432,2565,1094,2953,2414,2607,2197,4000,1252,2214,1716,2267,2296,3950,2211,2627
2004,Yucatán,3120057,Zona Arqueológica de Kabah,1224,4296,3168,2961,2538,3992,2737,3755,1192,2421,1418,1487,1953,2638,1557,3798,1414,2067,1256,3472,2645,4824,1394,3158
2004,Yucatán,3120064,Zona Arqueológica de Labná,1322,1300,1501,848,1705,700,1655,800,1400,480,1458,340,1457,650,2361,1100,585,332,1282,260,1495,550,1516,680
2004,Yucatán,3120071,Zona Arqueológica de Loltún,5440,622,3210,393,4270,343,5710,350,3663,280,3256,248,3650,380,4407,574,1401,312,2315,220,2951,338,4126,218
2004,Yucatán,3120077,Zona Arqueológica de Mayapán,1237,330,1630,299,1161,307,1984,124,1572,176,688,123,1569,193,1529,115,984,217,957,125,847,217,1719,204
2004,Yucatán,3120097,Zona Arqueológica de Sayil,1130,1653,1107,1357,1835,1097,1808,1134,964,550,1359,420,1443,717,1850,1549,440,622,396,670,957,1484,823,900
2004,Yucatán,3120122,Zona Arqueológica de Uxmal con museo de sitio,13986,13875,14462,11730,11757,14918,14114,12621,9894,10861,9281,8403,15340,12234,15259,13898,6126,8536,9152,12611,7169,17862,13059,10596
2004,Yucatán,3120126,Zona Arqueológica de Xlapak,650,485,492,305,624,330,465,333,660,196,431,156,617,280,578,420,460,201,446,185,398,348,375,310
2004,Yucatán,3120083,Zona Arqueológica de Oxkintok,743,57,878,196,442,45,1090,92,552,52,776,56,778,68,746,80,332,37,464,22,509,36,988,47
2004,Yucatán,3120056,Zona Arqueológica de Izamal,345,105,257,74,446,103,444,134,519,120,500,160,540,180,421,90,330,95,836,248,345,120,488,200
2004,Zacatecas,3120003,Zona Arqueológica de Altavista o Chalchihuites con museo de sitio,534,32,260,14,5079,19,1961,30,488,9,543,25,798,57,914,75,552,19,407,14,427,17,267,14
2004,Zacatecas,3110022,Zona Arqueológica de La Quemada con museo de sitio,3386,291,2147,360,6073,412,6149,240,3447,128,5661,226,4796,409,3963,1185,3045,216,3448,300,4415,221,2232,246
2003,Baja California,3120040,Zona Arqueológica de El Vallecito,993,17,1073,48,2096,5,3238,18,1274,11,1568,29,1651,38,1102,10,567,10,1088,23,1026,12,735,0
2003,Campeche,3120005,Zona Arqueológica de Balamkú,298,191,102,185,202,175,410,145,242,57,150,86,449,156,531,136,172,53,163,53,418,96,413,76
2003,Campeche,3110002,Zona Arqueológica de Becán,877,773,437,647,888,693,1462,462,514,428,332,476,1177,553,1308,771,442,47,116,132,531,708,1294,799
2003,Campeche,3120008,Zona Arqueológica de Calakmul,714,563,386,374,423,380,1016,311,533,187,578,209,896,323,1144,544,393,228,283,176,792,386,1386,123
2003,Campeche,3120017,Zona Arqueológica de Chicanná,489,791,210,747,255,1049,630,651,166,581,204,309,543,384,294,864,144,325,207,312,336,817,714,408
2003,Campeche,3120020,Zona Arqueológica de Chunhuhub,5,8,6,0,8,0,8,2,6,0,30,0,7,6,8,0,8,0,4,0,12,0,54,0
2003,Campeche,3110011,Zona Arqueológica de Dzibilnocac,617,23,168,6,224,2,405,4,372,12,245,2,528,8,278,10,93,23,160,9,134,2,178,0
2003,Campeche,3110012,Zona Arqueológica de Edzná,3945,828,2247,540,2169,473,3214,483,4831,785,1836,243,4177,632,2383,1075,1068,316,1206,174,1838,407,6545,506
2003,Campeche,3110017,Zona Arqueológica de El Tigre,476,2,259,2,438,4,711,1,348,0,185,0,360,0,372,4,188,1,150,6,242,0,668,0
2003,Campeche,3120042,Zona Arqueológica de Hochob,447,17,109,6,57,6,162,6,270,8,140,7,78,3,72,6,91,6,57,0,161,16,51,8
2003,Campeche,3120043,Zona Arqueológica de Hormiguero,141,28,68,21,111,24,66,20,24,13,29,12,28,8,55,27,26,7,66,16,14,19,64,31
2003,Campeche,3120058,Zona Arqueológica de Kankí,18,0,18,0,30,0,20,0,29,0,17,0,30,0,58,0,18,0,32,0,0,15,42,0
2003,Campeche,3120079,Zona Arqueológica de Nadzcaan,29,0,22,0,8,0,28,0,17,0,23,0,6,0,18,0,26,0,0,16,0,18,36,0
2003,Campeche,3120096,Zona Arqueológica de Santa Rosa Xtampak,61,18,50,18,17,5,158,0,52,10,48,3,36,0,82,2,31,2,44,6,55,4,108,2
2003,Campeche,3120118,Zona Arqueológica de Tohcok,96,25,117,0,222,13,334,73,303,20,154,27,336,54,218,148,188,12,155,19,310,19,228,31
2003,Campeche,3120125,Zona Arqueológica de Xcalumkín,264,8,66,0,191,1,164,0,105,0,72,0,79,1,47,0,28,0,56,0,31,0,114,0
2003,Campeche,3110041,Zona Arqueológica de Xpuhil,641,312,525,202,369,242,635,245,273,73,320,109,419,75,838,222,383,64,390,56,332,103,1066,58
2003,Campeche,3120098,Zona Arqueológica de Tabasqueño,28,8,23,0,4,0,10,0,14,2,18,0,8,0,15,0,60,2,27,1,140,2,67,0
2003,Chiapas,3110004,Zona Arqueológica de Bonampak,1006,693,789,1164,691,812,2252,651,1253,517,556,607,2413,793,1246,1278,536,593,526,978,507,1043,2457,1656
2003,Chiapas,3120019,Zona Arqueológica de Chincultic,1037,63,564,50,813,80,2116,84,1000,19,771,50,1520,147,1150,118,570,30,314,29,565,50,1070,56
2003,Chiapas,3110018,Zona Arqueológica de Izapa,530,25,1746,46,2831,66,1762,104,1003,169,1061,96,914,318,1825,65,429,78,1102,50,908,58,1554,107
2003,Chiapas,3110026,"Zona Arqueológica de Palenque con museo ""Alberto Ruz L´Huiller""",10078,9852,10148,16475,17268,18798,44631,18079,21632,13288,15803,10611,44748,20124,24631,24454,8661,23365,6004,15542,11507,21581,27167,15902
2003,Chiapas,3120103,Zona Arqueológica de Tenam Puente,3471,295,2136,252,2221,173,4559,262,1996,168,2387,179,2858,473,3241,595,1287,268,1108,246,1555,278,2124,178
2003,Chiapas,3110035,Zona Arqueológica de Toniná con museo de sitio,5359,917,2681,615,3274,617,6509,548,3951,735,5016,414,4064,706,4167,1033,1651,446,1331,405,2286,678,3120,604
2003,Chiapas,3110044,Zona Arqueológica de Yaxchilán,1383,1297,811,1693,994,2138,2639,1843,1562,1696,756,1360,2773,1751,2285,3715,558,1585,1299,1894,1086,2736,2631,1059
2003,Chihuahua,3110028,Zona Arqueológica de Paquimé con Museo de las Culturas del Norte,1823,310,3206,456,13314,1708,5663,311,8326,2886,9428,334,7700,364,4876,592,5286,404,9578,872,5342,818,2904,342
2003,Chihuahua,3110010,Zona Arqueológica de Cuarenta Casas,242,21,156,5,346,27,2773,24,528,32,563,27,1391,32,1433,94,480,32,387,35,477,26,513,27
2003,Ciudad de México,3120013,Zona Arqueológica de Cerro de la Estrella,6162,0,6371,0,8780,0,13408,0,6227,0,5769,0,46000,0,19999,0,13394,0,12078,0,9101,0,8935,0
2003,Ciudad de México,3120029,Zona Arqueológica de Cuicuilco con museo de sitio,5568,271,7499,239,18073,169,8723,198,5457,194,4758,392,4758,392,5955,520,7867,281,10841,281,9578,317,8010,319
2003,Ciudad de México,3120116,Zona Arqueológica de Tlatelolco con museo de sitio,7109,2894,7496,1966,9123,2229,7941,2270,6539,1672,5285,2119,5304,2578,5592,2092,5079,1847,6599,2168,8060,1790,5492,1817
2003,Colima,3120035,Zona Arqueológica de El Chanal,405,0,428,45,428,38,442,41,523,55,953,45,1068,37,783,67,837,48,947,75,1006,68,1178,115
2003,Colima,3120059,Zona Arqueológica de La Campana,479,155,494,189,737,174,865,169,1284,117,1640,125,1880,284,1698,301,1837,287,1954,311,2091,375,2295,620
2003,Durango,3110020,Zona Arqueológica de La Ferrería con museo de sitio,1103,7,948,8,3552,16,2249,9,1539,8,1207,29,1810,38,1343,30,1301,4,1173,4,1229,3,1546,73
2003,Estado de México,3110001,Zona Arqueológica de Acozac,1316,28,1388,0,1881,0,0,0,2267,4,1068,0,2271,0,1393,0,2093,0,1884,0,0,0,3908,0
2003,Estado de México,3110006,Zona Arqueológica de Calixtlahuaca,0,0,2714,79,6662,87,1397,16,966,15,604,11,1135,26,952,60,805,20,1089,27,1568,35,1269,48
2003,Estado de México,3120018,Zona Arqueológica de Chimalhuacán con museo de sitio,1075,10,2612,4,2566,14,1233,5,3800,6,1728,0,1844,12,1715,10,4400,10,1865,10,0,0,1859,10
2003,Estado de México,3110014,Zona Arqueológica de El Conde,108,0,181,0,147,0,80,0,90,0,77,0,41,1,52,0,63,0,144,0,107,0,54,0
2003,Estado de México,3120050,Zona Arqueológica de Huexotla,108,5,122,5,104,0,0,0,188,4,150,2,142,26,132,0,173,0,113,0,322,3,108,1
2003,Estado de México,3120072,Zona Arqueológica de Los Melones,340,22,405,19,394,14,321,9,356,8,369,6,397,4,289,6,287,4,317,6,322,3,285,6
2003,Estado de México,3120073,Zona Arqueológica de Los Reyes La Paz,212,9,434,31,915,19,548,21,469,14,374,23,694,23,664,20,505,45,0,0,650,22,1190,105
2003,Estado de México,3120075,Zona Arqueológica de Malinalco,0,0,14767,735,10831,381,10682,220,5239,196,4229,232,5951,271,6555,415,4599,231,5232,213,6671,304,5071,223
2003,Estado de México,3120095,"Zona Arqueológica de Santa Cecilia Acatitla con museo de la Escultura Mexica ""Eusebio Dávalos Hurtado""",381,8,497,27,468,29,604,22,457,12,699,8,898,26,592,40,683,8,770,15,782,41,827,45
2003,Estado de México,3120104,Zona Arqueológica de Tenayuca I con museo Xólotl,470,10,460,15,3268,15,389,12,493,15,668,15,567,18,424,26,621,8,750,15,545,10,340,8
2003,Estado de México,3120129,Zona Arqueológica de Tenayuca II,27,5,21,0,24,0,40,5,30,0,0,0,51,0,26,4,32,0,0,0,80,0,55,0
2003,Estado de México,3110031,Zona Arqueológica Teotihuacan (con Museo de Sitio),70781,21099,88645,22640,801090,36717,132826,34362,71859,20372,69057,19487,109642,38167,99302,33178,57643,19274,84800,23581,109437,30464,101220,27229
2003,Estado de México,3110032,Zona Arqueológica de Tetzcotzinco,3495,200,3182,150,2100,540,2400,500,1680,200,1220,150,1890,225,1740,250,1905,42,1325,35,1800,300,2200,45
2003,Estado de México,3120115,Zona Arqueológica de Tlapacoya,717,0,635,0,947,1,0,0,883,0,566,0,583,0,516,0,1145,0,793,0,792,0,626,0
2003,Guerrero,3120046,Zona Arqueológica de Huamuxtitlán,67,0,203,0,284,0,342,0,256,0,327,0,328,0,282,0,293,0,276,0,214,0,314,0
2003,Guerrero,3120053,Zona Arqueológica de Ixcateopan,370,0,560,0,57,0,160,0,39,0,44,6,52,4,26,94,103,2,67,0,96,24,15,60
2003,Guerrero,3110021,Zona Arqueológica de La Organera Xochipala,293,8,344,5,296,2,211,0,157,0,104,0,270,0,235,15,81,0,207,0,361,0,192,0
2003,Guerrero,3120062,Zona Arqueológica de La Sabana,51,0,72,2,191,0,46,0,35,0,27,0,13,0,43,0,42,0,22,0,31,0,41,0
2003,Guerrero,3120026,Zona Arqueológica de Cuetlajuchitlán (Los Querende),19,0,15,0,25,0,15,0,46,1,30,1,14,0,10,0,10,0,15,0,10,0,8,0
2003,Guerrero,3120074,Zona Arqueológica de Los Tepoltzis,99,0,83,0,84,0,84,0,105,0,156,0,174,0,178,0,136,0,152,0,84,0,88,0
2003,Guerrero,3110027,Zona Arqueológica de Palma Sola,1496,47,752,44,962,49,1097,31,584,16,633,8,835,43,835,29,1009,12,720,14,633,16,758,32
2003,Guerrero,3120106,Zona Arqueológica de Teopantecuanitlán,29,1,76,2,85,0,27,0,25,0,104,11,157,11,47,0,20,1,123,0,21,0,83,0
2003,Hidalgo,3120048,Zona Arqueológica de Huapalcalco,604,18,458,12,2726,17,1200,55,715,8,823,13,780,10,564,19,522,9,701,11,512,14,995,17
2003,Hidalgo,3120110,Zona Arqueológica de Tepeapulco,2020,25,1214,7,3900,68,2655,66,890,16,1675,5,1740,31,1270,13,1405,15,1855,12,1435,5,1820,58
2003,Hidalgo,3110036,Zona Arqueológica de Tula con museo de sitio,12564,976,11689,1289,33353,1195,14332,987,10568,704,9832,640,12042,1036,9312,1977,15001,926,7591,942,13652,3208,13242,1319
2003,Jalisco,3120036,Zona Arqueológica de El Grillo,275,0,227,0,314,0,314,0,311,0,330,0,363,0,321,4,344,0,355,0,370,0,390,0
2003,Jalisco,3120054,Zona Arqueológica de Ixtépete,331,7,353,3,342,9,342,9,322,4,359,8,359,8,362,3,352,10,385,15,450,19,493,27
2003,Michoacán,3120047,Zona Arqueológica de Huandacareo,90,2,229,0,188,37,405,0,83,0,60,0,152,2,139,5,124,0,93,0,73,0,164,0
2003,Michoacán,3120052,Zona Arqueológica de Ihuatzio,437,15,329,10,585,10,464,16,404,5,473,10,385,30,340,40,263,15,581,15,675,30,493,18
2003,Michoacán,3120091,Zona Arqueológica de San Felipe los Alzati,130,0,121,2,111,2,867,65,86,65,92,63,375,0,163,0,155,5,179,11,282,10,176,12
2003,Michoacán,3120114,Zona Arqueológica de Tingambato,405,30,485,45,2050,60,2310,60,340,15,332,20,752,46,746,33,463,25,506,16,499,25,645,35
2003,Michoacán,3120119,Zona Arqueológica de Tres Cerritos,57,3,95,0,99,35,117,0,98,0,96,0,154,0,139,0,77,0,102,0,150,0,118,9
2003,Michoacán,3120121,Zona Arqueológica de Tzintzuntzan con museo de sitio,4060,300,7202,409,4195,325,10177,701,2789,305,3295,531,7448,791,7408,483,2196,295,2540,311,10514,907,4454,496
2003,Morelos,3110007,Zona Arqueológica de Chalcatzingo,1075,208,2655,10,4277,18,3170,30,1544,120,980,330,1630,320,1263,13,0,0,359,229,980,10,1739,25
2003,Morelos,3110040,Zona Arqueológica de Xochicalco con museo de sitio,19824,394,17627,1929,44739,2666,51295,2503,35032,1782,49712,1908,76404,3640,60644,2306,53901,2062,60029,3627,66338,4521,46630,1417
2003,Morelos,3120021,Zona Arqueológica de Coatetelco con museo de sitio,424,14,233,4,459,2,313,5,181,2,197,6,296,6,437,4,264,1,267,1,333,5,340,25
2003,Morelos,3120069,Zona Arqueológica de Las Pilas,140,7,114,2,187,1,189,3,695,2,785,0,84,0,55,1,167,2,378,2,167,3,204,0
2003,Morelos,3120082,Zona Arqueológica de Olintepec,18,0,19,0,24,0,19,0,16,0,21,0,52,2,32,0,40,0,27,0,34,0,54,0
2003,Morelos,3120112,Zona Arqueológica de Tepozteco,8400,1200,12961,852,16253,265,15300,281,5965,647,4065,326,12639,1557,15043,740,7975,440,7743,634,11561,766,13368,700
2003,Morelos,3120107,Zona Arqueológica de Teopanzolco,1321,271,1591,248,4263,259,1102,170,1010,182,1306,307,1264,441,1137,300,818,153,1006,205,963,220,1122,237
2003,Morelos,3110043,Zona Arqueológica de Yautepec,99,1,116,7,472,18,144,1,75,2,96,10,160,29,270,14,420,9,84,6,181,11,280,2
2003,Nayarit,3120055,Zona Arqueológica de Ixtlán del Río,1360,355,1617,338,1764,192,1530,85,1071,116,1290,172,1851,232,1424,119,1447,215,1139,146,1357,133,1849,128
2003,Nuevo León,3110003,Zona Arqueológica de Boca de Potrerillos,199,40,223,32,686,49,480,17,120,3,180,1,562,0,145,0,227,7,272,3,213,14,183,19
2003,Oaxaca,3120031,Zona Arqueológica de Dainzú,168,58,162,80,204,78,308,90,90,35,170,49,198,75,113,70,105,32,163,14,235,107,239,128
2003,Oaxaca,3120041,Zona Arqueológica de Guiengola,148,5,148,8,281,4,228,124,106,0,281,12,143,5,193,8,201,5,220,7,417,8,0,0
2003,Oaxaca,3120051,Zona Arqueológica de Huijazoo,291,92,332,60,289,78,670,150,339,82,448,121,3500,280,331,50,297,97,496,64,328,89,700,201
2003,Oaxaca,3120065,Zona Arqueológica de Lambityeco,200,195,101,60,222,120,80,68,180,6,250,40,202,154,189,25,75,38,76,30,199,0,180,130
2003,Oaxaca,3110024,Zona Arqueológica de Mitla,5412,3144,5315,7796,7236,5379,13482,3828,5742,3216,5300,1460,9688,5625,9908,2955,4369,2845,4325,3826,7745,3900,8192,3033
2003,Oaxaca,3110025,Zona Arqueológica de Monte Albán con museo de sitio,18056,16094,22689,11051,34571,12006,45932,11539,25715,6943,16384,5098,69905,12909,44804,14370,22041,7389,22952,9475,32845,14470,53436,12225
2003,Oaxaca,3110042,Zona Arqueológica de Yagul,214,156,425,161,985,254,399,338,466,330,365,320,3245,523,534,255,448,145,369,200,770,210,612,270
2003,Oaxaca,3110045,Zona Arqueológica de Zaachila,686,132,532,74,610,80,1087,80,707,34,533,24,6134,102,704,59,349,18,415,17,700,302,900,60
2003,Puebla,3120010,Zona Arqueológica de Cantona,2221,8,1172,3,2955,7,2659,9,1067,5,808,3,1035,31,1907,28,1205,14,1335,20,1898,13,1559,2
2003,Puebla,3110009,Zona Arqueológica de Cholula con museo de sitio,14267,1075,15517,1400,18439,2725,26183,2125,14205,1983,12050,1730,14180,3180,16872,3320,16023,1630,13197,1820,19818,2120,15021,1270
2003,Puebla,3120090,Zona Arqueológica de San Cristobal Tepatlaxco,370,0,155,0,305,0,287,0,202,0,458,0,260,0,294,0,314,0,293,0,259,2,135,0
2003,Puebla,3120109,Zona Arqueológica de Tepapayeca,18,0,20,0,17,0,20,0,20,0,22,0,20,0,9,0,20,0,17,0,17,0,18,0
2003,Puebla,3120111,Zona Arqueológica de Tepexi el Viejo,60,0,50,2,102,2,130,0,222,0,62,0,75,0,60,0,112,0,32,0,26,6,80,0
2003,Puebla,3120128,Zona Arqueológica de Yohualichan,1815,20,1629,25,2090,26,4755,27,2221,15,624,44,2135,39,2227,21,2055,15,1949,19,1447,28,2141,10
2003,Querétaro,3110013,Zona Arqueológica de El Cerrito,302,0,694,0,10522,4,479,0,187,0,1074,15,742,141,644,67,509,11,1001,54,884,22,448,4
2003,Querétaro,3110030,Zona Arqueológica de Ranas,1161,82,751,12,2146,103,3988,85,1803,44,1605,85,3074,104,2127,68,1117,37,950,17,1250,83,3180,95
2003,Querétaro,3110034,Zona Arqueológica de Toluquilla,179,4,218,7,807,5,964,6,371,0,175,6,553,31,477,14,466,4,401,4,242,4,1080,31
2003,Quintana Roo,3120022,Zona Arqueológica de Cobá,1175,12713,1035,15154,1133,14999,1496,16213,593,12812,1015,16877,848,14811,1211,18425,641,14750,399,12496,380,14983,1630,16964
2003,Quintana Roo,3120032,Zona Arqueológica de Dzibanché-Kinichná,834,207,357,118,687,96,752,63,205,112,119,72,559,69,230,32,179,33,330,51,166,165,219,295
2003,Quintana Roo,3110015,Zona Arqueológica de El Meco,181,122,179,116,317,23,210,85,196,38,119,37,158,82,114,0,65,3,70,28,108,18,105,13
2003,Quintana Roo,3120038,Zona Arqueológica de El Rey,782,954,1087,626,1018,350,1024,195,896,394,552,200,988,321,861,286,464,90,530,118,991,368,1338,504
2003,Quintana Roo,3110019,Zona Arqueológica de Kohunlich,1428,2022,585,1795,799,1352,1303,1731,887,567,680,398,896,843,1254,1033,566,584,702,623,850,3008,1144,1900
2003,Quintana Roo,3120078,Zona Arqueológica de Muyil,62,300,105,280,113,200,150,200,138,130,74,140,57,100,90,160,67,100,46,170,145,305,228,511
2003,Quintana Roo,3120084,Zona Arqueológica de Oxtankah,1265,109,978,145,1147,52,3335,146,565,9,610,14,744,44,760,17,560,23,620,24,587,67,874,53
2003,Quintana Roo,3120092,Zona Arqueológica de San Gervasio,899,13158,2768,11071,425,6805,2103,14993,1790,5120,588,5650,652,6172,745,7967,1276,2500,1322,4215,970,9477,291,13408
2003,Quintana Roo,3110037,Zona Arqueológica de Tulum,24436,60305,14118,53107,17401,60544,20565,51573,21495,54831,20322,52857,34093,64406,39437,59554,15761,35145,16661,45691,15304,51170,29763,61258
2003,Quintana Roo,3110038,Zona Arqueológica de Xcaret,0,0,0,0,0,0,0,0,2,0,0,0,4,0,0,0,0,0,0,0,0,0,0,0
2003,Quintana Roo,3110039,Zona Arqueológica de Xelhá,120,180,62,107,121,120,150,151,77,57,59,70,93,96,92,76,63,56,50,66,105,65,71,117
2003,Quintana Roo,3120014,Zona Arqueológica de Chacchoben,1878,2927,1998,3005,350,3387,1692,3349,1084,2416,1250,1340,1155,2800,1011,1395,0,0,1068,2828,338,6352,1115,4690
2003,Tabasco,3120023,Zona Arqueológica de Comalcalco con museo de sitio,5844,188,5583,127,7822,114,11443,215,4966,135,3170,84,5797,128,7686,295,2887,95,1745,96,3346,195,2942,133
2003,Tabasco,3110023,Zona Arqueológica de La Venta con museo de sitio,682,43,1316,40,1204,16,1842,41,1058,17,1047,25,1971,29,1254,44,1205,1,461,17,528,23,1264,75
2003,Tabasco,3120086,Zona Arqueológica de Pomoná con museo de sitio,125,11,68,1,119,1,269,1,137,2,119,1,126,0,169,3,110,2,109,1,150,2,70,5
2003,Tabasco,3120076,Zona Arqueológica de Malpasito,486,5,200,2,310,1,837,3,322,0,124,0,284,0,311,0,122,0,116,1,127,0,368,4
2003,Tabasco,3120089,Zona Arqueológica de Moral-Reforma,223,2,213,2,463,0,434,17,568,0,197,0,126,0,309,19,134,2,82,0,200,2,224,3
2003,Tabasco,3220017,Zona Arqueológica de San Claudio,120,5,129,0,49,2,129,0,161,0,66,1,86,0,82,0,34,0,35,2,75,0,125,1
2003,Tamaulipas,3120039,Zona Arqueológica de El Sabinito,0,0,42,0,111,30,0,0,24,30,64,0,0,0,0,0,0,0,53,0,44,0,0,0
2003,Tamaulipas,3120067,Zona Arqueológica de Las Flores,405,60,340,105,440,96,503,33,385,18,394,53,420,28,398,128,354,69,381,27,425,21,247,55
2003,Tamaulipas,3120006,Zona Arqueológica de Balcón de Montezuma,108,159,78,153,96,245,206,99,74,44,99,21,102,16,63,42,40,50,90,51,91,38,42,56
2003,Tlaxcala,3110005,Zona Arqueológica de Cacaxtla con museo de sitio,9967,717,9516,631,11826,794,13608,932,7764,424,10298,406,9318,559,10582,677,8436,443,8371,225,11747,1094,9026,415
2003,Tlaxcala,3110105,Zona Arqueológica de Xochitécatl con museo de sitio,4620,520,9323,312,22565,430,8108,27,5411,128,6516,116,5219,119,6714,156,6773,172,18226,523,6882,183,9076,218
2003,Tlaxcala,3110033,Zona Arqueológica de Tizatlán con museo de sitio,150,60,250,20,220,50,220,100,150,10,120,10,140,20,75,40,80,15,120,20,180,15,170,40
2003,Veracruz,3120012,Zona Arqueológica de Cempoala con museo de sitio,3473,586,3560,324,11431,723,9051,643,5840,285,6997,263,5687,323,3669,312,2140,118,2150,112,3309,190,4961,225
2003,Veracruz,3120068,Zona Arqueológica de Las Higueras con museo de sitio,62,4,34,6,148,0,135,12,38,0,107,8,50,4,100,2,24,0,30,0,104,8,12,0
2003,Veracruz,3120093,Zona Arqueológica de San Lorenzo Tenochtitlan con museo de sitio,189,7,315,15,404,6,629,3,412,6,310,11,254,20,202,10,98,2,99,1,100,2,196,24
2003,Veracruz,3110016,Zona Arqueológica de El Tajín,50655,3425,19697,2298,77088,3946,106977,5683,44370,3212,23574,1749,90237,4865,59407,2685,27666,998,21945,400,35005,795,95599,2848
2003,Veracruz,3220012,Zona Arqueológica de Cuauhtochco,59,0,45,0,54,0,37,0,44,0,19,0,6,0,0,0,0,0,13,0,16,0,0,0
2003,Veracruz,3120123,Zona Arqueológica de Vega de la Peña,61,0,35,5,98,0,270,4,68,2,97,5,65,25,105,20,64,0,115,12,188,8,94,0
2003,Veracruz,3120088,Zona Arqueológica de Quiahuitztlán,1126,155,1141,130,1631,87,2356,42,1598,53,1454,163,2420,146,1396,94,1114,34,1224,177,1701,118,1846,120
2003,Veracruz,3120024,Zona Arqueológica de Cuajilote,286,10,111,0,508,4,1397,4,286,5,124,14,146,3,112,0,65,9,62,8,293,43,238,17
2003,Veracruz,3120030,Zona Arqueológica de Cuyuxquihui,132,0,95,0,470,0,354,0,56,2,100,0,100,0,85,0,100,0,85,0,60,0,250,0
2003,Yucatán,3120001,Zona Arqueológica de Acanceh,272,25,240,24,116,14,707,22,140,14,135,9,188,11,351,13,405,15,139,12,163,9,445,45
2003,Yucatán,3120002,Zona Arqueológica de Aké,630,39,615,33,447,24,1441,24,1040,15,601,13,752,13,607,49,521,36,618,19,653,22,470,23
2003,Yucatán,3120004,Zona Arqueológica de Balamcanché,1523,392,1364,292,2051,280,1719,380,1107,229,1256,228,2380,393,1439,495,616,246,539,212,685,344,1263,296
2003,Yucatán,3120015,Zona Arqueológica de Chacmultún,290,20,347,14,254,13,148,20,125,12,98,6,104,10,111,30,126,12,210,10,214,16,186,18
2003,Yucatán,3110008,Zona Arqueológica de Chichén Itzá,55713,46860,58294,43207,70976,54325,53021,46601,50253,43940,52504,49630,101128,34460,77230,58142,44412,45984,43568,53133,45329,72514,66423,65886
2003,Yucatán,3120033,Zona Arqueológica de Dzibilchaltún con museo del Pueblo Maya,6451,2560,3450,1314,9865,1795,5199,2249,2441,981,2672,937,4760,1266,5773,1425,3261,848,858,1942,4523,2000,8754,2811
2003,Yucatán,3120034,Zona Arqueológica de Ekbalam,3136,1715,3064,1207,2147,1855,2172,1326,1665,1523,1934,1752,2955,1632,2166,1797,1346,2208,1352,2139,2156,2954,1437,2051
2003,Yucatán,3120057,Zona Arqueológica de Kabah,1781,2685,3517,2351,1680,3738,1879,3065,1733,2309,2933,1106,1800,2849,1733,3878,1337,2093,2059,3107,1295,5278,3455,1801
2003,Yucatán,3120064,Zona Arqueológica de Labná,1361,1003,1956,560,2009,634,1698,800,1319,400,1040,449,1573,873,1565,1000,687,440,1409,420,1969,1000,1383,500
2003,Yucatán,3120071,Zona Arqueológica de Loltún,4484,622,3343,372,3656,400,6477,499,3709,487,3233,304,6158,718,4397,902,1639,250,2511,327,3880,510,2604,281
2003,Yucatán,3120077,Zona Arqueológica de Mayapán,2281,197,2860,275,1508,380,2009,202,1413,269,1036,184,1614,214,952,221,844,102,619,99,1587,217,1345,262
2003,Yucatán,3120097,Zona Arqueológica de Sayil,1158,1265,1669,920,1354,838,2018,863,1636,515,1005,512,1331,1138,1075,1487,671,606,758,778,1197,1650,1085,841
2003,Yucatán,3120122,Zona Arqueológica de Uxmal con museo de sitio,14664,8418,11573,9034,9850,15846,11753,11710,10386,9796,8823,10400,13262,12854,15350,14450,6893,9165,7843,10517,11384,17716,11032,7160
2003,Yucatán,3120126,Zona Arqueológica de Xlapak,656,400,1136,230,432,255,952,346,326,200,474,509,557,400,651,319,324,219,540,237,330,308,385,281
2003,Yucatán,3120083,Zona Arqueológica de Oxkintok,1218,51,1049,176,695,27,762,74,1049,38,581,64,1367,38,1988,197,361,16,342,29,465,19,1450,65
2003,Yucatán,3120056,Zona Arqueológica de Izamal,405,100,594,172,370,105,473,100,493,110,418,110,489,100,384,160,467,96,525,105,443,130,483,110
2003,Zacatecas,3120003,Zona Arqueológica de Altavista o Chalchihuites con museo de sitio,927,30,353,0,4457,33,1244,22,713,6,457,19,530,15,854,103,460,7,242,10,411,3,437,7
2003,Zacatecas,3110022,Zona Arqueológica de La Quemada con museo de sitio,2679,246,2624,276,6304,278,6002,211,3538,133,5403,236,4686,751,3315,352,2773,162,4371,186,3693,322,3228,211
2002,Baja California,3120040,Zona Arqueológica de El Vallecito,638,11,1190,9,2282,28,898,35,1221,20,1746,52,1097,32,872,5,872,8,1567,43,938,2,903,19
2002,Baja California Sur,3120007,Zona Arqueológica de San Francisco de la Sierra,181,327,72,450,532,296,246,132,207,36,120,33,91,25,68,41,29,14,74,38,72,62,43,17
2002,Campeche,3120005,Zona Arqueológica de Balamkú,269,141,309,185,456,201,403,107,220,21,378,93,549,172,411,254,106,102,152,109,133,149,399,119
2002,Campeche,3110002,Zona Arqueológica de Becán,587,496,523,365,998,184,618,302,496,216,455,181,1613,408,761,635,450,124,157,138,494,643,1150,483
2002,Campeche,3120008,Zona Arqueológica de Calakmul,518,292,649,258,924,362,361,258,358,213,539,149,1826,317,833,634,290,76,239,109,444,291,775,441
2002,Campeche,3120017,Zona Arqueológica de Chicanná,441,448,286,359,787,550,236,219,225,215,451,198,908,303,306,615,192,210,25,195,187,572,583,522
2002,Campeche,3120020,Zona Arqueológica de Chunhuhub,8,0,3,0,14,5,4,0,2,0,8,2,5,4,9,0,2,0,2,0,2,0,8,0
2002,Campeche,3110011,Zona Arqueológica de Dzibilnocac,175,181,218,6,322,7,437,20,180,9,102,0,518,6,248,18,77,18,56,121,588,9,962,2
2002,Campeche,3110012,Zona Arqueológica de Edzná,2950,642,2193,761,4127,656,2526,406,1645,346,1484,305,4083,504,3098,1003,738,291,1120,392,2551,321,3617,878
2002,Campeche,3110017,Zona Arqueológica de El Tigre,729,15,420,1,400,0,527,2,354,8,184,0,588,4,356,1,72,2,122,0,198,1,449,2
2002,Campeche,3120042,Zona Arqueológica de Hochob,136,33,240,0,218,22,144,9,108,9,91,2,217,7,113,30,53,8,34,7,48,6,135,6
2002,Campeche,3120043,Zona Arqueológica de Hormiguero,110,40,21,35,97,42,76,15,87,20,38,17,126,12,75,23,41,5,5,0,43,14,101,26
2002,Campeche,3120058,Zona Arqueológica de Kankí,6,0,0,0,14,6,5,0,18,0,18,0,46,2,12,0,6,0,4,0,6,0,6,0
2002,Campeche,3120079,Zona Arqueológica de Nadzcaan,12,0,12,0,22,0,7,0,9,0,17,0,25,4,18,0,12,0,12,0,8,0,18,0
2002,Campeche,3120096,Zona Arqueológica de Santa Rosa Xtampak,90,30,83,12,179,6,206,22,88,4,72,0,226,9,220,5,79,2,26,5,16,0,52,4
2002,Campeche,3120118,Zona Arqueológica de Tohcok,0,0,0,0,0,0,0,0,49,10,79,0,105,25,75,6,65,10,45,2,45,8,115,0
2002,Campeche,3120125,Zona Arqueológica de Xcalumkín,113,3,105,1,98,6,140,0,71,0,101,0,196,0,119,26,42,0,38,0,93,4,38,0
2002,Campeche,3110041,Zona Arqueológica de Xpuhil,504,227,379,232,578,226,227,168,401,96,445,102,1058,202,151,2,246,116,181,98,365,218,718,297
2002,Campeche,3120098,Zona Arqueológica de Tabasqueño,0,0,0,0,0,0,0,0,0,0,0,0,73,6,105,0,10,3,2,0,25,2,37,2
2002,Chiapas,3110004,Zona Arqueológica de Bonampak,451,490,382,494,2764,603,635,530,701,297,978,353,2129,678,984,1200,416,291,275,318,1069,795,2363,672
2002,Chiapas,3120019,Zona Arqueológica de Chincultic,550,72,850,85,1900,232,1020,103,787,53,1122,31,1115,209,865,120,324,27,520,80,681,60,1350,110
2002,Chiapas,3110018,Zona Arqueológica de Izapa,229,32,414,20,1145,55,357,15,245,5,230,15,841,237,731,121,362,203,550,50,375,30,840,52
2002,Chiapas,3110026,"Zona Arqueológica de Palenque con museo ""Alberto Ruz L´Huiller""",9555,10734,6745,12445,18457,15019,19128,8864,22028,9322,18380,8129,28662,11134,14566,13360,8020,9458,7386,11897,10490,14577,22205,9086
2002,Chiapas,3120103,Zona Arqueológica de Tenam Puente,2487,214,2510,134,4296,264,1725,138,2267,98,2071,116,2891,315,3016,499,1774,291,905,158,2381,249,2238,205
2002,Chiapas,3110035,Zona Arqueológica de Toniná con museo de sitio,2310,547,2051,523,7177,722,3673,406,2829,267,2835,411,6599,535,3176,3325,1462,370,694,296,2436,772,3098,951
2002,Chiapas,3110044,Zona Arqueológica de Yaxchilán,547,1123,784,1678,4196,2069,0,0,2177,1468,1229,966,3187,1888,2140,3039,681,1276,175,1507,1203,2768,2659,1635
2002,Chihuahua,3110028,Zona Arqueológica de Paquimé con Museo de las Culturas del Norte,4698,1197,5583,1418,14799,2336,10632,1614,12848,810,6566,572,7266,712,7122,594,14813,1234,8110,732,4068,872,3338,1027
2002,Chihuahua,3110010,Zona Arqueológica de Cuarenta Casas,351,15,234,4,4900,52,646,14,931,13,509,34,1638,90,1620,82,864,8,509,34,145,68,112,200
2002,Ciudad de México,3120013,Zona Arqueológica de Cerro de la Estrella,3108,0,1648,0,18695,0,4622,0,5340,0,4921,0,5555,0,541,0,6701,0,3839,0,6850,0,11404,0
2002,Ciudad de México,3120029,Zona Arqueológica de Cuicuilco con museo de sitio,6380,300,8485,600,12600,1320,7210,250,8535,700,5527,625,5713,700,6600,600,7724,172,7440,146,9438,193,4341,259
2002,Ciudad de México,3120116,Zona Arqueológica de Tlatelolco con museo de sitio,1139,102,1625,168,1125,171,928,69,781,75,910,65,703,97,554,103,0,0,734,143,1172,177,703,83
2002,Colima,3120035,Zona Arqueológica de El Chanal,771,47,533,37,1287,62,588,42,266,15,438,72,522,92,399,87,219,15,412,35,445,75,626,50
2002,Colima,3120059,Zona Arqueológica de La Campana,342,319,553,296,1135,340,1070,175,800,103,1053,164,591,193,450,175,463,109,682,97,696,125,783,149
2002,Durango,3110020,Zona Arqueológica de La Ferrería con museo de sitio,767,15,934,35,2569,9,635,7,635,18,767,0,839,18,811,17,778,4,779,9,983,4,819,26
2002,Estado de México,3110001,Zona Arqueológica de Acozac,1070,0,1768,0,2805,0,1486,0,907,0,1037,0,2308,0,1535,0,1183,0,0,0,1952,0,1284,0
2002,Estado de México,3110006,Zona Arqueológica de Calixtlahuaca,1587,21,998,60,10243,0,896,17,995,40,1069,11,699,35,1152,53,847,33,855,44,1266,55,1132,30
2002,Estado de México,3120018,Zona Arqueológica de Chimalhuacán con museo de sitio,336,0,413,0,0,0,1045,0,230,0,549,0,3400,10,2396,0,1884,7,1913,10,1854,6,1018,6
2002,Estado de México,3110014,Zona Arqueológica de El Conde,58,0,38,0,258,0,46,0,120,0,110,0,86,0,93,0,245,0,40,46,93,0,0,0
2002,Estado de México,3120050,Zona Arqueológica de Huexotla,93,0,84,2,305,4,98,0,75,0,142,5,153,30,80,24,111,0,121,8,211,3,101,5
2002,Estado de México,3120072,Zona Arqueológica de Los Melones,771,0,639,0,637,0,512,0,390,0,522,0,574,0,455,60,335,30,330,25,235,0,295,16
2002,Estado de México,3120073,Zona Arqueológica de Los Reyes La Paz,1045,130,720,0,688,10,610,0,509,17,409,10,479,70,322,13,0,0,0,0,0,0,0,0
2002,Estado de México,3120075,Zona Arqueológica de Malinalco,4780,138,5641,112,14430,135,3519,59,6211,64,4661,117,5499,153,5230,149,5033,116,5271,98,7461,234,7983,216
2002,Estado de México,3120095,"Zona Arqueológica de Santa Cecilia Acatitla con museo de la Escultura Mexica ""Eusebio Dávalos Hurtado""",415,0,895,43,1663,15,467,26,570,12,715,19,720,30,429,5,967,10,445,6,839,6,316,36
2002,Estado de México,3120104,Zona Arqueológica de Tenayuca I con museo Xólotl,527,0,980,26,2637,120,496,7,368,6,500,10,485,8,350,12,541,8,0,0,1716,46,609,9
2002,Estado de México,3120129,Zona Arqueológica de Tenayuca II,50,0,30,0,35,0,14,6,18,0,17,0,10,0,17,0,23,7,20,10,44,0,28,0
2002,Estado de México,3110031,Zona Arqueológica Teotihuacan (con Museo de Sitio),75360,24741,253102,21664,1115718,362498,82575,19089,42954,8669,63807,17844,82023,28226,77695,26234,65247,21439,86787,23305,107498,25167,98304,26335
2002,Estado de México,3110032,Zona Arqueológica de Tetzcotzinco,3550,35,3200,30,3500,40,3550,35,0,0,6350,60,1890,50,2450,38,1700,80,1480,200,2650,750,2100,400
2002,Estado de México,3120115,Zona Arqueológica de Tlapacoya,460,0,463,0,950,0,320,0,161,0,375,0,0,0,450,0,330,0,972,0,605,0,369,0
2002,Guerrero,3120046,Zona Arqueológica de Huamuxtitlán,112,0,218,0,322,0,231,0,140,0,144,0,130,2,167,0,169,0,249,0,237,0,330,0
2002,Guerrero,3120053,Zona Arqueológica de Ixcateopan,65,0,340,0,157,0,150,0,64,0,51,0,77,0,41,0,71,0,57,0,70,0,270,0
2002,Guerrero,3110021,Zona Arqueológica de La Organera Xochipala,309,0,238,0,327,9,436,0,302,2,260,0,194,0,1028,0,208,8,130,8,340,6,182,0
2002,Guerrero,3120062,Zona Arqueológica de La Sabana,85,0,50,0,140,0,102,0,71,0,58,0,23,0,73,0,82,0,31,0,48,0,86,0
2002,Guerrero,3120026,Zona Arqueológica de Cuetlajuchitlán (Los Querende),18,0,16,0,22,2,26,1,31,0,14,0,12,0,16,0,14,0,25,0,14,0,25,0
2002,Guerrero,3120074,Zona Arqueológica de Los Tepoltzis,44,0,100,0,145,0,130,0,45,0,39,0,121,0,100,92,74,0,63,0,84,0,68,0
2002,Guerrero,3110027,Zona Arqueológica de Palma Sola,402,15,260,0,495,8,415,23,149,0,384,2,541,27,351,0,108,14,486,0,250,7,1220,21
2002,Guerrero,3120106,Zona Arqueológica de Teopantecuanitlán,65,0,174,0,105,0,44,1,101,0,25,0,32,0,25,0,30,0,35,1,45,0,69,0
2002,Hidalgo,3120048,Zona Arqueológica de Huapalcalco,617,20,341,8,3466,88,631,0,135,15,335,4,512,25,276,8,464,27,325,17,343,10,139,119
2002,Hidalgo,3120110,Zona Arqueológica de Tepeapulco,2190,28,1655,2,5085,64,1625,27,1104,43,1010,21,2240,72,2360,3,2010,29,3095,52,1775,42,2645,57
2002,Hidalgo,3110036,Zona Arqueológica de Tula con museo de sitio,9408,859,6853,192,71512,722,7155,279,6601,214,6887,273,13715,1276,10373,1329,8468,711,12620,778,9807,1098,12551,1332
2002,Jalisco,3120036,Zona Arqueológica de El Grillo,357,0,186,0,346,2,334,0,211,0,280,0,142,0,304,0,269,269,324,0,273,4,54,0
2002,Jalisco,3120054,Zona Arqueológica de Ixtépete,534,0,970,10,1072,15,1237,8,980,5,1068,14,823,6,629,5,617,4,667,2,645,10,337,5
2002,Michoacán,3120047,Zona Arqueológica de Huandacareo,75,0,14,1,606,0,102,0,53,1,128,0,200,2,66,1,55,0,35,0,46,0,43,0
2002,Michoacán,3120052,Zona Arqueológica de Ihuatzio,145,20,307,35,323,27,303,23,220,25,220,23,228,23,237,38,278,24,512,16,510,29,437,15
2002,Michoacán,3120091,Zona Arqueológica de San Felipe los Alzati,141,0,187,13,460,0,210,0,210,0,210,0,210,0,210,0,290,0,290,0,290,0,130,0
2002,Michoacán,3120114,Zona Arqueológica de Tingambato,95,10,415,25,1265,95,405,11,479,11,535,16,515,30,300,15,240,20,373,30,440,20,1365,45
2002,Michoacán,3120119,Zona Arqueológica de Tres Cerritos,31,24,130,0,197,0,39,0,93,0,60,0,160,0,77,0,63,0,57,0,53,0,57,3
2002,Michoacán,3120121,Zona Arqueológica de Tzintzuntzan con museo de sitio,3339,522,3925,493,4302,507,2968,410,2545,302,1764,240,4084,357,5806,451,2209,307,2801,293,10827,1721,6636,542
2002,Morelos,3110007,Zona Arqueológica de Chalcatzingo,1005,48,313,0,2620,115,850,95,1570,65,1820,170,1470,140,725,110,1540,180,1700,22,1380,230,2000,870
2002,Morelos,3110040,Zona Arqueológica de Xochicalco con museo de sitio,39840,2421,32763,2604,59044,4952,44295,6925,46131,4959,45995,2979,47693,3120,43476,1100,21696,647,27177,1347,31039,286,29659,692
2002,Morelos,3120021,Zona Arqueológica de Coatetelco con museo de sitio,242,4,278,9,392,9,161,2,164,2,236,5,287,11,375,5,295,4,493,3,473,14,260,2
2002,Morelos,3120069,Zona Arqueológica de Las Pilas,93,0,103,2,121,3,91,2,724,0,278,0,151,2,131,6,209,2,235,2,445,4,133,5
2002,Morelos,3120082,Zona Arqueológica de Olintepec,31,0,19,0,44,0,24,0,36,0,31,0,29,0,20,2,37,0,26,0,19,0,37,0
2002,Morelos,3120112,Zona Arqueológica de Tepozteco,10965,393,10894,790,19550,674,5371,366,7316,716,6898,862,7032,1360,11168,1998,7901,851,7271,440,10747,1155,14753,2058
2002,Morelos,3120107,Zona Arqueológica de Teopanzolco,701,108,710,250,2321,268,751,116,777,165,1013,295,1558,405,911,277,774,120,743,129,1297,234,1178,362
2002,Morelos,3110043,Zona Arqueológica de Yautepec,58,1,181,5,464,1,384,0,260,0,126,4,191,6,250,3,180,0,65,4,69,0,64,5
2002,Nayarit,3120055,Zona Arqueológica de Ixtlán del Río,1225,186,1193,295,2323,240,1131,314,1200,109,392,212,1845,176,1496,247,1217,88,5063,180,673,540,1770,316
2002,Nuevo León,3110003,Zona Arqueológica de Boca de Potrerillos,181,4,281,13,459,16,136,19,81,0,145,6,199,0,161,4,259,9,230,20,1354,57,523,0
2002,Oaxaca,3120031,Zona Arqueológica de Dainzú,207,145,424,100,431,98,149,56,178,19,173,19,180,94,141,61,180,51,331,73,198,66,233,70
2002,Oaxaca,3120041,Zona Arqueológica de Guiengola,161,8,150,12,435,8,263,0,256,17,211,6,192,0,101,11,172,6,235,6,189,3,231,18
2002,Oaxaca,3120051,Zona Arqueológica de Huijazoo,277,88,352,60,510,82,257,92,310,21,407,122,1110,152,270,32,233,89,250,21,249,82,259,98
2002,Oaxaca,3120065,Zona Arqueológica de Lambityeco,100,59,190,60,401,182,184,63,170,60,90,28,230,163,203,130,207,68,441,59,320,0,121,84
2002,Oaxaca,3110024,Zona Arqueológica de Mitla,6312,3688,5710,4061,15084,6304,7249,2898,6543,3455,5320,2348,11454,4696,7760,4790,2833,2712,4083,4102,9598,5369,10505,4305
2002,Oaxaca,3110025,Zona Arqueológica de Monte Albán con museo de sitio,24765,8159,19995,10201,52412,14835,32594,9064,25626,7303,19658,5879,59740,12805,38356,12668,15151,7402,19747,10161,27978,11576,38943,9185
2002,Oaxaca,3110042,Zona Arqueológica de Yagul,815,124,899,301,1037,129,726,265,349,182,565,129,372,125,1340,337,495,166,392,165,745,291,246,234
2002,Oaxaca,3110045,Zona Arqueológica de Zaachila,514,88,542,111,1138,119,513,58,651,32,534,35,1165,104,797,92,544,64,564,40,881,81,1033,111
2002,Puebla,3120010,Zona Arqueológica de Cantona,1184,8,1122,4,2740,10,2400,5,1227,7,758,4,1261,2,1653,39,1050,7,946,2,1281,10,1137,17
2002,Puebla,3110009,Zona Arqueológica de Cholula con museo de sitio,13073,1125,15709,1095,25281,1035,15444,1890,15241,1120,15378,980,14685,2975,17431,2320,16950,1055,13601,1325,17374,2890,16578,1325
2002,Puebla,3120090,Zona Arqueológica de San Cristobal Tepatlaxco,290,0,212,0,366,0,236,0,401,0,271,0,208,0,208,0,377,0,330,0,212,0,354,0
2002,Puebla,3120109,Zona Arqueológica de Tepapayeca,15,0,16,0,17,0,11,0,16,0,9,0,17,0,9,0,15,0,8,0,15,0,13,0
2002,Puebla,3120111,Zona Arqueológica de Tepexi el Viejo,60,0,85,0,50,0,65,0,100,1,20,0,60,0,60,0,30,2,21,2,37,0,40,2
2002,Puebla,3120128,Zona Arqueológica de Yohualichan,1930,44,887,42,1580,22,3731,100,1683,35,1427,56,2161,42,2386,53,1121,15,2196,32,2007,26,2181,32
2002,Querétaro,3110013,Zona Arqueológica de El Cerrito,183,2,195,12,6942,7,311,4,247,13,186,0,329,0,461,27,741,8,933,11,546,0,238,0
2002,Querétaro,3110030,Zona Arqueológica de Ranas,979,47,1844,71,4808,126,2002,68,1889,74,1737,91,3095,104,2304,81,460,13,1024,91,2024,43,1840,33
2002,Querétaro,3110034,Zona Arqueológica de Toluquilla,423,17,539,13,288,13,548,15,494,4,377,11,539,8,425,7,262,4,268,5,626,8,553,6
2002,Quintana Roo,3110131,Zona Arqueológica de Calica,0,0,0,0,0,0,0,0,0,0,0,0,0,0,0,0,0,0,0,0,0,0,0,0
2002,Quintana Roo,3120022,Zona Arqueológica de Cobá,3089,8260,3476,8406,4391,6871,2916,8909,458,8614,491,10120,1579,10676,456,12944,721,10764,580,10499,529,11337,911,12932
2002,Quintana Roo,3120032,Zona Arqueológica de Dzibanché-Kinichná,479,1090,517,947,352,636,192,778,353,355,301,183,732,391,601,538,245,305,183,192,391,197,399,206
2002,Quintana Roo,3110015,Zona Arqueológica de El Meco,327,62,158,91,286,71,153,79,61,15,133,29,198,15,343,30,127,33,127,23,116,31,218,142
2002,Quintana Roo,3120038,Zona Arqueológica de El Rey,604,675,487,559,686,585,487,589,508,491,404,521,1319,528,793,488,401,352,403,376,400,343,899,862
2002,Quintana Roo,3110019,Zona Arqueológica de Kohunlich,1533,2367,981,1965,1798,1896,1018,1171,727,521,739,619,1402,1267,902,1415,664,592,312,1404,757,1740,1114,1437
2002,Quintana Roo,3120078,Zona Arqueológica de Muyil,204,10,15,167,167,130,50,88,21,100,58,104,30,115,25,101,20,170,16,283,110,69,45,316
2002,Quintana Roo,3120084,Zona Arqueológica de Oxtankah,630,178,1304,26,2323,38,1179,38,565,25,906,8,1278,28,753,20,470,51,228,9,612,72,597,53
2002,Quintana Roo,3110029,Zona Arqueológica de Playa del Carmen,0,0,0,0,0,0,0,0,0,0,0,0,0,0,0,0,0,0,0,0,0,0,0,0
2002,Quintana Roo,3120092,Zona Arqueológica de San Gervasio,3352,9823,2355,11496,2753,9970,116,10989,312,8294,237,9424,287,8708,2585,7875,1843,5653,552,7073,956,11478,488,15105
2002,Quintana Roo,3110037,Zona Arqueológica de Tulum,11262,46680,6996,56720,20032,45460,19161,48992,12222,38046,11644,36808,21631,64007,21724,69940,9428,34972,12316,46742,14620,49562,25813,69103
2002,Quintana Roo,3110038,Zona Arqueológica de Xcaret,0,0,4,0,0,0,0,0,0,3,0,0,0,0,0,3,0,6,0,0,40,1,0,0
2002,Quintana Roo,3110039,Zona Arqueológica de Xelhá,146,148,120,119,140,140,86,88,216,216,133,84,112,237,90,224,120,56,97,96,131,77,105,175
2002,Tabasco,3120023,Zona Arqueológica de Comalcalco con museo de sitio,8008,172,3335,148,8414,112,7632,104,3904,67,2797,61,6596,123,6158,152,1871,64,1969,66,3335,103,3607,100
2002,Tabasco,3110023,Zona Arqueológica de La Venta con museo de sitio,1097,100,738,59,1644,83,1028,26,1384,17,858,6,1992,32,1221,38,778,18,1055,30,874,50,2015,28
2002,Tabasco,3120086,Zona Arqueológica de Pomoná con museo de sitio,196,0,218,6,59,1,213,1,216,2,124,19,99,1,141,0,101,2,134,6,71,0,62,0
2002,Tabasco,3120076,Zona Arqueológica de Malpasito,280,0,105,3,1365,2,269,3,345,6,367,0,228,6,504,7,214,0,191,5,117,7,125,5
2002,Tabasco,3120089,Zona Arqueológica de Moral-Reforma,134,2,120,0,1706,18,262,0,174,0,331,0,108,0,537,8,222,2,187,0,224,0,278,6
2002,Tabasco,3220017,Zona Arqueológica de San Claudio,229,0,109,1,216,0,83,1,60,0,48,0,41,9,129,6,43,0,35,0,36,0,63,0
2002,Tamaulipas,3120039,Zona Arqueológica de El Sabinito,35,9,42,8,348,22,46,20,89,0,64,14,67,56,62,0,0,0,0,0,78,0,115,0
2002,Tamaulipas,3120067,Zona Arqueológica de Las Flores,366,14,214,139,632,108,292,8,380,18,334,56,479,22,360,149,281,45,358,45,431,43,377,67
2002,Tlaxcala,3110005,Zona Arqueológica de Cacaxtla con museo de sitio,7154,466,9414,625,16885,656,9162,527,7950,337,7707,346,7824,573,10091,577,8706,529,18724,464,13144,936,11369,427
2002,Tlaxcala,3110105,Zona Arqueológica de Xochitécatl con museo de sitio,6354,340,5239,475,30889,1232,5639,240,6780,300,5094,240,6719,530,6520,164,5772,340,6650,580,7520,330,6612,430
2002,Tlaxcala,3110033,Zona Arqueológica de Tizatlán con museo de sitio,90,60,150,60,500,70,210,30,220,30,190,30,200,40,200,100,175,20,210,50,210,80,270,50
2002,Veracruz,3120011,Zona Arqueológica de Castillo de Teayo con museo de sitio,252,1,205,38,494,11,274,1,105,2,195,4,348,2,290,1,119,0,272,1,190,5,188,7
2002,Veracruz,3120012,Zona Arqueológica de Cempoala con museo de sitio,3619,323,4230,345,14236,1112,6896,322,7164,316,8152,223,6237,315,4951,212,4003,186,3802,132,4651,218,6503,436
2002,Veracruz,3120068,Zona Arqueológica de Las Higueras con museo de sitio,24,0,9,6,112,33,62,0,19,0,30,4,47,17,78,0,8,1,49,5,62,3,153,3
2002,Veracruz,3120093,Zona Arqueológica de San Lorenzo Tenochtitlan con museo de sitio,223,5,320,165,836,6,687,7,281,0,174,2,303,3,273,0,125,38,223,0,233,2,295,9
2002,Veracruz,3110016,Zona Arqueológica de El Tajín,25734,4101,17797,3454,196051,18507,34073,4492,57000,4300,21571,2117,67622,10742,37444,3842,18485,1832,17271,1852,19221,1722,56145,4533
2002,Veracruz,3220012,Zona Arqueológica de Cuauhtochco,24,0,32,0,125,0,30,0,35,0,15,0,17,0,26,0,35,0,4,0,0,0,9,0
2002,Veracruz,3120123,Zona Arqueológica de Vega de la Peña,39,0,28,1,345,8,128,0,51,4,75,25,192,3,65,2,144,1,68,16,60,2,58,2
2002,Veracruz,3120088,Zona Arqueológica de Quiahuitztlán,884,100,925,143,2802,124,1437,77,1109,117,1197,195,1668,66,1709,53,809,22,878,60,1328,146,1517,80
2002,Veracruz,3120024,Zona Arqueológica de Cuajilote,95,2,135,10,813,42,613,0,158,3,171,17,647,12,340,0,274,7,224,26,220,5,386,4
2002,Veracruz,3120030,Zona Arqueológica de Cuyuxquihui,92,0,60,0,1212,0,142,0,182,0,30,0,70,0,50,0,18,0,83,0,20,0,50,0
2002,Yucatán,3120001,Zona Arqueológica de Acanceh,118,20,133,12,306,15,159,14,102,11,136,14,388,26,222,18,146,12,146,0,207,0,311,21
2002,Yucatán,3120002,Zona Arqueológica de Aké,960,45,524,62,1321,51,461,28,716,11,1201,18,601,27,662,48,300,6,350,4,422,15,506,19
2002,Yucatán,3120004,Zona Arqueológica de Balamcanché,1347,340,788,190,2082,410,813,135,855,228,752,130,1976,365,1471,388,472,181,583,235,815,219,2248,372
2002,Yucatán,3120015,Zona Arqueológica de Chacmultún,260,15,132,10,192,8,253,13,246,8,193,9,345,15,231,5,166,3,236,10,122,9,200,7
2002,Yucatán,3110008,Zona Arqueológica de Chichén Itzá,63775,36025,46340,39060,112470,48230,51043,37300,44753,28417,40376,38666,95020,31134,90122,36909,28901,34950,35410,37000,45634,44090,65388,21631
2002,Yucatán,3120033,Zona Arqueológica de Dzibilchaltún con museo del Pueblo Maya,6300,1213,3050,918,11578,1000,1779,890,4135,450,1494,490,7090,810,4770,670,900,421,4026,480,2925,1088,10978,2000
2002,Yucatán,3120034,Zona Arqueológica de Ekbalam,2586,1054,1558,1322,2694,1260,1740,1189,1330,1004,847,1442,2139,1571,2102,2088,580,1170,784,1619,1172,1430,1286,1091
2002,Yucatán,3120057,Zona Arqueológica de Kabah,2175,1333,4478,1238,2253,3146,1769,2832,1040,1738,1404,1231,5274,1710,2101,2791,1353,1125,1488,2002,2035,3515,2529,925
2002,Yucatán,3120064,Zona Arqueológica de Labná,1913,800,1400,615,2568,900,2924,1193,2152,540,1159,340,1850,900,3197,1000,858,250,1207,338,1540,560,1870,524
2002,Yucatán,3120071,Zona Arqueológica de Loltún,3771,581,3201,388,7227,702,3729,374,3988,292,4169,358,5860,456,5021,609,1152,236,0,0,2502,323,2811,334
2002,Yucatán,3120077,Zona Arqueológica de Mayapán,1752,138,1792,106,1858,258,1633,65,1811,63,716,87,1417,145,1904,214,878,45,622,88,853,112,1024,148
2002,Yucatán,3120097,Zona Arqueológica de Sayil,1368,985,1232,975,1833,1360,1597,705,1693,500,1550,527,2316,738,1924,1000,969,415,947,790,1189,1080,1336,605
2002,Yucatán,3120122,Zona Arqueológica de Uxmal con museo de sitio,12515,6951,9619,7128,17704,9734,10115,9627,12080,5541,9911,5107,16697,7566,14315,10349,6943,4520,8090,7539,11072,11083,12823,5146
2002,Yucatán,3120126,Zona Arqueológica de Xlapak,1322,331,844,190,2650,164,1459,149,1102,140,782,224,1945,329,1304,296,362,136,671,200,470,206,1336,223
2002,Yucatán,3120083,Zona Arqueológica de Oxkintok,1419,105,812,71,2550,152,1122,71,1286,72,1285,38,1578,106,2110,50,507,79,903,75,1178,45,1604,55
2002,Yucatán,3120056,Zona Arqueológica de Izamal,508,120,323,75,330,90,558,120,486,140,490,140,480,120,352,105,320,95,528,110,323,80,468,242
2002,Zacatecas,3120003,Zona Arqueológica de Altavista o Chalchihuites con museo de sitio,458,12,382,8,4448,54,536,21,467,13,240,9,786,59,748,48,575,9,436,12,233,16,467,22
2002,Zacatecas,3110022,Zona Arqueológica de La Quemada con museo de sitio,2456,212,2143,220,8110,116,3412,179,3398,344,3815,183,5361,346,3488,337,3210,159,4127,195,5359,187,3609,308
2001,Baja California,3120040,Zona Arqueológica de El Vallecito,1318,17,1003,9,2054,11,1864,12,2631,26,1368,37,1020,10,1013,8,1216,17,1216,17,1541,16,889,20
2001,Campeche,3120005,Zona Arqueológica de Balamkú,411,251,497,195,493,227,1198,125,161,102,156,105,566,220,448,155,63,39,88,54,186,158,769,173
2001,Campeche,3110002,Zona Arqueológica de Becán,1013,543,545,705,917,450,1784,389,597,244,592,307,1201,516,1030,581,554,252,319,291,543,647,1179,363
2001,Campeche,3120008,Zona Arqueológica de Calakmul,646,368,541,408,878,403,910,269,222,126,238,145,783,277,741,407,208,242,158,176,400,416,1687,186
2001,Campeche,3120017,Zona Arqueológica de Chicanná,587,584,338,636,553,513,749,307,350,159,172,212,628,378,655,581,222,167,271,245,170,385,735,297
2001,Campeche,3120020,Zona Arqueológica de Chunhuhub,2,5,6,4,6,0,10,0,12,9,13,0,12,2,2,0,5,6,6,2,4,1,8,0
2001,Campeche,3110011,Zona Arqueológica de Dzibilnocac,758,2,290,1,910,10,200,3,348,5,74,6,347,2,223,20,105,7,156,0,246,4,354,4
2001,Campeche,3110012,Zona Arqueológica de Edzná,4689,681,3668,741,3196,729,4813,485,3021,345,1529,322,4231,527,2792,998,1921,398,1535,532,1689,862,4673,579
2001,Campeche,3110017,Zona Arqueológica de El Tigre,1644,27,738,2,387,5,1120,1,481,0,327,0,668,2,712,9,132,9,111,110,111,0,729,15
2001,Campeche,3120042,Zona Arqueológica de Hochob,1051,63,869,113,948,127,1981,21,714,3,127,38,777,13,591,24,136,21,151,12,169,10,567,16
2001,Campeche,3120043,Zona Arqueológica de Hormiguero,101,53,137,45,60,66,59,14,72,12,61,9,104,39,146,34,49,3,29,5,72,24,146,30
2001,Campeche,3120058,Zona Arqueológica de Kankí,0,0,0,0,0,0,0,0,0,0,0,0,18,0,18,0,12,0,12,0,12,0,53,0
2001,Campeche,3120096,Zona Arqueológica de Santa Rosa Xtampak,575,52,175,20,282,39,978,28,137,6,148,16,253,13,310,10,146,6,72,5,106,2,146,6
2001,Campeche,3120118,Zona Arqueológica de Tohcok,212,29,226,36,266,42,178,37,198,18,167,16,255,42,8,2,4,2,57,18,15,10,23,35
2001,Campeche,3120125,Zona Arqueológica de Xcalumkín,72,0,92,4,165,2,208,6,49,2,104,1,89,0,203,2,36,1,95,1,37,2,119,3
2001,Campeche,3110041,Zona Arqueológica de Xpuhil,968,329,882,493,772,269,503,193,513,237,280,132,818,286,760,350,249,112,221,195,237,172,797,259
2001,Campeche,3120098,Zona Arqueológica de Tabasqueño,19,2,2,0,11,1,4,0,12,0,2,0,2,0,34,0,6,2,2,0,9,0,10,0
2001,Chiapas,3110004,Zona Arqueológica de Bonampak,566,415,515,710,350,487,1960,541,398,275,315,297,1524,410,908,857,498,273,315,225,518,475,2209,359
2001,Chiapas,3120019,Zona Arqueológica de Chincultic,575,100,466,84,540,70,3367,133,462,68,580,37,2045,110,1300,188,365,35,440,15,1163,95,8600,200
2001,Chiapas,3110018,Zona Arqueológica de Izapa,198,51,197,32,478,21,336,13,207,36,206,56,290,27,220,93,0,0,199,31,352,15,615,35
2001,Chiapas,3110026,"Zona Arqueológica de Palenque con museo ""Alberto Ruz L´Huiller""",10409,12186,9187,13992,14263,14368,38119,14091,14859,9063,15756,7441,27713,12374,15767,15223,4692,10283,5351,10867,9228,12421,15933,8879
2001,Chiapas,3120103,Zona Arqueológica de Tenam Puente,3965,178,1427,135,2235,50,3947,162,1585,123,2047,74,3595,249,2567,299,1175,291,1178,206,1824,144,3351,207
2001,Chiapas,3110035,Zona Arqueológica de Toniná con museo de sitio,2612,628,1552,494,4369,645,6026,404,2211,390,3489,365,2892,423,3217,732,293,125,1400,435,1538,488,5259,499
2001,Chiapas,3110044,Zona Arqueológica de Yaxchilán,512,1427,740,1540,666,1754,1957,2713,493,1487,452,720,2179,1431,1741,3476,428,1041,613,1409,1006,2088,2054,1047
2001,Chihuahua,3110028,Zona Arqueológica de Paquimé con Museo de las Culturas del Norte,1519,605,2180,830,3843,1126,6791,856,3632,220,5010,356,4209,236,3960,338,2666,573,3517,837,2530,674,2780,584
2001,Chihuahua,3110010,Zona Arqueológica de Cuarenta Casas,185,15,185,15,127,28,2469,77,594,20,660,13,1200,50,1414,47,390,25,312,33,344,10,271,6
2001,Ciudad de México,3120013,Zona Arqueológica de Cerro de la Estrella,0,0,1878,0,2656,0,25967,0,1820,0,2098,0,5439,0,2793,0,3608,0,3739,0,5978,0,2860,0
2001,Ciudad de México,3120029,Zona Arqueológica de Cuicuilco con museo de sitio,5172,610,4500,1600,930,20,6058,523,7300,600,7268,615,8590,763,7800,720,10610,125,8100,138,9525,200,6228,1200
2001,Ciudad de México,3120116,Zona Arqueológica de Tlatelolco con museo de sitio,1689,110,1647,175,1820,251,845,249,1134,121,894,76,563,168,559,128,860,0,846,113,1448,80,966,121
2001,Colima,3120035,Zona Arqueológica de El Chanal,550,63,390,55,1440,144,1016,43,531,15,541,35,207,42,703,16,591,1,676,22,368,31,516,36
2001,Colima,3120059,Zona Arqueológica de La Campana,1920,511,1995,587,1993,635,1170,455,1192,111,1323,128,380,80,413,91,419,29,989,35,1316,217,696,252
2001,Durango,3110020,Zona Arqueológica de La Ferrería con museo de sitio,731,8,796,10,1541,15,1027,20,646,7,835,20,1355,15,1050,16,960,5,832,2,748,20,1060,10
2001,Estado de México,3110001,Zona Arqueológica de Acozac,978,0,379,0,1438,0,627,0,1236,0,1496,1496,1930,0,1970,0,1694,0,3597,0,1083,0,1768,0
2001,Estado de México,3110006,Zona Arqueológica de Calixtlahuaca,1744,45,1341,53,12125,58,2388,63,1882,75,777,26,0,0,2124,138,861,32,1106,12,1426,26,838,24
2001,Estado de México,3120018,Zona Arqueológica de Chimalhuacán con museo de sitio,475,0,401,0,1012,0,798,0,617,0,1108,0,599,0,456,0,1214,0,1330,0,560,0,177,0
2001,Estado de México,3110014,Zona Arqueológica de El Conde,45,0,43,0,209,0,35,0,43,0,165,0,48,0,93,0,228,0,65,0,52,0,53,0
2001,Estado de México,3120050,Zona Arqueológica de Huexotla,79,20,121,0,201,0,159,0,111,2,72,3,81,0,76,0,108,0,112,0,198,2,76,0
2001,Estado de México,3120072,Zona Arqueológica de Los Melones,599,0,425,0,723,0,423,0,380,0,431,0,427,0,363,0,428,0,500,0,515,0,684,0
2001,Estado de México,3120073,Zona Arqueológica de Los Reyes La Paz,372,0,2053,0,504,0,465,0,202,0,322,0,325,0,302,0,358,0,494,4,751,0,793,39
2001,Estado de México,3120075,Zona Arqueológica de Malinalco,5432,144,5635,256,11739,148,7012,146,4005,105,4092,97,6022,91,4456,78,3852,63,3677,55,7577,90,7476,110
2001,Estado de México,3120095,"Zona Arqueológica de Santa Cecilia Acatitla con museo de la Escultura Mexica ""Eusebio Dávalos Hurtado""",601,36,857,32,1600,63,734,41,656,18,1257,25,0,0,1308,10,964,12,1310,17,1024,12,0,0
2001,Estado de México,3120104,Zona Arqueológica de Tenayuca I con museo Xólotl,724,35,1210,25,3110,0,778,25,586,30,679,15,899,25,802,20,995,15,1145,20,948,15,510,10
2001,Estado de México,3120129,Zona Arqueológica de Tenayuca II,23,5,21,4,30,14,13,5,25,9,25,9,18,0,15,11,44,0,32,0,55,0,26,0
2001,Estado de México,3110031,Zona Arqueológica Teotihuacan (con Museo de Sitio),86901,27625,123734,34438,1057475,339991,111725,28806,96471,27173,78266,21659,110841,36352,94568,31339,51401,16253,50902,12305,101641,23589,26998,3706
2001,Estado de México,3110032,Zona Arqueológica de Tetzcotzinco,1950,0,1400,16,5000,90,900,40,1300,32,700,30,1040,0,915,30,1100,38,3400,40,4000,30,3800,35
2001,Estado de México,3120115,Zona Arqueológica de Tlapacoya,522,0,465,0,1240,2,556,0,295,0,581,0,654,2,541,0,622,0,658,0,895,0,454,0
2001,Guerrero,3120046,Zona Arqueológica de Huamuxtitlán,44,0,135,0,154,0,130,0,143,0,146,0,255,0,133,0,229,0,197,0,167,0,190,0
2001,Guerrero,3120053,Zona Arqueológica de Ixcateopan,150,0,195,0,41,0,143,0,55,0,38,0,115,0,69,0,139,0,72,0,175,0,285,0
2001,Guerrero,3110021,Zona Arqueológica de La Organera Xochipala,162,7,245,0,161,0,289,3,165,7,95,2,174,7,97,0,191,0,230,0,190,6,213,0
2001,Guerrero,3120062,Zona Arqueológica de La Sabana,258,0,160,0,204,0,289,0,216,0,256,0,42,0,48,0,158,0,31,0,160,0,63,0
2001,Guerrero,3120026,Zona Arqueológica de Cuetlajuchitlán (Los Querende),22,0,18,0,17,0,16,0,29,0,16,4,17,0,18,0,35,0,14,2,13,2,10,0
2001,Guerrero,3120074,Zona Arqueológica de Los Tepoltzis,95,0,41,0,42,0,146,0,26,0,35,0,40,0,74,0,31,11,35,0,26,0,55,0
2001,Guerrero,3110027,Zona Arqueológica de Palma Sola,155,2,299,0,326,21,278,0,547,0,196,0,215,0,260,16,233,0,408,0,130,0,321,0
2001,Guerrero,3120106,Zona Arqueológica de Teopantecuanitlán,124,3,81,0,51,0,111,0,16,4,24,0,47,0,21,0,18,1,21,0,61,0,24,0
2001,Hidalgo,3120048,Zona Arqueológica de Huapalcalco,394,0,400,0,1118,60,145,2,164,0,153,0,353,35,361,3,428,13,315,7,315,7,539,15
2001,Hidalgo,3120110,Zona Arqueológica de Tepeapulco,3096,102,4290,76,6091,65,5085,113,2494,115,1884,111,2900,39,2770,63,3686,33,3706,13,3537,30,3941,56
2001,Hidalgo,3110036,Zona Arqueológica de Tula con museo de sitio,13560,31,14199,1851,38646,1695,30813,1195,10038,558,9186,661,13654,1575,10529,908,9711,1064,9558,185,11697,1281,9580,939
2001,Jalisco,3120036,Zona Arqueológica de El Grillo,212,0,167,2,275,0,206,0,452,0,167,2,193,3,441,0,299,0,287,0,378,0,388,0
2001,Jalisco,3120054,Zona Arqueológica de Ixtépete,606,0,823,6,977,9,811,0,966,0,823,6,831,5,870,8,694,2,561,0,681,0,652,0
2001,Michoacán,3120047,Zona Arqueológica de Huandacareo,138,15,236,0,333,0,246,10,120,0,89,4,103,0,73,8,58,0,101,0,184,22,139,2
2001,Michoacán,3120052,Zona Arqueológica de Ihuatzio,365,36,329,42,681,36,670,60,253,23,325,20,352,20,329,28,232,7,457,40,310,25,181,215
2001,Michoacán,3120091,Zona Arqueológica de San Felipe los Alzati,153,0,59,0,157,0,324,26,59,0,122,0,185,6,367,0,52,0,186,0,40,0,330,0
2001,Michoacán,3120114,Zona Arqueológica de Tingambato,400,15,403,43,1490,31,2100,50,430,7,305,10,770,25,1365,30,210,5,260,25,430,30,1450,50
2001,Michoacán,3120119,Zona Arqueológica de Tres Cerritos,102,0,122,0,122,0,61,5,75,0,87,0,82,0,45,0,38,0,53,0,38,0,76,0
2001,Michoacán,3120121,Zona Arqueológica de Tzintzuntzan con museo de sitio,3720,641,7395,626,5819,703,5990,531,2485,488,2484,202,5184,711,2922,237,1807,164,3820,564,8153,2388,8172,1162
2001,Morelos,3110007,Zona Arqueológica de Chalcatzingo,731,125,583,130,763,60,940,16,596,57,708,35,995,78,775,0,995,25,1028,115,1115,110,1160,65
2001,Morelos,3110040,Zona Arqueológica de Xochicalco con museo de sitio,18892,9657,22159,11034,44229,4007,55599,1822,35934,1124,40964,6422,24543,4876,19928,6425,17158,5243,25139,3907,33812,2313,46768,1061
2001,Morelos,3120021,Zona Arqueológica de Coatetelco con museo de sitio,179,23,250,7,356,8,624,9,154,18,148,4,294,3,104,6,234,6,720,8,550,14,390,15
2001,Morelos,3120069,Zona Arqueológica de Las Pilas,124,10,55,0,287,4,145,7,437,3,57,0,99,6,50,0,68,0,188,2,220,5,306,3
2001,Morelos,3120082,Zona Arqueológica de Olintepec,17,0,18,0,425,0,34,0,19,0,33,0,38,0,20,0,21,0,38,0,21,0,13,0
2001,Morelos,3120112,Zona Arqueológica de Tepozteco,9526,785,14362,625,14825,860,7400,450,6297,260,5700,737,10795,503,5595,625,7404,705,6495,221,11150,465,12590,689
2001,Morelos,3120107,Zona Arqueológica de Teopanzolco,620,300,840,250,2449,800,1180,430,590,303,643,230,1322,450,986,250,438,100,740,119,850,173,1056,150
2001,Morelos,3110043,Zona Arqueológica de Yautepec,270,8,283,10,167,9,136,0,96,5,175,0,265,12,224,5,252,2,231,0,119,4,191,12
2001,Nayarit,3120055,Zona Arqueológica de Ixtlán del Río,1097,420,1333,0,1679,294,1928,215,857,195,756,182,1941,176,1314,192,847,102,1232,113,971,169,1367,126
2001,Nuevo León,3110003,Zona Arqueológica de Boca de Potrerillos,119,11,350,0,240,25,390,19,139,5,111,2,133,5,148,6,217,0,157,4,235,8,132,4
2001,Oaxaca,3120031,Zona Arqueológica de Dainzú,320,162,324,145,185,88,304,152,148,57,137,53,467,188,173,72,252,28,208,41,340,92,139,63
2001,Oaxaca,3120041,Zona Arqueológica de Guiengola,208,18,184,27,243,24,168,9,162,6,99,2,109,9,87,8,107,6,325,1,147,28,271,96
2001,Oaxaca,3120051,Zona Arqueológica de Huijazoo,277,61,220,25,195,110,533,68,260,32,210,22,2728,138,820,151,225,88,820,152,250,20,1301,149
2001,Oaxaca,3120065,Zona Arqueológica de Lambityeco,362,285,342,63,192,104,333,143,132,38,150,86,331,189,172,142,86,63,222,49,255,62,288,112
2001,Oaxaca,3110024,Zona Arqueológica de Mitla,4880,1670,5611,2526,7911,2532,11354,5698,5079,1937,3748,1452,8192,3949,5854,3787,5112,2749,4651,4835,6906,6645,9175,3201
2001,Oaxaca,3110025,Zona Arqueológica de Monte Albán con museo de sitio,24263,10132,31111,12709,25782,12401,46307,13853,20489,6807,17144,5402,52529,13355,36790,12817,12981,7829,19832,9774,24012,11891,37857,10272
2001,Oaxaca,3110042,Zona Arqueológica de Yagul,1318,932,737,558,675,855,1094,610,422,171,513,316,1258,757,1158,820,406,306,499,267,619,573,697,187
2001,Oaxaca,3110045,Zona Arqueológica de Zaachila,696,101,709,107,627,78,1037,48,627,51,396,34,5054,76,927,91,439,33,620,0,667,90,1175,93
2001,Puebla,3120010,Zona Arqueológica de Cantona,1622,17,1273,7,1319,26,2184,17,845,13,819,25,1774,26,1219,63,856,46,799,22,1511,8,1499,8
2001,Puebla,3110009,Zona Arqueológica de Cholula con museo de sitio,15000,2825,16667,1810,24366,2625,18034,2310,11724,1725,11937,1955,18147,3475,11947,2955,14475,650,13907,1625,13219,2925,14823,1475
2001,Puebla,3120090,Zona Arqueológica de San Cristobal Tepatlaxco,316,0,265,0,483,6,266,0,245,2,268,0,385,0,395,0,197,0,297,0,208,0,205,0
2001,Puebla,3120109,Zona Arqueológica de Tepapayeca,13,0,14,0,16,0,14,0,13,0,12,0,13,0,13,0,13,0,11,0,14,0,7,0
2001,Puebla,3120111,Zona Arqueológica de Tepexi el Viejo,60,0,40,0,30,0,25,0,30,0,140,0,120,0,30,0,70,0,40,0,85,1,40,0
2001,Puebla,3120128,Zona Arqueológica de Yohualichan,1619,35,1539,21,1184,40,2421,110,1994,50,1368,100,1876,14,2243,37,970,27,1969,49,1440,25,1033,18
2001,Querétaro,3110013,Zona Arqueológica de El Cerrito,0,0,0,0,0,0,1686,1,17,87,221,6,970,28,457,8,418,8,135,0,538,22,331,15
2001,Querétaro,3110030,Zona Arqueológica de Ranas,1589,38,1698,24,3803,70,5401,98,1663,45,1847,78,2275,58,3634,68,1220,19,1538,88,2157,50,1786,37
2001,Querétaro,3110034,Zona Arqueológica de Toluquilla,362,4,435,12,852,4,1712,16,824,19,401,7,514,29,818,20,307,15,358,13,762,7,234,5
2001,Quintana Roo,3120022,Zona Arqueológica de Cobá,1529,9892,1532,9935,2299,10303,2870,7390,2047,7723,1903,8101,1751,8338,1405,10250,1441,8700,722,10244,1417,8362,3790,7698
2001,Quintana Roo,3120032,Zona Arqueológica de Dzibanché-Kinichná,807,246,656,226,1005,169,778,75,295,43,261,153,991,46,115,73,55,467,398,154,272,536,1331,3
2001,Quintana Roo,3110015,Zona Arqueológica de El Meco,0,0,0,0,0,0,0,0,0,0,0,0,0,0,95,389,131,27,220,28,234,43,232,57
2001,Quintana Roo,3120038,Zona Arqueológica de El Rey,648,814,554,713,698,770,595,802,467,671,448,673,801,489,443,764,497,362,327,396,385,510,538,446
2001,Quintana Roo,3110019,Zona Arqueológica de Kohunlich,971,943,905,1280,1182,900,1810,760,959,573,825,521,2095,686,1119,614,706,670,599,668,978,1031,1482,1581
2001,Quintana Roo,3120078,Zona Arqueológica de Muyil,56,150,87,103,167,190,78,87,23,65,35,30,26,0,22,60,10,10,0,14,15,66,60,108
2001,Quintana Roo,3120084,Zona Arqueológica de Oxtankah,1627,87,1614,265,1109,108,2438,96,2399,52,1078,73,2245,20,1913,20,1097,34,526,138,840,38,1082,35
2001,Quintana Roo,3120092,Zona Arqueológica de San Gervasio,674,11983,523,10133,800,13194,2464,8544,1069,4899,1315,5637,2208,5464,1262,4982,387,4153,361,5985,555,7767,2801,10257
2001,Quintana Roo,3110037,Zona Arqueológica de Tulum,17355,50689,13183,45796,14297,52645,10725,49875,12669,34044,15060,44953,26369,43705,18457,38398,13678,23506,10727,32030,12154,33517,15969,37451
2001,Quintana Roo,3110038,Zona Arqueológica de Xcaret,0,2,0,5,0,0,4,0,0,0,2,0,0,0,0,0,0,0,0,0,0,1,0,2
2001,Quintana Roo,3110039,Zona Arqueológica de Xelhá,140,139,164,164,252,120,308,311,112,114,100,102,212,92,114,84,64,34,144,115,132,74,236,116
2001,San Luis Potosí,3120099,Zona Arqueológica de Tamohí,498,26,401,85,648,107,1148,0,434,13,297,20,573,30,497,50,537,13,221,61,352,43,867,42
2001,Tabasco,3120023,Zona Arqueológica de Comalcalco con museo de sitio,3211,117,3389,105,7271,171,11094,205,3106,49,3592,54,5484,172,7278,148,2603,64,1562,49,2895,179,4143,124
2001,Tabasco,3110023,Zona Arqueológica de La Venta con museo de sitio,921,100,656,33,669,35,1627,40,889,17,760,12,1354,58,1371,50,581,17,444,49,864,19,979,25
2001,Tabasco,3120086,Zona Arqueológica de Pomoná con museo de sitio,238,3,151,3,187,0,314,0,308,2,241,2,320,0,226,2,98,0,116,0,241,0,117,2
2001,Tabasco,3120076,Zona Arqueológica de Malpasito,169,5,241,3,346,0,726,3,223,0,508,2,323,3,314,15,96,0,86,0,226,0,212,2
2001,Tabasco,3120089,Zona Arqueológica de Moral-Reforma,142,0,151,0,498,2,515,1,127,1,148,0,154,0,192,4,125,2,91,0,172,1,0,0
2001,Tabasco,3220017,Zona Arqueológica de San Claudio,186,0,86,0,126,0,244,6,104,0,120,0,163,0,202,4,37,0,58,0,50,0,189,0
2001,Tamaulipas,3120039,Zona Arqueológica de El Sabinito,0,0,0,0,76,33,26,6,51,22,0,0,0,0,27,0,0,0,0,0,55,12,0,0
2001,Tamaulipas,3120067,Zona Arqueológica de Las Flores,437,110,497,511,881,200,881,200,612,18,562,16,511,37,296,3,301,8,418,21,424,15,404,76
2001,Tamaulipas,3120006,Zona Arqueológica de Balcón de Montezuma,367,527,338,844,419,853,862,404,185,137,193,132,318,86,235,159,236,54,151,140,506,230,300,350
2001,Tlaxcala,3110005,Zona Arqueológica de Cacaxtla con museo de sitio,8582,811,8839,750,12334,898,13297,678,8967,499,8768,368,9938,682,7885,602,13297,669,15081,615,12305,835,11286,397
2001,Tlaxcala,3110105,Zona Arqueológica de Xochitécatl con museo de sitio,3806,339,5717,193,13242,304,5627,277,6096,100,4601,247,3585,70,6735,214,6706,182,9247,92,6460,120,8820,423
2001,Tlaxcala,3110033,Zona Arqueológica de Tizatlán con museo de sitio,95,0,365,0,160,0,70,0,150,0,130,0,468,0,600,0,280,50,140,20,120,40,240,200
2001,Veracruz,3120012,Zona Arqueológica de Cempoala con museo de sitio,3478,326,2971,207,11592,486,8433,226,4332,215,8463,186,6905,236,5658,125,3837,132,3711,215,6423,235,5768,483
2001,Veracruz,3120068,Zona Arqueológica de Las Higueras con museo de sitio,29,7,87,8,73,0,98,13,15,10,47,10,109,8,62,9,12,0,11,1,4,1,59,12
2001,Veracruz,3120093,Zona Arqueológica de San Lorenzo Tenochtitlan con museo de sitio,159,37,219,5,380,9,926,3,329,14,263,4,288,6,247,10,207,2,95,0,132,5,260,8
2001,Veracruz,3110016,Zona Arqueológica de El Tajín,17110,9357,16685,8378,52997,16116,63606,34764,21786,6432,20923,6471,47666,4810,43040,5698,15202,1110,12787,1360,25600,5325,30115,9397
2001,Veracruz,3220012,Zona Arqueológica de Cuauhtochco,0,0,0,0,37,17,0,0,17,0,0,0,47,0,0,0,0,0,0,0,0,0,0,0
2001,Veracruz,3120123,Zona Arqueológica de Vega de la Peña,93,8,81,4,147,2,588,8,208,16,53,2,89,5,102,2,112,0,54,5,134,0,105,6
2001,Veracruz,3120088,Zona Arqueológica de Quiahuitztlán,735,94,748,110,1698,180,2334,134,961,73,1108,164,1476,132,939,22,355,66,690,109,1062,40,1164,52
2001,Veracruz,3120024,Zona Arqueológica de Cuajilote,365,42,222,26,181,130,1151,155,411,3,357,12,702,12,691,11,153,20,9,149,631,0,347,5
2001,Veracruz,3120030,Zona Arqueológica de Cuyuxquihui,117,3,116,0,364,0,337,0,35,0,173,2,208,0,69,1,0,0,0,0,0,0,100,0
2001,Veracruz,3220014,Zona Arqueológica de Las Limas,9,0,10,0,6,0,0,0,7,0,8,0,5,0,6,0,4,0,7,0,4,0,7,0
2001,Yucatán,3120001,Zona Arqueológica de Acanceh,389,29,302,20,381,22,647,36,329,23,91,15,0,0,169,12,124,4,129,9,409,27,365,19
2001,Yucatán,3120002,Zona Arqueológica de Aké,395,50,740,95,1002,76,311,53,762,115,342,20,722,38,859,25,253,20,670,36,589,50,770,29
2001,Yucatán,3120004,Zona Arqueológica de Balamcanché,1352,470,917,320,1277,290,2014,445,956,357,685,141,1193,302,1764,480,392,89,698,215,1064,135,963,119
2001,Yucatán,3120015,Zona Arqueológica de Chacmultún,330,50,294,27,567,24,260,26,316,38,246,9,249,20,278,7,221,2,132,0,140,18,1728,30
2001,Yucatán,3110008,Zona Arqueológica de Chichén Itzá,69800,52200,53050,53549,107560,44914,43690,37126,54669,51003,45690,44460,73536,34493,83540,37380,40840,31568,37700,29600,44030,38220,48800,23400
2001,Yucatán,3120033,Zona Arqueológica de Dzibilchaltún con museo del Pueblo Maya,3062,850,2190,708,9440,926,4500,1334,2344,925,1605,610,7250,1496,6180,840,1080,301,1250,371,1580,483,8010,1075
2001,Yucatán,3120034,Zona Arqueológica de Ekbalam,2886,1055,2102,1069,1912,1126,1378,1113,2133,1129,1247,870,2061,963,2663,1078,779,600,1638,806,1691,661,1399,695
2001,Yucatán,3120057,Zona Arqueológica de Kabah,1469,3708,1654,4212,2300,4075,3146,2351,2641,3564,1463,1509,3246,1738,4056,2139,1681,1976,1998,2089,2086,2585,1606,1301
2001,Yucatán,3120064,Zona Arqueológica de Labná,951,1000,1303,588,1660,612,1026,625,1395,608,2398,499,1184,500,1994,1000,559,350,1034,400,1326,600,1111,500
2001,Yucatán,3120071,Zona Arqueológica de Loltún,4169,656,3328,560,4661,514,7434,749,3375,594,3271,341,4975,560,6519,639,1864,267,2559,275,3869,397,2596,638
2001,Yucatán,3120077,Zona Arqueológica de Mayapán,1069,227,2064,428,1769,394,2004,185,2143,312,943,61,1582,645,1869,81,641,79,731,74,1422,145,1764,146
2001,Yucatán,3120097,Zona Arqueológica de Sayil,1131,975,1392,1080,1345,700,2147,1000,2422,1182,462,315,1346,896,1906,980,852,494,988,800,1747,1116,1501,862
2001,Yucatán,3120122,Zona Arqueológica de Uxmal con museo de sitio,11168,9683,13357,9918,13295,10060,14309,9110,13726,9997,9044,6206,13410,7744,18263,10975,6128,5394,8314,7535,12384,9434,9370,5617
2001,Yucatán,3120126,Zona Arqueológica de Xlapak,591,170,905,588,1867,432,618,345,929,603,940,231,1034,431,1765,634,476,129,598,140,1093,395,753,178
2001,Yucatán,3120083,Zona Arqueológica de Oxkintok,1541,213,1039,91,2344,79,899,240,1168,114,892,34,1229,149,1558,67,317,32,837,87,1222,94,876,119
2001,Yucatán,3120056,Zona Arqueológica de Izamal,474,140,293,55,451,55,663,305,341,75,448,105,340,75,380,65,396,120,782,185,393,110,474,135
2001,Zacatecas,3120003,Zona Arqueológica de Altavista o Chalchihuites con museo de sitio,338,12,225,0,3454,12,1198,23,505,37,356,24,672,54,799,87,770,8,239,12,549,8,605,39
2001,Zacatecas,3110022,Zona Arqueológica de La Quemada con museo de sitio,2646,155,2922,163,4287,297,4633,342,3407,185,4226,230,5477,503,6140,473,1893,127,3866,156,4277,183,3636,301
2000,Baja California,3120040,Zona Arqueológica de El Vallecito,575,15,470,15,2879,11,2941,201,1053,33,1525,6,1467,21,1079,26,851,12,1016,21,932,32,658,35
2000,Campeche,3120005,Zona Arqueológica de Balamkú,344,198,211,238,429,138,973,99,858,83,141,55,726,206,598,199,160,76,167,111,213,124,911,45
2000,Campeche,3110002,Zona Arqueológica de Becán,995,279,521,719,1464,714,1393,288,626,269,493,210,1327,595,923,607,277,276,492,427,558,619,1493,418
2000,Campeche,3120008,Zona Arqueológica de Calakmul,601,272,576,286,1552,290,1900,271,669,116,286,482,1207,216,789,308,153,175,196,197,430,235,1116,426
2000,Campeche,3120017,Zona Arqueológica de Chicanná,690,468,288,704,886,471,1220,244,342,188,124,75,1037,318,832,607,171,208,219,290,380,480,1499,383
2000,Campeche,3120020,Zona Arqueológica de Chunhuhub,2,4,2,0,9,4,8,6,8,12,14,2,8,4,2,2,6,0,11,0,2,2,15,0
2000,Campeche,3110011,Zona Arqueológica de Dzibilnocac,458,17,327,10,336,12,420,0,475,2,161,4,485,8,794,3,322,1,472,11,691,9,925,42
2000,Campeche,3110012,Zona Arqueológica de Edzná,3443,614,4171,689,2432,635,5566,555,3167,254,2027,269,3201,649,3440,611,1943,458,2831,414,2845,846,5320,458
2000,Campeche,3110017,Zona Arqueológica de El Tigre,0,0,326,0,211,0,243,0,84,0,183,0,246,4,122,0,118,0,85,0,356,0,1040,23
2000,Campeche,3120042,Zona Arqueológica de Hochob,810,37,320,41,376,24,710,39,475,15,301,7,388,29,533,68,295,11,422,10,647,22,1571,52
2000,Campeche,3120043,Zona Arqueológica de Hormiguero,125,17,59,33,27,18,264,40,134,12,72,25,97,36,89,21,22,0,284,11,211,17,149,25
2000,Campeche,3120058,Zona Arqueológica de Kankí,0,0,0,0,0,0,0,0,0,0,0,0,0,0,0,0,0,0,0,0,0,0,0,0
2000,Campeche,3120096,Zona Arqueológica de Santa Rosa Xtampak,448,25,122,3,449,13,485,18,360,4,190,5,538,11,405,10,155,5,265,15,374,6,686,7
2000,Campeche,3120118,Zona Arqueológica de Tohcok,0,0,108,12,302,40,546,24,269,20,152,0,492,32,352,53,108,27,164,22,254,35,484,34
2000,Campeche,3120125,Zona Arqueológica de Xcalumkín,125,0,84,0,50,0,50,0,55,1,51,3,80,0,0,0,47,0,120,0,86,0,106,2
2000,Campeche,3110041,Zona Arqueológica de Xpuhil,386,176,388,335,538,199,914,120,254,131,353,102,910,207,572,382,198,194,547,309,523,321,1021,207
2000,Campeche,3120098,Zona Arqueológica de Tabasqueño,60,0,31,0,14,2,20,3,5,0,11,0,29,0,30,1,0,0,11,0,24,0,27,2
2000,Chiapas,3110004,Zona Arqueológica de Bonampak,1398,814,700,1168,814,821,1877,743,720,365,493,328,1467,828,822,1254,307,564,276,591,509,385,1545,569
2000,Chiapas,3120019,Zona Arqueológica de Chincultic,676,50,900,93,750,101,2900,100,650,51,350,41,1383,186,1060,125,1000,55,980,55,894,41,5700,50
2000,Chiapas,3110018,Zona Arqueológica de Izapa,120,30,488,38,353,35,170,35,72,0,120,30,126,97,153,58,184,38,233,21,343,35,410,45
2000,Chiapas,3110026,"Zona Arqueológica de Palenque con museo ""Alberto Ruz L´Huiller""",10881,11716,6374,13621,13487,13413,38517,14608,15458,10767,9519,7624,27685,14212,15353,17206,7016,9851,6367,12694,12740,19282,32450,20035
2000,Chiapas,3120103,Zona Arqueológica de Tenam Puente,2797,83,1357,121,1993,54,4607,104,1562,34,1344,74,2633,122,2446,140,1191,66,1435,133,2107,118,2888,175
2000,Chiapas,3110035,Zona Arqueológica de Toniná con museo de sitio,1171,625,1383,689,1055,575,2100,490,2086,650,2120,1156,3201,1556,1633,581,1623,312,1597,430,1741,559,3866,478
2000,Chiapas,3110044,Zona Arqueológica de Yaxchilán,589,1807,347,1688,556,1397,2514,1646,514,925,245,743,0,0,1055,2485,303,872,294,1160,719,1820,2051,1459
2000,Chihuahua,3110028,Zona Arqueológica de Paquimé con Museo de las Culturas del Norte,2227,808,3633,780,5369,1159,7428,1070,2983,655,3968,404,3384,616,2862,243,2943,252,2525,158,2280,808,2844,286
2000,Chihuahua,3110010,Zona Arqueológica de Cuarenta Casas,176,16,272,11,899,38,3690,3503,531,17,501,12,1326,72,1434,36,1430,30,559,0,394,15,576,28
2000,Ciudad de México,3120013,Zona Arqueológica de Cerro de la Estrella,1604,0,306,0,5566,0,8616,0,1471,0,1201,0,2313,0,1392,0,1178,0,0,0,0,0,0,0
2000,Ciudad de México,3120029,Zona Arqueológica de Cuicuilco con museo de sitio,3957,478,6200,770,27511,310,5568,200,6868,345,4555,500,7285,1105,6400,371,6054,560,7020,780,7600,780,3628,500
2000,Ciudad de México,3120116,Zona Arqueológica de Tlatelolco con museo de sitio,1096,63,1317,140,1487,103,827,58,839,71,599,82,500,68,448,98,389,55,1474,68,1957,90,823,171
2000,Colima,3120035,Zona Arqueológica de El Chanal,3934,67,276,95,643,55,744,16,376,6,376,6,881,16,873,12,622,43,626,7,878,19,513,52
2000,Colima,3120059,Zona Arqueológica de La Campana,1280,520,813,859,1532,803,1376,449,780,159,1327,65,1066,153,834,123,1001,98,946,179,1671,416,1599,442
2000,Durango,3110020,Zona Arqueológica de La Ferrería con museo de sitio,961,0,1220,8,1489,20,1413,10,457,0,1002,32,910,0,826,20,513,5,581,11,711,16,850,17
2000,Estado de México,3110001,Zona Arqueológica de Acozac,443,0,349,0,1382,0,584,0,729,0,1031,0,0,0,0,0,0,0,1006,0,988,0,1336,0
2000,Estado de México,3110006,Zona Arqueológica de Calixtlahuaca,2563,68,1747,75,10943,103,3964,88,1375,42,2271,58,1967,108,896,38,1762,47,1667,27,2035,46,2027,58
2000,Estado de México,3120018,Zona Arqueológica de Chimalhuacán con museo de sitio,373,6,527,9,1074,10,587,5,253,0,481,8,495,8,323,0,915,0,1148,10,833,38,383,0
2000,Estado de México,3110014,Zona Arqueológica de El Conde,25,0,43,0,185,1,43,0,34,0,38,0,130,0,38,0,83,0,70,0,56,0,48,0
2000,Estado de México,3120050,Zona Arqueológica de Huexotla,65,0,147,0,197,1,59,0,280,0,84,0,70,3,72,4,86,0,223,0,83,0,90,11
2000,Estado de México,3120072,Zona Arqueológica de Los Melones,686,0,291,0,687,0,473,0,447,0,434,0,436,0,436,0,560,0,597,0,524,0,585,0
2000,Estado de México,3120073,Zona Arqueológica de Los Reyes La Paz,348,0,379,0,456,0,493,16,427,0,483,0,367,0,229,0,551,0,342,0,241,0,318,0
2000,Estado de México,3120075,Zona Arqueológica de Malinalco,4795,202,3982,120,11170,155,7429,110,3121,71,3375,71,4898,213,4923,152,3910,80,5964,151,5116,81,5203,102
2000,Estado de México,3120095,"Zona Arqueológica de Santa Cecilia Acatitla con museo de la Escultura Mexica ""Eusebio Dávalos Hurtado""",864,16,650,31,1683,22,1372,20,751,45,1009,12,515,17,515,17,1048,21,899,24,703,34,897,22
2000,Estado de México,3120104,Zona Arqueológica de Tenayuca I con museo Xólotl,603,15,700,20,3743,35,755,40,670,13,541,7,663,17,651,25,655,15,727,10,1057,33,530,35
2000,Estado de México,3120129,Zona Arqueológica de Tenayuca II,30,6,8,0,20,0,4,0,15,0,3,2,22,10,18,15,33,0,28,5,61,0,16,0
2000,Estado de México,3110031,Zona Arqueológica Teotihuacan (con Museo de Sitio),92233,36257,71529,29477,1087542,562970,121799,51029,56274,86965,60784,24408,98967,52537,64531,50897,59750,19442,109947,31679,91644,79306,115854,41380
2000,Estado de México,3110032,Zona Arqueológica de Tetzcotzinco,6200,25,1800,0,9000,70,6500,600,6500,30,7000,45,11500,0,11500,0,2316,912,1500,100,1900,100,7150,200
2000,Estado de México,3120115,Zona Arqueológica de Tlapacoya,572,0,3450,15,1048,0,643,0,154,0,454,0,1296,0,673,0,769,0,701,0,826,0,768,0
2000,Guerrero,3120046,Zona Arqueológica de Huamuxtitlán,58,0,98,0,132,0,113,0,87,0,57,0,152,0,112,0,90,0,102,0,95,0,233,0
2000,Guerrero,3120053,Zona Arqueológica de Ixcateopan,171,0,220,0,97,0,160,0,46,0,41,0,70,0,66,3,75,0,78,5,68,0,110,0
2000,Guerrero,3110021,Zona Arqueológica de La Organera Xochipala,130,35,277,2,261,0,354,1,113,4,160,2,123,0,165,0,96,2,411,5,275,1,164,4
2000,Guerrero,3120062,Zona Arqueológica de La Sabana,228,0,249,0,290,0,190,0,216,0,117,0,92,0,177,0,202,0,53,0,309,0,174,0
2000,Guerrero,3120026,Zona Arqueológica de Cuetlajuchitlán (Los Querende),35,5,28,0,18,0,18,0,21,0,14,0,28,6,16,0,15,1,25,0,18,0,23,0
2000,Guerrero,3120074,Zona Arqueológica de Los Tepoltzis,38,6,15,13,17,11,35,0,39,0,34,0,68,0,300,0,57,0,44,0,29,0,60,0
2000,Guerrero,3110027,Zona Arqueológica de Palma Sola,275,8,178,0,473,0,169,29,628,0,881,0,302,8,368,3,556,1,224,0,445,0,246,8
2000,Guerrero,3120106,Zona Arqueológica de Teopantecuanitlán,33,0,77,0,70,0,79,0,22,0,27,0,68,10,18,0,95,1,134,0,82,1,75,0
2000,Hidalgo,3120048,Zona Arqueológica de Huapalcalco,166,3,301,20,1350,0,804,6,295,22,286,7,343,0,277,0,160,0,261,25,0,0,709,21
2000,Hidalgo,3120110,Zona Arqueológica de Tepeapulco,2936,81,2299,64,3216,200,3955,158,2444,101,3122,117,2061,42,1702,1033,3282,24,3489,59,0,0,7439,298
2000,Hidalgo,3110036,Zona Arqueológica de Tula con museo de sitio,9792,968,16332,34,37405,1504,22801,2137,14237,1963,8618,770,19313,1754,12884,1704,7889,993,10519,1451,0,0,33608,3589
2000,Jalisco,3120036,Zona Arqueológica de El Grillo,184,6,189,28,355,0,251,0,217,15,202,12,120,0,120,0,193,0,195,0,293,0,216,0
2000,Jalisco,3120054,Zona Arqueológica de Ixtépete,577,216,621,133,909,343,964,0,518,147,551,126,163,17,202,11,592,10,675,15,805,0,826,0
2000,Michoacán,3120047,Zona Arqueológica de Huandacareo,97,2,57,0,183,2,179,0,138,0,21,1,62,436,101,1,67,0,172,0,28,0,112,6
2000,Michoacán,3120052,Zona Arqueológica de Ihuatzio,295,25,174,38,505,55,603,36,293,15,176,23,200,40,150,50,226,29,426,38,869,51,464,42
2000,Michoacán,3120091,Zona Arqueológica de San Felipe los Alzati,187,8,90,0,117,0,306,0,85,0,70,0,150,0,48,0,65,0,127,0,107,0,419,8
2000,Michoacán,3120114,Zona Arqueológica de Tingambato,480,15,242,17,1545,13,1410,40,285,6,160,11,150,40,105,18,407,38,336,10,603,8,2050,70
2000,Michoacán,3120119,Zona Arqueológica de Tres Cerritos,45,0,75,0,57,0,108,0,63,0,73,0,58,0,42,0,43,0,65,0,62,0,127,0
2000,Michoacán,3120121,Zona Arqueológica de Tzintzuntzan con museo de sitio,3839,853,8165,1208,4252,907,5736,1069,2596,262,3072,243,5290,1452,2705,702,1469,284,3522,493,13083,1592,2627,509
2000,Morelos,3110007,Zona Arqueológica de Chalcatzingo,1055,90,915,40,2380,195,2830,130,1010,40,840,20,337,15,625,0,159,25,675,15,598,65,1430,0
2000,Morelos,3110040,Zona Arqueológica de Xochicalco con museo de sitio,10462,1923,11413,2493,26261,6786,32183,10323,37066,9766,37320,12301,43159,17141,17694,5487,13210,2651,15227,4152,23928,6001,30268,9375
2000,Morelos,3120021,Zona Arqueológica de Coatetelco con museo de sitio,770,12,256,10,303,13,465,2,249,9,102,4,156,12,132,8,226,2,486,7,318,0,416,17
2000,Morelos,3120069,Zona Arqueológica de Las Pilas,83,0,16,0,337,0,172,0,60,0,55,0,239,0,69,0,102,0,154,0,249,0,325,0
2000,Morelos,3120082,Zona Arqueológica de Olintepec,34,0,24,0,26,0,39,0,19,0,36,0,21,0,21,0,16,0,9,0,9,0,17,0
2000,Morelos,3120112,Zona Arqueológica de Tepozteco,8595,930,6185,610,16120,870,9080,250,6110,550,5250,450,9700,730,9715,590,5400,565,9197,495,10364,611,10875,690
2000,Morelos,3120107,Zona Arqueológica de Teopanzolco,856,460,593,300,4500,710,1560,375,630,242,1143,240,1200,511,670,544,426,230,1214,390,909,370,848,350
2000,Morelos,3110043,Zona Arqueológica de Yautepec,81,3,128,12,247,0,131,0,195,6,76,4,307,8,241,19,68,0,188,3,88,7,96,9
2000,Nayarit,3120055,Zona Arqueológica de Ixtlán del Río,1000,516,896,600,1462,511,1319,274,948,228,695,138,1505,198,1239,200,725,192,1167,244,964,335,1536,222
2000,Nuevo León,3110003,Zona Arqueológica de Boca de Potrerillos,59,2,78,0,350,0,262,7,114,1,132,2,163,0,111,0,280,0,107,0,222,0,30,5
2000,Oaxaca,3120031,Zona Arqueológica de Dainzú,163,184,187,79,220,81,335,129,549,140,158,47,324,95,226,96,185,59,249,98,476,93,337,149
2000,Oaxaca,3120041,Zona Arqueológica de Guiengola,159,17,102,8,134,7,290,11,159,5,72,4,127,4,156,18,193,8,322,3,221,6,202,7
2000,Oaxaca,3120051,Zona Arqueológica de Huijazoo,321,122,135,35,150,15,430,90,194,95,370,40,1667,215,520,90,260,60,380,40,340,40,430,128
2000,Oaxaca,3120065,Zona Arqueológica de Lambityeco,77,72,234,200,264,148,297,213,150,130,111,76,325,210,294,189,119,90,195,90,261,215,294,185
2000,Oaxaca,3110024,Zona Arqueológica de Mitla,2727,2078,2840,3683,6046,4523,9660,4132,5024,2703,4332,1776,7890,3138,7075,2730,2569,1869,5491,2080,6461,4357,4859,890
2000,Oaxaca,3110025,Zona Arqueológica de Monte Albán con museo de sitio,15998,7306,14606,12452,22669,13407,37919,11677,21583,7451,12915,6072,45634,10404,29951,13432,11160,6756,18922,11299,26433,13267,37839,12341
2000,Oaxaca,3110042,Zona Arqueológica de Yagul,432,228,596,632,1348,1045,963,604,876,377,393,332,1055,724,609,422,739,558,800,709,1256,539,1296,625
2000,Oaxaca,3110045,Zona Arqueológica de Zaachila,732,130,812,162,640,144,1224,81,1003,51,476,174,3337,155,800,89,434,46,560,97,763,135,619,52
2000,Puebla,3120010,Zona Arqueológica de Cantona,1146,39,1189,8,1727,27,2180,6,1174,21,637,24,1085,38,1445,22,767,26,1173,6,1639,43,1188,6
2000,Puebla,3110009,Zona Arqueológica de Cholula con museo de sitio,13154,2740,12210,1950,19402,2630,16848,2725,12319,1725,9485,1300,15987,3750,13234,3125,14106,1395,14088,1870,17246,2125,13475,0
2000,Puebla,3120090,Zona Arqueológica de San Cristobal Tepatlaxco,236,0,260,0,503,0,181,0,326,0,392,0,250,0,328,0,330,0,224,0,355,0,197,0
2000,Puebla,3120109,Zona Arqueológica de Tepapayeca,9,0,20,0,25,0,35,0,13,0,9,0,13,0,10,0,10,0,15,0,12,0,9,0
2000,Puebla,3120111,Zona Arqueológica de Tepexi el Viejo,40,0,50,0,30,0,40,0,40,0,30,0,35,0,80,6,40,0,50,4,50,22,80,0
2000,Puebla,3120128,Zona Arqueológica de Yohualichan,603,33,528,20,975,36,3005,49,1251,32,633,72,1750,60,1209,66,992,41,1197,44,2280,95,1762,58
2000,Querétaro,3110013,Zona Arqueológica de El Cerrito,0,0,0,0,0,0,0,0,0,0,384,0,0,0,0,0,0,0,0,0,0,0,0,0
2000,Querétaro,3110030,Zona Arqueológica de Ranas,736,21,990,44,1823,33,1220,15,1220,12,1676,13,1522,21,2148,32,1129,42,1580,34,2850,53,1645,10
2000,Querétaro,3110034,Zona Arqueológica de Toluquilla,531,3,266,2,767,11,1287,13,273,18,199,0,252,6,506,15,401,0,192,0,1132,11,837,2
2000,Quintana Roo,3120022,Zona Arqueológica de Cobá,1762,9148,671,9717,3828,11054,2001,7953,1811,6731,1966,7764,2993,7107,4138,8811,1459,6968,1136,8536,1757,8882,1997,8681
2000,Quintana Roo,3120032,Zona Arqueológica de Dzibanché-Kinichná,599,124,550,189,541,193,793,88,109,45,276,12,495,46,324,76,185,45,227,79,387,393,942,138
2000,Quintana Roo,3120038,Zona Arqueológica de El Rey,835,1086,896,1223,750,872,720,837,746,872,461,569,603,688,711,712,303,667,639,810,476,991,890,1020
2000,Quintana Roo,3110019,Zona Arqueológica de Kohunlich,617,506,927,810,1086,777,1411,763,473,443,900,436,681,722,1096,1126,408,620,520,698,605,1039,1194,870
2000,Quintana Roo,3120078,Zona Arqueológica de Muyil,33,75,28,50,33,39,110,100,45,100,20,30,61,77,57,55,85,90,13,19,53,53,45,100
2000,Quintana Roo,3120084,Zona Arqueológica de Oxtankah,1230,164,874,56,1125,79,2265,45,922,37,529,51,1449,63,738,55,482,39,447,60,823,18,1143,77
2000,Quintana Roo,3120092,Zona Arqueológica de San Gervasio,3230,9499,4495,10400,1739,14272,2861,8590,933,6086,2271,5325,5393,2509,1440,4855,1374,3799,1654,5636,3292,6894,611,10701
2000,Quintana Roo,3110037,Zona Arqueológica de Tulum,10959,48630,15689,41410,15424,60887,55974,9376,15257,40906,14118,40605,29245,40087,20506,41358,8458,35871,12152,33109,17533,39447,9097,47396
2000,Quintana Roo,3110038,Zona Arqueológica de Xcaret,4,0,0,0,0,2,0,0,0,0,0,0,0,0,0,0,1,0,0,0,0,0,0,0
2000,Quintana Roo,3110039,Zona Arqueológica de Xelhá,384,184,202,206,155,158,250,251,113,114,120,119,236,236,202,206,0,0,109,122,150,101,190,191
2000,San Luis Potosí,3120099,Zona Arqueológica de Tamohí,504,44,335,48,1119,79,1105,51,371,10,436,19,436,19,1362,0,240,5,292,3,666,60,674,64
2000,Tabasco,3120023,Zona Arqueológica de Comalcalco con museo de sitio,5923,101,2798,113,7479,109,11085,128,2739,109,2280,50,6498,144,4193,79,1968,45,1878,149,3181,106,4522,151
2000,Tabasco,3110023,Zona Arqueológica de La Venta con museo de sitio,1190,69,943,82,914,85,1488,70,874,20,772,123,1156,115,699,60,563,27,579,25,866,25,763,38
2000,Tabasco,3120086,Zona Arqueológica de Pomoná con museo de sitio,191,3,250,0,225,4,320,1,174,2,207,4,250,0,153,0,99,1,94,0,175,0,100,1
2000,Tabasco,3120076,Zona Arqueológica de Malpasito,294,2,262,3,507,4,887,14,252,6,111,0,256,0,431,10,124,0,195,0,199,0,167,1
2000,Tabasco,3120089,Zona Arqueológica de Moral-Reforma,140,3,101,0,224,0,778,0,94,0,150,0,105,0,56,0,158,5,92,0,94,0,113,0
2000,Tabasco,3220017,Zona Arqueológica de San Claudio,276,4,119,0,49,0,105,0,171,0,73,0,41,0,203,0,140,0,124,0,250,0,312,0
2000,Tamaulipas,3120039,Zona Arqueológica de El Sabinito,35,15,0,0,71,0,0,0,35,9,0,0,0,0,25,14,0,0,92,12,46,0,0,0
2000,Tamaulipas,3120067,Zona Arqueológica de Las Flores,423,223,475,438,922,338,759,119,405,15,450,5,481,23,709,15,407,13,400,6,346,34,260,66
2000,Tamaulipas,3120006,Zona Arqueológica de Balcón de Montezuma,313,697,261,607,522,748,768,498,232,159,209,189,316,135,78,87,203,54,250,295,342,369,352,532
2000,Tlaxcala,3110005,Zona Arqueológica de Cacaxtla con museo de sitio,7696,685,9725,828,14125,820,15905,657,8274,473,7141,405,9366,753,7076,783,8691,464,19280,630,15985,937,8095,478
2000,Tlaxcala,3110105,Zona Arqueológica de Xochitécatl con museo de sitio,8647,108,5859,128,9089,311,6073,286,4279,149,4916,128,5471,548,4733,433,6077,435,10224,253,7473,212,3313,213
2000,Tlaxcala,3110033,Zona Arqueológica de Tizatlán con museo de sitio,185,6,320,7,876,151,466,12,91,0,144,16,140,0,148,54,150,4,130,0,158,0,205,0
2000,Veracruz,3120012,Zona Arqueológica de Cempoala con museo de sitio,2359,322,2965,282,11874,721,8348,312,5332,415,4700,385,5187,325,3704,223,2797,117,3211,316,3438,217,4907,231
2000,Veracruz,3120068,Zona Arqueológica de Las Higueras con museo de sitio,37,11,50,18,138,13,210,7,104,10,26,5,55,3,51,1,0,0,0,0,0,0,113,7
2000,Veracruz,3120093,Zona Arqueológica de San Lorenzo Tenochtitlan con museo de sitio,317,35,367,6,511,0,1198,9,546,5,250,20,324,15,209,11,60,0,63,2,183,0,216,6
2000,Veracruz,3110016,Zona Arqueológica de El Tajín,7508,3947,10889,4042,33606,7380,39090,15365,17652,7147,16972,6994,28975,13149,26147,11890,12160,1420,10540,1631,16708,5198,26029,14216
2000,Veracruz,3220012,Zona Arqueológica de Cuauhtochco,0,0,0,0,27,0,137,0,56,0,0,0,35,0,25,0,23,0,26,0,0,0,0,0
2000,Veracruz,3120123,Zona Arqueológica de Vega de la Peña,28,30,78,0,113,0,336,13,130,0,48,4,77,10,129,0,130,8,177,0,95,16,247,1
2000,Veracruz,3120088,Zona Arqueológica de Quiahuitztlán,1038,161,906,102,1691,159,2099,97,955,209,972,336,1585,358,1132,311,764,114,1019,58,1378,74,1044,142
2000,Veracruz,3120024,Zona Arqueológica de Cuajilote,497,63,230,7,559,45,1242,31,431,35,235,14,500,46,552,2,298,4,205,35,514,2,503,30
2000,Veracruz,3120030,Zona Arqueológica de Cuyuxquihui,63,1,117,0,1136,0,360,0,304,6,87,0,113,0,20,1,38,0,27,4,75,0,210,0
2000,Veracruz,3220014,Zona Arqueológica de Las Limas,3,0,4,0,5,0,10,0,9,0,13,0,4,0,5,0,5,0,9,0,7,0,9,0
2000,Yucatán,3120001,Zona Arqueológica de Acanceh,280,47,354,99,550,88,541,40,229,58,283,47,432,71,234,20,162,31,247,31,253,40,320,49
2000,Yucatán,3120002,Zona Arqueológica de Aké,853,71,1467,122,423,105,846,48,695,34,484,33,578,51,408,75,768,47,875,37,824,60,696,73
2000,Yucatán,3120004,Zona Arqueológica de Balamcanché,1238,354,1104,399,1592,390,1949,315,804,224,577,194,1302,275,1556,540,558,195,613,195,764,294,712,193
2000,Yucatán,3120015,Zona Arqueológica de Chacmultún,385,40,276,58,585,30,378,45,273,20,204,25,194,21,389,47,243,18,165,40,210,36,310,40
2000,Yucatán,3110008,Zona Arqueológica de Chichén Itzá,43420,33837,46580,38520,107905,39195,57500,44170,43420,46055,43308,39458,40400,38500,78800,41793,47500,32100,50220,49062,45280,46620,48260,39085
2000,Yucatán,3120033,Zona Arqueológica de Dzibilchaltún con museo del Pueblo Maya,869,310,1695,750,4540,2700,5600,1428,2546,650,4282,1600,4145,1005,3355,768,4990,999,1570,492,1765,700,6601,1017
2000,Yucatán,3120034,Zona Arqueológica de Ekbalam,2346,509,2232,619,2789,538,2172,407,1940,314,1418,517,1486,425,2375,591,1094,442,868,615,1559,595,813,520
2000,Yucatán,3120057,Zona Arqueológica de Kabah,1245,2436,1399,3512,4043,5135,5693,2415,1329,2877,1810,2007,1999,1691,1823,3948,1994,1662,4604,2142,2730,4373,1276,2433
2000,Yucatán,3120064,Zona Arqueológica de Labná,1291,1243,1064,700,1293,700,1766,642,940,642,1069,367,745,526,1276,1000,773,464,1062,450,878,600,1140,559
2000,Yucatán,3120071,Zona Arqueológica de Loltún,5326,963,3248,700,4231,743,6560,650,3402,511,3824,500,3688,550,5701,727,2810,344,2762,412,3903,774,3797,487
2000,Yucatán,3120077,Zona Arqueológica de Mayapán,1369,169,980,140,900,305,1086,115,659,262,690,136,541,45,1198,114,974,60,705,122,1224,107,1943,114
2000,Yucatán,3120097,Zona Arqueológica de Sayil,1062,665,1360,670,1758,535,1896,805,1115,293,854,200,1185,340,1745,1520,680,482,880,529,1055,770,1661,1030
2000,Yucatán,3120122,Zona Arqueológica de Uxmal con museo de sitio,16494,11173,14480,15451,16668,17349,23940,16350,13727,12074,14655,11948,17633,11640,24530,17138,10363,11217,10720,12155,21313,15977,13937,5988
2000,Yucatán,3120126,Zona Arqueológica de Xlapak,969,477,661,463,1517,425,1601,326,663,75,932,286,792,388,1424,752,467,220,697,355,725,226,943,452
2000,Yucatán,3120083,Zona Arqueológica de Oxkintok,1487,75,814,55,481,62,1583,54,239,23,531,71,495,47,945,57,944,23,740,18,1005,56,982,306
2000,Yucatán,3120056,Zona Arqueológica de Izamal,470,140,346,110,783,507,295,80,421,110,556,105,341,75,334,65,335,85,368,105,430,75,358,110
2000,Zacatecas,3120003,Zona Arqueológica de Altavista o Chalchihuites con museo de sitio,388,20,366,11,2786,7,1452,20,323,21,545,12,797,41,602,58,605,6,433,6,411,4,470,12
2000,Zacatecas,3110022,Zona Arqueológica de La Quemada con museo de sitio,2548,219,3210,169,5104,169,5323,198,2759,66,3837,28,5373,318,3155,236,1457,139,4131,147,3799,181,3298,311
1999,Baja California,3120040,Zona Arqueológica de El Vallecito,456,25,259,6,732,21,485,35,792,35,753,10,838,20,834,25,1002,11,1641,26,1062,19,254,26
1999,Baja California Sur,3120007,Zona Arqueológica de San Francisco de la Sierra,144,258,150,616,311,573,413,288,116,202,112,80,166,98,137,144,95,72,187,176,237,218,208,410
1999,Campeche,3120005,Zona Arqueológica de Balamkú,230,110,182,140,395,92,413,68,336,52,37,53,562,93,359,68,129,33,136,70,363,30,600,74
1999,Campeche,3110002,Zona Arqueológica de Becán,1215,353,772,678,1025,695,1039,265,1061,316,373,262,1121,313,951,567,270,295,402,346,516,590,1222,580
1999,Campeche,3120008,Zona Arqueológica de Calakmul,809,235,600,395,572,195,942,151,399,17,690,117,1062,326,556,253,202,113,163,128,334,218,437,235
1999,Campeche,3120017,Zona Arqueológica de Chicanná,751,383,263,489,453,401,849,241,350,161,356,199,871,261,808,426,177,152,128,357,380,283,742,211
1999,Campeche,3120020,Zona Arqueológica de Chunhuhub,0,0,6,0,34,2,10,7,4,1,8,0,16,1,13,2,2,3,2,0,19,0,25,0
1999,Campeche,3110011,Zona Arqueológica de Dzibilnocac,436,9,153,55,154,14,261,4,124,0,85,0,368,5,302,4,288,1,123,4,395,2,376,12
1999,Campeche,3110012,Zona Arqueológica de Edzná,3218,776,2425,715,3114,511,3872,337,4925,264,3602,346,4546,524,3271,765,1318,351,1119,381,1872,500,3261,536
1999,Campeche,3110017,Zona Arqueológica de El Tigre,0,0,0,0,0,0,0,0,0,0,0,0,0,0,0,0,0,0,0,0,0,0,0,0
1999,Campeche,3120042,Zona Arqueológica de Hochob,557,50,438,147,369,24,537,25,309,12,38,5,280,49,383,28,104,6,262,3,246,2,300,2
1999,Campeche,3120043,Zona Arqueológica de Hormiguero,80,32,42,62,125,37,163,27,40,12,66,21,137,44,36,20,29,10,71,15,76,28,99,27
1999,Campeche,3120058,Zona Arqueológica de Kankí,0,0,0,0,0,0,0,0,0,0,0,0,0,0,0,0,0,0,0,0,0,0,0,0
1999,Campeche,3120079,Zona Arqueológica de Nadzcaan,0,0,0,0,0,0,0,0,0,0,0,0,0,0,0,0,0,0,0,0,0,0,0,0
1999,Campeche,3120096,Zona Arqueológica de Santa Rosa Xtampak,535,42,258,28,680,46,1054,4,555,16,35,3,486,20,505,22,156,4,191,7,194,18,316,59
1999,Campeche,3120118,Zona Arqueológica de Tohcok,0,0,0,0,0,0,0,0,0,0,0,0,0,0,0,0,0,0,0,0,0,0,0,0
1999,Campeche,3120125,Zona Arqueológica de Xcalumkín,45,0,32,0,58,17,72,0,42,0,36,0,20,0,30,0,42,0,6,0,6,0,14,0
1999,Campeche,3110041,Zona Arqueológica de Xpuhil,519,294,323,318,321,394,605,239,383,126,451,150,966,230,686,352,230,103,203,168,272,293,520,447
1999,Campeche,3120098,Zona Arqueológica de Tabasqueño,1,4,31,3,32,6,36,0,13,0,12,0,9,7,37,6,16,0,2,0,17,0,32,0
1999,Chiapas,3110004,Zona Arqueológica de Bonampak,0,0,0,0,0,0,0,0,435,315,0,0,1352,298,1856,354,548,397,316,407,374,552,591,646
1999,Chiapas,3120019,Zona Arqueológica de Chincultic,600,100,650,100,1550,100,1315,200,440,618,620,38,2719,109,1000,109,290,15,160,10,677,10,1600,30
1999,Chiapas,3110018,Zona Arqueológica de Izapa,312,0,138,23,275,55,316,20,89,21,134,17,155,18,150,109,92,17,527,159,165,12,174,22
1999,Chiapas,3110026,"Zona Arqueológica de Palenque con museo ""Alberto Ruz L´Huiller""",18947,8917,10925,16387,19402,17909,23191,16793,10579,7661,8849,6409,25366,18368,23676,20169,8883,9245,4175,9898,5047,15410,19480,9388
1999,Chiapas,3120103,Zona Arqueológica de Tenam Puente,3303,126,2142,74,2570,86,4456,121,1940,89,2571,140,3741,192,3272,256,1248,125,1646,154,1382,122,3876,118
1999,Chiapas,3110035,Zona Arqueológica de Toniná con museo de sitio,1043,548,1188,559,1720,708,997,461,2095,1220,1445,770,2895,1170,2215,880,925,593,660,241,1456,1138,2674,1017
1999,Chiapas,3110044,Zona Arqueológica de Yaxchilán,0,0,0,0,0,0,0,0,0,0,0,0,0,0,862,2490,1154,163,73,1456,197,1509,1422,983
1999,Chiapas,3220004,Zona Arqueológica de Chiapa de Corzo,0,0,0,0,0,0,0,0,0,0,0,0,0,0,0,0,0,0,0,0,0,0,0,0
1999,Chiapas,3220028,Zona Arqueológica de Lagartero,0,0,0,0,0,0,0,0,0,0,0,0,0,0,0,0,0,0,0,0,0,0,0,0
1999,Chiapas,3120134,Zona Arqueológica de Iglesia Vieja,0,0,0,0,0,0,0,0,0,0,0,0,0,0,0,0,0,0,0,0,0,0,0,0
1999,Chihuahua,3110028,Zona Arqueológica de Paquimé con Museo de las Culturas del Norte,4946,1074,6910,1710,8270,2550,7321,626,6760,554,5968,1086,4384,642,5399,438,5232,1255,6587,1858,4673,1583,5976,964
1999,Chihuahua,3110010,Zona Arqueológica de Cuarenta Casas,342,19,231,7,889,26,2795,37,703,16,482,30,1398,50,1293,49,628,10,489,6,291,20,275,27
1999,Chihuahua,3120027,Zona Arqueológica de Cueva de la Olla,0,0,0,0,0,0,0,0,0,0,0,0,0,0,0,0,0,0,0,0,0,0,0,0
1999,Chihuahua,3120028,Zona Arqueológica de Cueva Grande,0,0,0,0,0,0,0,0,0,0,0,0,0,0,0,0,0,0,0,0,0,0,0,0
1999,Chihuahua,3120049,Zona Arqueológica de Huapoca,0,0,0,0,0,0,0,0,0,0,0,0,0,0,0,0,0,0,0,0,0,0,0,0
1999,Ciudad de México,3120013,Zona Arqueológica de Cerro de la Estrella,2069,0,2186,0,1725,0,1084,8,1650,0,1996,0,5162,0,880,0,1600,0,1488,0,1825,0,1438,0
1999,Ciudad de México,3120029,Zona Arqueológica de Cuicuilco con museo de sitio,5052,500,7897,270,18941,980,6000,800,5686,310,7520,325,5509,320,9948,750,5096,204,7615,266,8325,505,3500,650
1999,Ciudad de México,3120116,Zona Arqueológica de Tlatelolco con museo de sitio,1236,90,1486,116,1064,78,1422,101,939,88,1325,46,652,61,830,188,707,180,1387,108,1604,163,1100,59
1999,Colima,3120035,Zona Arqueológica de El Chanal,441,57,363,48,772,33,868,65,731,14,573,1,420,22,312,4,718,74,596,25,416,25,302,254
1999,Colima,3120059,Zona Arqueológica de La Campana,1109,843,1258,822,1507,764,1612,702,1615,174,1187,173,671,14,381,22,2335,130,2161,98,1956,457,982,305
1999,Durango,3110020,Zona Arqueológica de La Ferrería con museo de sitio,870,15,876,20,1447,30,1316,10,984,0,1301,23,1403,30,984,35,729,10,977,17,930,15,1100,0
1999,Estado de México,3110001,Zona Arqueológica de Acozac,407,0,211,0,944,0,683,0,740,0,221,0,996,0,763,0,793,0,696,0,766,0,378,0
1999,Estado de México,3110006,Zona Arqueológica de Calixtlahuaca,1175,75,642,22,6687,37,3065,40,1375,39,1078,36,1737,59,1478,86,1425,51,1691,88,2030,77,2346,75
1999,Estado de México,3120018,Zona Arqueológica de Chimalhuacán con museo de sitio,1010,10,844,0,1056,0,0,0,614,18,0,0,614,35,506,0,780,0,643,18,737,15,486,15
1999,Estado de México,3110014,Zona Arqueológica de El Conde,24,0,25,0,190,0,55,0,0,0,80,0,45,0,38,0,43,0,35,0,28,0,32,0
1999,Estado de México,3120050,Zona Arqueológica de Huexotla,62,0,49,3,61,0,64,2,46,0,311,0,90,0,81,0,71,0,65,1,78,0,52,1
1999,Estado de México,3120072,Zona Arqueológica de Los Melones,263,0,310,0,40,0,579,0,334,0,377,0,321,0,366,0,335,0,511,0,536,0,516,0
1999,Estado de México,3120073,Zona Arqueológica de Los Reyes La Paz,280,0,330,0,342,0,129,0,650,0,249,0,264,0,222,18,493,0,321,0,217,0,275,0
1999,Estado de México,3120075,Zona Arqueológica de Malinalco,4629,154,5502,129,10134,108,8783,194,0,0,2862,138,3967,162,4664,134,3302,135,4320,123,5451,175,7018,136
1999,Estado de México,3120095,"Zona Arqueológica de Santa Cecilia Acatitla con museo de la Escultura Mexica ""Eusebio Dávalos Hurtado""",709,49,630,49,1869,30,1437,35,743,45,52,0,519,35,683,26,812,63,1134,42,882,20,884,25
1999,Estado de México,3120104,Zona Arqueológica de Tenayuca I con museo Xólotl,551,25,912,42,2753,50,1204,40,686,12,1001,24,552,21,265,7,679,25,712,40,941,18,537,9
1999,Estado de México,3120129,Zona Arqueológica de Tenayuca II,44,0,15,3,17,4,0,0,27,5,0,0,41,3,5,0,20,0,18,5,36,0,45,5
1999,Estado de México,3110031,Zona Arqueológica Teotihuacan (con Museo de Sitio),205239,40176,194182,22973,908373,781022,315547,43038,148202,23157,153616,31135,301727,8294,53530,17755,25443,12089,55346,2342,76314,2738,55471,16249
1999,Estado de México,3110032,Zona Arqueológica de Tetzcotzinco,8950,0,5500,20,6500,400,9300,800,4100,200,7000,25,8500,40,5500,200,4500,40,2400,0,4700,32,3700,3500
1999,Estado de México,3120115,Zona Arqueológica de Tlapacoya,680,2,410,0,1333,0,892,0,590,0,410,0,510,0,366,0,735,0,1890,0,1019,0,631,2
1999,Estado de México,3120044,Zona Arqueológica de Huamango,0,0,0,0,0,0,0,0,0,0,0,0,0,0,0,0,0,0,0,0,0,0,0,0
1999,Estado de México,3120081,Zona Arqueológica de Ocoyoacac,0,0,0,0,0,0,0,0,0,0,0,0,0,0,0,0,0,0,0,0,0,0,0,0
1999,Estado de México,3120094,Zona Arqueológica de San Miguel Ixtapan,0,0,0,0,0,0,0,0,0,0,0,0,0,0,0,0,0,0,0,0,0,0,0,0
1999,Estado de México,3120108,Zona Arqueológica de Teotenango,0,0,0,0,0,0,0,0,0,0,0,0,0,0,0,0,0,0,0,0,0,0,0,0
1999,Guanajuato,3120085,Zona Arqueológica de Plazuelas,0,0,0,0,0,0,0,0,0,0,0,0,0,0,0,0,0,0,0,0,0,0,0,0
1999,Guanajuato,3220023,Zona Arqueológica de Peralta,0,0,0,0,0,0,0,0,0,0,0,0,0,0,0,0,0,0,0,0,0,0,0,0
1999,Guanajuato,3220022,Zona Arqueológica de Cañada de la Virgen,0,0,0,0,0,0,0,0,0,0,0,0,0,0,0,0,0,0,0,0,0,0,0,0
1999,Guanajuato,3120133,Zona Arqueológica El Cóporo,0,0,0,0,0,0,0,0,0,0,0,0,0,0,0,0,0,0,0,0,0,0,0,0
1999,Guerrero,3120046,Zona Arqueológica de Huamuxtitlán,28,0,97,0,121,0,127,0,27,0,131,0,123,0,72,0,65,0,87,0,94,0,155,0
1999,Guerrero,3120053,Zona Arqueológica de Ixcateopan,74,6,205,0,150,0,166,0,59,5,9,4,36,3,31,0,110,0,47,0,51,0,97,0
1999,Guerrero,3110021,Zona Arqueológica de La Organera Xochipala,299,0,184,17,242,10,182,0,170,0,150,0,187,4,201,3,252,0,197,8,316,0,165,10
1999,Guerrero,3120062,Zona Arqueológica de La Sabana,69,0,234,0,297,0,142,0,190,0,86,0,195,0,147,0,140,0,71,0,172,0,126,0
1999,Guerrero,3120026,Zona Arqueológica de Cuetlajuchitlán (Los Querende),52,0,26,0,23,0,25,0,20,0,18,1,25,0,45,4,18,2,25,0,19,0,22,0
1999,Guerrero,3120074,Zona Arqueológica de Los Tepoltzis,30,8,24,36,45,8,26,21,30,6,19,17,28,31,133,0,18,12,32,0,23,0,6,7
1999,Guerrero,3110027,Zona Arqueológica de Palma Sola,148,0,141,0,480,0,701,4,369,0,138,0,196,0,155,0,451,0,554,0,124,0,269,0
1999,Guerrero,3120106,Zona Arqueológica de Teopantecuanitlán,76,2,52,3,30,0,60,0,114,0,26,0,15,0,88,0,32,0,22,0,113,0,89,0
1999,Guerrero,3220027,Zona Arqueológica de Tehuacalco,0,0,0,0,0,0,0,0,0,0,0,0,0,0,0,0,0,0,0,0,0,0,0,0
1999,Guerrero,3120132,Zona Arqueológica Soledad de Maciel,0,0,0,0,0,0,0,0,0,0,0,0,0,0,0,0,0,0,0,0,0,0,0,0
1999,Hidalgo,3120048,Zona Arqueológica de Huapalcalco,114,0,179,10,491,0,262,0,492,0,115,0,123,0,288,15,326,40,322,10,322,10,423,9
1999,Hidalgo,3120110,Zona Arqueológica de Tepeapulco,0,0,1000,126,2080,195,2286,97,2920,93,1400,50,970,59,1150,83,1343,73,810,100,1335,83,1650,150
1999,Hidalgo,3110036,Zona Arqueológica de Tula con museo de sitio,10337,1153,12296,2322,17105,2786,20007,1545,10067,890,11277,847,12856,1271,7451,1957,11682,693,8108,656,12242,552,17703,595
1999,Hidalgo,3120136,Zona Arqueológica Pahñú,0,0,0,0,0,0,0,0,0,0,0,0,0,0,0,0,0,0,0,0,0,0,0,0
1999,Jalisco,3120036,Zona Arqueológica de El Grillo,170,0,281,95,136,0,237,0,177,0,304,99,313,0,97,0,193,0,232,62,202,21,242,6
1999,Jalisco,3120054,Zona Arqueológica de Ixtépete,150,190,429,358,1412,277,221,94,647,92,637,278,344,0,312,0,592,95,587,196,524,200,515,77
1999,Jalisco,3120113,Zona Arqueológica de Teuchitlán,0,0,0,0,0,0,0,0,0,0,0,0,0,0,0,0,0,0,0,0,0,0,0,0
1999,Michoacán,3120047,Zona Arqueológica de Huandacareo,251,0,147,0,242,4,40,0,96,0,116,0,56,0,98,2,152,0,239,0,153,0,55,1
1999,Michoacán,3120052,Zona Arqueológica de Ihuatzio,446,46,229,39,411,29,319,24,214,27,326,35,270,60,208,47,89,150,463,57,779,72,280,45
1999,Michoacán,3120091,Zona Arqueológica de San Felipe los Alzati,80,0,140,26,195,22,640,21,83,0,90,0,68,0,76,4,74,0,125,4,130,0,259,17
1999,Michoacán,3120114,Zona Arqueológica de Tingambato,153,10,203,12,1056,67,1240,184,325,30,204,20,257,55,200,54,185,22,250,20,293,12,755,62
1999,Michoacán,3120119,Zona Arqueológica de Tres Cerritos,86,0,42,0,153,5,85,0,23,0,87,0,53,0,63,0,38,0,40,0,60,0,320,0
1999,Michoacán,3120121,Zona Arqueológica de Tzintzuntzan con museo de sitio,3673,1069,5797,1102,5602,1002,4494,871,2852,612,2112,281,4020,962,3133,651,2395,674,4676,846,9899,1177,4300,704
1999,Morelos,3110007,Zona Arqueológica de Chalcatzingo,1515,85,1010,45,1660,145,2245,165,905,15,1060,125,1555,205,1405,185,1405,195,985,60,1330,180,1765,195
1999,Morelos,3110040,Zona Arqueológica de Xochicalco con museo de sitio,3120,1200,4148,900,7202,9149,8825,3489,3095,850,6686,1909,9300,4198,9273,4841,7599,4255,18331,5155,26080,6991,33688,3422
1999,Morelos,3120021,Zona Arqueológica de Coatetelco con museo de sitio,248,0,178,2,394,6,469,4,74,7,198,10,106,15,214,10,135,0,243,6,150,5,175,7
1999,Morelos,3120069,Zona Arqueológica de Las Pilas,185,0,51,0,106,5,98,0,453,0,109,0,55,3,86,0,56,0,31,2,114,0,304,0
1999,Morelos,3120082,Zona Arqueológica de Olintepec,21,0,36,0,33,0,24,0,24,0,17,0,26,26,22,0,31,0,21,0,8,0,49,0
1999,Morelos,3120112,Zona Arqueológica de Tepozteco,8890,805,8181,571,10170,640,7750,755,7739,538,6050,530,8210,660,920,50,0,0,0,0,0,0,5200,180
1999,Morelos,3120107,Zona Arqueológica de Teopanzolco,650,338,767,380,1470,769,596,326,940,286,680,222,1125,450,900,531,546,310,1080,307,1108,400,1090,354
1999,Morelos,3110043,Zona Arqueológica de Yautepec,213,5,267,2,335,3,192,4,45,2,78,0,233,7,147,20,114,0,52,0,153,0,98,8
1999,Nayarit,3120055,Zona Arqueológica de Ixtlán del Río,1094,605,814,512,730,572,1088,415,689,353,573,297,1068,242,1100,281,673,247,913,218,919,560,1088,352
1999,Nuevo León,3110003,Zona Arqueológica de Boca de Potrerillos,161,3,225,5,362,4,389,0,226,4,79,0,222,5,83,1,412,0,485,0,212,17,37,0
1999,Oaxaca,3120031,Zona Arqueológica de Dainzú,515,200,305,115,480,188,585,230,228,96,198,93,418,179,388,240,248,125,236,155,299,168,259,123
1999,Oaxaca,3120041,Zona Arqueológica de Guiengola,70,11,44,8,461,4,148,2,234,0,77,3,73,3,116,7,147,3,147,7,413,3,260,3
1999,Oaxaca,3120051,Zona Arqueológica de Huijazoo,209,62,75,20,125,15,428,73,203,42,90,20,2569,136,260,40,350,94,135,25,272,67,296,113
1999,Oaxaca,3120065,Zona Arqueológica de Lambityeco,366,198,240,200,279,185,264,125,200,85,231,113,295,200,233,200,316,108,125,130,279,213,378,350
1999,Oaxaca,3110024,Zona Arqueológica de Mitla,12889,5738,11420,7137,10611,7391,19971,5296,6520,2593,5405,2112,14443,5156,8751,5526,7430,0,7909,1139,8569,5740,4867,1582
1999,Oaxaca,3110025,Zona Arqueológica de Monte Albán con museo de sitio,22475,14142,20628,14328,31474,15571,32407,13512,20851,10835,15120,6869,46110,12032,34889,14352,12792,8548,6966,8794,11179,13040,33638,8271
1999,Oaxaca,3110042,Zona Arqueológica de Yagul,887,1112,961,1002,1251,745,961,719,728,630,431,488,1037,969,1005,1016,758,599,884,768,998,1108,1041,627
1999,Oaxaca,3110045,Zona Arqueológica de Zaachila,1597,285,477,227,668,158,1896,93,1257,398,640,81,4231,135,1120,162,456,86,302,106,444,139,667,72
1999,Oaxaca,3120045,Zona Arqueológica de Huamelulpan,0,0,0,0,0,0,0,0,0,0,0,0,0,0,0,0,0,0,0,0,0,0,0,0
1999,Oaxaca,3120131,Zona Arqueológica de Bocana del Río Copalita (con museo de sitio),0,0,0,0,0,0,0,0,0,0,0,0,0,0,0,0,0,0,0,0,0,0,0,0
1999,Oaxaca,3220034,Zona Arqueológica de Atzompa,0,0,0,0,0,0,0,0,0,0,0,0,0,0,0,0,0,0,0,0,0,0,0,0
1999,Puebla,3120010,Zona Arqueológica de Cantona,1214,12,902,11,1602,34,1886,9,1130,17,951,10,999,34,1001,35,1403,4,645,12,648,18,1222,4
1999,Puebla,3110009,Zona Arqueológica de Cholula con museo de sitio,10221,945,13158,2600,16419,2850,20009,2965,10913,1235,10631,936,18996,2320,13289,2330,10647,2100,9634,1735,11432,1925,12447,2720
1999,Puebla,3120090,Zona Arqueológica de San Cristobal Tepatlaxco,307,4,208,5,162,0,359,0,259,0,162,0,348,0,356,0,127,0,292,0,353,0,234,0
1999,Puebla,3120109,Zona Arqueológica de Tepapayeca,20,0,12,0,13,0,20,0,15,0,13,0,19,0,19,0,18,0,13,0,10,0,11,0
1999,Puebla,3120111,Zona Arqueológica de Tepexi el Viejo,10,2,200,0,100,0,90,0,100,0,20,0,20,0,50,0,150,0,20,0,20,0,50,0
1999,Puebla,3120128,Zona Arqueológica de Yohualichan,1795,48,1896,38,2409,78,3765,54,515,2281,1930,50,2130,51,2388,67,1504,65,0,0,0,0,1353,48
1999,Querétaro,3110013,Zona Arqueológica de El Cerrito,0,0,0,0,0,0,0,0,0,0,0,0,0,0,0,0,0,0,0,0,0,0,0,0
1999,Querétaro,3110030,Zona Arqueológica de Ranas,1182,46,1774,23,2462,48,3299,37,1757,32,1694,26,704,26,1374,55,1870,43,444,24,826,31,1391,16
1999,Querétaro,3110034,Zona Arqueológica de Toluquilla,579,18,232,2,670,11,566,34,210,18,442,11,298,2,451,24,324,7,245,0,654,2,567,6
1999,Querétaro,3220021,Zona Arqueológica de Tancama,0,0,0,0,0,0,0,0,0,0,0,0,0,0,0,0,0,0,0,0,0,0,0,0
1999,Quintana Roo,3110131,Zona Arqueológica de Calica,0,0,0,0,0,0,0,0,0,0,0,0,0,0,0,0,0,0,0,0,0,0,0,0
1999,Quintana Roo,3120022,Zona Arqueológica de Cobá,627,8878,1302,8844,1873,10706,1200,9810,1302,5276,961,7503,3627,5070,2926,9231,1081,5786,2168,6326,2251,8914,3606,6435
1999,Quintana Roo,3120032,Zona Arqueológica de Dzibanché-Kinichná,594,491,378,412,337,74,362,81,620,116,410,61,340,153,218,16,117,140,198,83,124,46,532,71
1999,Quintana Roo,3110015,Zona Arqueológica de El Meco,0,0,0,0,0,0,0,0,0,0,0,0,0,0,0,0,0,0,0,0,0,0,0,0
1999,Quintana Roo,3120038,Zona Arqueológica de El Rey,1182,1832,1082,1768,1310,1567,1214,1691,1135,1295,838,1045,1096,1002,1112,1166,636,879,423,540,630,804,935,871
1999,Quintana Roo,3110019,Zona Arqueológica de Kohunlich,1001,958,470,870,996,955,1254,684,997,432,630,573,964,820,801,875,472,606,505,628,411,644,958,471
1999,Quintana Roo,3120078,Zona Arqueológica de Muyil,40,54,43,59,57,107,60,35,23,31,86,46,70,50,60,65,17,13,35,60,87,32,61,101
1999,Quintana Roo,3120084,Zona Arqueológica de Oxtankah,1765,122,2205,124,2075,121,1677,36,529,24,474,14,1066,88,1094,92,560,17,830,94,466,33,935,30
1999,Quintana Roo,3110029,Zona Arqueológica de Playa del Carmen,0,0,0,0,0,0,0,0,0,0,0,0,0,0,0,0,0,0,0,0,0,0,0,0
1999,Quintana Roo,3120092,Zona Arqueológica de San Gervasio,478,14677,446,13205,487,17062,9900,4098,1394,3684,2460,4463,4053,2885,2827,4940,4645,1400,6663,1405,6746,3432,7562,3092
1999,Quintana Roo,3110037,Zona Arqueológica de Tulum,24863,40048,10987,43468,28520,33210,10385,50110,7168,30158,18529,25590,26236,41462,27637,40146,27970,8527,37711,5507,12700,38250,14628,34293
1999,Quintana Roo,3110038,Zona Arqueológica de Xcaret,0,5,5,7,0,2,0,0,0,0,0,0,0,0,0,4,0,2,0,0,0,0,0,0
1999,Quintana Roo,3110039,Zona Arqueológica de Xelhá,177,178,144,146,135,136,182,184,136,70,78,80,110,109,94,95,84,84,118,120,178,178,244,243
1999,Quintana Roo,3120014,Zona Arqueológica de Chacchoben,0,0,0,0,0,0,0,0,0,0,0,0,0,0,0,0,0,0,0,0,0,0,0,0
1999,Quintana Roo,3120087,Zona Arqueológica de Caracol-Punta Sur,0,0,0,0,0,0,0,0,0,0,0,0,0,0,0,0,0,0,0,0,0,0,0,0
1999,Sinaloa,322033,Zona Arqueológica Las Labradas,0,0,0,0,0,0,0,0,0,0,0,0,0,0,0,0,0,0,0,0,0,0,0,0
1999,Sonora,3210132,Zona Arqueológica de Cerro de las Trincheras,0,0,0,0,0,0,0,0,0,0,0,0,0,0,0,0,0,0,0,0,0,0,0,0
1999,Tabasco,3120023,Zona Arqueológica de Comalcalco con museo de sitio,4123,158,2723,145,5724,133,3640,95,2956,94,2737,50,6289,184,5492,141,2101,55,774,58,1250,71,4179,76
1999,Tabasco,3110023,Zona Arqueológica de La Venta con museo de sitio,1079,111,1104,103,1208,49,918,32,2027,68,1372,21,1247,49,1256,47,655,25,426,22,604,65,922,50
1999,Tabasco,3120086,Zona Arqueológica de Pomoná con museo de sitio,116,6,173,2,468,0,389,0,281,0,274,1,332,3,236,0,177,0,126,11,128,0,231,7
1999,Tabasco,3120076,Zona Arqueológica de Malpasito,148,6,310,6,344,0,670,2,351,0,249,2,292,2,221,0,121,0,143,3,120,2,142,7
1999,Tabasco,3120089,Zona Arqueológica de Moral-Reforma,88,0,258,0,500,3,592,1,130,0,80,0,108,1,152,0,60,0,65,4,22,0,68,1
1999,Tabasco,3220017,Zona Arqueológica de San Claudio,144,0,124,0,103,0,243,6,63,0,114,3,117,0,59,0,159,0,45,0,38,0,0,0
1999,Tamaulipas,3120039,Zona Arqueológica de El Sabinito,54,0,14,26,36,15,92,14,99,10,22,21,35,18,49,32,0,0,0,0,0,0,0,0
1999,Tamaulipas,3120067,Zona Arqueológica de Las Flores,236,72,566,139,837,24,706,16,445,14,953,36,808,55,538,31,642,2,691,11,467,41,562,121
1999,Tamaulipas,3120006,Zona Arqueológica de Balcón de Montezuma,0,0,0,0,0,0,0,0,0,0,0,0,0,0,0,0,0,0,0,0,0,0,0,0
1999,Tlaxcala,3110005,Zona Arqueológica de Cacaxtla con museo de sitio,11048,379,6806,736,10423,774,13013,548,8101,465,6948,735,8481,986,8592,836,7718,399,16657,871,11586,893,9664,467
1999,Tlaxcala,3110105,Zona Arqueológica de Xochitécatl con museo de sitio,5817,216,5946,259,8724,160,7325,150,2927,140,8724,160,3901,143,4928,178,2766,56,6759,83,6080,116,7417,162
1999,Tlaxcala,3110033,Zona Arqueológica de Tizatlán con museo de sitio,23,98,139,6,195,0,234,0,360,22,248,0,201,0,86,0,191,13,223,0,125,0,237,114
1999,Tlaxcala,3120080,Zona Arqueológica de Ocotelulco con museo de sitio,0,0,0,0,0,0,0,0,0,0,0,0,0,0,0,0,0,0,0,0,0,0,0,0
1999,Tlaxcala,3120101,Zona Arqueológica de Tecoaque,0,0,0,0,0,0,0,0,0,0,0,0,0,0,0,0,0,0,0,0,0,0,0,0
1999,Veracruz,3120011,Zona Arqueológica de Castillo de Teayo con museo de sitio,158,0,115,0,200,0,152,0,139,15,591,6,168,0,73,70,187,0,32,0,224,0,422,16
1999,Veracruz,3120012,Zona Arqueológica de Cempoala con museo de sitio,2714,65,3494,92,10083,346,8103,221,5455,221,6414,212,4833,75,4077,92,2721,235,2729,215,2801,172,4846,425
1999,Veracruz,3120068,Zona Arqueológica de Las Higueras con museo de sitio,1072,37,1773,120,1982,121,4558,133,1489,63,830,130,1583,163,1537,127,1027,71,3,0,16,11,43,39
1999,Veracruz,3120093,Zona Arqueológica de San Lorenzo Tenochtitlan con museo de sitio,305,7,207,11,326,21,566,2,243,1,141,2,263,4,305,6,52,2,39,0,69,33,127,7
1999,Veracruz,3110016,Zona Arqueológica de El Tajín,8935,4813,7656,6302,22002,12668,25609,11285,17652,1116,15454,1045,29871,3239,21155,7437,8335,190,1634,71,2969,672,10662,1969
1999,Veracruz,3220012,Zona Arqueológica de Cuauhtochco,0,0,0,0,0,0,0,0,0,0,0,0,0,0,0,0,0,0,0,0,0,0,0,0
1999,Veracruz,3120123,Zona Arqueológica de Vega de la Peña,0,0,0,0,0,0,0,0,0,0,0,0,0,0,0,0,0,0,11,0,1,2,82,30
1999,Veracruz,3120088,Zona Arqueológica de Quiahuitztlán,963,93,853,71,1583,74,2539,98,1064,85,997,119,1271,142,1129,89,773,68,699,55,679,110,1200,73
1999,Veracruz,3120024,Zona Arqueológica de Cuajilote,0,0,0,0,0,0,0,0,0,0,0,0,0,0,0,0,0,0,0,226,173,104,372,89
1999,Veracruz,3120030,Zona Arqueológica de Cuyuxquihui,307,2,133,3,809,4,491,9,130,6,102,0,157,4,85,0,40,0,0,0,40,0,56,0
1999,Veracruz,3220014,Zona Arqueológica de Las Limas,5,0,4,0,6,0,3,0,2,0,2,0,2,0,4,0,4,0,7,0,5,0,3,0
1999,Veracruz,3220015,Zona Arqueológica de Palmillas,0,0,0,0,0,0,0,0,0,0,0,0,0,0,0,0,0,0,0,0,0,0,0,0
1999,Yucatán,3120001,Zona Arqueológica de Acanceh,194,25,348,75,269,82,520,113,162,25,117,26,433,15,358,253,124,13,161,15,298,22,540,59
1999,Yucatán,3120002,Zona Arqueológica de Aké,1296,152,912,117,891,109,1369,176,352,73,1115,0,881,43,769,50,962,45,717,44,633,60,892,73
1999,Yucatán,3120004,Zona Arqueológica de Balamcanché,1612,587,931,475,1170,428,1393,713,1102,384,471,193,1374,469,1626,580,637,237,733,289,977,340,854,306
1999,Yucatán,3120015,Zona Arqueológica de Chacmultún,480,50,205,20,283,25,289,30,399,20,213,36,475,35,250,40,163,44,203,16,210,16,316,20
1999,Yucatán,3110008,Zona Arqueológica de Chichén Itzá,38425,48704,43200,51300,78675,43125,64750,77850,46500,50400,107175,54926,51555,37945,54050,61144,38700,43991,52093,17036,39900,53353,46318,30925
1999,Yucatán,3120033,Zona Arqueológica de Dzibilchaltún con museo del Pueblo Maya,2227,400,3750,700,8421,2150,4297,2455,4389,291,1790,333,7786,900,6408,1370,1320,356,1452,500,2012,1450,3560,2131
1999,Yucatán,3120034,Zona Arqueológica de Ekbalam,1068,387,825,407,731,228,1237,610,634,178,626,320,1304,270,1724,613,734,365,578,328,1279,397,2048,291
1999,Yucatán,3120057,Zona Arqueológica de Kabah,2229,4733,2286,4178,3917,3922,3430,6680,3750,2100,1980,2221,2575,2456,4249,9253,1691,3089,2404,2417,3038,6389,1678,2489
1999,Yucatán,3120064,Zona Arqueológica de Labná,1500,2059,947,750,2525,800,1421,1125,1420,598,3234,400,1619,623,1186,1100,493,470,1668,1131,1316,1071,1189,912
1999,Yucatán,3120071,Zona Arqueológica de Loltún,7981,1315,6034,1372,7146,1320,9052,2058,8370,789,7917,991,10173,1025,9879,1240,3971,704,4845,881,5615,935,5516,545
1999,Yucatán,3120077,Zona Arqueológica de Mayapán,1848,265,1863,152,1331,175,2795,228,1610,42,1036,90,1018,90,1664,127,970,55,892,71,1676,90,1640,75
1999,Yucatán,3120097,Zona Arqueológica de Sayil,1578,1460,1176,1496,2492,650,1761,2244,2279,1050,1318,512,1993,1005,2465,1220,1318,637,1232,984,1858,1062,1450,1202
1999,Yucatán,3120122,Zona Arqueológica de Uxmal con museo de sitio,18395,14622,14622,13910,19263,10701,21924,20640,15369,11797,12246,5341,24126,15725,20809,19700,10944,12009,8962,9829,17176,18826,14381,9993
1999,Yucatán,3120126,Zona Arqueológica de Xlapak,863,561,1182,462,1418,552,1762,692,1160,302,898,257,1381,395,1275,508,664,477,961,408,626,569,836,582
1999,Yucatán,3120083,Zona Arqueológica de Oxkintok,1630,113,585,85,747,97,878,128,446,30,961,41,1213,124,1121,151,535,37,1025,29,1338,122,1442,94
1999,Yucatán,3120056,Zona Arqueológica de Izamal,512,110,387,110,663,489,581,165,465,305,448,105,590,120,885,275,425,75,295,75,421,110,412,110
1999,Yucatán,3120135,Zona Arqueológica de Xcambó,0,0,0,0,0,0,0,0,0,0,0,0,0,0,0,0,0,0,0,0,0,0,0,0
1999,Zacatecas,3120003,Zona Arqueológica de Altavista o Chalchihuites con museo de sitio,502,25,331,5,2774,24,1285,23,447,62,375,36,742,28,634,48,299,8,419,14,388,9,672,24
1999,Zacatecas,3110022,Zona Arqueológica de La Quemada con museo de sitio,2891,208,3140,418,5445,240,5901,191,2860,92,4576,123,5858,282,5171,393,2787,159,3855,198,3140,173,3503,179
1999,Zacatecas,3120070,Zona Arqueológica de Las Ventanas,0,0,0,0,0,0,0,0,0,0,0,0,0,0,0,0,0,0,0,0,0,0,0,0
1998,Baja California,3120040,Zona Arqueológica de El Vallecito,0,0,0,0,0,0,0,0,0,0,0,0,0,0,0,0,0,0,0,0,0,0,0,0
1998,Baja California Sur,3120007,Zona Arqueológica de San Francisco de la Sierra,192,315,96,491,156,545,701,324,114,132,120,51,161,86,98,55,85,59,152,70,171,235,152,349
1998,Campeche,3120005,Zona Arqueológica de Balamkú,215,118,35,74,34,101,34,101,26,12,35,22,244,56,481,31,109,21,44,27,22,148,872,212
1998,Campeche,3110002,Zona Arqueológica de Becán,984,463,737,599,731,550,1605,389,651,229,894,162,1218,280,713,421,317,299,407,310,343,650,1378,406
1998,Campeche,3120008,Zona Arqueológica de Calakmul,222,64,731,241,665,104,851,192,854,127,695,101,735,96,752,182,145,86,318,79,409,138,1054,146
1998,Campeche,3120017,Zona Arqueológica de Chicanná,732,386,167,521,238,462,1400,356,411,204,474,114,884,271,595,285,129,311,362,236,292,323,759,154
1998,Campeche,3120020,Zona Arqueológica de Chunhuhub,2,0,0,2,7,0,2,0,0,0,9,0,0,2,0,0,4,0,6,0,2,0,5,2
1998,Campeche,3110011,Zona Arqueológica de Dzibilnocac,51,0,142,9,230,10,160,4,225,5,125,0,264,55,307,4,84,0,217,13,301,4,327,7
1998,Campeche,3110012,Zona Arqueológica de Edzná,3145,777,2374,652,1591,777,4579,475,1270,296,1721,207,8274,576,3302,687,903,404,1306,732,2847,615,4504,646
1998,Campeche,3110017,Zona Arqueológica de El Tigre,0,0,0,0,0,0,0,0,0,0,0,0,0,0,0,0,0,0,0,0,0,0,0,0
1998,Campeche,3120042,Zona Arqueológica de Hochob,434,4,532,19,296,38,817,17,223,10,334,17,220,7,316,57,167,28,279,18,333,39,972,14
1998,Campeche,3120043,Zona Arqueológica de Hormiguero,0,0,0,0,0,0,24,12,0,0,0,0,0,0,118,22,8,10,68,15,39,67,228,18
1998,Campeche,3120058,Zona Arqueológica de Kankí,0,0,0,0,0,0,0,0,0,0,0,0,0,0,0,0,0,0,0,0,0,0,0,0
1998,Campeche,3120079,Zona Arqueológica de Nadzcaan,0,0,0,0,0,0,0,0,0,0,0,0,0,0,0,0,0,0,0,0,0,0,0,0
1998,Campeche,3120096,Zona Arqueológica de Santa Rosa Xtampak,53,5,115,7,216,10,364,5,52,5,153,17,216,21,416,15,95,3,137,6,199,17,728,9
1998,Campeche,3120118,Zona Arqueológica de Tohcok,0,0,0,0,0,0,0,0,0,0,0,0,0,0,0,0,0,0,0,0,0,0,0,0
1998,Campeche,3120125,Zona Arqueológica de Xcalumkín,16,0,0,0,94,0,61,0,24,0,16,0,8,4,15,0,16,0,12,0,30,0,7,10
1998,Campeche,3110041,Zona Arqueológica de Xpuhil,403,386,205,265,235,311,692,290,174,140,336,74,663,285,467,345,97,130,112,230,112,283,701,264
1998,Campeche,3120098,Zona Arqueológica de Tabasqueño,38,0,16,0,19,0,5,1,1,0,0,14,6,0,0,0,6,0,3,0,0,0,71,15
1998,Chiapas,3110004,Zona Arqueológica de Bonampak,1928,2464,1619,1372,250,370,510,213,0,0,0,0,0,0,0,0,0,0,0,0,0,0,0,0
1998,Chiapas,3120019,Zona Arqueológica de Chincultic,297,297,1320,735,650,50,1400,250,300,50,166,102,154,141,1100,100,150,50,1000,30,1050,35,1500,80
1998,Chiapas,3110018,Zona Arqueológica de Izapa,274,194,282,170,120,1,90,38,376,79,272,72,145,150,98,27,51,38,70,10,97,51,152,25
1998,Chiapas,3110026,"Zona Arqueológica de Palenque con museo ""Alberto Ruz L´Huiller""",17362,17581,16090,16304,14737,15854,25426,16334,14955,9270,13445,12607,25263,15415,18624,24414,7222,7787,12288,15018,7221,12769,17375,13618
1998,Chiapas,3120103,Zona Arqueológica de Tenam Puente,174,106,249,197,167,125,4021,110,1710,67,140,39,2177,87,2773,62,1277,56,1517,71,1545,45,4135,112
1998,Chiapas,3110035,Zona Arqueológica de Toniná con museo de sitio,1119,381,548,224,1085,300,2941,312,1080,160,365,277,1299,395,1778,685,744,300,626,182,982,450,2959,536
1998,Chiapas,3110044,Zona Arqueológica de Yaxchilán,1931,1699,1084,326,0,0,0,0,0,0,0,0,0,0,0,0,0,0,0,0,0,0,0,0
1998,Chiapas,3220004,Zona Arqueológica de Chiapa de Corzo,0,0,0,0,0,0,0,0,0,0,0,0,0,0,0,0,0,0,0,0,0,0,0,0
1998,Chiapas,3220028,Zona Arqueológica de Lagartero,0,0,0,0,0,0,0,0,0,0,0,0,0,0,0,0,0,0,0,0,0,0,0,0
1998,Chiapas,3120134,Zona Arqueológica de Iglesia Vieja,0,0,0,0,0,0,0,0,0,0,0,0,0,0,0,0,0,0,0,0,0,0,0,0
1998,Chihuahua,3110028,Zona Arqueológica de Paquimé con Museo de las Culturas del Norte,1923,523,1720,253,2975,1005,15249,2544,9271,2131,8047,1563,9074,1300,8597,1455,4940,1263,7069,1514,5612,1072,5725,1006
1998,Chihuahua,3110010,Zona Arqueológica de Cuarenta Casas,117,3,55,0,195,18,2480,24,762,24,310,77,1145,48,1648,47,422,6,392,11,382,26,363,28
1998,Chihuahua,3120027,Zona Arqueológica de Cueva de la Olla,0,0,0,0,0,0,0,0,0,0,0,0,0,0,0,0,0,0,0,0,0,0,0,0
1998,Chihuahua,3120028,Zona Arqueológica de Cueva Grande,0,0,0,0,0,0,0,0,0,0,0,0,0,0,0,0,0,0,0,0,0,0,0,0
1998,Chihuahua,3120049,Zona Arqueológica de Huapoca,0,0,0,0,0,0,0,0,0,0,0,0,0,0,0,0,0,0,0,0,0,0,0,0
1998,Ciudad de México,3120013,Zona Arqueológica de Cerro de la Estrella,0,0,0,0,0,0,0,0,471,0,1066,0,2967,1636,2900,0,2688,0,3461,0,862,0,1645,89
1998,Ciudad de México,3120029,Zona Arqueológica de Cuicuilco con museo de sitio,6563,162,8157,250,16574,1200,5523,231,3794,0,4894,120,3650,1500,5356,375,6786,358,6380,382,6226,1153,4150,450
1998,Ciudad de México,3120116,Zona Arqueológica de Tlatelolco con museo de sitio,1239,0,1441,0,1392,0,876,0,317,0,1021,0,76,0,115,0,59,0,1060,0,1455,0,68,1
1998,Colima,3120035,Zona Arqueológica de El Chanal,0,0,0,0,0,0,0,0,0,0,0,0,0,0,471,13,345,16,332,4,881,21,448,39
1998,Colima,3120059,Zona Arqueológica de La Campana,1079,807,830,945,1496,905,982,399,1568,54,2100,125,1894,95,1186,65,1258,47,1335,111,1807,253,1582,428
1998,Durango,3110020,Zona Arqueológica de La Ferrería con museo de sitio,0,0,0,0,0,0,0,0,0,0,0,0,1696,24,677,20,778,18,970,8,704,10,612,10
1998,Estado de México,3110001,Zona Arqueológica de Acozac,3810,0,1954,0,2437,0,2600,0,1060,0,1658,0,2197,0,1525,0,1462,0,1014,0,1074,0,375,0
1998,Estado de México,3110006,Zona Arqueológica de Calixtlahuaca,1175,70,1000,158,3721,71,1417,95,1809,62,1119,85,1220,101,750,162,697,45,565,63,1282,102,1153,53
1998,Estado de México,3120018,Zona Arqueológica de Chimalhuacán con museo de sitio,0,0,541,0,526,0,725,100,0,0,1177,35,623,40,497,26,412,24,711,45,986,43,451,13
1998,Estado de México,3110014,Zona Arqueológica de El Conde,27,0,75,0,58,0,23,0,71,0,40,0,25,0,25,0,45,0,28,0,32,0,32,0
1998,Estado de México,3120050,Zona Arqueológica de Huexotla,105,1,50,4,150,9,148,3,0,0,22,2,111,0,90,0,78,3,50,2,53,0,28,13
1998,Estado de México,3120072,Zona Arqueológica de Los Melones,297,0,391,0,0,0,301,0,352,0,224,0,0,0,280,0,256,0,303,0,274,0,288,0
1998,Estado de México,3120073,Zona Arqueológica de Los Reyes La Paz,439,0,377,0,415,0,465,0,318,0,360,0,563,0,561,0,310,0,319,0,373,0,495,0
1998,Estado de México,3120075,Zona Arqueológica de Malinalco,5776,129,2985,146,11362,154,8473,114,6887,156,4801,84,4937,170,4729,147,3222,190,3845,110,5934,180,4714,110
1998,Estado de México,3120095,"Zona Arqueológica de Santa Cecilia Acatitla con museo de la Escultura Mexica ""Eusebio Dávalos Hurtado""",701,36,856,45,1350,80,680,79,620,94,768,14,554,34,766,8,754,25,1140,31,1358,38,504,46
1998,Estado de México,3120104,Zona Arqueológica de Tenayuca I con museo Xólotl,947,45,593,35,3013,57,0,0,933,25,995,32,639,40,1290,25,969,40,1410,30,716,21,339,20
1998,Estado de México,3120129,Zona Arqueológica de Tenayuca II,0,0,0,0,0,0,0,0,36,10,34,10,41,3,38,11,41,8,41,3,16,2,14,4
1998,Estado de México,3110031,Zona Arqueológica Teotihuacan (con Museo de Sitio),159655,15705,149410,13740,635220,152376,308552,5500,162329,17786,152640,19685,247281,19572,276901,21727,152097,2060,200199,17741,203989,40201,212840,40620
1998,Estado de México,3110032,Zona Arqueológica de Tetzcotzinco,0,0,0,0,0,0,10000,200,8000,200,6200,0,8000,400,6000,200,5710,0,0,0,3900,200,9300,200
1998,Estado de México,3120115,Zona Arqueológica de Tlapacoya,1465,0,990,0,1135,2,1165,2,932,1,600,1,436,0,730,0,809,0,925,0,1020,0,565,0
1998,Estado de México,3120044,Zona Arqueológica de Huamango,0,0,0,0,0,0,0,0,0,0,0,0,0,0,0,0,0,0,0,0,0,0,0,0
1998,Estado de México,3120081,Zona Arqueológica de Ocoyoacac,0,0,0,0,0,0,0,0,0,0,0,0,0,0,0,0,0,0,0,0,0,0,0,0
1998,Estado de México,3120094,Zona Arqueológica de San Miguel Ixtapan,0,0,0,0,0,0,0,0,0,0,0,0,0,0,0,0,0,0,0,0,0,0,0,0
1998,Estado de México,3120108,Zona Arqueológica de Teotenango,0,0,0,0,0,0,0,0,0,0,0,0,0,0,0,0,0,0,0,0,0,0,0,0
1998,Guanajuato,3120085,Zona Arqueológica de Plazuelas,0,0,0,0,0,0,0,0,0,0,0,0,0,0,0,0,0,0,0,0,0,0,0,0
1998,Guanajuato,3220023,Zona Arqueológica de Peralta,0,0,0,0,0,0,0,0,0,0,0,0,0,0,0,0,0,0,0,0,0,0,0,0
1998,Guanajuato,3220022,Zona Arqueológica de Cañada de la Virgen,0,0,0,0,0,0,0,0,0,0,0,0,0,0,0,0,0,0,0,0,0,0,0,0
1998,Guanajuato,3120133,Zona Arqueológica El Cóporo,0,0,0,0,0,0,0,0,0,0,0,0,0,0,0,0,0,0,0,0,0,0,0,0
1998,Guerrero,3120046,Zona Arqueológica de Huamuxtitlán,23,0,31,0,48,0,41,0,50,0,54,0,70,0,75,0,31,0,73,0,67,0,87,0
1998,Guerrero,3120053,Zona Arqueológica de Ixcateopan,40,2,170,0,74,0,137,0,160,0,48,0,20,0,56,0,103,4,48,2,133,0,235,0
1998,Guerrero,3110021,Zona Arqueológica de La Organera Xochipala,323,0,182,0,260,0,307,0,92,0,228,0,166,0,126,0,278,0,170,0,160,0,193,0
1998,Guerrero,3120062,Zona Arqueológica de La Sabana,120,0,116,0,124,0,172,0,156,2,133,2,293,0,233,0,191,0,104,0,210,0,128,0
1998,Guerrero,3120026,Zona Arqueológica de Cuetlajuchitlán (Los Querende),55,3,21,22,27,3,30,0,25,0,35,0,54,0,45,0,105,0,25,0,40,0,35,0
1998,Guerrero,3120074,Zona Arqueológica de Los Tepoltzis,46,0,17,31,29,20,16,0,127,0,64,0,62,18,66,81,39,0,56,0,17,0,54,0
1998,Guerrero,3110027,Zona Arqueológica de Palma Sola,98,9,123,2,276,0,188,0,89,0,99,0,110,8,100,2,83,0,215,0,140,1,343,1
1998,Guerrero,3120106,Zona Arqueológica de Teopantecuanitlán,34,30,49,2,76,0,132,1,28,0,20,0,7,0,11,0,20,0,272,0,34,0,50,0
1998,Guerrero,3220027,Zona Arqueológica de Tehuacalco,0,0,0,0,0,0,0,0,0,0,0,0,0,0,0,0,0,0,0,0,0,0,0,0
1998,Guerrero,3120132,Zona Arqueológica Soledad de Maciel,0,0,0,0,0,0,0,0,0,0,0,0,0,0,0,0,0,0,0,0,0,0,0,0
1998,Hidalgo,3120048,Zona Arqueológica de Huapalcalco,206,2,135,5,195,0,541,25,557,7,297,3,287,28,200,6,401,16,111,3,213,0,246,6
1998,Hidalgo,3120110,Zona Arqueológica de Tepeapulco,1280,19,1140,16,1020,12,2100,50,1115,29,1045,1076,695,18,730,24,850,32,614,20,720,30,1464,32
1998,Hidalgo,3110036,Zona Arqueológica de Tula con museo de sitio,17452,6144,13237,3532,18697,1877,29066,1339,11574,716,8289,853,19649,705,16527,2558,11329,2590,8532,1859,23807,2253,17857,4943
1998,Hidalgo,3120136,Zona Arqueológica Pahñú,0,0,0,0,0,0,0,0,0,0,0,0,0,0,0,0,0,0,0,0,0,0,0,0
1998,Jalisco,3120036,Zona Arqueológica de El Grillo,165,14,229,19,261,138,294,104,225,32,299,175,345,4,261,138,220,6,225,32,856,198,243,6
1998,Jalisco,3120054,Zona Arqueológica de Ixtépete,856,99,686,89,760,125,764,127,916,632,339,225,812,241,760,125,572,299,916,632,1328,956,306,74
1998,Jalisco,3120113,Zona Arqueológica de Teuchitlán,0,0,0,0,0,0,0,0,0,0,0,0,0,0,0,0,0,0,0,0,0,0,0,0
1998,Michoacán,3120047,Zona Arqueológica de Huandacareo,61,0,91,0,270,18,372,0,130,0,101,0,154,0,52,0,90,2,56,0,37,0,205,4
1998,Michoacán,3120052,Zona Arqueológica de Ihuatzio,143,48,99,50,371,35,345,28,553,33,190,34,350,117,258,40,155,11,366,44,344,46,550,50
1998,Michoacán,3120091,Zona Arqueológica de San Felipe los Alzati,205,6,177,5,247,7,775,29,150,0,25,7,224,3,0,0,75,0,0,0,170,6,107,8
1998,Michoacán,3120114,Zona Arqueológica de Tingambato,170,5,193,7,249,9,1200,41,1820,57,186,15,187,15,100,14,100,8,189,11,214,18,670,65
1998,Michoacán,3120119,Zona Arqueológica de Tres Cerritos,70,0,70,0,55,0,120,0,50,0,30,0,0,0,56,0,110,0,65,0,55,0,0,0
1998,Michoacán,3120121,Zona Arqueológica de Tzintzuntzan con museo de sitio,7997,846,6790,585,2471,691,8077,1375,2347,537,1402,467,4708,1368,1652,592,1022,277,2584,553,6894,2293,3778,761
1998,Morelos,3110007,Zona Arqueológica de Chalcatzingo,950,90,1200,100,1170,120,1750,140,1385,60,615,42,1260,95,1385,115,1495,110,1070,12,1040,50,2260,125
1998,Morelos,3110040,Zona Arqueológica de Xochicalco con museo de sitio,3982,310,5291,505,22552,943,8000,214,9980,1832,8420,2761,12600,3150,9318,2856,4447,934,7762,1480,5620,580,5902,2359
1998,Morelos,3120021,Zona Arqueológica de Coatetelco con museo de sitio,221,9,112,2,170,11,187,8,160,1,290,1,96,7,479,3,61,2,174,5,419,1,372,11
1998,Morelos,3120069,Zona Arqueológica de Las Pilas,102,5,105,0,241,2,362,7,214,2,168,2,110,3,144,2,364,0,37,0,80,7,250,0
1998,Morelos,3120082,Zona Arqueológica de Olintepec,17,0,11,0,18,0,8,0,3,0,44,0,22,0,22,0,84,0,39,0,52,0,27,2
1998,Morelos,3120112,Zona Arqueológica de Tepozteco,4510,2490,5415,278,8819,1060,4443,715,4729,294,3654,407,6550,620,5595,545,3733,480,5015,430,7573,325,7450,404
1998,Morelos,3120107,Zona Arqueológica de Teopanzolco,1220,900,600,485,1434,900,907,565,3650,442,1000,410,1743,1100,731,400,326,350,1390,459,800,383,800,525
1998,Morelos,3110043,Zona Arqueológica de Yautepec,185,1,152,6,191,11,226,5,50,0,106,9,123,0,139,0,119,3,50,4,101,5,138,4
1998,Nayarit,3120055,Zona Arqueológica de Ixtlán del Río,600,575,744,388,674,355,1178,400,634,341,739,263,980,412,1371,350,416,300,832,542,968,502,1388,546
1998,Nuevo León,3110003,Zona Arqueológica de Boca de Potrerillos,212,10,118,31,169,22,504,7,157,0,72,11,92,10,187,12,193,7,66,101,270,12,71,8
1998,Oaxaca,3120031,Zona Arqueológica de Dainzú,1000,400,850,350,336,195,385,186,223,95,201,89,377,143,462,203,187,61,178,65,351,131,406,189
1998,Oaxaca,3120041,Zona Arqueológica de Guiengola,170,9,94,25,193,1,114,0,197,7,112,9,44,0,65,3,57,1,275,2,64,0,220,4
1998,Oaxaca,3120051,Zona Arqueológica de Huijazoo,237,64,50,74,269,88,1400,120,104,67,161,19,1862,268,1000,80,88,25,150,44,215,76,521,176
1998,Oaxaca,3120065,Zona Arqueológica de Lambityeco,224,240,163,240,163,196,535,0,286,167,134,100,380,237,190,130,95,85,150,172,190,253,355,186
1998,Oaxaca,3110024,Zona Arqueológica de Mitla,11239,5026,7002,6421,11268,7623,14637,4287,7623,2232,4608,2693,15205,4508,16607,4671,10849,4983,5790,8276,7742,9321,19026,2379
1998,Oaxaca,3110025,Zona Arqueológica de Monte Albán con museo de sitio,18008,4062,15556,17815,23001,20022,39772,18035,21684,11461,27415,11998,49551,14690,37426,17767,10270,11556,14747,16955,24291,19803,38451,10147
1998,Oaxaca,3110042,Zona Arqueológica de Yagul,799,1314,707,1224,724,1530,783,711,1377,700,522,98,1223,833,2898,1027,447,780,635,954,1499,1535,1278,1013
1998,Oaxaca,3110045,Zona Arqueológica de Zaachila,586,246,1100,306,1018,114,1028,259,899,179,415,109,1081,159,1052,162,374,101,377,129,899,128,1191,166
1998,Oaxaca,3120045,Zona Arqueológica de Huamelulpan,0,0,0,0,0,0,0,0,0,0,0,0,0,0,0,0,0,0,0,0,0,0,0,0
1998,Oaxaca,3120131,Zona Arqueológica de Bocana del Río Copalita (con museo de sitio),0,0,0,0,0,0,0,0,0,0,0,0,0,0,0,0,0,0,0,0,0,0,0,0
1998,Oaxaca,3220034,Zona Arqueológica de Atzompa,0,0,0,0,0,0,0,0,0,0,0,0,0,0,0,0,0,0,0,0,0,0,0,0
1998,Puebla,3120010,Zona Arqueológica de Cantona,1615,16,1875,21,1404,13,3454,4,1507,12,1207,10,1603,26,1421,21,1025,4,998,4,1469,17,1971,10
1998,Puebla,3110009,Zona Arqueológica de Cholula con museo de sitio,12570,1890,12498,1335,21153,2425,15202,3380,11793,1230,11629,1315,13179,4130,17732,3140,12729,2320,9511,2750,16202,2650,16204,1200
1998,Puebla,3120090,Zona Arqueológica de San Cristobal Tepatlaxco,130,0,101,0,154,0,133,0,173,0,70,3,185,0,197,0,141,0,163,0,235,0,150,0
1998,Puebla,3120109,Zona Arqueológica de Tepapayeca,20,0,18,0,20,0,13,0,20,0,20,0,23,0,9,0,15,0,22,0,8,0,15,0
1998,Puebla,3120111,Zona Arqueológica de Tepexi el Viejo,80,0,150,0,60,0,60,0,32,0,20,0,52,0,50,0,58,0,15,0,17,0,500,0
1998,Puebla,3120128,Zona Arqueológica de Yohualichan,2204,37,1212,30,1533,73,5031,70,2255,42,1287,53,2455,41,2486,71,1402,38,2226,39,2289,70,1794,36
1998,Querétaro,3110013,Zona Arqueológica de El Cerrito,0,0,0,0,383,4,138,0,67,1,34,6,160,13,432,7,82,4,57,2,27,0,0,0
1998,Querétaro,3110030,Zona Arqueológica de Ranas,1252,39,1220,64,1866,55,3975,75,1793,66,1807,34,2543,79,2186,109,615,13,1849,38,972,12,1089,39
1998,Querétaro,3110034,Zona Arqueológica de Toluquilla,524,3,170,3,642,4,737,6,421,12,332,4,407,4,401,6,289,2,129,4,628,5,279,9
1998,Querétaro,3220021,Zona Arqueológica de Tancama,0,0,0,0,0,0,0,0,0,0,0,0,0,0,0,0,0,0,0,0,0,0,0,0
1998,Quintana Roo,3110131,Zona Arqueológica de Calica,0,0,0,0,0,0,0,0,0,0,0,0,0,0,0,0,0,0,0,0,0,0,0,0
1998,Quintana Roo,3120022,Zona Arqueológica de Cobá,986,10648,873,8060,622,10501,897,8432,5587,310,392,5082,1109,5536,7285,520,777,5308,418,4803,569,6621,941,7453
1998,Quintana Roo,3120032,Zona Arqueológica de Dzibanché-Kinichná,1590,209,878,316,1083,262,3214,229,733,322,824,127,774,298,967,278,199,407,91,268,45,160,333,290
1998,Quintana Roo,3110015,Zona Arqueológica de El Meco,0,0,0,0,0,0,0,0,0,0,0,0,0,0,0,0,0,0,0,0,0,0,0,0
1998,Quintana Roo,3120038,Zona Arqueológica de El Rey,1083,1428,913,1382,1138,1410,1352,1264,870,986,744,738,1030,926,1117,1055,674,869,1329,961,710,1215,1361,1434
1998,Quintana Roo,3110019,Zona Arqueológica de Kohunlich,793,701,1036,714,697,890,1027,832,720,433,451,358,964,609,902,656,428,585,449,744,546,1013,919,530
1998,Quintana Roo,3120078,Zona Arqueológica de Muyil,71,103,53,88,53,102,53,108,53,53,33,32,33,37,33,34,30,9,50,22,102,116,177,91
1998,Quintana Roo,3120084,Zona Arqueológica de Oxtankah,852,38,1070,104,1085,86,2421,74,1653,181,1070,15,2468,44,1940,88,1464,31,846,43,723,51,985,59
1998,Quintana Roo,3110029,Zona Arqueológica de Playa del Carmen,0,0,0,0,0,0,0,0,0,0,0,0,0,0,0,0,0,0,0,0,0,0,0,0
1998,Quintana Roo,3120092,Zona Arqueológica de San Gervasio,1182,16005,1076,12560,1336,15057,1004,11783,1062,8147,812,7100,963,8877,633,7159,2264,2640,1492,4520,3933,6825,2420,8748
1998,Quintana Roo,3110037,Zona Arqueológica de Tulum,25449,41839,21433,33229,24156,37140,21723,53257,24356,26267,19088,30029,37641,30029,42929,33027,16442,20294,4535,33722,32845,27555,25189,30979
1998,Quintana Roo,3110038,Zona Arqueológica de Xcaret,0,0,0,0,0,0,0,0,0,0,0,0,0,0,0,0,0,0,0,0,0,5,0,5
1998,Quintana Roo,3110039,Zona Arqueológica de Xelhá,324,326,237,238,274,276,261,262,133,136,106,106,167,170,91,94,35,36,60,60,80,80,167,167
1998,Quintana Roo,3120014,Zona Arqueológica de Chacchoben,0,0,0,0,0,0,0,0,0,0,0,0,0,0,0,0,0,0,0,0,0,0,0,0
1998,Quintana Roo,3120087,Zona Arqueológica de Caracol-Punta Sur,0,0,0,0,0,0,0,0,0,0,0,0,0,0,0,0,0,0,0,0,0,0,0,0
1998,Sinaloa,322033,Zona Arqueológica Las Labradas,0,0,0,0,0,0,0,0,0,0,0,0,0,0,0,0,0,0,0,0,0,0,0,0
1998,Sonora,3210132,Zona Arqueológica de Cerro de las Trincheras,0,0,0,0,0,0,0,0,0,0,0,0,0,0,0,0,0,0,0,0,0,0,0,0
1998,Tabasco,3120023,Zona Arqueológica de Comalcalco con museo de sitio,3394,158,4229,120,6179,153,6730,168,4049,93,2688,89,4833,215,4812,128,1610,104,1766,55,2734,137,3796,276
1998,Tabasco,3110023,Zona Arqueológica de La Venta con museo de sitio,1195,59,1188,58,797,47,1204,40,888,9,574,22,716,63,859,36,357,31,413,22,975,82,981,27
1998,Tabasco,3120086,Zona Arqueológica de Pomoná con museo de sitio,250,26,305,17,206,5,296,1,416,11,410,4,291,3,357,1,147,0,135,2,81,0,300,0
1998,Tabasco,3120076,Zona Arqueológica de Malpasito,354,8,288,0,320,0,633,0,377,2,274,5,235,4,209,7,173,0,71,4,179,0,180,4
1998,Tabasco,3120089,Zona Arqueológica de Moral-Reforma,114,0,169,3,448,1,574,4,340,0,136,1,187,6,236,2,425,0,56,0,97,0,143,2
1998,Tabasco,3220017,Zona Arqueológica de San Claudio,24,0,44,0,54,0,24,0,24,0,137,0,67,0,56,0,39,0,108,0,63,4,167,0
1998,Tamaulipas,3120039,Zona Arqueológica de El Sabinito,0,0,0,0,0,0,181,13,69,11,110,19,107,14,39,7,21,7,55,4,106,32,44,44
1998,Tamaulipas,3120067,Zona Arqueológica de Las Flores,0,0,179,133,433,217,388,8,296,7,537,16,405,79,406,87,367,14,372,14,399,27,283,49
1998,Tamaulipas,3120006,Zona Arqueológica de Balcón de Montezuma,0,0,0,0,0,0,0,0,0,0,0,0,0,0,0,0,0,0,0,0,0,0,0,0
1998,Tlaxcala,3110005,Zona Arqueológica de Cacaxtla con museo de sitio,11389,471,8208,620,11133,736,13888,541,8953,466,7749,605,15385,1014,11294,754,11022,285,21957,577,13060,590,8228,195
1998,Tlaxcala,3110105,Zona Arqueológica de Xochitécatl con museo de sitio,4693,181,4742,147,7931,107,5098,55,4089,125,5267,212,4504,767,6274,394,2859,137,10950,285,5882,46,5171,121
1998,Tlaxcala,3110033,Zona Arqueológica de Tizatlán con museo de sitio,0,358,110,44,0,540,244,63,286,0,122,0,248,0,227,0,69,0,355,0,257,0,281,22
1998,Tlaxcala,3120080,Zona Arqueológica de Ocotelulco con museo de sitio,0,0,0,0,0,0,0,0,0,0,0,0,0,0,0,0,0,0,0,0,0,0,0,0
1998,Tlaxcala,3120101,Zona Arqueológica de Tecoaque,0,0,0,0,0,0,0,0,0,0,0,0,0,0,0,0,0,0,0,0,0,0,0,0
1998,Veracruz,3120011,Zona Arqueológica de Castillo de Teayo con museo de sitio,97,4,112,8,107,6,305,4,245,0,269,4,208,13,243,0,121,0,83,0,152,4,351,2
1998,Veracruz,3120012,Zona Arqueológica de Cempoala con museo de sitio,3912,231,3459,312,6164,345,5942,230,9946,168,8445,235,5494,293,3592,115,3577,175,2381,121,3386,126,5687,223
1998,Veracruz,3120068,Zona Arqueológica de Las Higueras con museo de sitio,1297,66,938,122,1033,125,4372,105,2548,96,1391,20,1835,61,2465,100,858,41,622,37,1146,85,1409,65
1998,Veracruz,3120093,Zona Arqueológica de San Lorenzo Tenochtitlan con museo de sitio,117,5,207,6,136,9,380,2,206,3,142,3,134,13,120,8,159,1,107,3,148,30,223,3
1998,Veracruz,3110016,Zona Arqueológica de El Tajín,15432,2818,11839,5142,19910,7951,30504,12780,18523,12120,11896,5742,24516,14336,24210,16290,9746,3218,8170,3079,8436,4241,33408,19156
1998,Veracruz,3220012,Zona Arqueológica de Cuauhtochco,33,0,20,0,79,0,153,4,124,2,88,6,8,0,13,0,0,0,0,0,0,0,0,0
1998,Veracruz,3120123,Zona Arqueológica de Vega de la Peña,0,0,0,0,0,0,0,0,0,0,0,0,0,0,0,0,0,0,0,0,0,0,0,0
1998,Veracruz,3120088,Zona Arqueológica de Quiahuitztlán,1200,86,801,155,1314,132,3290,52,1738,94,749,101,1455,130,1406,94,557,137,890,44,1019,107,1398,118
1998,Veracruz,3120024,Zona Arqueológica de Cuajilote,0,0,0,0,0,0,0,0,0,0,0,0,0,0,0,0,0,0,0,0,0,0,0,0
1998,Veracruz,3120030,Zona Arqueológica de Cuyuxquihui,150,0,71,0,850,0,402,0,117,0,92,2,66,0,146,2,62,0,50,0,50,0,153,1
1998,Veracruz,3220014,Zona Arqueológica de Las Limas,4,0,2,0,7,0,4,0,5,0,4,2,3,0,4,0,3,0,9,0,2,0,7,0
1998,Veracruz,3220013,Zona Arqueológica El Zapotal,0,0,0,0,0,0,0,0,0,0,0,0,0,0,0,0,0,0,0,0,0,0,0,0
1998,Veracruz,3220015,Zona Arqueológica de Palmillas,0,0,0,0,0,0,0,0,0,0,0,0,0,0,0,0,0,0,0,0,0,0,0,0
1998,Yucatán,3120001,Zona Arqueológica de Acanceh,92,45,73,29,126,31,139,333,222,19,161,19,200,39,127,25,123,18,140,162,86,36,521,45
1998,Yucatán,3120002,Zona Arqueológica de Aké,1411,251,673,63,765,90,1536,93,771,39,561,11,699,23,1091,67,485,13,418,19,426,32,742,371
1998,Yucatán,3120004,Zona Arqueológica de Balamcanché,1381,714,777,480,1157,456,1066,535,990,622,856,241,1018,488,1876,720,656,297,755,417,886,322,1272,537
1998,Yucatán,3120015,Zona Arqueológica de Chacmultún,277,17,232,50,583,20,160,12,109,10,175,20,227,20,53,15,228,18,233,33,227,26,308,31
1998,Yucatán,3110008,Zona Arqueológica de Chichén Itzá,47131,55230,51496,43750,81619,44757,38700,55842,25320,34280,24150,40743,48900,35231,66760,45079,31760,29340,39833,41962,33924,37876,60720,61057
1998,Yucatán,3120033,Zona Arqueológica de Dzibilchaltún con museo del Pueblo Maya,5360,2966,2653,292,1800,600,3510,916,4069,1341,3747,1303,2786,1004,2810,1550,1075,284,3810,388,4379,1580,5311,1086
1998,Yucatán,3120034,Zona Arqueológica de Ekbalam,1261,186,1077,118,890,126,1490,109,1148,102,515,96,641,96,916,189,411,110,619,273,590,129,647,116
1998,Yucatán,3120057,Zona Arqueológica de Kabah,4053,4914,1541,5517,2366,6007,2277,7181,1641,3613,1364,1971,1946,2744,3423,6830,1596,3029,2232,10094,2120,6980,1815,4047
1998,Yucatán,3120064,Zona Arqueológica de Labná,1342,1500,1338,800,1606,1000,1418,900,1340,463,1004,310,1125,800,1037,1300,640,800,1758,800,2444,1000,1391,800
1998,Yucatán,3120071,Zona Arqueológica de Loltún,8684,1430,3689,1197,6859,1290,8975,1211,6319,941,6879,832,8094,779,8610,1205,2255,872,7489,776,5748,960,1572,785
1998,Yucatán,3120077,Zona Arqueológica de Mayapán,1625,304,733,272,728,140,1784,155,1378,160,517,86,1175,85,648,135,574,67,1173,105,759,105,1020,365
1998,Yucatán,3120097,Zona Arqueológica de Sayil,1317,2757,1568,1225,1838,1900,1932,1750,1626,1027,1560,400,998,1000,1950,1594,922,927,2046,1210,2594,900,1861,1591
1998,Yucatán,3120122,Zona Arqueológica de Uxmal con museo de sitio,22947,21207,19663,16713,19329,19000,21803,21385,20519,8500,11772,11463,18790,13936,23870,17399,11540,9862,15226,16212,16786,16962,21801,24306
1998,Yucatán,3120126,Zona Arqueológica de Xlapak,1798,893,1173,600,911,500,1569,485,1330,361,664,230,1168,509,1167,738,554,500,660,116,862,409,599,406
1998,Yucatán,3120083,Zona Arqueológica de Oxkintok,446,98,801,83,913,19,623,38,200,83,120,7,380,16,413,29,381,18,366,24,550,59,869,74
1998,Yucatán,3120056,Zona Arqueológica de Izamal,550,80,403,120,394,160,431,160,425,145,398,90,381,85,349,90,456,70,376,95,479,105,583,190
1998,Yucatán,3120135,Zona Arqueológica de Xcambó,0,0,0,0,0,0,0,0,0,0,0,0,0,0,0,0,0,0,0,0,0,0,0,0
1998,Zacatecas,3120003,Zona Arqueológica de Altavista o Chalchihuites con museo de sitio,393,16,294,7,1855,12,1144,18,451,13,178,22,680,63,373,35,582,6,435,8,592,9,750,35
1998,Zacatecas,3110022,Zona Arqueológica de La Quemada con museo de sitio,3146,215,2601,207,4428,198,6908,112,3636,83,4546,221,4422,1671,4810,207,2241,128,3746,125,3233,222,3650,167
1998,Zacatecas,3120070,Zona Arqueológica de Las Ventanas,0,0,0,0,0,0,0,0,0,0,0,0,0,0,0,0,0,0,0,0,0,0,0,0
1997,Baja California,3120040,Zona Arqueológica de El Vallecito,0,0,0,0,0,0,0,0,0,0,0,0,0,0,0,0,0,0,0,0,0,0,0,0
1997,Baja California Sur,3120007,Zona Arqueológica de San Francisco de la Sierra,165,281,205,549,493,341,213,204,136,57,0,14,180,73,71,111,29,12,126,100,81,65,94,243
1997,Campeche,3120005,Zona Arqueológica de Balamkú,73,82,64,171,28,23,31,16,23,6,156,38,103,20,87,46,19,24,74,15,17,16,766,198
1997,Campeche,3110002,Zona Arqueológica de Becán,507,448,230,515,699,1227,392,269,463,494,816,167,805,302,528,334,350,502,434,329,1183,459,1273,462
1997,Campeche,3120008,Zona Arqueológica de Calakmul,480,290,346,221,769,135,494,138,275,80,417,111,198,48,1722,98,179,107,205,22,206,46,869,231
1997,Campeche,3120017,Zona Arqueológica de Chicanná,309,406,256,374,572,333,298,202,244,185,536,158,679,298,486,206,129,427,202,463,179,316,1397,457
1997,Campeche,3120020,Zona Arqueológica de Chunhuhub,0,0,0,0,0,0,0,0,0,0,0,0,0,0,0,0,0,0,0,0,2,0,2,0
1997,Campeche,3110011,Zona Arqueológica de Dzibilnocac,106,11,102,11,214,7,63,2,200,5,121,4,331,14,300,6,66,20,127,2,60,3,472,5
1997,Campeche,3110012,Zona Arqueológica de Edzná,1977,545,1454,573,4063,552,1956,403,1661,335,1715,265,3950,617,3111,750,513,375,906,763,1562,876,3228,791
1997,Campeche,3110017,Zona Arqueológica de El Tigre,0,0,0,0,0,0,0,0,0,0,0,0,0,0,0,0,0,0,0,0,0,0,0,0
1997,Campeche,3120042,Zona Arqueológica de Hochob,55,2,14,4,117,2,27,13,99,21,89,2,71,14,267,6,77,0,84,13,269,2,0,0
1997,Campeche,3120043,Zona Arqueológica de Hormiguero,0,0,0,0,0,0,0,0,0,0,0,0,0,0,0,0,0,0,0,0,4,1,18,1
1997,Campeche,3120058,Zona Arqueológica de Kankí,0,0,0,0,0,0,0,0,0,0,0,0,0,0,0,0,0,0,0,0,0,0,0,0
1997,Campeche,3120079,Zona Arqueológica de Nadzcaan,0,0,0,0,0,0,0,0,0,0,0,0,0,0,0,0,0,0,0,0,0,0,0,0
1997,Campeche,3120096,Zona Arqueológica de Santa Rosa Xtampak,29,3,110,10,24,3,4,0,34,0,32,7,23,3,10,1,13,1,18,0,22,2,124,7
1997,Campeche,3120118,Zona Arqueológica de Tohcok,0,0,0,0,0,0,0,0,0,0,0,0,0,0,0,0,0,0,0,0,0,0,0,0
1997,Campeche,3120125,Zona Arqueológica de Xcalumkín,41,0,25,0,0,0,39,1,10,1,0,0,8,0,6,0,0,0,13,0,40,0,0,0
1997,Campeche,3110041,Zona Arqueológica de Xpuhil,214,409,78,457,445,243,445,243,252,131,263,113,577,248,520,198,342,81,236,359,486,229,797,216
1997,Campeche,3120098,Zona Arqueológica de Tabasqueño,23,0,1,5,1,0,3,1,0,0,7,2,11,0,0,0,0,0,0,0,21,0,0,0
1997,Chiapas,3110004,Zona Arqueológica de Bonampak,0,0,0,0,1152,175,0,0,0,0,0,0,2169,3250,0,0,2179,1764,5132,2289,1172,1211,795,905
1997,Chiapas,3120019,Zona Arqueológica de Chincultic,425,82,430,70,3300,100,700,100,258,122,312,150,397,15,1850,150,336,244,430,290,450,375,527,234
1997,Chiapas,3110018,Zona Arqueológica de Izapa,570,58,528,301,461,61,475,20,198,93,0,0,195,21,205,47,134,100,265,612,253,332,334,579
1997,Chiapas,3110026,"Zona Arqueológica de Palenque con museo ""Alberto Ruz L´Huiller""",12400,11470,12988,10211,16302,21152,19755,8315,14613,11432,9395,8667,16764,19360,18345,22712,10891,9427,21420,15965,11900,10798,15809,12450
1997,Chiapas,3120103,Zona Arqueológica de Tenam Puente,0,0,0,0,0,0,0,0,0,0,0,0,0,0,0,0,0,0,0,0,2047,131,0,0
1997,Chiapas,3110035,Zona Arqueológica de Toniná con museo de sitio,1605,746,1033,369,2489,381,1273,239,1273,239,962,196,1857,333,1467,563,508,260,749,0,661,367,1029,527
1997,Chiapas,3110044,Zona Arqueológica de Yaxchilán,0,0,0,0,0,0,0,0,0,0,0,0,0,0,0,0,0,0,0,0,0,0,971,578
1997,Chiapas,3220004,Zona Arqueológica de Chiapa de Corzo,0,0,0,0,0,0,0,0,0,0,0,0,0,0,0,0,0,0,0,0,0,0,0,0
1997,Chiapas,3220028,Zona Arqueológica de Lagartero,0,0,0,0,0,0,0,0,0,0,0,0,0,0,0,0,0,0,0,0,0,0,0,0
1997,Chiapas,3120134,Zona Arqueológica de Iglesia Vieja,0,0,0,0,0,0,0,0,0,0,0,0,0,0,0,0,0,0,0,0,0,0,0,0
1997,Chihuahua,3110028,Zona Arqueológica de Paquimé con Museo de las Culturas del Norte,1097,203,1420,212,7061,786,3169,637,2667,490,2795,451,0,0,2345,117,1791,222,2593,656,1811,421,823,198
1997,Chihuahua,3110010,Zona Arqueológica de Cuarenta Casas,193,5,175,4,3090,23,361,21,0,0,0,0,1600,186,1253,93,606,15,367,26,353,24,0,0
1997,Chihuahua,3120027,Zona Arqueológica de Cueva de la Olla,0,0,0,0,0,0,0,0,0,0,0,0,0,0,0,0,0,0,0,0,0,0,0,0
1997,Chihuahua,3120028,Zona Arqueológica de Cueva Grande,0,0,0,0,0,0,0,0,0,0,0,0,0,0,0,0,0,0,0,0,0,0,0,0
1997,Chihuahua,3120049,Zona Arqueológica de Huapoca,0,0,0,0,0,0,0,0,0,0,0,0,0,0,0,0,0,0,0,0,0,0,0,0
1997,Ciudad de México,3120013,Zona Arqueológica de Cerro de la Estrella,0,0,0,0,0,0,0,0,0,0,0,0,0,0,0,0,349,0,0,0,0,0,0,0
1997,Ciudad de México,3120029,Zona Arqueológica de Cuicuilco con museo de sitio,3243,238,4450,215,5343,460,4405,400,3280,153,1803,400,5703,288,6310,248,9570,730,8462,215,7583,298,5000,415
1997,Ciudad de México,3120116,Zona Arqueológica de Tlatelolco con museo de sitio,195,0,255,0,739,0,559,0,653,0,646,0,318,0,626,194,555,0,1079,0,1461,0,875,0
1997,Colima,3120035,Zona Arqueológica de El Chanal,0,0,0,0,0,0,0,0,0,0,0,0,0,0,0,0,0,0,0,0,0,0,0,0
1997,Colima,3120059,Zona Arqueológica de La Campana,877,753,1615,585,1545,590,1513,689,788,97,1042,536,816,323,1188,50,827,33,3032,61,1055,368,1281,486
1997,Durango,3110020,Zona Arqueológica de La Ferrería con museo de sitio,0,0,0,0,0,0,0,0,0,0,0,0,0,0,0,0,0,0,0,0,0,0,0,0
1997,Estado de México,3110001,Zona Arqueológica de Acozac,2302,0,2431,0,3133,5,1358,4,2460,3,2025,5,2295,0,2986,0,2046,0,3142,8,2535,0,2700,0
1997,Estado de México,3110006,Zona Arqueológica de Calixtlahuaca,669,44,593,41,3040,74,793,56,1829,76,853,31,880,91,871,89,1313,27,2975,48,1078,102,1566,86
1997,Estado de México,3120018,Zona Arqueológica de Chimalhuacán con museo de sitio,0,0,0,0,0,0,360,0,0,0,334,0,595,0,545,3,1394,0,0,0,0,0,595,25
1997,Estado de México,3110014,Zona Arqueológica de El Conde,65,0,0,0,110,0,15,0,50,0,20,0,30,0,25,0,25,0,18,0,25,0,15,0
1997,Estado de México,3120050,Zona Arqueológica de Huexotla,62,0,41,0,190,0,47,0,43,0,44,19,54,0,41,10,47,0,95,8,60,0,41,4
1997,Estado de México,3120072,Zona Arqueológica de Los Melones,252,0,271,0,299,0,325,0,272,0,253,0,368,0,383,0,207,0,425,0,283,0,0,0
1997,Estado de México,3120073,Zona Arqueológica de Los Reyes La Paz,258,0,287,0,0,0,808,0,544,0,491,0,491,0,575,0,355,0,331,0,342,0,332,0
1997,Estado de México,3120075,Zona Arqueológica de Malinalco,4867,101,5077,111,11636,149,6735,34,5619,97,4956,84,4735,147,7271,102,3978,73,5736,142,7031,113,6162,106
1997,Estado de México,3120095,"Zona Arqueológica de Santa Cecilia Acatitla con museo de la Escultura Mexica ""Eusebio Dávalos Hurtado""",919,42,691,72,0,2134,1142,62,742,80,1322,68,718,55,826,36,674,30,816,124,1277,132,680,32
1997,Estado de México,3120104,Zona Arqueológica de Tenayuca I con museo Xólotl,794,90,877,50,3660,50,1113,40,999,50,1024,65,702,80,823,65,645,50,1070,40,1293,50,944,40
1997,Estado de México,3120129,Zona Arqueológica de Tenayuca II,0,0,0,0,0,0,0,0,0,0,0,0,0,0,0,0,0,0,0,0,0,0,0,0
1997,Estado de México,3110031,Zona Arqueológica Teotihuacan (con Museo de Sitio),220012,33000,315000,31200,630000,110000,95605,13000,113577,4800,106617,5400,213065,20300,287005,28000,128200,15200,146800,17300,143250,18950,159500,15757
1997,Estado de México,3110032,Zona Arqueológica de Tetzcotzinco,0,0,0,0,0,0,9200,100,6000,150,10000,200,0,0,850,0,4500,300,3700,50,4500,50,0,0
1997,Estado de México,3120115,Zona Arqueológica de Tlapacoya,690,0,873,0,1525,3,1109,2,875,2,741,0,1468,0,956,0,890,0,788,2,1185,4,1028,3
1997,Estado de México,3120044,Zona Arqueológica de Huamango,0,0,0,0,0,0,0,0,0,0,0,0,0,0,0,0,0,0,0,0,0,0,0,0
1997,Estado de México,3120081,Zona Arqueológica de Ocoyoacac,0,0,0,0,0,0,0,0,0,0,0,0,0,0,0,0,0,0,0,0,0,0,0,0
1997,Estado de México,3120094,Zona Arqueológica de San Miguel Ixtapan,0,0,0,0,0,0,0,0,0,0,0,0,0,0,0,0,0,0,0,0,0,0,0,0
1997,Estado de México,3120108,Zona Arqueológica de Teotenango,0,0,0,0,0,0,0,0,0,0,0,0,0,0,0,0,0,0,0,0,0,0,0,0
1997,Guanajuato,3120085,Zona Arqueológica de Plazuelas,0,0,0,0,0,0,0,0,0,0,0,0,0,0,0,0,0,0,0,0,0,0,0,0
1997,Guanajuato,3220023,Zona Arqueológica de Peralta,0,0,0,0,0,0,0,0,0,0,0,0,0,0,0,0,0,0,0,0,0,0,0,0
1997,Guanajuato,3220022,Zona Arqueológica de Cañada de la Virgen,0,0,0,0,0,0,0,0,0,0,0,0,0,0,0,0,0,0,0,0,0,0,0,0
1997,Guanajuato,3120133,Zona Arqueológica El Cóporo,0,0,0,0,0,0,0,0,0,0,0,0,0,0,0,0,0,0,0,0,0,0,0,0
1997,Guerrero,3120046,Zona Arqueológica de Huamuxtitlán,12,0,24,0,32,0,14,0,36,0,0,0,58,0,32,0,33,0,28,0,48,0,57,0
1997,Guerrero,3120053,Zona Arqueológica de Ixcateopan,16,0,305,0,135,0,27,0,42,0,0,0,138,0,55,0,112,0,116,0,30,2,186,14
1997,Guerrero,3110021,Zona Arqueológica de La Organera Xochipala,190,0,110,0,291,0,103,0,104,0,0,0,250,0,187,0,41,0,137,0,115,0,223,0
1997,Guerrero,3120062,Zona Arqueológica de La Sabana,0,0,0,0,0,0,0,0,0,0,0,0,0,0,0,0,0,0,0,0,0,0,0,0
1997,Guerrero,3120026,Zona Arqueológica de Cuetlajuchitlán (Los Querende),18,2,17,0,22,0,22,0,20,0,0,0,34,0,19,0,32,0,25,0,25,0,55,0
1997,Guerrero,3120074,Zona Arqueológica de Los Tepoltzis,0,0,11,8,19,0,18,13,27,0,0,0,127,35,17,74,17,9,29,12,20,22,14,7
1997,Guerrero,3110027,Zona Arqueológica de Palma Sola,0,0,0,0,0,0,0,0,0,0,0,0,0,0,0,0,0,0,0,0,0,0,0,0
1997,Guerrero,3120106,Zona Arqueológica de Teopantecuanitlán,15,0,20,0,102,0,79,0,18,0,0,0,53,0,20,0,18,2,8,0,35,0,38,0
1997,Guerrero,3220027,Zona Arqueológica de Tehuacalco,0,0,0,0,0,0,0,0,0,0,0,0,0,0,0,0,0,0,0,0,0,0,0,0
1997,Guerrero,3120132,Zona Arqueológica Soledad de Maciel,0,0,0,0,0,0,0,0,0,0,0,0,0,0,0,0,0,0,0,0,0,0,0,0
1997,Hidalgo,3120048,Zona Arqueológica de Huapalcalco,278,33,632,14,410,0,453,0,270,4,486,4,250,2,560,0,206,0,297,6,215,0,383,20
1997,Hidalgo,3120110,Zona Arqueológica de Tepeapulco,1010,15,2170,3,2700,18,3030,31,1900,32,1660,35,1800,34,1040,35,1080,20,700,30,1069,10,1320,24
1997,Hidalgo,3110036,Zona Arqueológica de Tula con museo de sitio,9626,5358,9730,5530,54720,14620,15890,4290,10580,5175,9075,3877,16031,8366,16127,7424,17594,5537,13004,4366,11706,5209,20168,11665
1997,Hidalgo,3120136,Zona Arqueológica Pahñú,0,0,0,0,0,0,0,0,0,0,0,0,0,0,0,0,0,0,0,0,0,0,0,0
1997,Jalisco,3120036,Zona Arqueológica de El Grillo,240,77,189,79,328,12,252,87,130,34,0,0,487,97,100,20,205,71,239,136,125,28,190,10
1997,Jalisco,3120054,Zona Arqueológica de Ixtépete,317,140,288,140,311,91,342,137,324,99,0,0,1197,14,611,87,370,175,352,154,326,142,760,95
1997,Jalisco,3120113,Zona Arqueológica de Teuchitlán,0,0,0,0,0,0,0,0,0,0,0,0,0,0,0,0,0,0,0,0,0,0,0,0
1997,Michoacán,3120047,Zona Arqueológica de Huandacareo,50,0,110,2,145,11,139,0,125,3,53,0,80,0,145,0,13,0,9,0,20,0,34,2
1997,Michoacán,3120052,Zona Arqueológica de Ihuatzio,268,42,176,34,424,38,303,22,343,11,286,7,320,37,312,36,166,43,270,41,455,47,189,42
1997,Michoacán,3120091,Zona Arqueológica de San Felipe los Alzati,0,0,160,0,463,13,180,0,95,0,105,0,294,2,225,7,0,0,85,6,0,0,0,0
1997,Michoacán,3120114,Zona Arqueológica de Tingambato,191,0,336,0,768,52,280,5,205,15,242,12,397,22,205,10,155,7,235,9,173,11,900,20
1997,Michoacán,3120119,Zona Arqueológica de Tres Cerritos,0,0,48,0,85,0,35,0,0,0,0,0,0,0,0,0,0,0,0,0,0,0,0,0
1997,Michoacán,3120121,Zona Arqueológica de Tzintzuntzan con museo de sitio,4403,793,12080,634,9252,1190,3423,440,4312,600,3301,459,8264,1224,8003,1180,5074,663,4658,561,14301,639,12486,1321
1997,Morelos,3110007,Zona Arqueológica de Chalcatzingo,1620,55,600,44,1250,130,840,55,1055,80,930,50,970,54,870,53,840,99,608,45,700,40,1150,75
1997,Morelos,3110040,Zona Arqueológica de Xochicalco con museo de sitio,6144,2726,7450,1750,36730,6600,10186,2196,8635,1329,10008,1301,10980,2200,9138,2260,8800,2100,8700,1300,8960,1940,10000,3500
1997,Morelos,3120021,Zona Arqueológica de Coatetelco con museo de sitio,111,30,293,17,499,5,230,4,127,10,180,25,141,3,191,10,148,4,160,8,393,0,235,8
1997,Morelos,3120069,Zona Arqueológica de Las Pilas,50,25,46,0,275,6,171,0,154,0,93,3,37,0,56,2,42,2,33,0,77,9,360,4
1997,Morelos,3120082,Zona Arqueológica de Olintepec,0,0,0,0,0,0,0,0,0,0,0,0,0,0,0,0,0,0,0,0,0,0,0,0
1997,Morelos,3120112,Zona Arqueológica de Tepozteco,6200,800,5700,700,8750,1040,7285,540,6250,660,7500,820,8250,1025,8950,2250,5250,1000,7100,1100,6900,1300,8200,1300
1997,Morelos,3120107,Zona Arqueológica de Teopanzolco,1200,500,950,250,1353,157,872,84,960,50,899,150,749,301,783,300,665,257,1214,328,1045,220,715,439
1997,Morelos,3110043,Zona Arqueológica de Yautepec,0,0,0,0,0,0,0,0,0,0,0,0,0,0,0,0,0,0,0,0,0,0,0,0
1997,Nayarit,3120055,Zona Arqueológica de Ixtlán del Río,724,235,1130,40,542,79,457,48,497,57,719,217,1415,271,1079,389,2340,390,732,480,662,728,1560,265
1997,Nuevo León,3110003,Zona Arqueológica de Boca de Potrerillos,0,0,0,0,0,0,0,0,0,0,0,0,0,0,0,0,0,0,0,0,1363,4,1255,5
1997,Oaxaca,3120031,Zona Arqueológica de Dainzú,325,150,650,500,1300,400,510,140,650,300,500,450,1500,800,1350,700,600,200,300,250,320,300,1400,500
1997,Oaxaca,3120041,Zona Arqueológica de Guiengola,47,5,67,15,100,5,268,0,76,3,29,2,31,4,193,2,0,0,51,1,79,8,82,7
1997,Oaxaca,3120051,Zona Arqueológica de Huijazoo,151,48,114,22,452,79,80,25,68,26,129,72,1700,150,178,73,223,4,218,36,266,89,190,30
1997,Oaxaca,3120065,Zona Arqueológica de Lambityeco,301,162,131,139,576,263,133,118,150,120,140,120,354,321,300,295,200,135,120,19,200,187,306,300
1997,Oaxaca,3110024,Zona Arqueológica de Mitla,3133,8347,6106,7953,22745,4128,7904,8877,8214,7582,7637,4176,19829,6691,19980,6291,7816,3982,12537,0,11124,7146,18760,2022
1997,Oaxaca,3110025,Zona Arqueológica de Monte Albán con museo de sitio,14332,10121,10660,13580,26050,14738,17999,11041,17436,11583,18467,7781,45401,17827,40841,18516,17582,12452,14223,14778,15433,9026,40267,13188
1997,Oaxaca,3110042,Zona Arqueológica de Yagul,1201,1150,594,1413,2116,1567,1144,1019,1311,818,871,902,1980,2040,1842,1610,1130,951,605,821,989,1745,1943,1585
1997,Oaxaca,3110045,Zona Arqueológica de Zaachila,948,138,474,151,1015,151,1184,152,848,105,404,73,898,196,1368,234,936,200,517,69,630,132,1190,261
1997,Oaxaca,3120045,Zona Arqueológica de Huamelulpan,0,0,0,0,0,0,0,0,0,0,0,0,0,0,0,0,0,0,0,0,0,0,0,0
1997,Oaxaca,3120131,Zona Arqueológica de Bocana del Río Copalita (con museo de sitio),0,0,0,0,0,0,0,0,0,0,0,0,0,0,0,0,0,0,0,0,0,0,0,0
1997,Oaxaca,3220034,Zona Arqueológica de Atzompa,0,0,0,0,0,0,0,0,0,0,0,0,0,0,0,0,0,0,0,0,0,0,0,0
1997,Puebla,3120010,Zona Arqueológica de Cantona,2335,14,1245,3,3617,24,1472,8,1747,5,1380,2,1569,21,1569,24,1311,13,1105,5,1274,26,1700,3
1997,Puebla,3110009,Zona Arqueológica de Cholula con museo de sitio,11972,970,13684,1314,19578,1810,17413,1175,12566,1025,13035,1055,15026,2150,16157,2895,13158,1830,11960,1275,14398,1335,15878,2710
1997,Puebla,3120090,Zona Arqueológica de San Cristobal Tepatlaxco,125,0,98,0,296,0,110,0,264,0,95,0,130,0,271,4,94,0,139,0,171,0,85,6
1997,Puebla,3120109,Zona Arqueológica de Tepapayeca,13,0,15,0,20,0,20,0,10,0,10,0,15,0,18,0,15,0,9,0,9,0,13,0
1997,Puebla,3120111,Zona Arqueológica de Tepexi el Viejo,13,0,2,0,60,0,16,0,16,0,16,0,60,0,35,4,40,0,20,0,30,0,60,1
1997,Puebla,3120128,Zona Arqueológica de Yohualichan,794,38,445,45,2565,70,2913,0,1795,32,1795,30,1283,194,2023,58,2038,65,1102,111,1624,64,1065,21
1997,Querétaro,3110013,Zona Arqueológica de El Cerrito,0,0,0,0,0,0,0,0,0,0,0,0,0,0,0,0,0,0,0,0,0,0,0,0
1997,Querétaro,3110030,Zona Arqueológica de Ranas,1044,40,1746,56,2943,29,1840,74,1810,23,0,0,3702,232,2621,45,1532,18,1139,12,1284,24,1743,34
1997,Querétaro,3110034,Zona Arqueológica de Toluquilla,592,10,485,11,666,5,364,8,395,2,0,0,620,23,563,11,442,14,394,21,526,23,611,13
1997,Querétaro,3220021,Zona Arqueológica de Tancama,0,0,0,0,0,0,0,0,0,0,0,0,0,0,0,0,0,0,0,0,0,0,0,0
1997,Quintana Roo,3110131,Zona Arqueológica de Calica,0,0,0,0,0,0,0,0,0,0,0,0,0,0,0,0,0,0,0,0,0,0,0,0
1997,Quintana Roo,3120022,Zona Arqueológica de Cobá,586,8200,534,9100,796,8800,729,7250,912,7200,1500,3755,1227,6500,1046,6458,566,6157,739,6818,444,7760,1919,8656
1997,Quintana Roo,3120032,Zona Arqueológica de Dzibanché-Kinichná,1325,354,880,283,1633,340,1792,191,1372,55,1309,6,1102,82,1038,131,394,39,650,46,605,73,1594,224
1997,Quintana Roo,3110015,Zona Arqueológica de El Meco,0,0,0,0,0,0,0,0,0,0,0,0,0,0,0,0,0,0,0,0,0,0,0,0
1997,Quintana Roo,3120038,Zona Arqueológica de El Rey,1013,1830,843,1417,1574,1537,989,1317,774,1076,793,783,1159,670,1091,912,679,795,942,1048,792,1342,1356,1385
1997,Quintana Roo,3110019,Zona Arqueológica de Kohunlich,544,789,461,548,1007,814,801,360,468,244,402,258,595,364,677,295,352,205,305,291,301,384,871,712
1997,Quintana Roo,3120078,Zona Arqueológica de Muyil,137,111,68,114,46,107,61,79,78,54,55,58,56,60,53,78,79,79,28,53,57,44,63,165
1997,Quintana Roo,3120084,Zona Arqueológica de Oxtankah,140,8,70,9,396,5,31,3,111,5,213,0,189,7,461,15,253,8,299,0,309,20,502,16
1997,Quintana Roo,3110029,Zona Arqueológica de Playa del Carmen,0,0,0,0,0,0,0,0,0,0,0,0,0,0,0,0,0,0,0,0,0,0,0,0
1997,Quintana Roo,3120092,Zona Arqueológica de San Gervasio,1085,14500,999,12209,943,13833,1335,11770,840,7250,809,6831,882,6985,1091,7085,422,4270,818,7456,717,9503,1051,11700
1997,Quintana Roo,3110037,Zona Arqueológica de Tulum,16922,48160,20077,35898,21569,47600,16535,43060,14582,33530,12326,32199,31632,37567,24809,51434,16721,27514,17988,29669,24408,32703,12128,41805
1997,Quintana Roo,3110038,Zona Arqueológica de Xcaret,0,0,0,0,0,0,0,0,0,0,0,0,0,0,0,0,0,0,0,0,0,0,0,0
1997,Quintana Roo,3110039,Zona Arqueológica de Xelhá,550,550,226,224,284,286,224,226,150,150,224,226,250,250,250,250,162,163,224,226,325,325,350,350
1997,Quintana Roo,3120014,Zona Arqueológica de Chacchoben,0,0,0,0,0,0,0,0,0,0,0,0,0,0,0,0,0,0,0,0,0,0,0,0
1997,Quintana Roo,3120087,Zona Arqueológica de Caracol-Punta Sur,0,0,0,0,0,0,0,0,0,0,0,0,0,0,0,0,0,0,0,0,0,0,0,0
1997,Sinaloa,322033,Zona Arqueológica Las Labradas,0,0,0,0,0,0,0,0,0,0,0,0,0,0,0,0,0,0,0,0,0,0,0,0
1997,Sonora,3210132,Zona Arqueológica de Cerro de las Trincheras,0,0,0,0,0,0,0,0,0,0,0,0,0,0,0,0,0,0,0,0,0,0,0,0
1997,Tabasco,3120023,Zona Arqueológica de Comalcalco con museo de sitio,3473,193,2548,149,7021,145,2351,133,2670,55,2773,53,4344,57,6475,104,2891,124,2490,62,2481,116,3359,112
1997,Tabasco,3110023,Zona Arqueológica de La Venta con museo de sitio,2438,45,1517,29,1709,97,946,29,569,26,990,12,1610,19,1393,30,1515,20,679,24,895,27,1945,110
1997,Tabasco,3120086,Zona Arqueológica de Pomoná con museo de sitio,507,0,263,27,444,25,767,0,341,1,409,9,383,1,282,3,172,2,421,0,182,1,387,1
1997,Tabasco,3120076,Zona Arqueológica de Malpasito,0,350,228,20,0,0,662,0,268,0,637,7,349,0,477,8,299,2,307,4,299,0,276,6
1997,Tabasco,3120089,Zona Arqueológica de Moral-Reforma,204,0,103,0,693,7,239,0,139,1,190,0,50,1,122,1,77,3,124,0,140,1,50,1
1997,Tabasco,3220017,Zona Arqueológica de San Claudio,0,0,0,0,0,0,0,0,0,0,0,0,0,0,0,0,0,0,0,0,39,0,0,0
1997,Tamaulipas,3120039,Zona Arqueológica de El Sabinito,0,0,0,0,0,0,0,0,0,0,0,0,0,0,0,0,0,0,0,0,0,0,0,0
1997,Tamaulipas,3120067,Zona Arqueológica de Las Flores,0,0,0,0,0,0,0,0,0,0,0,0,0,0,0,0,0,0,0,0,0,0,0,0
1997,Tamaulipas,3120006,Zona Arqueológica de Balcón de Montezuma,0,0,0,0,0,0,0,0,0,0,0,0,0,0,0,0,0,0,0,0,0,0,0,0
1997,Tlaxcala,3110005,Zona Arqueológica de Cacaxtla con museo de sitio,7666,567,8581,593,15891,707,10604,425,12747,428,9897,365,13254,635,12955,470,13035,270,17574,692,13948,746,12786,449
1997,Tlaxcala,3110105,Zona Arqueológica de Xochitécatl con museo de sitio,2243,70,2898,125,6490,210,5412,161,3137,88,3384,82,3398,101,6008,198,5434,129,7164,143,5646,162,4953,259
1997,Tlaxcala,3110033,Zona Arqueológica de Tizatlán con museo de sitio,290,0,268,0,387,0,130,0,192,0,189,0,217,0,292,0,286,0,199,61,0,217,27,355
1997,Tlaxcala,3120080,Zona Arqueológica de Ocotelulco con museo de sitio,0,0,0,0,0,0,0,0,0,0,0,0,0,0,0,0,0,0,0,0,0,0,0,0
1997,Tlaxcala,3120101,Zona Arqueológica de Tecoaque,0,0,0,0,0,0,0,0,0,0,0,0,0,0,0,0,0,0,0,0,0,0,0,0
1997,Veracruz,3120011,Zona Arqueológica de Castillo de Teayo con museo de sitio,202,5,188,3,1171,69,151,7,299,11,0,0,354,22,138,67,125,9,167,5,194,2,210,4
1997,Veracruz,3120012,Zona Arqueológica de Cempoala con museo de sitio,1803,115,3805,121,5801,135,8359,230,5594,115,0,0,41858,326,3884,121,2836,132,3077,115,5255,231,7072,325
1997,Veracruz,3120068,Zona Arqueológica de Las Higueras con museo de sitio,981,213,522,19,3081,102,1324,127,2133,108,0,0,4005,176,1981,128,1725,63,832,388,1039,86,2164,110
1997,Veracruz,3120093,Zona Arqueológica de San Lorenzo Tenochtitlan con museo de sitio,149,4,109,7,615,8,492,1,245,3,0,0,255,6,148,5,46,5,127,1,79,4,217,2
1997,Veracruz,3110016,Zona Arqueológica de El Tajín,8107,3651,10061,3213,28096,12441,15360,3784,12023,3689,0,0,29682,10447,12433,5978,8682,2819,6139,3261,15572,2468,18518,6124
1997,Veracruz,3220012,Zona Arqueológica de Cuauhtochco,144,0,133,0,0,0,67,1,122,0,0,0,118,0,0,0,17,0,6,0,32,19,12,8
1997,Veracruz,3120123,Zona Arqueológica de Vega de la Peña,0,0,0,0,0,0,0,0,0,0,0,0,0,0,0,0,0,0,0,0,0,0,0,0
1997,Veracruz,3120088,Zona Arqueológica de Quiahuitztlán,795,222,582,201,3227,125,2191,60,1261,33,0,0,2202,111,2031,56,625,59,557,86,973,89,1235,112
1997,Veracruz,3120024,Zona Arqueológica de Cuajilote,0,0,0,0,0,0,0,0,0,0,0,0,0,0,0,0,0,0,0,0,0,0,0,0
1997,Veracruz,3120030,Zona Arqueológica de Cuyuxquihui,40,0,62,0,300,0,50,0,130,0,0,0,80,0,80,4,14,1,30,0,118,0,50,0
1997,Veracruz,3220014,Zona Arqueológica de Las Limas,5,0,8,0,17,0,0,0,2,0,0,0,10,0,6,0,0,0,6,0,3,0,8,0
1997,Veracruz,3220013,Zona Arqueológica El Zapotal,0,0,0,0,0,0,0,0,0,0,0,0,0,0,0,0,0,0,0,0,0,0,0,0
1997,Veracruz,3220015,Zona Arqueológica de Palmillas,0,0,0,0,0,0,0,0,0,0,0,0,0,0,0,0,0,0,0,0,0,0,0,0
1997,Yucatán,3120001,Zona Arqueológica de Acanceh,72,8,72,8,110,27,49,2,64,3,53,5,37,9,48,17,16,1,68,0,109,0,0,0
1997,Yucatán,3120002,Zona Arqueológica de Aké,398,74,654,74,850,180,540,45,981,39,552,38,949,113,1173,69,195,29,1174,25,1025,55,1347,81
1997,Yucatán,3120004,Zona Arqueológica de Balamcanché,961,718,961,718,1044,658,719,435,812,330,617,308,1527,760,1067,615,587,390,627,380,1008,410,675,540
1997,Yucatán,3120015,Zona Arqueológica de Chacmultún,315,20,315,20,404,20,316,22,304,44,214,20,226,30,222,30,155,18,234,23,464,30,166,22
1997,Yucatán,3110008,Zona Arqueológica de Chichén Itzá,49560,55680,49560,53100,33044,41273,44020,47232,38120,35592,30214,37672,22714,35172,40310,34360,65200,59960,43525,40000,32900,47775,30925,50750
1997,Yucatán,3120033,Zona Arqueológica de Dzibilchaltún con museo del Pueblo Maya,4242,1339,4242,1339,12790,1362,6259,616,6372,768,4082,571,13260,1762,5806,950,1039,451,2285,300,2367,296,2927,396
1997,Yucatán,3120034,Zona Arqueológica de Ekbalam,783,138,783,138,833,106,579,60,407,28,260,136,524,41,594,46,348,48,381,50,283,27,589,87
1997,Yucatán,3120057,Zona Arqueológica de Kabah,1831,7705,1831,7535,1818,5253,2140,5286,1544,3677,1477,3325,2859,4927,2463,6025,2078,4865,3329,5997,3521,9009,1992,5356
1997,Yucatán,3120064,Zona Arqueológica de Labná,1663,1720,1663,1720,2280,1500,1912,1390,3104,1007,2490,930,2132,2002,1323,1452,474,1156,1296,1300,2319,1300,2075,1300
1997,Yucatán,3120071,Zona Arqueológica de Loltún,4751,900,4551,900,6264,700,4832,983,5821,604,4636,693,6811,950,4217,1045,2393,895,3761,912,6211,933,6686,971
1997,Yucatán,3120077,Zona Arqueológica de Mayapán,579,223,579,223,1289,264,570,109,416,120,527,68,409,117,497,149,358,67,325,80,440,140,1053,231
1997,Yucatán,3120097,Zona Arqueológica de Sayil,1380,2350,1380,2350,2730,2530,1690,1914,2072,1528,1604,1140,1637,1850,1517,1387,700,1946,1796,2061,2639,2039,1901,1003
1997,Yucatán,3120122,Zona Arqueológica de Uxmal con museo de sitio,28062,17064,28062,18384,19241,10395,9520,13508,11625,8137,13400,11811,17499,15891,20424,15918,10475,14010,18983,13506,19243,23559,14229,13969
1997,Yucatán,3120126,Zona Arqueológica de Xlapak,871,883,871,883,2976,656,803,468,1309,332,1280,319,962,609,946,638,517,394,497,402,738,416,1411,693
1997,Yucatán,3120083,Zona Arqueológica de Oxkintok,1018,54,1018,54,859,95,290,21,194,29,83,27,918,43,613,47,432,40,130,31,312,43,526,59
1997,Yucatán,3120056,Zona Arqueológica de Izamal,242,80,242,80,275,90,292,70,439,105,379,110,316,100,271,40,284,85,340,85,337,120,418,170
1997,Yucatán,3120135,Zona Arqueológica de Xcambó,0,0,0,0,0,0,0,0,0,0,0,0,0,0,0,0,0,0,0,0,0,0,0,0
1997,Zacatecas,3120003,Zona Arqueológica de Altavista o Chalchihuites con museo de sitio,235,0,246,7,3647,7,353,3,299,11,303,14,682,38,927,32,489,15,476,42,466,12,405,29
1997,Zacatecas,3110022,Zona Arqueológica de La Quemada con museo de sitio,2707,174,2855,135,8329,194,5697,113,4633,90,4333,71,9738,270,5178,187,2822,131,3166,171,2916,180,3580,132
1997,Zacatecas,3120070,Zona Arqueológica de Las Ventanas,0,0,0,0,0,0,0,0,0,0,0,0,0,0,0,0,0,0,0,0,0,0,0,0
1996,Baja California,3120040,Zona Arqueológica de El Vallecito,0,0,0,0,0,0,0,0,0,0,0,0,0,0,0,0,0,0,0,0,0,0,0,0
1996,Baja California Sur,3120007,Zona Arqueológica de San Francisco de la Sierra,105,226,144,377,265,191,217,72,0,0,35,62,328,61,148,73,66,23,82,107,85,102,188,230
1996,Campeche,3120005,Zona Arqueológica de Balamkú,0,0,0,0,0,0,0,0,0,0,0,0,12,16,11,12,8,6,30,20,29,32,50,135
1996,Campeche,3110002,Zona Arqueológica de Becán,108,116,221,53,678,448,131,66,678,448,109,58,253,159,300,315,166,160,320,315,371,408,1352,315
1996,Campeche,3120008,Zona Arqueológica de Calakmul,602,150,210,104,366,166,724,97,366,166,331,118,321,148,461,151,85,74,359,120,97,384,281,219
1996,Campeche,3120017,Zona Arqueológica de Chicanná,115,133,94,122,72,121,144,93,72,121,112,21,172,61,279,68,73,100,126,167,221,315,844,441
1996,Campeche,3120020,Zona Arqueológica de Chunhuhub,11,0,0,0,2,0,0,8,2,0,0,0,2,0,0,0,0,0,0,0,0,0,0,0
1996,Campeche,3110011,Zona Arqueológica de Dzibilnocac,53,8,0,0,29,0,109,2,29,0,20,1,90,6,42,0,46,9,0,0,188,11,0,0
1996,Campeche,3110012,Zona Arqueológica de Edzná,2443,540,423,133,848,487,1270,412,848,487,1020,233,1739,329,1719,395,752,314,807,273,1508,427,2569,321
1996,Campeche,3110017,Zona Arqueológica de El Tigre,0,8,2,10,21,7,4,6,17,1,13,3,0,0,0,0,0,0,0,0,0,0,0,0
1996,Campeche,3120042,Zona Arqueológica de Hochob,102,24,0,0,135,15,219,30,135,15,28,6,65,16,24,0,34,11,49,0,112,17,169,19
1996,Campeche,3120043,Zona Arqueológica de Hormiguero,16,0,89,0,105,0,100,1,105,0,20,0,0,0,0,0,0,0,0,0,0,0,0,0
1996,Campeche,3120058,Zona Arqueológica de Kankí,0,0,0,0,0,0,0,0,0,0,0,0,0,0,0,0,0,0,0,0,0,0,0,0
1996,Campeche,3120079,Zona Arqueológica de Nadzcaan,0,0,0,0,0,0,0,0,0,0,0,0,0,0,0,0,0,0,0,0,0,0,0,0
1996,Campeche,3120096,Zona Arqueológica de Santa Rosa Xtampak,11,4,15,0,13,2,8,0,13,2,10,0,3,2,61,1,16,0,6,0,0,0,39,7
1996,Campeche,3120118,Zona Arqueológica de Tohcok,0,0,0,0,0,0,0,0,0,0,0,0,0,0,0,0,0,0,0,0,0,0,0,0
1996,Campeche,3120125,Zona Arqueológica de Xcalumkín,0,0,0,0,0,0,0,0,0,0,0,0,50,65,44,0,50,0,46,0,13,0,30,0
1996,Campeche,3110041,Zona Arqueológica de Xpuhil,80,124,144,109,104,84,0,0,104,84,121,46,113,47,353,87,111,139,122,206,105,207,888,214
1996,Campeche,3120098,Zona Arqueológica de Tabasqueño,12,4,5,0,7,3,2,0,7,0,5,0,3,0,7,0,0,0,0,0,4,18,2,1
1996,Chiapas,3110004,Zona Arqueológica de Bonampak,0,0,0,0,0,0,167,256,56,220,150,256,167,256,56,220,150,256,575,750,996,828,1170,758
1996,Chiapas,3120019,Zona Arqueológica de Chincultic,185,49,360,70,352,72,610,90,700,100,300,100,1355,120,875,125,375,25,340,25,800,40,2500,80
1996,Chiapas,3110018,Zona Arqueológica de Izapa,0,0,0,0,0,0,0,0,0,0,0,0,0,0,849,89,151,55,188,57,0,0,835,133
1996,Chiapas,3110026,"Zona Arqueológica de Palenque con museo ""Alberto Ruz L´Huiller""",4032,10745,4761,9958,7977,10586,11561,14140,4501,5965,3622,4598,9928,21247,9907,25080,4147,11032,8651,12380,8250,13550,8380,9831
1996,Chiapas,3120103,Zona Arqueológica de Tenam Puente,0,0,0,0,0,0,0,0,0,0,0,0,0,0,0,0,0,0,0,0,0,0,0,0
1996,Chiapas,3110035,Zona Arqueológica de Toniná con museo de sitio,677,131,522,183,631,182,1848,120,1329,80,964,122,1244,218,903,359,555,109,352,200,703,306,1965,294
1996,Chiapas,3110044,Zona Arqueológica de Yaxchilán,0,0,0,0,0,0,206,630,203,463,121,241,206,630,203,463,121,241,1910,380,1829,905,2205,1391
1996,Chiapas,3220004,Zona Arqueológica de Chiapa de Corzo,0,0,0,0,0,0,0,0,0,0,0,0,0,0,0,0,0,0,0,0,0,0,0,0
1996,Chiapas,3220028,Zona Arqueológica de Lagartero,0,0,0,0,0,0,0,0,0,0,0,0,0,0,0,0,0,0,0,0,0,0,0,0
1996,Chiapas,3120134,Zona Arqueológica de Iglesia Vieja,0,0,0,0,0,0,0,0,0,0,0,0,0,0,0,0,0,0,0,0,0,0,0,0
1996,Chihuahua,3110028,Zona Arqueológica de Paquimé con Museo de las Culturas del Norte,946,41,1652,78,5019,116,3901,209,3355,91,2861,63,2249,109,2151,183,1293,92,3036,263,2525,393,1675,180
1996,Chihuahua,3110010,Zona Arqueológica de Cuarenta Casas,127,17,243,2,528,10,3217,50,458,2,0,0,1010,46,1225,40,1225,40,162,12,306,5,332,37
1996,Chihuahua,3120027,Zona Arqueológica de Cueva de la Olla,0,0,0,0,0,0,0,0,0,0,0,0,0,0,0,0,0,0,0,0,0,0,0,0
1996,Chihuahua,3120028,Zona Arqueológica de Cueva Grande,0,0,0,0,0,0,0,0,0,0,0,0,0,0,0,0,0,0,0,0,0,0,0,0
1996,Chihuahua,3120049,Zona Arqueológica de Huapoca,0,0,0,0,0,0,0,0,0,0,0,0,0,0,0,0,0,0,0,0,0,0,0,0
1996,Ciudad de México,3120013,Zona Arqueológica de Cerro de la Estrella,88688,0,89042,0,89442,5,557720,0,89542,5,88292,0,2100,0,1600,0,1300,0,1400,150,1200,0,1250,0
1996,Ciudad de México,3120029,Zona Arqueológica de Cuicuilco con museo de sitio,3075,320,3430,50,9562,700,2472,85,1950,120,2730,307,3400,250,1850,520,5519,632,5259,127,5022,203,2930,30
1996,Ciudad de México,3120116,Zona Arqueológica de Tlatelolco con museo de sitio,242,27,97,0,898,13,626,21,209,0,75,0,199,0,190,5,160,0,266,0,133,0,125,0
1996,Colima,3120035,Zona Arqueológica de El Chanal,0,0,0,0,0,0,0,0,0,0,0,0,0,0,0,0,0,0,0,0,0,0,0,0
1996,Colima,3120059,Zona Arqueológica de La Campana,0,0,0,0,0,0,0,0,0,0,0,0,620,0,577,54,735,39,674,46,842,53,830,208
1996,Durango,3110020,Zona Arqueológica de La Ferrería con museo de sitio,0,0,0,0,0,0,0,0,0,0,0,0,0,0,0,0,0,0,0,0,0,0,0,0
1996,Estado de México,3110001,Zona Arqueológica de Acozac,3896,0,2577,0,4456,0,3936,0,2471,0,3660,30,4194,10,3526,18,0,0,2069,0,3875,0,3500,0
1996,Estado de México,3110006,Zona Arqueológica de Calixtlahuaca,1049,29,400,26,2517,42,691,43,815,53,751,22,557,61,762,58,0,23,986,27,925,35,1171,88
1996,Estado de México,3120018,Zona Arqueológica de Chimalhuacán con museo de sitio,103,0,0,0,130,0,0,0,60,0,0,0,0,0,0,0,0,0,1287,0,0,0,0,0
1996,Estado de México,3110014,Zona Arqueológica de El Conde,12,0,0,0,300,0,0,0,25,0,35,0,18,0,22,0,0,0,25,0,28,0,20,0
1996,Estado de México,3120050,Zona Arqueológica de Huexotla,30,3,22,2,35,10,65,3,51,0,45,0,128,9,57,0,0,0,38,0,72,0,49,0
1996,Estado de México,3120072,Zona Arqueológica de Los Melones,0,0,266,0,278,0,311,0,280,0,200,0,219,0,220,0,0,0,235,0,220,0,222,0
1996,Estado de México,3120073,Zona Arqueológica de Los Reyes La Paz,518,0,595,2,650,10,259,0,430,0,558,0,485,0,513,0,0,0,452,0,456,0,263,0
1996,Estado de México,3120075,Zona Arqueológica de Malinalco,3675,121,5123,125,6060,115,5473,51,5344,97,3788,68,4597,84,4679,130,0,69,4803,57,5805,62,5083,82
1996,Estado de México,3120095,"Zona Arqueológica de Santa Cecilia Acatitla con museo de la Escultura Mexica ""Eusebio Dávalos Hurtado""",692,69,1820,295,2150,387,381,66,629,41,592,44,642,79,601,35,0,65,798,499,475,36,585,43
1996,Estado de México,3120104,Zona Arqueológica de Tenayuca I con museo Xólotl,778,80,1130,70,1270,85,700,70,482,50,440,40,624,70,560,150,0,80,1198,120,957,90,512,40
1996,Estado de México,3120129,Zona Arqueológica de Tenayuca II,0,0,0,0,0,0,0,0,0,0,0,0,0,0,0,0,0,0,0,0,0,0,0,0
1996,Estado de México,3110031,Zona Arqueológica Teotihuacan (con Museo de Sitio),59110,12610,72567,21509,770950,101308,288733,130510,65495,2886,122982,15218,154941,42082,149942,42382,172220,45050,117882,30320,252829,130850,584186,294150
1996,Estado de México,3110032,Zona Arqueológica de Tetzcotzinco,5000,50,0,0,6150,150,4900,80,0,0,0,0,0,0,0,0,0,0,0,0,0,0,1324,0
1996,Estado de México,3120115,Zona Arqueológica de Tlapacoya,881,0,751,5,835,0,650,0,1749,0,1195,0,792,2,700,0,0,0,1590,0,1195,0,460,0
1996,Estado de México,3120044,Zona Arqueológica de Huamango,0,0,0,0,0,0,0,0,0,0,0,0,0,0,0,0,0,0,0,0,0,0,0,0
1996,Estado de México,3120081,Zona Arqueológica de Ocoyoacac,0,0,0,0,0,0,0,0,0,0,0,0,0,0,0,0,0,0,0,0,0,0,0,0
1996,Estado de México,3120094,Zona Arqueológica de San Miguel Ixtapan,0,0,0,0,0,0,0,0,0,0,0,0,0,0,0,0,0,0,0,0,0,0,0,0
1996,Estado de México,3120108,Zona Arqueológica de Teotenango,0,0,0,0,0,0,0,0,0,0,0,0,0,0,0,0,0,0,0,0,0,0,0,0
1996,Guanajuato,3120085,Zona Arqueológica de Plazuelas,0,0,0,0,0,0,0,0,0,0,0,0,0,0,0,0,0,0,0,0,0,0,0,0
1996,Guanajuato,3220023,Zona Arqueológica de Peralta,0,0,0,0,0,0,0,0,0,0,0,0,0,0,0,0,0,0,0,0,0,0,0,0
1996,Guanajuato,3220022,Zona Arqueológica de Cañada de la Virgen,0,0,0,0,0,0,0,0,0,0,0,0,0,0,0,0,0,0,0,0,0,0,0,0
1996,Guanajuato,3120133,Zona Arqueológica El Cóporo,0,0,0,0,0,0,0,0,0,0,0,0,0,0,0,0,0,0,0,0,0,0,0,0
1996,Guerrero,3120046,Zona Arqueológica de Huamuxtitlán,10,0,120,0,37,0,11,0,16,0,12,0,11,0,12,0,15,0,18,0,17,0,21,0
1996,Guerrero,3120053,Zona Arqueológica de Ixcateopan,185,0,160,0,57,0,59,0,40,0,25,0,21,0,20,0,190,0,195,0,55,0,230,0
1996,Guerrero,3110021,Zona Arqueológica de La Organera Xochipala,162,0,94,0,197,0,251,2,150,0,85,0,102,0,126,0,109,0,147,0,194,0,109,0
1996,Guerrero,3120062,Zona Arqueológica de La Sabana,0,0,0,0,0,0,0,0,0,0,0,0,0,0,0,0,0,0,0,0,0,0,0,0
1996,Guerrero,3120026,Zona Arqueológica de Cuetlajuchitlán (Los Querende),0,0,0,0,0,0,0,0,0,0,0,0,17,0,55,0,83,0,39,0,19,4,23,2
1996,Guerrero,3120074,Zona Arqueológica de Los Tepoltzis,0,0,0,0,0,0,0,0,0,0,0,0,13,0,100,0,0,0,0,0,22,0,18,0
1996,Guerrero,3110027,Zona Arqueológica de Palma Sola,3,18,31,3,34,6,42,12,15,27,1149,65,0,0,0,0,0,0,0,0,0,0,0,0
1996,Guerrero,3120106,Zona Arqueológica de Teopantecuanitlán,15,18,42,1,56,0,23,4,17,0,36,0,20,2,30,6,3,0,11,17,61,0,13,0
1996,Guerrero,3220027,Zona Arqueológica de Tehuacalco,0,0,0,0,0,0,0,0,0,0,0,0,0,0,0,0,0,0,0,0,0,0,0,0
1996,Guerrero,3120132,Zona Arqueológica Soledad de Maciel,0,0,0,0,0,0,0,0,0,0,0,0,0,0,0,0,0,0,0,0,0,0,0,0
1996,Hidalgo,3120048,Zona Arqueológica de Huapalcalco,189,15,193,0,675,42,183,3,258,2,311,4,261,0,258,0,148,0,231,4,225,0,408,0
1996,Hidalgo,3120110,Zona Arqueológica de Tepeapulco,1020,20,1160,8,1232,10,1200,28,1020,15,820,11,1540,13,825,14,1065,16,1160,25,1050,20,2550,40
1996,Hidalgo,3110036,Zona Arqueológica de Tula con museo de sitio,11880,5900,14050,4240,31400,9940,25995,7940,5490,1995,4600,1236,8040,4094,11740,5550,10570,5950,11470,4915,14120,5954,17798,5275
1996,Hidalgo,3120136,Zona Arqueológica Pahñú,0,0,0,0,0,0,0,0,0,0,0,0,0,0,0,0,0,0,0,0,0,0,0,0
1996,Jalisco,3120036,Zona Arqueológica de El Grillo,174,4,190,10,217,21,435,42,280,12,309,36,617,83,202,23,205,71,239,136,125,28,290,13
1996,Jalisco,3120054,Zona Arqueológica de Ixtépete,834,90,760,95,769,26,719,203,699,129,503,67,636,103,611,87,370,175,352,154,326,142,368,109
1996,Jalisco,3120113,Zona Arqueológica de Teuchitlán,0,0,0,0,0,0,0,0,0,0,0,0,0,0,0,0,0,0,0,0,0,0,0,0
1996,Michoacán,3120047,Zona Arqueológica de Huandacareo,102,12,338,0,340,0,265,0,219,0,67,3,162,2,66,0,43,0,52,0,108,0,92,0
1996,Michoacán,3120052,Zona Arqueológica de Ihuatzio,251,38,383,26,252,24,379,24,242,15,326,18,163,7,227,34,120,11,207,18,478,45,692,48
1996,Michoacán,3120091,Zona Arqueológica de San Felipe los Alzati,106,4,105,20,237,1,654,19,98,0,153,3,1564,255,180,4,202,0,240,2,305,5,444,26
1996,Michoacán,3120114,Zona Arqueológica de Tingambato,105,8,297,10,1090,0,637,22,401,7,192,15,333,0,189,8,135,2,386,4,208,0,600,20
1996,Michoacán,3120119,Zona Arqueológica de Tres Cerritos,35,0,90,0,45,0,70,0,57,0,35,0,55,0,55,0,50,0,50,0,20,0,0,0
1996,Michoacán,3120121,Zona Arqueológica de Tzintzuntzan con museo de sitio,3242,585,2801,502,4789,866,9958,4260,3402,616,2998,543,5272,955,6161,209,2504,428,3249,477,13075,1866,5820,1048
1996,Morelos,3110007,Zona Arqueológica de Chalcatzingo,1100,66,770,38,1260,262,1460,128,700,45,900,63,1220,75,740,35,740,40,780,40,760,40,1430,85
1996,Morelos,3110040,Zona Arqueológica de Xochicalco con museo de sitio,9500,2900,7496,2370,29800,3220,8220,2000,6664,700,4300,1900,6000,2500,1800,1400,2138,165,7750,1275,19680,1700,17850,1600
1996,Morelos,3120021,Zona Arqueológica de Coatetelco con museo de sitio,216,16,161,32,171,8,1151,8,173,6,201,12,173,24,264,27,80,7,483,7,905,5,131,28
1996,Morelos,3120069,Zona Arqueológica de Las Pilas,51,32,208,4,107,6,435,8,128,0,61,0,45,0,82,2,50,5,48,1,28,0,76,3
1996,Morelos,3120082,Zona Arqueológica de Olintepec,0,0,0,0,0,0,0,0,0,0,0,0,0,0,0,0,0,0,0,0,0,0,0,0
1996,Morelos,3120112,Zona Arqueológica de Tepozteco,1850,150,5100,260,3280,100,5990,115,1365,195,1430,260,2100,500,3315,525,1800,350,3050,700,2300,250,2600,1000
1996,Morelos,3120107,Zona Arqueológica de Teopanzolco,900,200,1175,325,1800,200,1100,275,560,140,1210,190,1600,400,1700,350,580,220,1300,200,1700,30,2000,650
1996,Morelos,3110043,Zona Arqueológica de Yautepec,0,0,0,0,0,0,0,0,0,0,0,0,0,0,0,0,0,0,0,0,0,0,0,0
1996,Nayarit,3120055,Zona Arqueológica de Ixtlán del Río,534,99,783,151,977,252,362,131,338,56,330,129,591,177,784,192,571,198,688,205,280,231,373,183
1996,Nuevo León,3110003,Zona Arqueológica de Boca de Potrerillos,0,0,0,0,0,0,0,0,0,0,0,0,0,0,0,0,0,0,0,0,0,0,0,0
1996,Oaxaca,3120031,Zona Arqueológica de Dainzú,360,250,400,200,0,0,550,250,247,150,225,175,750,450,450,300,125,125,250,150,458,125,650,300
1996,Oaxaca,3120041,Zona Arqueológica de Guiengola,50,5,70,0,0,0,26,13,96,2,11,2,0,0,11,1,1000,3,270,4,225,13,140,5
1996,Oaxaca,3120051,Zona Arqueológica de Huijazoo,100,55,66,0,78,23,469,177,133,133,113,23,2580,40,222,37,186,16,103,25,155,17,315,142
1996,Oaxaca,3120065,Zona Arqueológica de Lambityeco,221,199,203,192,185,197,215,180,85,94,102,53,115,115,115,115,108,149,130,140,256,142,482,183
1996,Oaxaca,3110024,Zona Arqueológica de Mitla,12658,6710,10138,7297,0,0,18183,7014,7044,5101,9547,2626,26553,2636,4612,12605,4190,3301,4289,7938,6838,8834,20817,3062
1996,Oaxaca,3110025,Zona Arqueológica de Monte Albán con museo de sitio,9590,12277,11374,13175,11080,16619,26024,13066,5232,7847,18950,11615,48050,8322,21667,11956,8671,7178,8841,11614,12026,14166,21760,14959
1996,Oaxaca,3110042,Zona Arqueológica de Yagul,1061,1100,934,448,1400,1387,1532,1147,632,699,800,666,1737,1540,2028,1325,922,945,1047,998,1093,1687,2154,1518
1996,Oaxaca,3110045,Zona Arqueológica de Zaachila,1263,210,771,121,857,164,1056,173,737,87,693,79,869,195,1118,209,649,89,433,43,395,76,770,167
1996,Oaxaca,3120045,Zona Arqueológica de Huamelulpan,0,0,0,0,0,0,0,0,0,0,0,0,0,0,0,0,0,0,0,0,0,0,0,0
1996,Oaxaca,3120131,Zona Arqueológica de Bocana del Río Copalita (con museo de sitio),0,0,0,0,0,0,0,0,0,0,0,0,0,0,0,0,0,0,0,0,0,0,0,0
1996,Oaxaca,3220034,Zona Arqueológica de Atzompa,0,0,0,0,0,0,0,0,0,0,0,0,0,0,0,0,0,0,0,0,0,0,0,0
1996,Puebla,3120010,Zona Arqueológica de Cantona,2264,40,2033,16,1780,3,3447,7,2668,4,1239,0,1680,10,1561,9,1243,7,1410,23,1906,2,1850,33
1996,Puebla,3110009,Zona Arqueológica de Cholula con museo de sitio,8755,735,10561,830,18742,940,15603,1125,9906,870,11463,1100,13649,1200,10891,2300,12554,1050,10293,1190,14463,1350,13158,0
1996,Puebla,3120090,Zona Arqueológica de San Cristobal Tepatlaxco,115,0,309,0,139,0,228,0,213,0,12,0,150,0,184,0,109,0,95,0,84,0,102,0
1996,Puebla,3120109,Zona Arqueológica de Tepapayeca,8,0,20,0,25,0,15,0,21,0,168,0,11,0,8,0,15,0,15,0,16,0,9,0
1996,Puebla,3120111,Zona Arqueológica de Tepexi el Viejo,15,0,12,0,5,0,22,0,18,0,122,0,200,14,200,0,324,0,340,0,120,0,5,0
1996,Puebla,3120128,Zona Arqueológica de Yohualichan,924,30,913,24,2312,64,926,28,1014,21,917,63,884,46,2350,17,713,22,1706,50,1476,49,978,27
1996,Querétaro,3110013,Zona Arqueológica de El Cerrito,0,0,0,0,0,0,0,0,0,0,0,0,0,0,0,0,0,0,0,0,0,0,0,0
1996,Querétaro,3110030,Zona Arqueológica de Ranas,543,21,902,31,2281,248,2479,14,1177,14,1179,11,1487,29,1542,63,1236,86,1255,28,1293,21,1999,53
1996,Querétaro,3110034,Zona Arqueológica de Toluquilla,239,4,208,2,506,15,414,12,516,10,428,5,304,7,341,39,315,25,769,9,289,7,711,10
1996,Querétaro,3220021,Zona Arqueológica de Tancama,0,0,0,0,0,0,0,0,0,0,0,0,0,0,0,0,0,0,0,0,0,0,0,0
1996,Quintana Roo,3110131,Zona Arqueológica de Calica,0,0,0,0,0,0,0,0,0,0,0,0,0,0,0,0,0,0,0,0,0,0,0,0
1996,Quintana Roo,3120022,Zona Arqueológica de Cobá,968,8400,768,9000,4267,5200,1067,7000,724,5000,967,4091,1064,5000,867,7000,967,5000,836,6100,767,8700,1154,7900
1996,Quintana Roo,3120032,Zona Arqueológica de Dzibanché-Kinichná,1137,166,1078,169,1196,198,1936,79,1256,59,982,10,1123,98,885,84,624,57,497,40,743,77,1444,205
1996,Quintana Roo,3110015,Zona Arqueológica de El Meco,0,0,0,0,0,0,0,0,0,0,0,0,0,0,0,0,0,0,0,0,0,0,0,0
1996,Quintana Roo,3120038,Zona Arqueológica de El Rey,786,1271,816,1545,659,986,841,1141,702,862,708,887,900,784,916,905,657,823,752,933,1061,1157,1153,970
1996,Quintana Roo,3110019,Zona Arqueológica de Kohunlich,476,554,643,628,614,639,877,430,368,305,563,374,528,369,813,694,255,364,235,277,351,439,951,626
1996,Quintana Roo,3120078,Zona Arqueológica de Muyil,81,107,57,62,53,60,43,53,41,45,22,31,67,72,33,32,13,22,50,50,40,40,71,110
1996,Quintana Roo,3120084,Zona Arqueológica de Oxtankah,230,20,620,10,490,6,940,8,772,4,234,0,302,2,155,12,278,0,408,52,159,2,319,10
1996,Quintana Roo,3110029,Zona Arqueológica de Playa del Carmen,0,0,0,0,0,0,0,0,0,0,0,0,0,0,0,0,0,0,0,0,0,0,0,0
1996,Quintana Roo,3120092,Zona Arqueológica de San Gervasio,575,11508,867,10900,890,12300,1005,11100,593,6991,474,5500,847,7750,694,6150,487,4320,526,8375,683,9347,732,9500
1996,Quintana Roo,3110037,Zona Arqueológica de Tulum,6283,51188,17649,34591,19582,33392,25532,30278,11376,32767,13162,29993,34577,31156,22881,40445,15956,20441,23477,28299,17533,28095,28629,34496
1996,Quintana Roo,3110038,Zona Arqueológica de Xcaret,0,0,0,0,0,0,0,0,0,0,0,0,0,0,0,0,0,0,0,0,0,0,0,0
1996,Quintana Roo,3110039,Zona Arqueológica de Xelhá,600,600,500,500,350,350,350,350,450,450,300,300,324,326,324,326,324,326,237,238,350,350,350,350
1996,Quintana Roo,3120014,Zona Arqueológica de Chacchoben,0,0,0,0,0,0,0,0,0,0,0,0,0,0,0,0,0,0,0,0,0,0,0,0
1996,Quintana Roo,3120087,Zona Arqueológica de Caracol-Punta Sur,0,0,0,0,0,0,0,0,0,0,0,0,0,0,0,0,0,0,0,0,0,0,0,0
1996,Sinaloa,322033,Zona Arqueológica Las Labradas,0,0,0,0,0,0,0,0,0,0,0,0,0,0,0,0,0,0,0,0,0,0,0,0
1996,Sonora,3210132,Zona Arqueológica de Cerro de las Trincheras,0,0,0,0,0,0,0,0,0,0,0,0,0,0,0,0,0,0,0,0,0,0,0,0
1996,Tabasco,3120023,Zona Arqueológica de Comalcalco con museo de sitio,2435,160,2035,112,4234,112,5090,60,2671,76,2852,64,4024,114,4403,101,2353,45,1895,38,2503,77,4360,110
1996,Tabasco,3110023,Zona Arqueológica de La Venta con museo de sitio,836,46,661,30,1068,34,1209,73,1040,366,1187,76,1745,66,2055,74,1254,47,1399,19,2251,38,3734,145
1996,Tabasco,3120086,Zona Arqueológica de Pomoná con museo de sitio,269,17,457,3,572,0,465,0,230,0,269,1,474,4,398,2,192,2,189,1,242,0,252,0
1996,Tabasco,3120076,Zona Arqueológica de Malpasito,250,2,307,4,668,11,390,604,516,4,407,0,471,10,420,0,234,4,274,0,361,0,0,0
1996,Tabasco,3120089,Zona Arqueológica de Moral-Reforma,124,2,161,1,410,0,1233,0,159,0,136,1,95,0,136,0,117,0,106,0,84,2,139,0
1996,Tabasco,3220017,Zona Arqueológica de San Claudio,0,0,0,0,0,0,0,0,0,0,0,0,0,0,0,0,0,0,0,0,0,0,0,0
1996,Tamaulipas,3120039,Zona Arqueológica de El Sabinito,0,0,0,0,0,0,0,0,0,0,0,0,0,0,0,0,0,0,0,0,0,0,0,0
1996,Tamaulipas,3120067,Zona Arqueológica de Las Flores,0,0,0,0,0,0,0,0,0,0,0,0,0,0,0,0,0,0,0,0,0,0,0,0
1996,Tamaulipas,3120006,Zona Arqueológica de Balcón de Montezuma,0,0,0,0,0,0,0,0,0,0,0,0,0,0,0,0,0,0,0,0,0,0,0,0
1996,Tlaxcala,3110005,Zona Arqueológica de Cacaxtla con museo de sitio,6697,444,9313,402,10212,537,10590,407,3188,399,10377,180,4680,589,8827,480,9996,110,16168,455,13041,688,11080,347
1996,Tlaxcala,3110105,Zona Arqueológica de Xochitécatl con museo de sitio,58,0,94,0,85,0,117,0,147,0,106,0,3670,247,2925,160,3881,140,4512,197,4663,85,3462,240
1996,Tlaxcala,3110033,Zona Arqueológica de Tizatlán con museo de sitio,50,5,25,15,19,0,55,0,102,8,82,0,87,0,54,0,99,0,353,0,268,0,126,0
1996,Tlaxcala,3120080,Zona Arqueológica de Ocotelulco con museo de sitio,0,0,0,0,0,0,0,0,0,0,0,0,0,0,0,0,0,0,0,0,0,0,0,0
1996,Tlaxcala,3120101,Zona Arqueológica de Tecoaque,5100,130,6000,155,9700,550,7467,860,3760,350,2190,135,0,0,0,0,0,0,0,0,0,0,0,0
1996,Veracruz,3120011,Zona Arqueológica de Castillo de Teayo con museo de sitio,78,17,179,40,97,5,228,6,110,2,235,8,209,2,172,8,77,18,222,0,154,2,140,12
1996,Veracruz,3120012,Zona Arqueológica de Cempoala con museo de sitio,1284,813,2372,125,3170,96,7524,112,3704,108,6049,139,6083,152,3327,82,1840,125,1671,62,3172,125,4136,325
1996,Veracruz,3120068,Zona Arqueológica de Las Higueras con museo de sitio,834,209,1071,68,1218,84,3198,96,1415,63,870,58,1722,107,1259,68,1880,168,827,43,1227,131,2053,224
1996,Veracruz,3120093,Zona Arqueológica de San Lorenzo Tenochtitlan con museo de sitio,116,18,151,6,142,0,545,2,375,0,123,5,179,5,181,11,141,1,196,4,108,5,114,15
1996,Veracruz,3110016,Zona Arqueológica de El Tajín,6637,3091,7432,2352,11433,2966,25304,8527,10461,3141,11495,2152,15542,5596,11381,3488,6137,2800,5834,3992,10502,2305,15338,3465
1996,Veracruz,3220012,Zona Arqueológica de Cuauhtochco,0,0,106,0,76,0,40,3,45,0,0,0,36,0,0,0,0,0,98,0,0,0,0,0
1996,Veracruz,3120123,Zona Arqueológica de Vega de la Peña,0,0,0,0,0,0,0,0,0,0,0,0,0,0,0,0,0,0,0,0,0,0,0,0
1996,Veracruz,3120088,Zona Arqueológica de Quiahuitztlán,0,0,1074,86,1426,54,0,0,0,0,808,53,1330,95,1003,55,846,58,697,76,1286,74,1027,78
1996,Veracruz,3120024,Zona Arqueológica de Cuajilote,0,0,0,0,0,0,0,0,0,0,0,0,0,0,0,0,0,0,0,0,0,0,0,0
1996,Veracruz,3120030,Zona Arqueológica de Cuyuxquihui,60,0,42,0,100,0,371,0,364,0,181,0,107,1,40,0,163,0,44,0,50,0,150,0
1996,Veracruz,3220014,Zona Arqueológica de Las Limas,4,0,5,0,0,0,0,0,4,0,0,0,5,0,4,0,0,0,0,0,5,0,5,0
1996,Veracruz,3220013,Zona Arqueológica El Zapotal,0,0,0,0,0,0,0,0,0,0,0,0,0,0,0,0,0,0,0,0,0,0,0,0
1996,Veracruz,3220015,Zona Arqueológica de Palmillas,0,0,0,0,0,0,0,0,0,0,0,0,0,0,0,0,0,0,0,0,0,0,0,0
1996,Yucatán,3120001,Zona Arqueológica de Acanceh,66,25,58,17,88,12,153,15,49,6,29,7,12,5,9,5,46,3,40,4,124,15,86,12
1996,Yucatán,3120002,Zona Arqueológica de Aké,1000,50,1133,27,355,61,707,44,454,39,373,23,556,46,938,50,544,17,416,35,1016,37,349,54
1996,Yucatán,3120004,Zona Arqueológica de Balamcanché,1381,568,762,519,1117,399,851,397,382,348,640,327,1076,487,832,871,439,289,525,396,730,301,701,327
1996,Yucatán,3120015,Zona Arqueológica de Chacmultún,318,10,135,18,209,15,170,14,313,7,190,8,115,20,112,15,261,10,137,10,191,32,166,13
1996,Yucatán,3110008,Zona Arqueológica de Chichén Itzá,36776,47714,32301,52001,34950,51934,31000,58200,32400,37330,56138,25572,32000,62987,58724,47600,36935,29400,33110,42720,33675,42300,66218,48672
1996,Yucatán,3120033,Zona Arqueológica de Dzibilchaltún con museo del Pueblo Maya,3561,1254,3366,922,4854,948,5308,828,3389,561,3129,592,6556,834,3696,858,2905,545,3429,643,7036,972,3708,760
1996,Yucatán,3120034,Zona Arqueológica de Ekbalam,76,35,96,22,163,29,211,11,111,13,128,17,180,43,168,40,292,18,227,56,156,32,321,63
1996,Yucatán,3120057,Zona Arqueológica de Kabah,3312,4250,1670,5375,1865,6832,4380,8680,1539,3995,1044,2927,2158,4963,2333,7676,1670,3717,1938,5403,2710,7887,1052,2925
1996,Yucatán,3120064,Zona Arqueológica de Labná,1401,823,1410,700,2513,950,1792,1000,1023,556,1007,496,1952,1212,1335,1800,773,800,1071,1040,2134,1440,1781,987
1996,Yucatán,3120071,Zona Arqueológica de Loltún,2877,1100,2781,900,5426,800,4230,833,2912,700,2309,470,4707,523,4858,600,2022,650,3115,692,4177,650,3076,520
1996,Yucatán,3120077,Zona Arqueológica de Mayapán,464,235,378,123,383,180,476,111,411,62,358,55,482,123,463,11,437,94,442,108,544,138,649,248
1996,Yucatán,3120097,Zona Arqueológica de Sayil,1480,1900,1160,2000,1650,2350,1700,1500,1430,1200,625,800,1650,2200,1500,2200,1130,1330,1520,1720,2265,4930,1290,1690
1996,Yucatán,3120122,Zona Arqueológica de Uxmal con museo de sitio,15892,13600,13033,12111,18995,20033,15330,16307,10101,11099,10596,9706,18063,13200,22095,18909,11379,10687,15857,14750,21066,19958,10949,8861
1996,Yucatán,3120126,Zona Arqueológica de Xlapak,471,540,784,577,1599,611,1471,447,1155,310,1547,315,1912,764,1309,1049,766,328,954,414,2347,954,1770,651
1996,Yucatán,3120083,Zona Arqueológica de Oxkintok,204,71,153,32,153,51,296,41,508,24,744,22,1018,45,266,47,81,18,319,14,186,32,315,77
1996,Yucatán,3120056,Zona Arqueológica de Izamal,1223,300,1038,300,1157,400,1264,450,932,400,908,240,526,150,150,60,191,60,295,90,843,610,185,50
1996,Yucatán,3120135,Zona Arqueológica de Xcambó,0,0,0,0,0,0,0,0,0,0,0,0,0,0,0,0,0,0,0,0,0,0,0,0
1996,Zacatecas,3120003,Zona Arqueológica de Altavista o Chalchihuites con museo de sitio,198,20,6390,86,2915,10,973,35,303,5,353,2,473,18,419,44,325,0,151,5,283,2,391,13
1996,Zacatecas,3110022,Zona Arqueológica de La Quemada con museo de sitio,2376,107,24041,1216,4669,172,5438,158,3762,66,3028,84,4092,204,4196,118,2631,158,2963,72,4221,185,3951,223
1996,Zacatecas,3120070,Zona Arqueológica de Las Ventanas,0,0,0,0,0,0,0,0,0,0,0,0,0,0,0,0,0,0,0,0,0,0,0,0